Title,LibraryCount,TotalRows,LibraryIDs,BookIDs
مسند الشافعي,2,4,"1,10","1383,17688,24376,59477"
تربیت اولاد,3,4,"1,2,9","1866,4685,16209,16210"
الطهور للقاسم بن سلام,2,4,"1,10","1441,24366,96105,97692"
کتاب الصلوۃ,2,3,"1,2","996,3535,3921"
لسان الحكام في معرفة الأحكام,2,3,"1,10","1206,29230,33699"
فیضان محبت,3,3,"1,2,7","531,4836,15806"
بلوغ المرام من أدلة الأحكام,2,3,"9,10","16587,60209,88535"
النكت للسرخسي وشرح النكت للعتابي,2,3,"1,10","1152,44579,45535"
الكسب,2,3,"1,10","1301,43280,45533"
آداب عشق رسول صلی اللہ علیہ و سلم,2,3,"1,2","823,4759,5042"
Taleem-o-Tarbiyat (BEGINNER),3,3,"4,5,6","7838,12768,13087"
ہم کس کو ملتے ہیں اور ہم کو کون پاتا ہے ؟,2,2,"1,2","816,4841"
کریما سعدے  طبع مکتبۃ البشری,2,2,"2,7","4188,15792"
منحة السلوك في شرح تحفة الملوك,2,2,"1,10","1248,77221"
مجلة الأحكام العدلية,2,2,"1,10","1243,23778"
كنز الدقائق,2,2,"1,10","1250,45564"
فیضان رحمت الہیہ,2,2,"1,2","848,4837"
فغان رومی,2,2,"1,2","793,4838"
علم الصرف,2,2,"2,10","3558,89563"
عرفان محبت,2,2,"1,2","788,4844"
عثمان بن عفان,2,2,"9,10","16551,93700"
شرح ثمیری شرح اردو قدوری جلد 2 - یونیکوڈ,2,2,"1,7","375,15804"
درس مثنوی مولانا روم رحمہ اللہ,2,2,"1,2","799,4834"
خزائن شریعت و طریقت,2,2,"1,2","921,3528"
خزائن الحدیث,2,2,"1,2","947,3529"
ختم نبوت,2,2,"2,9","3525,16041"
حقیقت شکر,2,2,"1,2","810,4839"
حقانیت اسلام,2,2,"1,2","841,4840"
حاشية الطحطاوي على مراقي الفلاح شرح نور الإيضاح,2,2,"1,10","1229,55885"
توضیح  المیبذی طبع امدادیہ,2,2,"2,7","4577,15793"
تزکیہ نفس,2,2,"1,9","529,16583"
تحفة الملوك في فقه مذهب الإمام أبي حنيفة النعمان,2,2,"1,10","1300,81190"
بے پردگی کی تباہ کاریاں,2,2,"1,2","826,4832"
بعثت نبوت کے مقاصد,2,2,"1,2","787,4833"
براھین قاطعہ,2,2,"1,2","792,5120"
باتیں ان کی یاد رہیں گی,2,2,"1,2","791,4681"
اہل اللہ اور صراط مستقیم,2,2,"1,2","786,4764"
اولیاء اللہ کی پہچان,2,2,"1,2","836,4828"
انوار حرم,2,2,"1,2","809,4827"
اللہ کے با وفا بندے,2,2,"1,2","811,4765"
اللہ تعالی کے ساتھ اشد محبت کی بنیاد,2,2,"1,2","813,4766"
القاموس المحيط,2,2,"1,10","1597,86121"
الغرة المنيفة في تحقيق بعض مسائل الإمام أبي حنيفة,2,2,"1,10","1186,24992"
السير الصغير ت خدوري,2,2,"1,10","1302,77187"
الدر المختار شرح تنوير الأبصار وجامع البحار,2,2,"1,10","1249,25024"
الجامع لابن وهب ت رفعت فوزي عبد المطلب,2,2,"1,10","1377,34503"
الآثار لأبي يوسف,2,2,"1,10","1373,44823"
اصلاح الییوت,2,2,"2,7","4679,15800"
اسلامی عقائد,2,2,"1,2","473,4682"
اسلام اور موسیقی,2,2,"2,9","3132,16497"
آداب محبت,2,2,"1,2","825,4763"
آداب راہ وفا,2,2,"1,2","790,4762"
zaferullahkhan-qad,2,2,"4,5","8061,13051"
tazkara-mujahideen-KN,2,2,"4,5","7959,12926"
tarbiat-e-ashaqan-e-khuda-ac5,2,2,"4,5","7863,12799"
tajzia-qad,2,2,"4,5","7821,12749"
tahreek-KN-ki-yadain,2,2,"4,5","7794,12719"
tahafuz-namoos-risalat,2,2,"4,5","7787,12712"
tafazul il Aamal by SHEIKH ASHRAF ALI THANVI (RA),2,2,"4,5","7697,12618"
smh48,2,2,"4,5","7644,12554"
smh47,2,2,"4,5","7643,12553"
smh46,2,2,"4,5","7642,12552"
smh45,2,2,"4,5","7641,12551"
smh44,2,2,"4,5","7640,12550"
smh43,2,2,"4,5","7639,12549"
smh42,2,2,"4,5","7638,12548"
smh41,2,2,"4,5","7637,12547"
smh40,2,2,"4,5","7636,12546"
smh39,2,2,"4,5","7635,12545"
smh38,2,2,"4,5","7634,12544"
smh37,2,2,"4,5","7633,12543"
smh36,2,2,"4,5","7632,12542"
smh35,2,2,"4,5","7631,12541"
smh32,2,2,"4,5","7630,12540"
smh31,2,2,"4,5","7629,12539"
smh29,2,2,"4,5","7628,12538"
smh28,2,2,"4,5","7627,12537"
smh27,2,2,"4,5","7626,12536"
smh25,2,2,"4,5","7625,12535"
smh24,2,2,"4,5","7624,12534"
smh23,2,2,"4,5","7623,12533"
smh22,2,2,"4,5","7622,12532"
smh21,2,2,"4,5","7621,12531"
smh20,2,2,"4,5","7620,12530"
smh19,2,2,"4,5","7619,12529"
smh18,2,2,"4,5","7618,12528"
smh17,2,2,"4,5","7617,12527"
smh15,2,2,"4,5","7616,12526"
smh14,2,2,"4,5","7615,12525"
smh13,2,2,"4,5","7614,12524"
simple-way-of-looking-at-qad,2,2,"4,5","7609,12519"
signs-of-qayyamt-and-arrival-of-MASEEH,2,2,"4,5","7608,12518"
shaoor-KN-aur-qad-shanasi,2,2,"4,5","7539,12448"
shama-KN-kay-parwanay,2,2,"4,5","7526,12435"
shahrah-ishaq-kay-musafir,2,2,"4,5","7520,12428"
shaheedan-namoos-risalat,2,2,"4,5","7518,12426"
shahar-sadoom,2,2,"4,5","7516,12423"
saif-chistiai,2,2,"4,5","7438,12341"
saboot,2,2,"4,5","7398,12301"
raees-qad,2,2,"4,5","7331,12230"
rad-qad-kay-zareen-asool,2,2,"4,5","7328,12227"
rabwa-ki-purisraar-kahanian,2,2,"4,5","7326,12225"
rabwa-aur-qad-jo-hum-ny-daikha,2,2,"4,5","7325,12224"
qaumi-digest,2,2,"4,5","7286,12182"
qadiani-fitna-or-Millat-Islamia,2,2,"4,5","7249,12138"
qad-us-bazar-main,2,2,"4,5","7248,12137"
qad-sy-Islam-tak,2,2,"4,5","7247,12136"
qad-shikan,2,2,"4,5","7244,12133"
qad-raspotino-keiibratnaq-anjam,2,2,"4,5","7243,12132"
qad-raiza-raiza-hoti-hy,2,2,"4,5","7242,12131"
qad-mutalia-jaiza,2,2,"4,5","7241,12130"
qad-musla,2,2,"4,5","7240,12129"
qad-mazhab-ka-ilmi(orignal)l,2,2,"4,5","7239,12127"
qad-kush,2,2,"4,5","7238,12126"
qad-ki-uryian-tasveerain,2,2,"4,5","7237,12125"
qad-kay-takub-main,2,2,"4,5","7236,12124"
qad-kartoot,2,2,"4,5","7235,12123"
qad-ka-sayasi-tajzeeya,2,2,"4,5","7234,12122"
qad-gardaron-ki-nishan-dahi,2,2,"4,5","7231,12118"
qad-dehshatgard-tanzeem,2,2,"4,5","7230,12117"
qad-afsanay,2,2,"4,5","7229,12114"
qad-Islam-aur-science,2,2,"4,5","7233,12121"
paigam-hidayat,2,2,"4,5","7213,12094"
namos-MUHAMMAD-kay-pasban,2,2,"4,5","7177,12053"
namoos-risalat-aur-americi-shazishain,2,2,"4,5","7176,12052"
nagmat-KN,2,2,"4,5","7152,12024"
muqadma-qad-mazhab,2,2,"4,5","7111,11977"
mujahideen-KN-ki-dastanian,2,2,"4,5","7086,11942"
muhasra-qad,2,2,"4,5","7083,11938"
mugalazat-mirza,2,2,"4,5","7073,11927"
mirzaiyat-aur-Islam,2,2,"4,5","7032,11880"
masla-KN-aur-salaf-saliheen,2,2,"4,5","6931,11819"
marg-mirzaiyat,2,2,"4,5","6884,11769"
marfat-isam-MUHAMMAD-SALAM,2,2,"4,5","6883,11768"
maqalaat-KN,2,2,"4,5","6868,11752"
majmooa-rasaiel,2,2,"4,5","6810,11688"
kufriyat-mirza,2,2,"4,5","6721,11590"
krishan-mirza,2,2,"4,5","6719,11588"
kizbat-mirza,2,2,"4,5","6715,11584"
khazain-e-shariat-o-tariqat,2,2,"4,5","6561,11424"
jo-KN-pay-fida-thay,2,2,"4,5","6479,11332"
jinhay-KN-say-ishaq-tha,2,2,"4,5","6478,11331"
jehad-KN-kay-janisar,2,2,"4,5","6473,11322"
irshadat,2,2,"4,5","6299,11110"
ikhtilafaat-mirza,2,2,"4,5","6212,11016"
faizan-e-muhabat,2,2,"4,5","5875,10617"
difa-KN-Islam,2,2,"4,5","5802,10531"
difa-KN,2,2,"4,5","5803,10532"
chota-mooh-bari-bat,2,2,"4,5","5724,10435"
charag-mustafvi-aur-tofan-qad,2,2,"4,5","5723,10434"
banam-qad-awam,2,2,"4,5","5667,10371"
asan-rasta,2,2,"4,5","5591,10262"
aowliyaallah,2,2,"4,5","5567,10227"
andar-ki-batain,2,2,"4,5","5551,10204"
Zubdat us Sulook By SHEIKH ZULFIQAR AHMAD NAQSHBANDI,2,2,"4,5","8082,13073"
Zikrullah Ki Kasrat Kijiye By Sheikh Ashiq Ilahi Madni (r.a),2,2,"4,5","8081,13072"
Zikri Kharij e Islam Hain,2,2,"4,5","8078,13069"
Zikri Firqah By SHEIKH RASHEED AHMAD (R.A),2,2,"4,5","8077,13068"
ZikrULLAH K Fazail By SHEIKH MUFTI TAQI USMANI,2,2,"4,5","8079,13070"
Zarooriyat e Deen by DARUL ULOOM DEOBAND,2,2,"4,5","8073,13063"
Zalzala Dar Zalzala By SHEIKH NAJAMUDDIN AHYAI,2,2,"4,5","8070,13060"
Zakhira e Islami Maloomat Part-1 By SHEIKH MUHAMMAD GHUFRAN KERANVI,2,2,"4,5","8069,13059"
Zakat Kis Tarah Ada Karain By SHEIKH MUFTI TAQI USMANI,2,2,"4,5","8067,13057"
Zakat Ke Mukhtasar Masail By SHEIKH MUFTI ABDULLAH NOMANI,2,2,"4,5","8066,13056"
Zakat Ke Masaail Ka Encyclopedia By SHEIKH MUHAMMAD INAMUL HAQ QASMI,2,2,"4,5","8065,13055"
Zaid Hamid Ki Haqeeqat By SHEIKH SAEED AHMAD JALALPURI,2,2,"4,5","8063,13053"
Zaid Hamid Jhoota Hai Ya Poori Pakistani Qaum,2,2,"4,5","8062,13052"
Zaad As Saeed By SHEIKH FAZLUR RAHEEM,2,2,"4,5","8054,13044"
ZAAD_UL_MAAD_VOL_3_4,2,2,"4,5","9812,13046"
ZAAD_UL_MAAD_VOL_1_2,2,2,"4,5","9811,13045"
Yusuf-Kazzab-Ka-Anjaam-Nov-2002,2,2,"4,5","8053,13043"
Yusuf-Kazzab-Aik-Jhoota-Aur-Makkar-Mudiye-Nabuwwat by Brigadier-Aslam-Malik,2,2,"4,5","8052,13042"
Yazeed Ki Shaksiyat Ahl e Sunnat Ki Nazar Mein By SHEIKH MUHAMMAD ABDUR RASHEED NOMANI,2,2,"4,5","8051,13040"
Yahoodi Protocols 2,2,2,"4,5","8049,13037"
Yahoodi Protocols 1,2,2,"4,5","8048,13036"
Yadgar e Ghalib By Maulana Altaf Husain Hali,2,2,"4,5","8047,13035"
Wuzu Ka Masnoon Tareeqa By SHEIKH HAFIZ ABDUL QUDDUS KHAN QARAN,2,2,"4,5","8042,13029"
Wudoo Durust Kijiyay By SHEIKH ABDUR RAUF SAKHARVI,2,2,"4,5","8041,13028"
Wirasat Ki Taqseem By SHEIKH MUFTI ABDUR RAUF SAKHARVI,2,2,"4,5","8040,13027"
Waqiaat o Lataaif By SHEIKH ABDUR RAHMAN RASHID,2,2,"4,5","8039,13026"
Waqai Hazrat Sheikh Syed Ahmad Shaheed (r.a) upto-page-500,2,2,"4,5","8038,13025"
Waqai Hazrat Sheikh Syed Ahmad Shaheed (r.a) upto-page-2477,2,2,"4,5","8037,13024"
Waqai Hazrat Sheikh Syed Ahmad Shaheed (r.a) upto-page-2000,2,2,"4,5","8036,13023"
Waqai Hazrat Sheikh Syed Ahmad Shaheed (r.a) upto-page-1500,2,2,"4,5","8035,13022"
Waqai Hazrat Sheikh Syed Ahmad Shaheed (r.a) upto-page-1000,2,2,"4,5","8034,13021"
Uswa e Rasool e Akram (S.A.W) By SHEIKH MUHAMMD ABDUL HAI ARIFI,2,2,"4,5","8028,13013"
Urdu Lateefay (Doctor Mareez Hospital),2,2,"4,5","8022,13007"
Urdu Ka Aasaan Qaida By Sheikh Musa Sulaiman Karmadi,2,2,"4,5","8021,13006"
Undalas Mein Chand Roz By Sheikh Mufti Taqi Usmani,2,2,"4,5","8019,13000"
Umeed-e-Rehmat-o-Maghfirat,2,2,"4,5","8017,12997"
Umda tul Asas Fi Hukm e Talaq e Salaas By SHEIKH SARFRAZ KHAN SAFDAR (R.A),2,2,"4,5","8016,12996"
Ulum ul-Quran by Muhaddith Allamah Yusuf Binori,2,2,"4,5","8015,12995"
Uloom ul Quran By SHEIKH Shams ul Haq,2,2,"4,5","8014,12994"
Uloom ul Quran By SHEIKH MUHAMMAD YUSUF BANORI,2,2,"4,5","8013,12993"
Uloom ul Quran By SHEIKH MUFTI MUHAMMAD TAQI USMANI,2,2,"4,5","8012,12992"
Ulama e Deoband Muaasireen Ki Nazar Mein By SHEIKH JAVED USMAN MEMON,2,2,"4,5","8008,12987"
Ulama e Deoband Ki Khidmaat Ka Ijmali Jaiza,2,2,"4,5","8007,12986"
Ulama e Deoband Ka Deeni Rukh Aur Maslaki Mizaj By SHEIKH QARI MUHAMMD TAYYAB (R.A),2,2,"4,5","8006,12985"
USWA_E_RASOOL_E_AKRAM_(S.A.W),2,2,"4,5","9810,13014"
ULAMA_E_DIOBAND_KAY_AAKHRI_LAMHAT_PART_2,2,2,"4,5","9808,12989"
Turk E Gunah By SHEIKH MUFTI RASHEED AHMAD LUDHYANVI (R.A).pdf,2,2,"4,5","8003,12981"
Tuhfa E Namaz By SHEIKH SYED MUMTAZ AHMAD SHAH,2,2,"4,5","7988,12966"
Tufha Ithna Ashariyya,2,2,"4,5","7986,12964"
Tohfa tul Akhyar By SHEIKH HAFIZ MEHR MUHAMMD MIANWALVI,2,2,"4,5","7984,12961"
Tohfa e Ramadhan Fazail o Masail By SHEIKH ASHRAF ALI THANVI (R.A),2,2,"4,5","7983,12960"
Tohfa e Nikah by Sheikh Muhammad Ibrahim Palanpuri,2,2,"4,5","7976,12953"
Tohfa e Naqshbandiyah By Sheikh Muhammad Iqbal Khan,2,2,"4,5","7975,12952"
Tohfa e Ghamdi By SHEIKH MUFTI ABDUL WAHID,2,2,"4,5","7973,12950"
Tohfa E Ahle Hadith VOL 3 By SHEIKH ABU BILAL MUHAMMAD ISMAIL MUHAMMADI,2,2,"4,5","7972,12949"
Tohfa E Ahle Hadith VOL 2 By SHEIKH ABU BILAL MUHAMMAD ISMAIL MUHAMMADI,2,2,"4,5","7971,12948"
Tohfa E Ahle Hadith VOL 1 By SHEIKH ABU BILAL MUHAMMAD ISMAIL MUHAMMADI,2,2,"4,5","7970,12947"
Tipu Sultan Shaheed,2,2,"4,5","7969,12946"
Tehfeez ul Quran by SHEIKH MUSHARRAF ALI THANVI (RA),2,2,"4,5","7967,12935"
Teesri Jang e Azeem Aur Dajjal By SHEIKH UMAR ASIM,2,2,"4,5","7966,12934"
Tazkirat al Rashid By SHEIKH HAKEEM MASOOD AHMAD,2,2,"4,5","7963,12931"
Tazkirah Sheikh Syed Ahmad Shaheed (r.a) By Sheikh Hamza Hasni Nadvi,2,2,"4,5","7962,12930"
Tazkar e Mahmood (Collected By) Muhammad Farooq Qureshi,2,2,"4,5","7958,12925"
Tazeem ul Shaair by SHEIKH ASHRAF ALI THANVI (RA),2,2,"4,5","7957,12924"
Tayeed Mazhab Ahle Sunnat (RADD E RAWAFIZ) By SHEIKH MUJADDID ALIF THANI (RA),2,2,"4,5","7955,12923"
Tayamun By SHEIKH MUFTI RASHEED AHMAD FARIDI,2,2,"4,5","7954,12922"
Tawassul Aur Istaghasa Beghair ALLAH Aur Ghair Muqallideen Ka Mazhab By SHEIKH MUFTI MEHMOOD HASAN BULANDSHEHRI,2,2,"4,5","7952,12920"
Tawakkul Ki Ahmiyat By SHEIKH MUFTI TAQI USMANI,2,2,"4,5","7951,12919"
Tauzih ul Maraam Fi Nuzool e Maseeh (A.S) By SHEIKH SARFRAZ KHAN SAFDAR (R.A),2,2,"4,5","7950,12918"
Tauheen e Risalat Aur Iski Saza By SHEIKH MUFTI JAMEEL AHMAD THANVI (R.A),2,2,"4,5","7949,12917"
Taubah Kaisay Karain By Sheikh Abdus Sattar,2,2,"4,5","7948,12915"
Tauba Ki Haqeeqat Aur Ahmiyat By SHEIKH MUFTI RAFI USMANI,2,2,"4,5","7946,12913"
Tatheer e Ramadhan by SHEIKH ASHRAF ALI THANVI (RA),2,2,"4,5","7945,12912"
Tasveer Bari Saaf Hai Sabhi Jaan Gaye By SHEIKH HAFIZ ABDUL QUDDUS QARAN,2,2,"4,5","7943,12910"
Taskeen us Sudoor By SHEIKH SARFRAZ KHAN SAFDAR (R.A),2,2,"4,5","7940,12906"
Tasheel ul Islah by SHEIKH ASHRAF ALI THANVI (RA),2,2,"4,5","7925,12891"
Tasfia tul Aqaid By SHEIKH MUHAMMAD QASIM NANOTVI (R.A),2,2,"4,5","7922,12888"
Tasawwuf wa Sulook By SHEIKH ZULFIQAR AHMAD NAQSHBANDI,2,2,"4,5","7921,12887"
Tasawwuf Kia Hai By SHEIKH MUHAMMAD MANZOOR NOMANI (R.A),2,2,"4,5","7920,12886"
Tas&#39;heel Qasdus Sabeel By SHEIKH ASHRAF ALI THANVI (R.A),2,2,"4,5","7919,12885"
Tareekhi-dustaveez,2,2,"4,5","7906,12855"
Tareekh_e_Dawat_Wa_Azeemat_Vol_6,2,2,"4,5","9758,12828"
Tareekh ut Tafseer By Sheikh Qazi Abdus Samad Sarim,2,2,"4,5","7873,12822"
Tareekh o Tazkarah e Khanqah Sirajia By Muhammad Nazeer Ranjha,2,2,"4,5","7870,12819"
Tareekh e Shia By SHEIKH HAFIZ MEHR MUHAMMD MIANWALVI,2,2,"4,5","7868,12810"
Tareekh e Meelad By HAFIZ HAKEEM ABDUSH SHAKOOR MIRZAPURI,2,2,"4,5","7867,12809"
Tareekh Ul Quran By Sheikh Qazi Abdus Samad Sarim,2,2,"4,5","7872,12821"
Tareekh Tadween e Hadith By SHEIKH ABDUR RASHEED NOMANI,2,2,"4,5","7871,12820"
Tareekh Habibi wa Tazkhra Murshadee (Life History of Hazrat Khawaja Gesudraz) By SHEIKH ABDUL AZIZ WAIZI,2,2,"4,5","7869,12818"
Tarbiyat e Aulaad by SHEIKH ASHRAF ALI THANVI (RA),2,2,"4,5","7864,12800"
Taraweeh Ke Ahm Masail Aur Uskay 20 Rakaat Ka Saboot By SHEIKH ABDUR RAUF SAKHARVI,2,2,"4,5","7862,12798"
Taqwiat-ul-Iman Tarjuma Hawashi,2,2,"4,5","7860,12796"
Taqwiat-Ul-Eemaan (Version 2) By SHEIKH SHAH ISMAIL SHAHEED (R.A),2,2,"4,5","7859,12795"
Taqwiat ul Eeman (Version 1) Translation By Sheikh Abul Hasan Ali Nadvi (RA),2,2,"4,5","7858,12794"
Taqiya Na Kijiye By SHEIKH ALLAMA KHALID MEHMOOD,2,2,"4,5","7855,12787"
Tanqeed or Haq e Tanqeed By SHEIKH MUHAMMAD YUSUF LUDHYANVI (R.A),2,2,"4,5","7852,12784"
Tanqeed E Mateen Bar Tafseer E Naeem Ud Deen By SHEIKH SARFRAZ KHAN SAFDAR (R.A),2,2,"4,5","7851,12783"
Tanbeehul Ghafileen Ala Tahreeful Ghaleen By SHEIKH HAFIZ MUHAMMAD HABIBULLAH DAIRVI,2,2,"4,5","7850,12782"
Taleemulislam (Urdu) By MUFTI KIFAYATULLAH,2,2,"4,5","7844,12775"
Taleemat e Deen e Islam By Sheikh Hafiz Fazlur Raheem,2,2,"4,5","7843,12774"
Taleem-o-Tarbiyat (Senior),2,2,"4,5","7840,12770"
Taleem-o-Tarbiyat (Junior),2,2,"4,5","7839,12769"
Taleem ul Quran by SHEIKH ASHRAF ALI THANVI (RA),2,2,"4,5","7836,12766"
Taleem ul Aqaid By SHEIKH MUFTI TAHIR MEHMOOD,2,2,"4,5","7833,12762"
Talbeesat e Kinzul Eemaan By JAMIAT AHLUS SUNNAH WAL JAMAAT RAWALPINDI,2,2,"4,5","7829,12758"
Talaq e Salaas By SHEIKH HABIB UR RAHMAN QASMI,2,2,"4,5","7826,12755"
Talaq (Divorce) K Nuqsanat By SHEIKH MUFTI ABDUR RAUF SAKHARVI,2,2,"4,5","7825,12754"
Talab ul ILm by SHEIKH ASHRAF ALI THANVI (RA),2,2,"4,5","7824,12753"
Taifa E Mansoora By SHEIKH SARFRAZ KHAN SAFDAR (R.A),2,2,"4,5","7806,12731"
Tahzeer-un-Naas (idara Azizia) By SHEIKH QASIM NANOTVI (R.A),2,2,"4,5","7805,12730"
Tahzeer-un-Naas (Deoband Edition) By SHEIKH QASIM NANOTVI (R.A),2,2,"4,5","7804,12729"
Tahzeer-un-Naas (Darul Ishaat) By SHEIKH QASIM NANOTVI (R.A),2,2,"4,5","7803,12728"
Tahzeer un Naas (Idara Azizia) By SHEIKH QASIM NANOTVI (R.A),2,2,"4,5","7800,12725"
Tahzeer un Naas (Deoband Edition) By SHEIKH QASIM NANOTVI (R.A),2,2,"4,5","7799,12724"
Tahzeer un Naas (Darul Ishaat) By SHEIKH QASIM NANOTVI (R.A),2,2,"4,5","7798,12723"
Tahzeer Un Naas Meri Nazar Mein By PEER MUHAMMAD KARAM SHAH AL AZHARI,2,2,"4,5","7802,12727"
Tahzeer Un Naas Aik Tahqeeqi Mutalea By SYED SHUJAAT ALI GAILANI,2,2,"4,5","7801,12726"
Tahreek-KN,2,2,"4,5","7795,12720"
Tahreek e Pakistan Aur Barelvion Ka Kirdaar By ANWAAR AHMAD,2,2,"4,5","7790,12715"
Tahreek E Azadi May Akabir Ulama E Deoband Ka Kirdar or Brelviyat Ka Makrooh Chehra By HAFIZ ABDUL HAQ KHAN,2,2,"4,5","7789,12714"
Tahqeeq Masala e Rafa Yadain By SHEIKH HABIBUR RAHMAN AZAMI,2,2,"4,5","7788,12713"
Tahafuz-KN-Ahmiyat-aur-Fazeelat,2,2,"4,5","7785,12710"
Tafseer e Mazhari Jild 9,2,2,"4,5","7716,12637"
Tafseer e Mazhari Jild 12,2,2,"4,5","7708,12629"
Tafseer e Mazhari Jild 10,2,2,"4,5","7706,12627"
Tafseer e Haqqani Jild 3,2,2,"4,5","7702,12623"
Tafheem-KN,2,2,"4,5","7698,12619"
Tadween e Quran By SHEIKH MANAZIR AHSAN GAILANI (R.A),2,2,"4,5","7694,12615"
Tableeghi Jamaat By SHEIKH Dr. ABDUR RAZZAQ SIKANDAR,2,2,"4,5","7690,12611"
Tableeghi Jamaat By SHEIKH ABDUR RAZZAQ SIKANDAR,2,2,"4,5","7689,12610"
Tableegh e Islam By SHEIKH SARFRAZ KHAN SAFDAR (R.A),2,2,"4,5","7687,12608"
Tableegh e Deen By IMAM GHAZALI,2,2,"4,5","7686,12607"
Tableegh Ka Jaiza By SHEIKH ABU BAKR AL JAZAIRI,2,2,"4,5","7688,12609"
TV Aur Azab e Qabar By SHEIKH MUFTI ABDUR RAUF SAKHARVI,2,2,"4,5","8004,12982"
TUHFA_TUL_MUSLIMEEN,2,2,"4,5","9807,12980"
TUHFA_TUL_MADAARIS_VOL_2,2,2,"4,5","9806,12978"
TUHFA_TUL_MADAARIS_VOL_1,2,2,"4,5","9805,12977"
TASHEEL_E_TARBIYAT_US_SALIK_VOL_3,2,2,"4,5","9795,12904"
TASHEEL_E_TARBIYAT_US_SALIK_VOL_2,2,2,"4,5","9794,12903"
TASHEEL_E_TARBIYAT_US_SALIK_VOL_1_PART_2,2,2,"4,5","9793,12902"
TASHEEL_E_TARBIYAT_US_SALIK_VOL_1_PART_1,2,2,"4,5","9792,12901"
TASHEEL_E_BAYAAN_UL_QURAN_Part2,2,2,"4,5","9791,12900"
TASHEEL_E_BAYAAN_UL_QURAN_Part1,2,2,"4,5","9790,12899"
TARJUMAN_US_SUNNAH_VOL_4,2,2,"4,5","9789,12884"
TARJUMAN_US_SUNNAH_VOL_3,2,2,"4,5","9788,12883"
TARJUMAN_US_SUNNAH_VOL_2,2,2,"4,5","9787,12882"
TARJUMAN_US_SUNNAH_VOL_1,2,2,"4,5","9786,12881"
TAREEKH_E_TIBRI_VOL_7,2,2,"4,5","9783,12853"
TAREEKH_E_TIBRI_VOL_6,2,2,"4,5","9782,12852"
TAREEKH_E_TIBRI_VOL_5,2,2,"4,5","9781,12851"
TAREEKH_E_TIBRI_VOL_4,2,2,"4,5","9780,12850"
TAREEKH_E_TIBRI_VOL_3,2,2,"4,5","9779,12849"
TAREEKH_E_TIBRI_VOL_2,2,2,"4,5","9778,12848"
TAREEKH_E_TIBRI_VOL_1,2,2,"4,5","9777,12847"
TAREEKH_E_ISLAAM_VOL_3,2,2,"4,5","9776,12846"
TAREEKH_E_ISLAAM_VOL_2,2,2,"4,5","9775,12845"
TAREEKH_E_ISLAAM_VOL_1,2,2,"4,5","9774,12844"
TAREEKH_E_IBN_E_KHALLIDOON_VOL_8,2,2,"4,5","9773,12843"
TAREEKH_E_IBN_E_KHALLIDOON_VOL_7,2,2,"4,5","9772,12842"
TAREEKH_E_IBN_E_KHALLIDOON_VOL_6,2,2,"4,5","9771,12841"
TAREEKH_E_IBN_E_KHALLIDOON_VOL_5,2,2,"4,5","9770,12840"
TAREEKH_E_IBN_E_KHALLIDOON_VOL_4,2,2,"4,5","9769,12839"
TAREEKH_E_IBN_E_KHALLIDOON_VOL_3,2,2,"4,5","9768,12838"
TAREEKH_E_IBN_E_KHALLIDOON_VOL_2,2,2,"4,5","9767,12837"
TAREEKH_E_IBN_E_KHALLIDOON_VOL_1,2,2,"4,5","9766,12836"
TAREEKH_E_IBN_E_KASEER_VOL_7_8,2,2,"4,5","9765,12835"
TAREEKH_E_IBN_E_KASEER_VOL_6,2,2,"4,5","9764,12834"
TAREEKH_E_IBN_E_KASEER_VOL_5,2,2,"4,5","9763,12833"
TAREEKH_E_IBN_E_KASEER_VOL_4,2,2,"4,5","9762,12832"
TAREEKH_E_IBN_E_KASEER_VOL_3,2,2,"4,5","9761,12831"
TAREEKH_E_IBN_E_KASEER_VOL_2,2,2,"4,5","9760,12830"
TAREEKH_E_IBN_E_KASEER_VOL_1,2,2,"4,5","9759,12829"
TAREEKH_E_DAWAT_O_AZEEMAT_VOL_5,2,2,"4,5","9757,12827"
TAREEKH_E_DAWAT_O_AZEEMAT_VOL_4,2,2,"4,5","9756,12826"
TAREEKH_E_DAWAT_O_AZEEMAT_VOL_3,2,2,"4,5","9755,12825"
TAREEKH_E_DAWAT_O_AZEEMAT_VOL_2,2,2,"4,5","9754,12824"
TAREEKH_E_DAWAT_O_AZEEMAT_VOL_1,2,2,"4,5","9753,12823"
TARBIYAT_E_ASHIQAAN_E_KHUDA,2,2,"4,5","9752,12801"
TAJALLIYAAT_E_SAFDAR_VOL_7,2,2,"4,5","9751,12747"
TAJALLIYAAT_E_SAFDAR_VOL_6,2,2,"4,5","9750,12746"
TAJALLIYAAT_E_SAFDAR_VOL_5,2,2,"4,5","9749,12745"
TAJALLIYAAT_E_SAFDAR_VOL_4,2,2,"4,5","9748,12744"
TAJALLIYAAT_E_SAFDAR_VOL_3,2,2,"4,5","9747,12743"
TAJALLIYAAT_E_SAFDAR_VOL_2,2,2,"4,5","9746,12742"
TAFSEER_E_USMANI_VOL_3,2,2,"4,5","9741,12704"
TAFSEER_E_USMANI_VOL_2,2,2,"4,5","9740,12703"
TAFSEER_E_USMANI_VOL_1,2,2,"4,5","9739,12702"
TAFSEER_E_MADARIK_LIN_NASAFI_VOL_3,2,2,"4,5","9738,12701"
TAFSEER_E_MADARIK_LIN_NASAFI_VOL_2,2,2,"4,5","9737,12700"
TAFSEER_E_MADARIK_LIN_NASAFI_VOL_1,2,2,"4,5","9736,12699"
TAFSEER_E_KAMALAIN_VOL_6_7,2,2,"4,5","9735,12698"
TAFSEER_E_KAMALAIN_VOL_5,2,2,"4,5","9734,12697"
TAFSEER_E_KAMALAIN_VOL_4,2,2,"4,5","9733,12696"
TAFSEER_E_KAMALAIN_VOL_3,2,2,"4,5","9732,12695"
TAFSEER_E_KAMALAIN_VOL_2,2,2,"4,5","9731,12694"
TAFSEER_E_KAMALAIN_VOL_1,2,2,"4,5","9730,12693"
TAFSEER_E_JAMALAIN_VOL_6,2,2,"4,5","9729,12692"
TAFSEER_E_JAMALAIN_VOL_5,2,2,"4,5","9728,12691"
TAFSEER_E_JAMALAIN_VOL_4,2,2,"4,5","9727,12690"
TAFSEER_E_JAMALAIN_VOL_3,2,2,"4,5","9726,12689"
TAFSEER_E_JAMALAIN_VOL_2,2,2,"4,5","9725,12688"
TAFSEER_E_JAMALAIN_VOL_1,2,2,"4,5","9724,12687"
TAFSEER_E_IBN_E_KASEER_VOL_5,2,2,"4,5","9723,12686"
TAFSEER_E_IBN_E_KASEER_VOL_4,2,2,"4,5","9722,12685"
TAFSEER_E_IBN_E_KASEER_VOL_3,2,2,"4,5","9721,12684"
TAFSEER_E_IBN_E_KASEER_VOL_2,2,2,"4,5","9720,12683"
TAFSEER_E_IBN_E_KASEER_VOL_1,2,2,"4,5","9719,12682"
TAFSEER_E_FAHM_E_QURAN_VOL_3,2,2,"4,5","9718,12678"
TAFSEER_E_FAHM_E_QURAN_VOL_2,2,2,"4,5","9717,12677"
TAFSEER_E_FAHM_E_QURAN_VOL_1,2,2,"4,5","9716,12676"
TAFSEER_E_BAYAAN_UL_QURAN_VOL_3,2,2,"4,5","9715,12675"
TAFSEER_E_BAYAAN_UL_QURAN_VOL_2,2,2,"4,5","9714,12674"
TAFSEER_E_BAYAAN_UL_QURAN_VOL_1,2,2,"4,5","9713,12673"
TABAQAAT_E_IBN_E_SAAD_VOL_3,2,2,"4,5","9677,12603"
TABAQAAT_E_IBN_E_SAAD_VOL_2,2,2,"4,5","9676,12602"
TABAQAAT_E_IBN_E_SAAD_VOL_1,2,2,"4,5","9675,12601"
Syedena Ali (R.A) wa Husain (R.A) By SHEIKH QAZI ATHAR MUBARIKPURI (RA),2,2,"4,5","7681,12599"
Syed Ataullah Shah Bukhari (VOL 2) By SHEIKH MUHAMMAD ISMAIL SHUJABADI,2,2,"4,5","7680,12598"
Syed Ataullah Shah Bukhari (VOL 1) By SHEIKH MUHAMMAD ISMAIL SHUJABADI,2,2,"4,5","7679,12597"
Susti ka Elaj Chusti By SHEIKH MUFTI ABDUR RAUF SAKHARVI,2,2,"4,5","7678,12596"
Sunni Moqaf - Pakistan Supreme Court Main By ULAMA E AHL E SUNNAT,2,2,"4,5","7677,12595"
Sunni Mazhab Sacha Hai By SHEIKH HAFIZ MEHR MUHAMMAD MIANWALVI (R.A),2,2,"4,5","7676,12594"
Sunnat o Biddat By Sheikh Mufti Muhammad Shafi (r.a),2,2,"4,5","7675,12592"
Sunnat ka Mafhoom or Itteba E Sunnat Ki Ahmiyat By SHEIKH MUFTI RAFI USMANI,2,2,"4,5","7673,12590"
Sunnat e Ibrahim (AS) by SHEIKH ASHRAF ALI THANVI (RA),2,2,"4,5","7672,12589"
Sunnat Ka Maqam Aur Fitna Inkar e Hadith By SHEIKH MUFTI RAFI USMANI,2,2,"4,5","7674,12591"
Sukoon e Qalb By Sheikh Abdus Sattar,2,2,"4,5","7654,12565"
Subh o Shaam Ki Duwaain SHEIKH ABU MUHAMMAD ZAMZAMI.pdf.no security,2,2,"4,5","7652,12563"
Sood Khor Se Allah Rasool Ki Jang By SHEIKH MUFTI RASHEED AHMAD LUDHYANVI (R.A).pdf,2,2,"4,5","7649,12560"
Sood By SHEIKH MUFTI RAFI USMANI,2,2,"4,5","7648,12559"
Siyar us Sahabiyat Ma Uswa e Sahabiyat [r.a] By Sheikh Saeed Ansari Nadvi (r.a) &amp; Sheikh Abdus Salam Nadvi (r.a),2,2,"4,5","7613,12523"
Sirf Aik Islam By SHEIKH SARFRAZ KHAN SAFDAR (RA),2,2,"4,5","7612,12522"
Siraat e Mustaqeem By SHEIKH ILYAS GHUMMAN,2,2,"4,5","7611,12521"
Sir Syed K Baray Mein Tareekhi Afsanon Ki Haqeeqat By Ziauddin Lahori,2,2,"4,5","7610,12520"
Signs-B4-Day-of-Judgement,2,2,"4,5","7607,12517"
Shia Sunni Ikhtilaf Aur Siraat e Mustaqeem by Sheikh Yusuf Ludhianvi (RA),2,2,"4,5","7597,12505"
Shia Sunni Ikhtelafat By SHEIKH MUHAMMAD MANZOOR NOMANI (R.A),2,2,"4,5","7596,12504"
Shia Shubhaat K Jawabaat,2,2,"4,5","7595,12503"
Shia Sazish Ka Nya Mansooba By YAHYA NOMANI,2,2,"4,5","7594,12502"
Shia Mazhab K 40 Masail By SHEIKH ABDUSH SHAKOOR FAROOQI LAKHNAVI (RA),2,2,"4,5","7593,12501"
Shia Mazhab By SHEIKH ASHIQ ILAHI MADNI (R.A),2,2,"4,5","7592,12500"
Shia Ki 40 Kufriya Ibaaraat By Sheikh Ataur Rahman Shahbaz Madni (r.a),2,2,"4,5","7591,12499"
Shia Ithna Ashari Aur Aqeedah Tehreef E Quran By SHEIKH MUHAMMAD MANZOOR NOMANI (R.A),2,2,"4,5","7589,12497"
Shia Dharam By Sheikh Muhammad Qaasim Farooqi Jalbani Baloch,2,2,"4,5","7588,12496"
Sheikhul Hadith Muhammad Zakariyya (R.A) Par Lagaye Gaye Etrazaat K Jawabat By SHEIKH ABDUL MANNAN HAZARVI,2,2,"4,5","7587,12495"
Sheikh Qasim Nanotvi (R.A) Ki Deeni Aur Ilmi Khidmat Ka Tehqeeqi Jaiza By MUHAMMD ASAAD THANVI,2,2,"4,5","7585,12493"
Sheikh Haq Nawaz Shaheed Ka Wasiyat Nama,2,2,"4,5","7583,12491"
Sheikh Haq Nawaz By SHEIKH MUHAMMAD ZIA UL QASMI (RA),2,2,"4,5","7582,12490"
Sheikh Hafidh Muhammad Siddiq Bharchondvi,2,2,"4,5","7581,12489"
Sheikh Ahmadullah Shah Shaheed By SHEIKH MUHAMMAD MIAN,2,2,"4,5","7580,12488"
Sheikh Ahmad Ali Lahori (R.A),2,2,"4,5","7579,12487"
Shaykh Khalifa Ghulam Muhammad Din Puri,2,2,"4,5","7578,12486"
Shauq E Hadith By SHEIKH SARFRAZ KHAN SAFDAR (R.A),2,2,"4,5","7577,12485"
Shariat O Tareeqat Ka Talazum By SHEIKH MUHAMMAD ZAKARIYYA KANDHELVI (R.A),2,2,"4,5","7575,12483"
Shari Parda Kis Se By SHEIKH MUFTI RASHEED AHMAD LUDHYANVI (R.A),2,2,"4,5","7574,12482"
Shari Parda Ki Haqeeqat By MUFTI ATEEQ UR RAHMAN,2,2,"4,5","7573,12481"
Shari Parda By SHEIKH QARI MUHAMMAD TAYYAB (R.A),2,2,"4,5","7572,12480"
Sharam Naak Tehreef By Abdur Raheem Minhaj,2,2,"4,5","7553,12461"
Sharah Faisla Haft Masala,2,2,"4,5","7542,12451"
Sharaf ul Mukalmah by SHEIKH ASHRAF ALI THANVI (RA),2,2,"4,5","7541,12450"
Shamail e Tirmidhi Ma Khasail e Nabvi [SAW] {URDU} By Sheikh Muhammad Zakariyya (r.a),2,2,"4,5","7530,12439"
Shamail e Tirmidhi (URDU),2,2,"4,5","7529,12438"
Shakhsiyat e Maseeh Bible K Aiynay Mein By SHEIKH MUHAMMAD NAWAZ FAISALABADI,2,2,"4,5","7525,12433"
Shajra Tul Ashraaf By SHEIKH SYED NAFEES UL HUSAINI,2,2,"4,5","7524,12432"
Shair ul Firaaq By Sheikh Syed Nafees Ul Husaini,2,2,"4,5","7523,12431"
Shaikh Muhammad Bin Abdul Wahhab Aur Hindustan K Ulama E Haq By SHEIKH MUHAMMAD MANZOOR NOMANI (R.A),2,2,"4,5","7522,12430"
Shaheen By Naseem Hijazi,2,2,"4,5","7519,12427"
Shaheed e Karbala By SHEIKH MUFTI MUHAMMAD SHAFI (R.A),2,2,"4,5","7517,12424"
Shahadat e Husain (R.A) Wa Kirdar e Yazeed By SHEIKH MUHAMMAD QASIM NANOTVI (R.A),2,2,"4,5","7515,12422"
Shadi Ki Pehli 10 Ratain By SHEIKH ABDUL GHANI TARIQ LUDHYANVI,2,2,"4,5","7514,12421"
Shab e Qadr By SHEIKH SHAMSULHAQ,2,2,"4,5","7513,12420"
Shab e Barat Ki Haqiqat By Sheikh Fazlur Rahman Azmi,2,2,"4,5","7512,12419"
Shab E Barat K Fazail o Ahkam By SHEIKH MUFTI MUHAMMAD USMAN,2,2,"4,5","7511,12418"
Shaan E Usman E Ghani (R.A) By SHEIKH MUHAMMAD ABDUS SATTAR TONSVI (R.A).pdf,2,2,"4,5","7510,12417"
Shaan E Siddiq E Akbar (R.A) By SHEIKH MUHAMMAD ABDUS SATTAR TONSVI (R.A).pdf,2,2,"4,5","7509,12416"
Shaan E Haidar E Karrar (R.A) By SHEIKH MUHAMMAD ABDUS SATTAR TONSVI (R.A).pdf,2,2,"4,5","7508,12415"
Shaan E Farooq E Azam (R.A) By SHEIKH MUHAMMAD ABDUS SATTAR TONSVI (R.A),2,2,"4,5","7507,12414"
Seerat un Nabi Ke Jalsay Juloos By SHEIKH MUFTI TAQI USMANI,2,2,"4,5","7481,12387"
Seerat ul Mustafa [S.A.W] Vol 3 By Sheikh Idrees Kandhelvi (r.a),2,2,"4,5","7480,12386"
Seerat ul Mustafa [S.A.W] Vol 2 By Sheikh Idrees Kandhelvi (r.a),2,2,"4,5","7479,12385"
Seerat ul Mustafa [S.A.W] Vol 1 By Sheikh Idrees Kandhelvi (r.a),2,2,"4,5","7478,12384"
Seerat e Pak [SAW] Duaon Ki Roshni Mein By Shaykh Saeedul Zafar Rampuri,2,2,"4,5","7475,12381"
Seerat e Hazrat Umar Bin Abdul Aziz (r.a) By Sheikh Muhammad Yusuf Ludhyanvi (r.a),2,2,"4,5","7474,12380"
Seerat e Aiemma Arbaa By SHEIKH QAZI ATHAR MUBARIKPURI (R.A),2,2,"4,5","7473,12379"
Seerat Un Numan By Allamah Shibli Nomani (r.a),2,2,"4,5","7482,12389"
Seerat Khulafa E Rashideen By SHEIKH ABDUSH SHAKOOR LAKHNAVI (R.A),2,2,"4,5","7477,12383"
Seerat Khatim ul Ambiya (S.A.W) By SHEIKH MUFTI MUHAMMD SHAFI (R.A),2,2,"4,5","7476,12382"
Science Aur Technology Ki Taleem Mein Sir Syed Ka Mubayyana Hissa,2,2,"4,5","7463,12369"
Science Aur Islam By SHEIKH HUSAIN AFANDI TARABLISI (RA),2,2,"4,5","7462,12368"
Sawaneh Syed Ataullah Shah Bukhari (RA) By Shorish Kashmiri,2,2,"4,5","7458,12364"
Sawaneh Sheikh-ul-Hadith Molana Abdul Haq By SHEIKH ABDUL QAYYUM HAQQANI,2,2,"4,5","7457,12363"
Sawaneh Sheikh Abdul Qadir Raipuri (R.A) By SHEIKH ABUL HASAN ALI NADVI (R.A),2,2,"4,5","7456,12362"
Sawaneh Qasmi (r.a) Vol 2 by Sheikh Manazir Ahsan Gilani (r.a),2,2,"4,5","7455,12361"
Sawaiq al-Muhriqah,2,2,"4,5","7448,12354"
Saudia Ki Majlis e Kubbaar Ulama Ka Faisla (Teen Talaq Teen Hoti Hai),2,2,"4,5","7447,12353"
Saniha Makkah Mukarrama,2,2,"4,5","7442,12347"
Salat ut Tasbeeh Ke Fazail o Masail By Sheikh Mufti Abdur Rauf Sakharvi,2,2,"4,5","7440,12344"
Salafi Kon Hanafi Ya Ghair Muqallid By SHEIKH HAFIZ ABDUL JABBAR SALAFI,2,2,"4,5","7439,12343"
Sahih ul Bukhari Vol 03 Part 03 By SHEIKH ZAHOOR UL BARI AZAMI,2,2,"4,5","7437,12340"
Sahih ul Bukhari Vol 03 Part 02 By SHEIKH ZAHOOR UL BARI AZAMI,2,2,"4,5","7436,12339"
Sahih ul Bukhari Vol 03 Part 01 By SHEIKH ZAHOOR UL BARI AZAMI,2,2,"4,5","7435,12338"
Sahih ul Bukhari Vol 02 Part 04 By SHEIKH ZAHOOR UL BARI AZAMI,2,2,"4,5","7434,12337"
Sahih ul Bukhari Vol 02 Part 03 By SHEIKH ZAHOOR UL BARI AZAMI,2,2,"4,5","7433,12336"
Sahih ul Bukhari Vol 02 Part 02 By SHEIKH ZAHOOR UL BARI AZAMI,2,2,"4,5","7432,12335"
Sahih ul Bukhari Vol 02 Part 01 By SHEIKH ZAHOOR UL BARI AZAMI,2,2,"4,5","7431,12334"
Sahih ul Bukhari Vol 01 Part 04 By SHEIKH ZAHOOR UL BARI AZAMI,2,2,"4,5","7430,12333"
Sahih ul Bukhari Vol 01 Part 03 By SHEIKH ZAHOOR UL BARI AZAMI,2,2,"4,5","7429,12332"
Sahih ul Bukhari Vol 01 Part 02 By SHEIKH ZAHOOR UL BARI AZAMI,2,2,"4,5","7428,12331"
Sahih ul Bukhari Vol 01 Part 01 By SHEIKH ZAHOOR UL BARI AZAMI,2,2,"4,5","7427,12330"
Sahih Aur Munasib Musafat e Qasar By Sheikh Fazlur Rahman Azmi,2,2,"4,5","7426,12329"
Sahabah (RA) Ka Taaruf By SHEIKH ABU REHAN ZIAUR RAHMAN FAROOQI (RA),2,2,"4,5","7414,12317"
Sahaba Karam Aur Un Par Tanqeed By SHEIKH MUHAMMAD ABDULLAH,2,2,"4,5","7411,12314"
Sahaba E Karam Ke Barey Mein Ghair Muqallideen Ka Nuqta E Nazar By SHEIKH MUHAMMAD ABUBAKR GHAZIPURI,2,2,"4,5","7410,12313"
Safon Ki Durustgi...Ba Jamaat Namazon Ka Lazmi Taqaza,2,2,"4,5","7409,12312"
Sadr e Awwal Ke Mufassireen e Quran By SHEIKH MUFTI ZAR WALI KHAN,2,2,"4,5","7404,12307"
Sabeel ur Rashaad Fi Tehqeeq Talafuz iz Zaud By SHEIKH QARI MUHAMMAD SHAREEF,2,2,"4,5","7397,12300"
Saat Masail By SHEIKH MUFTI RASHEED AHMAD LUDHYANVI (R.A),2,2,"4,5","7393,12295"
Saal Bhar Ke Masnoon Aamaal By SHEIKH SHAH ASHRAF ALI THANVI (R.A),2,2,"4,5","7392,12294"
SUNAN_E_NASAI_SHAREEF_VOL_3,2,2,"4,5","9674,12588"
SUNAN_E_NASAI_SHAREEF_VOL_2,2,2,"4,5","9673,12587"
SUNAN_E_NASAI_SHAREEF_VOL_1,2,2,"4,5","9672,12586"
SHEIKH MUHAMMAD ZIAUL QASMI (RA) By MUHAMMAD ARSHAD QASMI,2,2,"4,5","7584,12492"
SHAMAIL_E_KUBRA_VOL_12,2,2,"4,5","9670,12446"
SHAMAIL_E_KUBRA_VOL_11,2,2,"4,5","9669,12445"
SHAMAIL_E_KUBRA_VOL_09_10,2,2,"4,5","9668,12444"
SHAMAIL_E_KUBRA_VOL_07_08,2,2,"4,5","9667,12443"
SHAMAIL_E_KUBRA_VOL_05_06,2,2,"4,5","9666,12442"
SHAMAIL_E_KUBRA_VOL_03_04,2,2,"4,5","9665,12441"
SHAMAIL_E_KUBRA_VOL_01_02,2,2,"4,5","9664,12440"
SEERAT_UN_NABI_QADAM_BA_QADAM_VOL_2,2,2,"4,5","9663,12413"
SEERAT_UN_NABI_QADAM_BA_QADAM_VOL_1,2,2,"4,5","9662,12412"
SEERAT_UN_NABI_IBN_E_HASHHAM_VOL_3,2,2,"4,5","9661,12411"
SEERAT_UN_NABI_IBN_E_HASHHAM_VOL_2,2,2,"4,5","9660,12410"
SEERAT_UN_NABI_IBN_E_HASHHAM_VOL_1,2,2,"4,5","9659,12409"
SEERAT_UN_NABI_(S.A.W)_VOL_4,2,2,"4,5","9658,12408"
SEERAT_UN_NABI_(S.A.W)_VOL_3,2,2,"4,5","9657,12407"
SEERAT_UN_NABI_(S.A.W)_VOL_2,2,2,"4,5","9656,12406"
SEERAT_UN_NABI_(S.A.W)_VOL_1,2,2,"4,5","9655,12405"
SEERAT_UL_HALBIYAH_VOL_6,2,2,"4,5","9654,12404"
SEERAT_UL_HALBIYAH_VOL_5,2,2,"4,5","9653,12403"
SEERAT_UL_HALBIYAH_VOL_4,2,2,"4,5","9652,12402"
SEERAT_UL_HALBIYAH_VOL_3,2,2,"4,5","9651,12401"
SEERAT_UL_HALBIYAH_VOL_2,2,2,"4,5","9650,12400"
SEERAT_UL_HALBIYAH_VOL_1,2,2,"4,5","9649,12399"
SEERAT_E_SARWAR_E_KAONAIN_VOL_2,2,2,"4,5","9648,12397"
SEERAT_E_SARWAR_E_KAONAIN_VOL_1,2,2,"4,5","9647,12396"
SEERAT_E_MUSTAFA_(S.A.W)_VOL_3,2,2,"4,5","9646,12395"
SEERAT_E_MUSTAFA_(S.A.W)_VOL_2,2,2,"4,5","9645,12394"
SEERAT_E_MUSTAFA_(S.A.W)_VOL_1,2,2,"4,5","9644,12393"
SAHI_MUSLIM_SHAREEF_VOL_3,2,2,"4,5","9642,12328"
Royat e Hilal BY SHEIKH MUFTI MUHAMMAD SHAFI (RA),2,2,"4,5","7385,12286"
Rooh e Ala Hazrat Ki Faryad By SYED ZAHEERUDDIN KHAN QADRI,2,2,"4,5","7377,12278"
Rehzan Ki Pehchan By SHEIKH HAQ NAWAZ JHANGVI (R.A),2,2,"4,5","7372,12272"
Rehmat e Aalam By SHEIKH SYED SULAIMAN NADVI (R.A),2,2,"4,5","7371,12271"
Rehan e Itrat By SHEIKH SYED NAFEES AL HUSAINI (R.A),2,2,"4,5","7370,12270"
Raza Khaniyon Ki Kufr Saazian By Sheikh Noor Muhammad Mazahiri (r.a),2,2,"4,5","7369,12268"
Raza Khani Mazhab VOL 3 By ALLAMA SAEED AHMAD QADRI,2,2,"4,5","7368,12267"
Raza Khani Mazhab VOL 2 By ALLAMA SAEED AHMAD QADRI,2,2,"4,5","7367,12266"
Raza Khani Mazhab VOL 1 By ALLAMA SAEED AHMAD QADRI,2,2,"4,5","7366,12265"
Rasool e Akram (SAW) Ba Hesiat e Tajir By HAFIZ MUHAMMAD ARIF GHANJI,2,2,"4,5","7363,12262"
Rasaail e Qasmi By SHEIKH MUHAMMAD ZIA UL QASMI (RA),2,2,"4,5","7360,12259"
Ras ul Rabieen by SHEIKH ASHRAF ALI THANVI (RA),2,2,"4,5","7359,12258"
Ramzan al Mubarik by SHEIKH ASHRAF ALI THANVI (RA).pdf,2,2,"4,5","7356,12255"
Ramzan Se Qabal by SHEIKH DR ABDULHAI ARIFI (RA),2,2,"4,5","7357,12256"
Ramooz e Bekhudi (Urdu Manzoom Tarjumah) By Allama Muhammad Iqbal (r.a),2,2,"4,5","7355,12254"
Ramadhan Ki Teen Ibadatain by SHEIKH ASHRAF ALI THANVI (RA),2,2,"4,5","7353,12252"
Rakaat e Taravih Aik Tahqiqi Jaiza By SHEIKH ZAHOOR AHMAD HUSAINI,2,2,"4,5","7349,12249"
Rahnuma e Tableeghi Safar Aur 6 Number,2,2,"4,5","7348,12248"
Rahnuma e Islami Naam (Islamic Names) By Sheikh Mufti Abdush Shakoor Qasmi (r.a),2,2,"4,5","7347,12247"
Rahmatul Lil Aalameen (FULL) QAZI MUHAMMAD SULAIMAN SALMAN MANSOORPURI,2,2,"4,5","7346,12246"
Rah e Mohabbat By SHEIKH MUFTI MUKHTARUDDIN KARBOGHA SHAREEF,2,2,"4,5","7339,12238"
Rah e Hidayat By SHEIKH SARFRAZ KHAN SAFDAR (R.A),2,2,"4,5","7338,12237"
Rah e Aman By SUFI ABDUR RAHMAN,2,2,"4,5","7337,12236"
Rah e Aitedaal by Sheikh Muhammad Waseem Mewati,2,2,"4,5","7336,12235"
Rah e Aafiat By Nizam Education Society,2,2,"4,5","7335,12234"
Rafzeat By SHEIKH IMAM IBN E TAYMIA,2,2,"4,5","7334,12233"
Rafa e Yadain Sahih Bukhari Ki Roshni Mein By SHEIKH SYED FAKHRUDDIN AHMAD (R.A),2,2,"4,5","7332,12231"
Rafa Yadain Ki Chaar Rivayaat Ki Tehqeeq,2,2,"4,5","7333,12232"
Radd e Rawaafiz (Mujaddid Alif Sani Shaikh Ahmad Sarhindi),2,2,"4,5","7329,12228"
Rabiul Awwal Mein Josh e Muhabbat By SHEIKH RASHEED AHMAD LUDHYANVI (R.A),2,2,"4,5","7324,12223"
RUHAMAA_O_BAINAHUM_VOL_4,2,2,"4,5","9640,12293"
RUHAMAA_O_BAINAHUM_VOL_3,2,2,"4,5","9639,12292"
RUHAMAA_O_BAINAHUM_VOL_2,2,2,"4,5","9638,12291"
RUHAMAA_O_BAINAHUM_VOL_1,2,2,"4,5","9637,12290"
ROZA HAM SE KIA MUTALBA KARTA HAI By SHEIKH MUFTI TAQI USMANI,2,2,"4,5","7386,12287"
RAMADHAN KIS TARAH GUZARAIN By SHEIKH MUFTI TAQI USMANI,2,2,"4,5","7354,12253"
RAMADHAN KA AAKHRI DIN AUR JAHANNUM KA TAZKIRAH By SHEIKH ABDUR RAUF SAKHARVI,2,2,"4,5","7352,12251"
RAMADHAN FAZAEL O MASAEL By SHEIKH ASHIQ ILAHI BULAND SHEHRI,2,2,"4,5","7351,12250"
RAHMAT_TULLAH_HIL_WASIAH_VOL_1,2,2,"4,5","9636,12242"
Qutub e Sawat By SHEIKH SYED NAFEES UL HUSAINI (R.A),2,2,"4,5","7319,12218"
Qurbani o Zulhijjah Ke Fazail o Masail By SHEIKH MUFTI ABDUR RAUF SAKHARVI,2,2,"4,5","7316,12215"
Qurbani k Fazail O Masail By SHEIKH ABDUR RAUF SAKHARVI,2,2,"4,5","7313,12212"
Qurbani e Kaamil by SHEIKH ASHRAF ALI THANVI (RA),2,2,"4,5","7312,12211"
Qurbani Ke Ahkam o Masail By SHEIKH WALI HASAN TONKI (R.A),2,2,"4,5","7315,12214"
Qurbani Kay Masail By SHEIKH MUHAMMAD YUSUF LUDHYANVI (RA),2,2,"4,5","7314,12213"
Quran o Sunnat Ki Roshni Mein Eesaal e Sawab Ka Saboot by SHEIKH MUHAMMAD JAVED USMAN MEMON,2,2,"4,5","7305,12204"
Quran o Hadith Ke Khilaf Ghair Muqallideen Ke 50 Masail By SHEIKH MUFTI SYED MEHDI HASAN SHAHJAHANPURI,2,2,"4,5","7304,12203"
Quran aur Bible - Science Ki Roshni Mein By DR. ZAKIR NAIK,2,2,"4,5","7299,12197"
Quran Words,2,2,"4,5","7307,12206"
Quran With Urdu Translation By SHEIKH FATEH MUHAMMAD JALANDHRI,2,2,"4,5","7306,12205"
Quran Majeed K Adbi Asrar o Ramooz By SHEIKH ZULFIQAR AHMAD NAQSHBANDI,2,2,"4,5","7303,12202"
Quran Ka Peghaam By SHEIKH MUHAMMAD SHAHABUDDIN NADVI,2,2,"4,5","7302,12200"
Quran Ka Mutalea Kaisay By SHEIKH MUHAMMAD OWAIS NADVI,2,2,"4,5","7301,12199"
Quran Aur Farooq e Azam By SHEIKH MUFTI ISMATULLAH,2,2,"4,5","7300,12198"
Quran (16 LINES) FULL,2,2,"4,5","7297,12195"
Quran (15 Lines) Full,2,2,"4,5","7296,12194"
Qunoot e Naazla By Abu Yahya,2,2,"4,5","7295,12193"
Quma Aur Jalsa Main Itminan Ka Wajoob Aur In Dono Main Azkar Ka Saboot By Sheikh Fazlur Rahman Azmi,2,2,"4,5","7294,12192"
Qubooliyat Challenge Mubahla By Hafiz Bashir Ahmad Misri,2,2,"4,5","7293,12191"
Quaid e Qadiyan By Sheikh Ashraf Ali Thanvi (r.a),2,2,"4,5","7292,12190"
Qirat Khalaf ul Imam Sahih Bukhari Ki Roshni Mein By SHEIKH SYED FAKHRUDDIN AHMAD (R.A),2,2,"4,5","7289,12186"
Qayamat Kab Aaey Gi By Sheikh Ashiq Ilahi Madni (r.a),2,2,"4,5","7288,12184"
Qatraat ul Itr By SHEIKH MUHAMMAD MEHMOOD ALAM SAFDAR,2,2,"4,5","7285,12181"
Qasim bin Qatlubgha,2,2,"4,5","7284,12180"
Qasim Al Uloom Wal Khairat By SYED NAFEES UL HUSAINI (R.A),2,2,"4,5","7283,12179"
Qasidah-Husna,2,2,"4,5","7282,12178"
Qaseeda Hassan Bin Sabit (r.a),2,2,"4,5","7280,12176"
Qasd us Sabeel By Sheikh Ashraf Ali Thanvi,2,2,"4,5","7279,12175"
Qasas-Ul-Ambiya (Version 2) by-Ibn-e-Katheer-r-a,2,2,"4,5","7275,12171"
Qasas ul Ambiya By Ibn e Katheer (RA),2,2,"4,5","7269,12165"
Qasaidd-e-Qasmi,2,2,"4,5","7268,12164"
Qalb e Saleem By SHEIKH ZULFIQAR AHMAD NAQSHBANDI,2,2,"4,5","7261,12152"
Qadyaniat Ka Zahoor By SHEIKH SYED ABUL HASAN ALI NADVI (R.A),2,2,"4,5","7258,12147"
Qadyaniat By SHEIKH SYED ABUL HASAN ALI NADVI (R.A),2,2,"4,5","7257,12146"
Qadiyanion Ko Dawat e Islam By Sheikh Muhammad Yusuf Ludhyanvi (r.a),2,2,"4,5","7256,12145"
Qadiyanion Ki Tadaad - Haqiqat Kya Hai By Sheikh Suhail Bawa,2,2,"4,5","7255,12144"
Qadiyanion Ki Nakamiyon Ki Roedad By Sheikh Mushtaq Ahmad Chinioti,2,2,"4,5","7254,12143"
Qadiyaniat Ke 2 Chehray By Sheikh Mushtaq Ahmad Chinioti,2,2,"4,5","7252,12141"
Qadiyaniat By Sheikh Syed Abul Hasan Ali Nadvi (r.a),2,2,"4,5","7251,12140"
Qadiyani BoomNama By Sheikh Muhammad Asaad Farooqi,2,2,"4,5","7250,12139"
Qabar Ki Zindagi By SHEIKH MUHAMMAD ABDUL KAREEM NOMANI,2,2,"4,5","7227,12112"
Pyaray Nabi (S.A.W) Ki Pyari Sahabzadiyan By HAFIZ HAQQANI MIAN,2,2,"4,5","7225,12110"
Pursukoon Azdawaji Zindagi By Sheikh Abdus Sattar [0]c,2,2,"4,5","7223,12108"
Pursukoon Azdawaji Zindagi By SHEIKH ABDUS SATTAR,2,2,"4,5","7224,12109"
Parosion K Huqooq By SHEIKH MUFTI TAQI USMANI,2,2,"4,5","7222,12104"
Parosion K Huqooq By SHEIKH MUFTI NIZAMUDDIN SHAMZAI (RA),2,2,"4,5","7221,12103"
Parliament Members K Naam By SHEIKH ZIAUR RAHMAN FAROOQI,2,2,"4,5","7220,12102"
Parhta Ja Sharmata Ja By HAFIZ ABDUR RASHEED,2,2,"4,5","7219,12101"
Parda e Shari Ki Chahal Hadith By SHEIKH NOOR AHMAD,2,2,"4,5","7218,12099"
Paigham e Musarrat By SHEIKH MUFTI ZAR WALI KHAN.pdf,2,2,"4,5","7215,12096"
Paigham e Hidayat By Sheikh Manzoor Ahmad Chinioti (r.a),2,2,"4,5","7214,12095"
Paglon Ki Kahani By SHEIKH MUHAMMAD FAZIL (R.A),2,2,"4,5","7212,12093"
Nurus Sabah Fi Tark Rafa ul Yadain Baad al Iftitah By SHEIKH HAFIZ MUHAMMAD HABIBULLAH DAIRVI,2,2,"4,5","7211,12092"
Nuqsan e Azeem by SHEIKH QARI KHALEEL AHMAD THANVI,2,2,"4,5","7210,12091"
Noorani Qaida,2,2,"4,5","7208,12088"
Noor O Bashar By SHEIKH SARFRAZ KHAN SAFDAR (R.A),2,2,"4,5","7198,12075"
Nikah o Talaaq Ka Shari Nizaam By Sheikh Mufti Ehsanullah Shaiq,2,2,"4,5","7192,12068"
Nikah Ki Chand Baatein By SHEIKH MUFTI ABDUR RAUF SAKHARVI,2,2,"4,5","7191,12067"
Nigah-e-Nabuwat,2,2,"4,5","7189,12065"
Nifaaz e Shariat K Masaail By Sheikh Mufti Taqi Usmani,2,2,"4,5","7188,12064"
Nastaleeq Nama By SHEIKH SYED NAFEES UL HUSAINI,2,2,"4,5","7179,12055"
Naseehat Hasil Karna by SHEIKH ASHRAF ALI THANVI (RA),2,2,"4,5","7178,12054"
Namazain Sunnat Ke Mutabiq Parhiye By SHEIKH MUFTI TAQI USMANI,2,2,"4,5","7174,12050"
Namaz ki Pabandi Aur Us Ki Hifazat By Sheikh Fazlur Rahman Azmi,2,2,"4,5","7164,12039"
Namaz e Hanafi SHEIKH KHAIR MUHAMMAD JALANDHRI,2,2,"4,5","7159,12032"
Namaz Mein Khawateen Ki Ghaflatein By SHEIKH RASHEED AHMAD LUDHYANVI,2,2,"4,5","7166,12041"
Namaz Mein Dil ki Hifazat By SHEIKH MUFTI ABDUR RAUF SAKHARVI,2,2,"4,5","7165,12040"
Namaz Ki Ehmiyat By Sheikh Abdus Sattar,2,2,"4,5","7163,12038"
Namaz Ki Baaz Eham Kotahiyan By SHEIKH ABDUR RAUF SAKHARVI,2,2,"4,5","7162,12037"
Namaz Ke Masail By SHEIKH MUFTI RASHEED AHMAD ALVI,2,2,"4,5","7161,12034"
Namaz K Asrar o Ramooz By SHEIKH ZULFIQAR AHMAD NAQSHBANDI,2,2,"4,5","7160,12033"
Namaz Ba Mutabiq Sunnat By SHEIKH MUHAMMAD HABIBULLAH MUKHTAR,2,2,"4,5","7158,12031"
Naimatullah Shah Wali&#39;s Predictions (BrassTacks),2,2,"4,5","7154,12027"
Naimatullah Shah Wali&#39;s Predictions,2,2,"4,5","7155,12028"
Nafs Ke Banday By SHEIKH MUFTI RASHEED AHMAD LUDHYANVI (R.A),2,2,"4,5","7151,12023"
Naey Masail Aur Ulama e Hind Ke Faislay,2,2,"4,5","7148,12019"
NIZAM_UL_FATAWA_VOL_2,2,2,"4,5","9630,12074"
NAJM_UL_FATAWA_VOL_2,2,2,"4,5","9629,12030"
NAJM_UL_FATAWA_VOL_1,2,2,"4,5","9628,12029"
Mutazila By ABDUL HALEEM SHARAR,2,2,"4,5","7147,12017"
Mutalia e Barelviat Vol 06 By SHEIKH ALLAMA KHALID MEHMOOD,2,2,"4,5","7146,12016"
Muta Hargiz Na Kijiye By SHEIKH MUHAMMAD IQBAL RANGOONI,2,2,"4,5","7145,12015"
Mustanad Namaz e Hanafi By SHEIKH IMDADULLAH ANWAR,2,2,"4,5","7144,12014"
Muslim League Ki Zareen Bakhia Dari By Muhammad Mian Qadri,2,2,"4,5","7127,11994"
Museebat Zadon Ki Ghamkhuari by SHEIKH ASHRAF ALI THANVI (RA),2,2,"4,5","7126,11993"
Museebat Se Sabaq Hasil Karna by SHEIKH ASHRAF ALI THANVI (RA),2,2,"4,5","7125,11992"
Musalmanon Ki Firqa Bandiyon Ka Afsana By SHEIKH MANAZIR AHSAN GAILANI,2,2,"4,5","7124,11991"
Musalmanon K Huqooq By SHEIKH MUFTI NIZAMUDDIN SHAMZAI (RA),2,2,"4,5","7123,11990"
Musalmanon K 4 Dushman By SHEIKH MUFTI ABDUR RAUF SAKHARVI,2,2,"4,5","7122,11989"
Musaddas e Hali,2,2,"4,5","7119,11986"
Murawwajah Salat o Salam Ki Shari Hesiat By SHEIKH MUHAMMAD SHAFI (RA),2,2,"4,5","7118,11984"
Murawwajah Mozon (Socks) Per Masah Ka Masla By Sheikh Mufti Taqi Usmani,2,2,"4,5","7117,11983"
Murawwaja Quran Khwani By SHEIKH MUFTI ABDUR RAUF SAKHARVI,2,2,"4,5","7115,11981"
Murawwaja Quran Khawani Ki Shari Hesiyat By SHEIKH ABDUR RAUF SAKHARVI,2,2,"4,5","7114,11980"
Murawwaja Qaza e Umri Bidat Hai By SHEIKH HAFIZ ABDUL QUDDUS QARAN,2,2,"4,5","7113,11979"
Murawwaja Islami Bankari By Jamia Uloom ul Islamiyyah Banuri Town,2,2,"4,5","7112,11978"
Muntakhib Ahadees (Urdu) By SHEIKH MUHAMMAD YUSUF KANDHELVI (RA),2,2,"4,5","7105,11971"
Munkiraat e Muharram By SHEIKH RASHEED AHMAD LUDHYANVI (R.A),2,2,"4,5","7103,11966"
Munkar e Quran o Hadith By Sheikh Ikramullah Jan Qasmi,2,2,"4,5","7102,11964"
Munazra e Norway By Sheikh Manzoor Ahmad Chinioti (r.a),2,2,"4,5","7101,11963"
Munajat e Maqbool By SHEIKH ASHRAF ALI THANVI (R.A),2,2,"4,5","7099,11961"
Munajat e Maqbool (Version 3) by Sheikh Ashraf Ali Thanvi (r.a),2,2,"4,5","7098,11960"
Mulla Ali Qari (R.A) Aur Masala Hazir o Nazir Aur Ilm e Ghaib By SHEIKH SARFRAZ KHAN SAFDAR (R.A),2,2,"4,5","7097,11958"
Muharram Aur Aashura Ke Fazail o Masail By Sheikh Fazlur Rahman Azmi,2,2,"4,5","7082,11937"
Muhannad ala al-Mufannad,2,2,"4,5","7081,11936"
Muhaddiseen Ke Haan Fiqh Aur Fuqaha Ki Ahmiat By SHEIKH SYED SALMAN HUSAINI NADVI,2,2,"4,5","7078,11932"
Muhaddiseen Azzam Aur Un Ki Kitabon Ka Taaruf By SHEIKH SALEEMULLAH KHAN,2,2,"4,5","7077,11931"
Mufti Mehmood Hasan Aur Jamaat e Tableegh By SHEIKH FALUR RAHMAN AZMI,2,2,"4,5","7072,11926"
Mududi Khumeini 2 Bhai By AALMI MAJLIS TAHAFFUZ E ISLAM,2,2,"4,5","7070,11921"
Mubarak Duain By Sheikh Muhammad Zuhair Ruhani Bazi,2,2,"4,5","7069,11920"
Mubadiat e Hadith By SHEIKH MUFTI AHMAD KHAN,2,2,"4,5","7068,11919"
Msial Bahisti Zaiwar Jild 1,2,2,"4,5","7058,11907"
Moulana Ameen Safdar Owkarvi Rehmatullah Par Ilzamat K Jawabaat,2,2,"4,5","7057,11906"
Mosooa Fiqhiyyah 002,2,2,"4,5","7056,11905"
Mosooa Fiqhiyyah 001,2,2,"4,5","7055,11904"
Momin Ka Hathiyaar By SHEIKH MUHAMMAD YUNUS PALANPURI,2,2,"4,5","7054,11902"
Molvi Ahmad Raza Khan Haqeeqat Ke Aainay Mein By SHEIKH MUHAMMAD JAVED USMAN MEMON,2,2,"4,5","7053,11901"
Mojeza Kia Hai By SHEIKH QARI MUHAMMAD TAYYAB (R.A),2,2,"4,5","7052,11900"
Modudiyat Ka Asli Roop By SHEIKH AHMAD ALI SHAIKH,2,2,"4,5","7051,11899"
Modudi Sahab Ka Aik Ghalat Fatwa By SHEIKH SARFRAZ KHAN SAFDAR (R.A),2,2,"4,5","7050,11898"
Modudi Sahab Aur Unki Tehreeraat K Mutalliq Ahm Mazameen By VARIOUS TOP ULAMA,2,2,"4,5","7049,11897"
Modudi Aur Takhreeb e Islam By SHEIKH MUFTI RASHEED AHMAD LUDHYANVI (R.A),2,2,"4,5","7048,11896"
Misali Azdawaji Zindagi K Sunehri Usool By SHEIKH ZULFIQAR AHMAD NAQSHBANDI,2,2,"4,5","7033,11881"
Mirzaiyat Naiy Zawiyon Se By Sheikh Haneef Nadvi (r.a),2,2,"4,5","7031,11879"
Mirza Qadyani Ki 18 Ahm Paishangoiyon Ka Jaiza By HAFIZ MUHAMMAD IQBAL RANGOONI,2,2,"4,5","7030,11878"
Mirza Qadiyani Ki Ilmi Haisiat Uske Baitay Mirza Mehmood Ki Nazar Mein By Sheikh Suhail Bawa,2,2,"4,5","7029,11877"
Mirza Masroor Ko Khula Khat By Shaikh Raheel Ahmad,2,2,"4,5","7028,11876"
Meri Sunnaton Per Amal Karo By Sheikh Mufti Abdul Hakeem,2,2,"4,5","7023,11870"
Meray Daur K Ulama o Mashaaikh By SHEIKH MUHAMMAD ZIA UL QASMI (RA),2,2,"4,5","7022,11869"
Meraj Ki Batain By Sheikh Mufti Ashiq Ilahi Madni (r.a),2,2,"4,5","7021,11868"
Mazahib-e-Alam mein Tasawwur-e-Khuda Aur 20 Jawabaat By DR. ZAKIR NAIK,2,2,"4,5","7017,11864"
Mayous Kiyoon Khara Hai By SHEIKH MUHAMMAD YUNUS PALANPURI,2,2,"4,5","7016,11863"
Maut Ki Tayyari By SHEIKH ZULFIQAR AHMAD NAQSHBANDI,2,2,"4,5","6995,11841"
Maut Ka Zikr by SHEIKH ASHRAF ALI THANVI (RA),2,2,"4,5","6994,11840"
Maut K Waqt Ki Bidaat By SHEIKH ABDUR RAUF SAKHARVI,2,2,"4,5","6993,11838"
Maulana-Muhammad-Musa-Ruhani-Bazi-Urdu,2,2,"4,5","6947,11837"
Mata e Waqt Aur Karvan e Ilm By Ibn ul Hasan Abbasi,2,2,"4,5","6940,11828"
Masnoon Namaz Ki 40 Hadiths By DR ILYAS FAISAL,2,2,"4,5","6939,11827"
Maslak e Deoband Kisi Firqay Ka Naam Nahein By Sheikh Mufti Rafi Usmani,2,2,"4,5","6933,11821"
Maslak Ulama E Deoband By SHEIKH QARI MUHAMMAD TAYYAB (R.A),2,2,"4,5","6934,11822"
Masla Royat e Hilal By SHEIKH MUFTI NIZAMUDDIN SHAMZAI (RA),2,2,"4,5","6930,11818"
Masla Khatam e Nubuwwat Aur Salaf as Saliheen By Sheikh Muhammad Naafay,2,2,"4,5","6929,11817"
Masla Khatam e Nubuwat Aur Qadiyani Waswasay By Sheikh Saeed Ahmad Palanpuri,2,2,"4,5","6928,11816"
Masla E Taqleed By SHEIKH MUFTI MUHAMMAD RASHID AZAMI,2,2,"4,5","6927,11815"
Masial e Ramazan,2,2,"4,5","6925,11813"
Masharti Bigaar Ka Saddebaab By SHEIKH MUHAMMAD YUSUF LUDHIANVI (RA),2,2,"4,5","6924,11812"
Masala e Taqleed By SHEIKH MUFTI MUHAMMAD RASHID AZAMI,2,2,"4,5","6920,11808"
Masala e Taqdeer By SHEIKH SHABEER AHMAD USMANI (R.A),2,2,"4,5","6919,11807"
Masala e Sood By SHEIKH MUFTI MUHAMMAD SHAFI (R.A),2,2,"4,5","6918,11806"
Masala Qurbani with Saif e Yazdani By SHEIKH SARFRAZ KHAN SAFDAR (R.A),2,2,"4,5","6922,11810"
Masala Istimdad By Sheikh Syed Murtaza Hasan Chandpuri,2,2,"4,5","6921,11809"
Masail e Shirk O Biddat By SHEIKH MUHAMMAD RIFAT QASMI,2,2,"4,5","6892,11778"
Masail e Namaz By Sheikh Habibur Rahman Azami,2,2,"4,5","6891,11776"
Masail e Ghusal e Mayyat By SYED ATEEQ UL HASAN AL HUSAINI,2,2,"4,5","6890,11775"
Masail e Ghusal By SHEIKH MUFTI ABDUR RAUF SAKHARVI,2,2,"4,5","6889,11774"
Masail e Arbaa - Ghair Muqallideen Ulama Ki Nazar Mein By Syed Mushtaq Ali Shah,2,2,"4,5","6888,11773"
Mas&#39;ala e ILaah o Mas&#39;ala e Khilafat By SHEIKH MUHAMMAD ZIA UL QASMI (RA),2,2,"4,5","6886,11771"
Mardon Ke Libas Aur Balon Ke Shari Ahkam By Sheikh Kamaluddin Ahmad Rashdi,2,2,"4,5","6882,11767"
Mardon Ke 300 Fiqhi Masail By MADRASSAH BAIT UL ILM,2,2,"4,5","6881,11766"
Mard Aur Aurat Ki Namaz Mein Farq Ahadith Ki Roshni Mein By SHEIKH ABDUL GHAFOOR SIALKOTI,2,2,"4,5","6880,11765"
Maqami ul Hadeed By SHEIKH MUHAMMAD HANEEF AZAMI,2,2,"4,5","6878,11762"
Maqam e Husain (R.A) o Yazeed By SHEIKH HABIBULLAH AHMAD ALVI,2,2,"4,5","6877,11761"
Maqam e Abi Hanifa (R.A) By SHEIKH SARFRAZ KHAN SAFDAR (R.A),2,2,"4,5","6875,11759"
Maqalat Shibli Naumani,2,2,"4,5","6874,11758"
Maqaam e Eesaa (a.s) By SHEIKH AHMAD DEEDAT,2,2,"4,5","6865,11749"
Manzil By SHEIKH UL HADITH MUHAMMAD ZAKARIYYA (R.A),2,2,"4,5","6864,11747"
Mantiq at tair (Arabic) By FARIDUDDIN ATTAR,2,2,"4,5","6863,11746"
Mantiq at Taair By FARIDUDDIN ATTAR,2,2,"4,5","6862,11745"
Manazra Hayat un Nabi (S.A.W) By SHEIKH ILYAS GHUMMAN,2,2,"4,5","6861,11743"
Manazaray,2,2,"4,5","6860,11739"
Manasik e Haj o Umra By Sheikh Shamsulhaq,2,2,"4,5","6859,11738"
Manaqib Ali wa Hussain,2,2,"4,5","6858,11737"
Malfoozat e Sheikh Muhammad Ilyas (r.a) By Sheikh Muhammad Manzoor Nomani (r.a),2,2,"4,5","6826,11704"
Malfoozat e Imam Shafiee (r.a) by Sheikh Mahmood Ashraf Usmani,2,2,"4,5","6825,11703"
Malfoozat e Imam Malik (R.A) By SHEIKH MEHMOOD ASHRAF USMANI,2,2,"4,5","6824,11702"
Malfoozat e Imam Ahmad Bin Hambal (R.A) By SHEIKH MEHMOOD ASHRAF USMANI,2,2,"4,5","6823,11701"
Malfoozat e Imam Abu Hanifa (r.a) By Sheikh Mehmood Ashraf Usmani,2,2,"4,5","6822,11700"
Maktoobat e Imam Rabbani (r.a) Jild 2 (Farsi),2,2,"4,5","6821,11699"
Maktoobat e Imam Rabbani (r.a) Jild 1 (Farsi),2,2,"4,5","6820,11698"
Maktoobaat e Sheikh Mujaddid Alif Thani Shaikh Ahmad Sarhindi (r.a) Part 2,2,2,"4,5","6819,11697"
Maktoobaat e Sheikh Mujaddid Alif Thani Shaikh Ahmad Sarhindi (r.a) Part 1,2,2,"4,5","6818,11696"
Maktoobaat e Masoomia By Khawaja Muhammad Masoom Sarhindi (r.a) Part 3,2,2,"4,5","6817,11695"
Maktoobaat e Masoomia By Khawaja Muhammad Masoom Sarhindi (r.a) Part 2,2,2,"4,5","6816,11694"
Maktoobaat e Masoomia By Khawaja Muhammad Masoom Sarhindi (r.a) Part 1,2,2,"4,5","6815,11693"
Makhsoos Masaail By ATAUR RAHMAN,2,2,"4,5","6814,11692"
Makateeb e Rasoolullah [SAW] By Sheikh Hifzur Rahman Seoharvi (r.a),2,2,"4,5","6813,11691"
Majmua e Bayanat (Vol 1) By Sheikh Muhammad Yusuf (r.a),2,2,"4,5","6811,11689"
Majmua Rasail (VOL 1) By SHEIKH AMEEN SAFDAR OKARVI (RA),2,2,"4,5","6812,11690"
Majmoai Rasial Imaam Ghazali Jild 3,2,2,"4,5","6809,11687"
Majmoai Rasial Imaam Ghazali Jild 2,2,2,"4,5","6808,11686"
Majmoai Rasial Imaam Ghazali Jild 1,2,2,"4,5","6807,11685"
Majalis al-Abrar - Shaykh Ahmad al-Rumi,2,2,"4,5","6797,11674"
Mah e Safar Aur Jahilana Khayalat By SHEIKH MUFTI ABDUR RAUF SAKHARVI,2,2,"4,5","6794,11670"
Mah e Ramadhan Aur Rozay By Sheikh Muhammad Iqbal Falahi,2,2,"4,5","6791,11667"
Mah e Rajab K Koonday By SHEIKH HAKEEM ANEES SIDDIQUI,2,2,"4,5","6790,11666"
Mah e Rajab Chand Ghalat Fehmiyon Ka Azala By JUSTICE MUFTI MUHAMMAD TAQI USMANI,2,2,"4,5","6789,11665"
Maghribi Mumalik Ke Jadeed Fiqhi Masail Aur Un Ka Hal By Sheikh Mufti Taqi Usmani,2,2,"4,5","6788,11664"
Maghribi Mumalik K Chand Fiqhi Masail By SHEIKH MUFTI TAQI USMANI,2,2,"4,5","6787,11663"
Maeeyat e ILahi By SHEIKH ZULFIQAR AHMAD NAQSHBANDI,2,2,"4,5","6786,11662"
Madni Mashra By SHEIKH MUHAMMAD YUNUS PALANPURI,2,2,"4,5","6785,11661"
Madarijun Nubuwwat 2of2 By SHEIKH ABDUL HAQ DEHLVI (R.A),2,2,"4,5","6783,11660"
Madarijun Nubuwwat 1of2 By SHEIKH ABDUL HAQ DEHLVI (R.A),2,2,"4,5","6782,11659"
Madah e Sahabah By Muhammad Usman Alori,2,2,"4,5","6781,11658"
Madad Sirf Allah Hi Se Kioon By Sheikh Qari Rab Nawaz Hanfi,2,2,"4,5","6780,11657"
Mabda-Wa-Ma-ad-Farsi-Urdu,2,2,"4,5","6778,11656"
Maarka e Rangoon By Sheikh Abdush Shakoor Lakhnavi (r.a),2,2,"4,5","6777,11655"
Maarka e Eemaan o Maddiyat By SHEIKH ABUL HASAN ALI NADVI (R.A),2,2,"4,5","6776,11654"
MaarifMasaail,2,2,"4,5","6775,11648"
MUHAMMADIA Pocket Book,2,2,"4,5","7080,11935"
MEIN HANFI KAISAY HUA By SHEIKH AMEEN SAFDAR OKARVI (RA),2,2,"4,5","7019,11866"
MASAIL_E_RIFAT_QASMI_VOL_7,2,2,"4,5","9621,11798"
MASAIL_E_RIFAT_QASMI_VOL_5,2,2,"4,5","9620,11796"
MASAIL_E_RIFAT_QASMI_VOL_4,2,2,"4,5","9619,11795"
MASAIL_E_RIFAT_QASMI_VOL_3,2,2,"4,5","9618,11794"
MASAIL_E_RIFAT_QASMI_VOL_2,2,2,"4,5","9617,11793"
MASAIL_E_RIFAT_QASMI_VOL_1,2,2,"4,5","9616,11792"
MAQALAAT_E_USMANI_VOL_2,2,2,"4,5","9615,11756"
MAQALAAT_E_USMANI_VOL_1,2,2,"4,5","9614,11755"
MAJMOAH_E_MAQALAAT_VOL_3,2,2,"4,5","9612,11683"
MAJMOAH_E_MAQALAAT_VOL_2,2,2,"4,5","9611,11682"
MAJMOAH_E_MAQALAAT_VOL_1,2,2,"4,5","9610,11681"
MAH E RAMADHAN KE FAZAIL O MASAIL By SHEIKH ABDUR RAUF SAKHARVI,2,2,"4,5","6793,11669"
MAH E RAMADHAN BAKHSHISH KA ZARIYA By SHEIKH MUFTI RAFI USMANI,2,2,"4,5","6792,11668"
MAARIF_UL_QURAN_VOL_8,2,2,"4,5","9609,11642"
MAARIF_UL_QURAN_VOL_7,2,2,"4,5","9608,11641"
MAARIF_UL_QURAN_VOL_6,2,2,"4,5","9607,11640"
MAARIF_UL_QURAN_VOL_5,2,2,"4,5","9606,11639"
MAARIF_UL_QURAN_VOL_4,2,2,"4,5","9605,11638"
MAARIF_UL_QURAN_VOL_3,2,2,"4,5","9604,11637"
MAARIF_UL_QURAN_VOL_2,2,2,"4,5","9603,11636"
MAARIF_UL_QURAN_VOL_1,2,2,"4,5","9602,11635"
MAARIF_UL_QURAN_KANDHELVI_VOL_8,2,2,"4,5","9601,11634"
MAARIF_UL_QURAN_KANDHELVI_VOL_7,2,2,"4,5","9600,11633"
MAARIF_UL_QURAN_KANDHELVI_VOL_6,2,2,"4,5","9599,11632"
MAARIF_UL_QURAN_KANDHELVI_VOL_5,2,2,"4,5","9598,11631"
MAARIF_UL_QURAN_KANDHELVI_VOL_4,2,2,"4,5","9597,11630"
MAARIF_UL_QURAN_KANDHELVI_VOL_3,2,2,"4,5","9596,11629"
MAARIF_UL_QURAN_KANDHELVI_VOL_2,2,2,"4,5","9595,11628"
MAARIF_UL_QURAN_KANDHELVI_VOL_1,2,2,"4,5","9594,11627"
MAARIF_UL_HADITH_VOL_8,2,2,"4,5","9593,11625"
MAARIF_UL_HADITH_VOL_5_6_7,2,2,"4,5","9592,11624"
MAARIF_UL_HADITH_VOL_3_4,2,2,"4,5","9591,11623"
MAARIF_UL_HADITH_VOL_2,2,2,"4,5","9590,11622"
MAARIF_UL_HADITH_VOL_1,2,2,"4,5","9589,11621"
Lo Aap Apnay Daam Mein Sayyaad Aa Gaya By Sheikh Manzoor Ahmad Chinioti (r.a),2,2,"4,5","6732,11604"
Limutal Aiteqaad By IMAM MOAFFIQUDDIN IBNE QADAMA MUQADDASI (R.A),2,2,"4,5","6730,11602"
Libaas Ke Sharee Usool By SHEIKH MUFTI TAQI USMANI,2,2,"4,5","6729,11600"
Lamha e Fikriya By Sheikh Azam Tariq,2,2,"4,5","6726,11595"
Kutub e Fazail Per Ashkalaat Aur Un ke Jawabaat By Sheikh Muhammad Zakariyya (r.a),2,2,"4,5","6725,11594"
Kutub e Fazail Par Aitrazaat K Jawabaat By SHEIKH MUHAMMAD ZAKARIYYA KANDHELVI (R.A),2,2,"4,5","6724,11593"
Kulliyat e Iqbal By ALLAMA MUHAMMAD IQBAL (RA),2,2,"4,5","6723,11592"
Kulliyat e Habib Jalib,2,2,"4,5","6722,11591"
Kuch Dair Ghair Muqallideen Ke Saath By SHEIKH MUHAMMAD ABUBAKR GHAZIPURI &amp; SHEIKH IBN UL HASAN ABBASI,2,2,"4,5","6720,11589"
Kitnay Hoslay Hain Parvardigar Ke By SHEIKH ZULFIQAR AHMAD NAQSHBANDI,2,2,"4,5","6714,11583"
Kitabat e Hadith Ahd e Risalat o Sahabah Mein By Sheikh Mufti Rafi Usmani,2,2,"4,5","6713,11582"
Kitaab ut Tauheed By Sheikh Muhammad Bin Abdul Wahhaab,2,2,"4,5","6705,11573"
Kitaab e Namaz By ABDUR RAHMAN KHAN MEWATI,2,2,"4,5","6704,11572"
King Abdul Aziz Aur President Truman Ki Khat o Kitabat,2,2,"4,5","6703,11571"
Kibr Ka ILaaj by SHEIKH ASHRAF ALI THANVI (RA),2,2,"4,5","6693,11561"
Kia Salat o Salam Aur Mehfil E Meelad Bidat Hai By NOMAN MUHAMMAD AMEEN,2,2,"4,5","6692,11560"
Kia Islam Talwar K Zor Say Phaila By SHEIKH ASLAM SHEIKHUPURI,2,2,"4,5","6691,11559"
Kia Ibn e Temiya Ulama E Ahle Sunnat Mein Say Hain By SHEIKH MUHAMMAD ABUBAKR GHAZIPURI,2,2,"4,5","6690,11558"
Khwateen e Islam Ki Behtareen Masjid By SHEIKH HABIBUR RAHMAN QASMI,2,2,"4,5","6689,11557"
Khutbat e Shamzai By Mufti Nizamuddin Shamzai (RA),2,2,"4,5","6687,11554"
Khutbat e Qasmi 7 By SHEIKH MUHAMMAD ZIA UL QASMI (RA),2,2,"4,5","6686,11553"
Khutbat e Qasmi 6 By SHEIKH MUHAMMAD ZIA UL QASMI (RA),2,2,"4,5","6685,11552"
Khutbat e Qasmi 5 By SHEIKH MUHAMMAD ZIA UL QASMI (RA),2,2,"4,5","6684,11551"
Khutbat e Qasmi 2 By SHEIKH MUHAMMAD ZIA UL QASMI (RA),2,2,"4,5","6683,11550"
Khutbat e Qasmi 1 By SHEIKH MUHAMMAD ZIA UL QASMI (RA),2,2,"4,5","6682,11549"
Khutbat e Juma By SHEIKH MUFTI MUHAMMAD SHAFI (RA),2,2,"4,5","6681,11548"
Khutbat Hajjat Ul Wadaa By Sheikh Fazlur Rahman Azmi,2,2,"4,5","6688,11555"
Khutba e Juma Ki Miqdaar by DARUL ULOOM DEOBAND,2,2,"4,5","6590,11457"
Khush Khabree By Sheikh Ashraf Ali Thanvi (RA),2,2,"4,5","6583,11447"
Khulasat ut Tajweed By SHEIKH IZHAR AHMAD THANVI,2,2,"4,5","6582,11446"
Khulasa tul Quran By Mufti Atique ur Rahman Shaheed (RA),2,2,"4,5","6580,11444"
Khulasa tu Tajweed By SHEIKH IZHAR AHMAD THANVI,2,2,"4,5","6579,11443"
Khulafa e Hazrat Shaykhul Hadith Muhammad Zakariyya (r.a),2,2,"4,5","6576,11439"
Khoobsurat Zindagi By Sheikh Abdus Sattar [0]b,2,2,"4,5","6574,11437"
Khoobsurat Zindagi By SHEIKH ABDUS SATTAR,2,2,"4,5","6575,11438"
Khomeiniyat Asr e Hazir Ka Azeem Fitna By SHEIKH HABIBUR RAHMAN QASMI,2,2,"4,5","6573,11436"
Khomeini Sahab Ka Kehna Hai,2,2,"4,5","6571,11434"
Khomeini Ke Wasiyyat Namay Ka Jawab By SHEIKH MUHAMMAD YUSUF LUDHYANVI,2,2,"4,5","6570,11433"
Khel Aur Tafreeh Ki Shari Hudood By Sheikh Mufti Mehmood Ashraf Usmani,2,2,"4,5","6568,11430"
Khazainhadith,2,2,"4,5","6566,11429"
Khawateen Ki Zaib o Zeenat K Shari Ahkam By SHEIKH MUFTI ZIAUR RAHMAN,2,2,"4,5","6557,11419"
Khawateen Ka Tareeqa E Namaz By SHEIKH ABDUR RAUF SAKHARVI,2,2,"4,5","6556,11418"
Khawateen Ka Pardah By SHEIKH MUFTI ABDUR RAUF SAKHARVI,2,2,"4,5","6555,11417"
Khawateen Ka Parda By Sheikh Abdur Rauf Sakharvi,2,2,"4,5","6554,11416"
Khauf e Khuda By SHEIKH ZULFIQAR AHMAD NAQSHBANDI,2,2,"4,5","6553,11413"
Khatm e Nubuwwat By Sheikh Sarfraz Khan Safdar,2,2,"4,5","6551,11410"
Khatim Al Nabiyeen By SHEIKH ANWAR SHAH KASHMIRI (R.A),2,2,"4,5","6550,11409"
Khasoof o Kasoof By Sheikh Manzoor Ahmad Chinioti (r.a),2,2,"4,5","6549,11408"
Khasail e Nabvi (S.A.W) By SHEIKH ABDUL QAYYUM HAQQANI,2,2,"4,5","6548,11407"
Khair Ka Rasta By NIZAM EDUCATION SOCIETY,2,2,"4,5","6537,11394"
Kashaf ul Haqaiq By ABU ABDULLAH,2,2,"4,5","6524,11381"
Karwan-tahreek-KN,2,2,"4,5","6523,11380"
Kanzul Eeman Ka Taaqub By SAJID KHAN,2,2,"4,5","6519,11375"
Kamil Tareeqa e Namaz by Sheikh Abdur Rauf Sakharvi,2,2,"4,5","6500,11355"
Kalimay,2,2,"4,5","6497,11352"
Kalima Tayyaba Ki Haqeeqat By SHEIKH MUHAMMAD MANZOOR NOMANI (R.A),2,2,"4,5","6496,11351"
Kalima La Ilaha IlalALLAH By MUFTI MUHAMMD SHAFI RIZVI,2,2,"4,5","6495,11350"
Kafir Kaho Gay By Nazar ur Rizvi,2,2,"4,5","6484,11339"
Kaam Chori ALLAH Ka Aik Azaab By SHEIKH MUFTI RAFI USMANI,2,2,"4,5","6481,11334"
KN-kay-muhafiz,2,2,"4,5","6718,11587"
KN-kamil-No,2,2,"4,5","6716,11585"
KN-kamil,2,2,"4,5","6717,11586"
KITAB_UL_FATAWA_VOL_6,2,2,"4,5","9588,11580"
KITAB_UL_FATAWA_VOL_5,2,2,"4,5","9587,11579"
KITAB_UL_FATAWA_VOL_4,2,2,"4,5","9586,11578"
KITAB_UL_FATAWA_VOL_3,2,2,"4,5","9585,11577"
KITAB_UL_FATAWA_VOL_2,2,2,"4,5","9584,11576"
KITAB_UL_FATAWA_VOL_1,2,2,"4,5","9583,11575"
KIFAYAT_UL_MUFTI_VOL_9,2,2,"4,5","9582,11570"
KIFAYAT_UL_MUFTI_VOL_8,2,2,"4,5","9581,11569"
KIFAYAT_UL_MUFTI_VOL_7,2,2,"4,5","9580,11568"
KIFAYAT_UL_MUFTI_VOL_6,2,2,"4,5","9579,11567"
KIFAYAT_UL_MUFTI_VOL_4,2,2,"4,5","9578,11566"
KIFAYAT_UL_MUFTI_VOL_3,2,2,"4,5","9577,11565"
KIFAYAT_UL_MUFTI_VOL_2,2,2,"4,5","9576,11564"
KIFAYAT_UL_MUFTI_VOL_1,2,2,"4,5","9575,11563"
KHUTBAAT_UL_RASHEED_VOL_7,2,2,"4,5","9574,11547"
KHUTBAAT_UL_RASHEED_VOL_6,2,2,"4,5","9573,11546"
KHUTBAAT_UL_RASHEED_VOL_5,2,2,"4,5","9572,11545"
KHUTBAAT_UL_RASHEED_VOL_4,2,2,"4,5","9571,11544"
KHUTBAAT_UL_RASHEED_VOL_3,2,2,"4,5","9570,11543"
KHUTBAAT_UL_RASHEED_VOL_2,2,2,"4,5","9569,11542"
KHUTBAAT_UL_RASHEED_VOL_1,2,2,"4,5","9568,11541"
KHUTBAAT_E_MAHMOOD_VOL_3,2,2,"4,5","9567,11540"
KHUTBAAT_E_MAHMOOD_VOL_2,2,2,"4,5","9566,11539"
KHUTBAAT_E_MAHMOOD_VOL_1,2,2,"4,5","9565,11538"
KHUTBAAT_E_JUMAH_VOL_2,2,2,"4,5","9564,11537"
KHUTBAAT_E_JUMAH_VOL_1,2,2,"4,5","9563,11536"
KHUTBAAT_E_HAKEEM_UL_UMMAT_VOL_31,2,2,"4,5","9562,11534"
KHUTBAAT_E_HAKEEM_UL_UMMAT_VOL_30,2,2,"4,5","9561,11533"
KHUTBAAT_E_HAKEEM_UL_UMMAT_VOL_29,2,2,"4,5","9560,11532"
KHUTBAAT_E_HAKEEM_UL_UMMAT_VOL_28,2,2,"4,5","9559,11531"
KHUTBAAT_E_HAKEEM_UL_UMMAT_VOL_27,2,2,"4,5","9558,11530"
KHUTBAAT_E_HAKEEM_UL_UMMAT_VOL_26,2,2,"4,5","9557,11529"
KHUTBAAT_E_HAKEEM_UL_UMMAT_VOL_25,2,2,"4,5","9556,11528"
KHUTBAAT_E_HAKEEM_UL_UMMAT_VOL_24,2,2,"4,5","9555,11527"
KHUTBAAT_E_HAKEEM_UL_UMMAT_VOL_23,2,2,"4,5","9554,11526"
KHUTBAAT_E_HAKEEM_UL_UMMAT_VOL_22,2,2,"4,5","9553,11525"
KHUTBAAT_E_HAKEEM_UL_UMMAT_VOL_21,2,2,"4,5","9552,11524"
KHUTBAAT_E_HAKEEM_UL_UMMAT_VOL_20,2,2,"4,5","9551,11523"
KHUTBAAT_E_HAKEEM_UL_UMMAT_VOL_19,2,2,"4,5","9550,11522"
KHUTBAAT_E_HAKEEM_UL_UMMAT_VOL_18,2,2,"4,5","9549,11521"
KHUTBAAT_E_HAKEEM_UL_UMMAT_VOL_17,2,2,"4,5","9548,11520"
KHUTBAAT_E_HAKEEM_UL_UMMAT_VOL_16,2,2,"4,5","9547,11519"
KHUTBAAT_E_HAKEEM_UL_UMMAT_VOL_15,2,2,"4,5","9546,11518"
KHUTBAAT_E_HAKEEM_UL_UMMAT_VOL_14,2,2,"4,5","9545,11517"
KHUTBAAT_E_HAKEEM_UL_UMMAT_VOL_13,2,2,"4,5","9544,11516"
KHUTBAAT_E_HAKEEM_UL_UMMAT_VOL_12,2,2,"4,5","9543,11515"
KHUTBAAT_E_HAKEEM_UL_UMMAT_VOL_11,2,2,"4,5","9542,11514"
KHUTBAAT_E_HAKEEM_UL_UMMAT_VOL_10,2,2,"4,5","9541,11513"
KHUTBAAT_E_HAKEEM_UL_UMMAT_VOL_09,2,2,"4,5","9540,11512"
KHUTBAAT_E_HAKEEM_UL_UMMAT_VOL_08,2,2,"4,5","9539,11511"
KHUTBAAT_E_HAKEEM_UL_UMMAT_VOL_07,2,2,"4,5","9538,11510"
KHUTBAAT_E_HAKEEM_UL_UMMAT_VOL_06,2,2,"4,5","9537,11509"
KHUTBAAT_E_HAKEEM_UL_UMMAT_VOL_05,2,2,"4,5","9536,11508"
KHUTBAAT_E_HAKEEM_UL_UMMAT_VOL_04,2,2,"4,5","9535,11507"
KHUTBAAT_E_HAKEEM_UL_UMMAT_VOL_03,2,2,"4,5","9534,11506"
KHUTBAAT_E_HAKEEM_UL_UMMAT_VOL_02,2,2,"4,5","9533,11505"
KHUTBAAT_E_HAKEEM_UL_UMMAT_VOL_01,2,2,"4,5","9532,11504"
KHUTBAAT_E_FAQEER_VOL_26,2,2,"4,5","9531,11498"
KHUTBAAT_E_FAQEER_VOL_25,2,2,"4,5","9530,11497"
KHUTBAAT_E_FAQEER_VOL_24,2,2,"4,5","9529,11496"
KHUTBAAT_E_FAQEER_VOL_23,2,2,"4,5","9528,11495"
KHUTBAAT_E_FAQEER_VOL_22,2,2,"4,5","9527,11494"
KHUTBAAT_E_FAQEER_VOL_21,2,2,"4,5","9526,11493"
KHUTBAAT_E_FAQEER_VOL_20,2,2,"4,5","9525,11492"
KHUTBAAT_E_FAQEER_VOL_19,2,2,"4,5","9524,11491"
KHUTBAAT_E_FAQEER_VOL_18,2,2,"4,5","9523,11490"
KHUTBAAT_E_FAQEER_VOL_17,2,2,"4,5","9522,11489"
KHUTBAAT_E_FAQEER_VOL_16,2,2,"4,5","9521,11488"
KHUTBAAT_E_FAQEER_VOL_15,2,2,"4,5","9520,11487"
KHUTBAAT_E_FAQEER_VOL_14,2,2,"4,5","9519,11486"
KHUTBAAT_E_FAQEER_VOL_13,2,2,"4,5","9518,11485"
KHUTBAAT_E_FAQEER_VOL_12,2,2,"4,5","9517,11484"
KHUTBAAT_E_FAQEER_VOL_10,2,2,"4,5","9516,11483"
KHUTBAAT_E_FAQEER_VOL_09,2,2,"4,5","9515,11482"
KHUTBAAT_E_FAQEER_VOL_08,2,2,"4,5","9514,11481"
KHUTBAAT_E_FAQEER_VOL_07,2,2,"4,5","9513,11480"
KHUTBAAT_E_FAQEER_VOL_06,2,2,"4,5","9512,11479"
KHUTBAAT_E_FAQEER_VOL_05,2,2,"4,5","9511,11478"
KHUTBAAT_E_FAQEER_VOL_04,2,2,"4,5","9510,11477"
KHUTBAAT_E_FAQEER_VOL_03,2,2,"4,5","9509,11476"
KHUTBAAT_E_FAQEER_VOL_02,2,2,"4,5","9508,11475"
KHUTBAAT_E_FAQEER_VOL_01,2,2,"4,5","9507,11474"
KHUTBAAT_E_AMEER_E_SHAREAT,2,2,"4,5","9506,11473"
KHUTBAAT_E_ALI_MIYAN_VOL_8,2,2,"4,5","9505,11472"
KHUTBAAT_E_ALI_MIYAN_VOL_7,2,2,"4,5","9504,11471"
KHUTBAAT_E_ALI_MIYAN_VOL_6,2,2,"4,5","9503,11470"
KHUTBAAT_E_ALI_MIYAN_VOL_5,2,2,"4,5","9502,11469"
KHUTBAAT_E_ALI_MIYAN_VOL_4,2,2,"4,5","9501,11468"
KHUTBAAT_E_ALI_MIYAN_VOL_3,2,2,"4,5","9500,11467"
KHUTBAAT_E_ALI_MIYAN_VOL_2,2,2,"4,5","9499,11466"
KHUTBAAT_E_ALI_MIYAN_VOL_1,2,2,"4,5","9498,11465"
KHUTBAAT_E_AHTISHAAM_VOL_6,2,2,"4,5","9497,11464"
KHUTBAAT_E_AHTISHAAM_VOL_5,2,2,"4,5","9496,11463"
KHUTBAAT_E_AHTISHAAM_VOL_4,2,2,"4,5","9495,11462"
KHUTBAAT_E_AHTISHAAM_VOL_3,2,2,"4,5","9494,11461"
KHUTBAAT_E_AHTISHAAM_VOL_2,2,2,"4,5","9493,11460"
KHUTBAAT_E_AHTISHAAM_VOL_1,2,2,"4,5","9492,11459"
KHUTBAAT_APNY_AKABIR_KAY,2,2,"4,5","9491,11458"
KHUSUSIYAAT_E_MUSTAFA_VOL_4,2,2,"4,5","9490,11456"
KHUSUSIYAAT_E_MUSTAFA_VOL_3,2,2,"4,5","9489,11455"
KHUSUSIYAAT_E_MUSTAFA_VOL_2,2,2,"4,5","9488,11454"
KHUSUSIYAAT_E_MUSTAFA_VOL_1,2,2,"4,5","9487,11453"
KHOMEINISM Aur Islam By SHEIKH ABU REHAN ZIAUR RAHMAN FAROOQI (R.A),2,2,"4,5","6572,11435"
KHANDA-ZUN By DR. MUHAMMAD YUNUS BUTT,2,2,"4,5","6547,11406"
KHAIR_UL_FATAWA_VOL_6,2,2,"4,5","9486,11403"
KHAIR_UL_FATAWA_VOL_5,2,2,"4,5","9485,11402"
KHAIR_UL_FATAWA_VOL_4,2,2,"4,5","9484,11401"
KHAIR_UL_FATAWA_VOL_3,2,2,"4,5","9483,11400"
KHAIR_UL_FATAWA_VOL_2,2,2,"4,5","9482,11399"
KHAIR_UL_FATAWA_VOL_1,2,2,"4,5","9481,11398"
KANZ_UL_UMMAAL_VOL_15_16,2,2,"4,5","9480,11374"
KANZ_UL_UMMAAL_VOL_13_14,2,2,"4,5","9479,11373"
KANZ_UL_UMMAAL_VOL_11_12,2,2,"4,5","9478,11372"
KANZ_UL_UMMAAL_VOL_09_10,2,2,"4,5","9477,11371"
KANZ_UL_UMMAAL_VOL_07_08,2,2,"4,5","9476,11370"
KANZ_UL_UMMAAL_VOL_05_06,2,2,"4,5","9475,11369"
KANZ_UL_UMMAAL_VOL_03_04,2,2,"4,5","9474,11368"
KANZ_UL_UMMAAL_VOL_01_02,2,2,"4,5","9473,11367"
Joke-Dar-Joke By DR. MUHAMMAD YUNUS BUTT,2,2,"4,5","6480,11333"
Jhoota Wasiyyat Nama By Sheikh Mufti Shamsul Haq Azhar,2,2,"4,5","6474,11326"
Jawani Ko Zaya Karney K Nuksanaat By SHEIKH MUHAMMAD ARSALAAN,2,2,"4,5","6472,11321"
Javed Ghamdi Aur Inkare Hadith By SHEIKH MUHAMMAD RAFIQ,2,2,"4,5","6458,11306"
Jannat Ki Hooren By SHEIKH FAZLUR RAHMAN RASHEEDI,2,2,"4,5","6455,11303"
Jannat Ka Aasaan Raasta By Sheikh Mufti Rafi Usmani,2,2,"4,5","6454,11302"
Jame Tirmidhi 2of2 TRANSLATION BY SHEIKH FAZAL AHMAD,2,2,"4,5","6442,11289"
Jame Tirmidhi 1of2 TRANSLATION BY SHEIKH FAZAL AHMAD,2,2,"4,5","6441,11288"
Jamat e Tableegh Par Aitrazaat K Jawabat By SHEIKH MUHAMMAD ZAKARIYYA KANDHELVI (R.A),2,2,"4,5","6434,11281"
Jamat e Muslimeen Kya Hai By SHEIKH AMEEN SAFDAR OKARVI (RA),2,2,"4,5","6433,11280"
Jamal ul Quran Maa Hashiya Zeenat Ul Quran By SHEIKH ASHRAF ALI THANVI (RA),2,2,"4,5","6432,11278"
Jamal e Habib (S.A.W) By MUHAMMAD HABIBUR RAHMAN HUSSAMI,2,2,"4,5","6430,11275"
Jamal e Anwar By SHEIKH ABDUL QAYYUM HAQQANI,2,2,"4,5","6429,11274"
Jamaat ul Muslimeen Quran o Sunnat Ki Adalat Mein By SHEIKH SYED IKRAMUR RAHMAN,2,2,"4,5","6427,11272"
Jadu se Hifazat (FOLDABLE) By SHEIKH MUHAMMAD YUNUS PALANPURI,2,2,"4,5","6424,11269"
Jadu Se Hifazat By SHEIKH MUHAMMAD YUNUS PALANPURI,2,2,"4,5","6425,11270"
Jadeed_Fiqhi_Mabahis_Vol_9,2,2,"4,5","9445,11258"
Jadeed_Fiqhi_Mabahis_Vol_8,2,2,"4,5","9444,11257"
Jadeed_Fiqhi_Mabahis_Vol_6,2,2,"4,5","9443,11256"
Jadeed_Fiqhi_Mabahis_Vol_5,2,2,"4,5","9442,11255"
Jadeed_Fiqhi_Mabahis_Vol_4,2,2,"4,5","9441,11254"
Jadeed_Fiqhi_Mabahis_Vol_31,2,2,"4,5","9440,11253"
Jadeed_Fiqhi_Mabahis_Vol_30,2,2,"4,5","9439,11252"
Jadeed_Fiqhi_Mabahis_Vol_3,2,2,"4,5","9438,11251"
Jadeed_Fiqhi_Mabahis_Vol_29_B,2,2,"4,5","9437,11250"
Jadeed_Fiqhi_Mabahis_Vol_29_A,2,2,"4,5","9436,11249"
Jadeed_Fiqhi_Mabahis_Vol_28,2,2,"4,5","9435,11248"
Jadeed_Fiqhi_Mabahis_Vol_27,2,2,"4,5","9434,11247"
Jadeed_Fiqhi_Mabahis_Vol_26,2,2,"4,5","9433,11246"
Jadeed_Fiqhi_Mabahis_Vol_25_B,2,2,"4,5","9432,11245"
Jadeed_Fiqhi_Mabahis_Vol_25_A,2,2,"4,5","9431,11244"
Jadeed_Fiqhi_Mabahis_Vol_24,2,2,"4,5","9430,11243"
Jadeed_Fiqhi_Mabahis_Vol_23_A,2,2,"4,5","9429,11241"
Jadeed_Fiqhi_Mabahis_Vol_23,2,2,"4,5","9428,11240"
Jadeed_Fiqhi_Mabahis_Vol_22_B,2,2,"4,5","9427,11239"
Jadeed_Fiqhi_Mabahis_Vol_21,2,2,"4,5","9426,11237"
Jadeed_Fiqhi_Mabahis_Vol_20,2,2,"4,5","9425,11236"
Jadeed_Fiqhi_Mabahis_Vol_2,2,2,"4,5","9424,11235"
Jadeed_Fiqhi_Mabahis_Vol_19,2,2,"4,5","9423,11234"
Jadeed_Fiqhi_Mabahis_Vol_18,2,2,"4,5","9422,11233"
Jadeed_Fiqhi_Mabahis_Vol_17,2,2,"4,5","9421,11232"
Jadeed_Fiqhi_Mabahis_Vol_16,2,2,"4,5","9420,11231"
Jadeed_Fiqhi_Mabahis_Vol_15,2,2,"4,5","9419,11230"
Jadeed_Fiqhi_Mabahis_Vol_14,2,2,"4,5","9418,11229"
Jadeed_Fiqhi_Mabahis_Vol_13,2,2,"4,5","9417,11228"
Jadeed_Fiqhi_Mabahis_Vol_12,2,2,"4,5","9416,11227"
Jadeed_Fiqhi_Mabahis_Vol_11,2,2,"4,5","9415,11226"
Jadeed_Fiqhi_Mabahis_Vol_1,2,2,"4,5","9413,11224"
Jadeed Muashi Masail By Sheikh Mufti Abdul Wahid,2,2,"4,5","6378,11222"
Jadeed Masail Shari Ahkam By SHEIKH MUFTI MUHAMMAD SHAFI (RA),2,2,"4,5","6377,11221"
Jadeed Masail Ke Shari Ahkam (Version 2) By Sheikh Mufti Muhammad Shafi (r.a),2,2,"4,5","6376,11220"
Jadeed Daur Ka Musailma Kazzab Gohar Shahi By SHEIKH SAEED AHMAD JALALPURI,2,2,"4,5","6375,11219"
Ja&#39;li Nabi Ke Asli Kahaani,2,2,"4,5","6373,11217"
JAWAHIR_UL_FIQAH_VOL_7,2,2,"4,5","9471,11314"
JAWAHIR_UL_FIQAH_VOL_6,2,2,"4,5","9470,11313"
JAWAHIR_UL_FIQAH_VOL_4,2,2,"4,5","9469,11312"
JAWAHIR_UL_FIQAH_VOL_3,2,2,"4,5","9468,11311"
JAWAHIR_UL_FIQAH_VOL_2,2,2,"4,5","9467,11310"
JAWAHIR_UL_FIQAH_VOL_1,2,2,"4,5","9466,11309"
JAME_UL_FATAWA_VOL_11,2,2,"4,5","9464,11300"
JAME_UL_FATAWA_VOL_10,2,2,"4,5","9463,11299"
JAME_UL_FATAWA_VOL_09,2,2,"4,5","9462,11298"
JAME_UL_FATAWA_VOL_08,2,2,"4,5","9461,11297"
JAME_UL_FATAWA_VOL_07,2,2,"4,5","9460,11296"
JAME_UL_FATAWA_VOL_06,2,2,"4,5","9459,11295"
JAME_UL_FATAWA_VOL_05,2,2,"4,5","9458,11294"
JAME_UL_FATAWA_VOL_04,2,2,"4,5","9457,11293"
JAME_UL_FATAWA_VOL_03,2,2,"4,5","9456,11292"
JAME_UL_FATAWA_VOL_02,2,2,"4,5","9455,11291"
JAME_UL_FATAWA_VOL_01,2,2,"4,5","9454,11290"
JADEED_MUAMLAAT_KAY_SHARE_AHKAAM_VOL_3,2,2,"4,5","9453,11266"
JADEED_MUAMLAAT_KAY_SHARE_AHKAAM_VOL_2,2,2,"4,5","9452,11265"
JADEED_MUAMLAAT_KAY_SHARE_AHKAAM_VOL_1,2,2,"4,5","9451,11264"
JADEED_FIQHI_MASAIL_VOL_5,2,2,"4,5","9450,11263"
JADEED_FIQHI_MASAIL_VOL_4,2,2,"4,5","9449,11262"
JADEED_FIQHI_MASAIL_VOL_3,2,2,"4,5","9448,11261"
JADEED_FIQHI_MASAIL_VOL_2,2,2,"4,5","9447,11260"
JADEED_FIQHI_MASAIL_VOL_1,2,2,"4,5","9446,11259"
JADEED_FIQHI_MABAHIS_VOL_10,2,2,"4,5","9414,11225"
Izala tush Shak An Masala e Fidak By SHEIKH MUHAMMAD ABDUSSATTAR TONSVI,2,2,"4,5","6372,11216"
Istiqamat by SHEIKH ASHRAF ALI THANVI (RA),2,2,"4,5","6371,11214"
Istikhara Ka Masnoon Tariqa By SHEIKH MUFTI TAQI USMANI,2,2,"4,5","6370,11213"
Istekharah Sunnat Ke Mutabiq By SHEIKH MUHAMMAD UMAR ANWAR,2,2,"4,5","6369,11211"
Istekharah Kaisay Karain By SHEIKH MUHAMMAD ZAKARIYYA IQBAL,2,2,"4,5","6368,11210"
Israr ul Haramain,2,2,"4,5","6366,11208"
Ismailiyah - Bohriyon Aur Agha Khaniyon Ka Taaruf By Syed Tanzeem Husain,2,2,"4,5","6365,11206"
Islami Shariat Ilm Aur Aqal Ki Meezan Mein By SHEIKH MUHAMMAD SHAHABUDDIN NADVI,2,2,"4,5","6363,11204"
Islami Kalima By SHEIKH ALI SHER HAIDRI (R.A),2,2,"4,5","6361,11202"
Islami Kalima By SHEIKH ALI SHER HAIDRI,2,2,"4,5","6362,11203"
Islami Bankari Aur Sirat e Mustaqeem,2,2,"4,5","6360,11201"
Islami Bankari Aik Haqeeqat Pasandana Jaiza By SHEIKH EJAZ AHMAD SAMDANI,2,2,"4,5","6359,11200"
Islami Aur Soodi Bankari Mein Farq,2,2,"4,5","6358,11199"
Islami Aqaaid By SHEIKH ASHRAF ALI THANVI (R.A),2,2,"4,5","6357,11198"
Islam-ky-ujalay-qad-ky-undharay,2,2,"4,5","6355,11196"
Islam-ko-qad-sy-bachaiay,2,2,"4,5","6354,11195"
Islam Musalman Aur Rushdi Salman By SHEIKH MEHMOOD ASHRAF USMANI,2,2,"4,5","6352,11192"
Islam Mein Parda Ki Ahmiat By SHEIKH ASHRAF ALI THANVI (RA),2,2,"4,5","6351,11191"
Islam Mein Khula Ki Haqeeqat By SHEIKH MUFTI TAQI USMANI,2,2,"4,5","6350,11189"
Islam Mein Imam Mehdi Ka Tasawwur By Sheikh Zafar Iqbal,2,2,"4,5","6349,11188"
Islam Mein Ghulami Ka Tasawwur By Sheikh Mufti Rafi Usmani,2,2,"4,5","6348,11187"
Islam Main Khawateen Ke Huqooq By DR. ZAKIR NAIK,2,2,"4,5","6347,11186"
Islam Ka Qanoon e Zakat o Ushr Aur Nizam e Maliaat Par Shubhat Ka Jawaab By SHEIKH MUHAMMAD YUSUF LUDHYANVI (RA),2,2,"4,5","6346,11185"
Islam Ka Qanoon e Talaq By SHEIKH MUHAMMAD SHAHABUDDIN NADVI,2,2,"4,5","6345,11184"
Islam Aur Ghamdiyat,2,2,"4,5","6343,11182"
Islam Aur Aaj Ka Musalman By SHEIKH MUFTI MUKHTARUDDIN KARBOGHA SHAREEF,2,2,"4,5","6342,11181"
Islahi Mawaiz (VOL 7) SHEIKH MUHAMMAD YUSUF LUDHYANVI (RA),2,2,"4,5","6341,11154"
Islah Ka Aasan Tareeqa by SHEIKH ASHRAF ALI THANVI (RA),2,2,"4,5","6336,11148"
Ishq e Elaahi By By SHEIKH ZULFIQAR AHMAD NAQSHBANDI,2,2,"4,5","6302,11111"
Irfan-e-Muhabbat,2,2,"4,5","6290,11101"
Iran Se Tehreef Shuda Quran Ki Ishaat By SHEIKH MUHAMMAD YUSUF LUDHYANVI,2,2,"4,5","6285,11095"
Inkishaf E Haqeeqat BY SHEIKH HAFIZ ABDUL QUDDUS QARAN,2,2,"4,5","6280,11088"
Inkar e Hadith Kioon By ALLAMA HAFIZ MUHAMMAD AYUB DEHLVI,2,2,"4,5","6279,11087"
Inkaar e Hadith Ke Nataaij By SHEIKH SARFRAZ KHAN SAFDAR (R.A),2,2,"4,5","6278,11086"
Inkaar e Hadith Ke Nataaij By SHEIKH MUHAMMAD YUSUF LUDHYANVI (R.A),2,2,"4,5","6277,11085"
Imam e Azam ki Wasyyatain Aur Naseehatain By SHEIKH RASHEED AHMAD ALVI,2,2,"4,5","6238,11054"
Imam e Azam Aur Tasawwuf,2,2,"4,5","6237,11053"
Imam Syed Taj Mahmood Amrothi,2,2,"4,5","6241,11057"
Imam Mahdi (r.a) Ka Zahoor Abhi Nahein Huwa By Sheikh Mufti Syed Salman Mansoorpuri,2,2,"4,5","6240,11056"
Imam Ke Peechay Muqtadi Ki Qirat Ka Hukm By SHEIKH HABIBUR RAHMAN AZAMI,2,2,"4,5","6239,11055"
Imam Abu Hanifa Ki Taabi&#39;iyat Aur Sahaba [R.A] Se Unki Rivayat By Sheikh Abdush Shaheed Nomani,2,2,"4,5","6236,11051"
Imam Abu Hanifa Aur Mautarizeen By SHEIKH MUFTI SYED MEHDI HASAN SHAHJAHANPURI,2,2,"4,5","6235,11050"
Imam Abu Hanifa - Shaheed-e-Ahl e Bayt By MUFTI ABUL HASAN SHAREEFULLAH AL-KAUSARI,2,2,"4,5","6234,11049"
Imam Abu Hanifa (RA) K Hairat Angaiz Waqiat By SHEIKH ABDUL QAYYUM HAQQANI,2,2,"4,5","6233,11048"
Ilmul Kalam By SHEIKH MUHAMMAD IDREES KANDHELVI (R.A),2,2,"4,5","6231,11046"
Ilmi Maarqay - SHEIKH AMEEN SAFDAR OKARVI (RA),2,2,"4,5","6230,11045"
Ilm e Deen Aur Hamaray Bachay By NIZAM EDUCATION SOCIETY,2,2,"4,5","6219,11026"
Ilm Par Amal Karen By SHEIKH MUFTI TAQI USMANI,2,2,"4,5","6223,11030"
Ilm Ki Azmat By Sheikh Ashiq Husain Shujabadi,2,2,"4,5","6222,11029"
Ilm E Hadith May Imam Abu Hanifa RA Ka Maqam o Martaba By SHEIKH HABIBUR RAHMAN AZAMI,2,2,"4,5","6220,11027"
Ilm Aur Ulama e Karaam Ki Azmat By SHEIKH SHAH HAKEEM AKHTAR,2,2,"4,5","6218,11025"
Ilhami Girgit By Sheikh Abul Basheer Irfani,2,2,"4,5","6216,11022"
Ikhtilaf e Ummat Aur Sirat e Mustaqeem By Sheikh Muhammad Yusuf Ludhyanvi (r.a),2,2,"4,5","6211,11015"
Ikhtelaf ul Aiemma By SHEIKH MUHAMMAD ZAKARIYYA (R.A),2,2,"4,5","6210,11014"
Ijtehad o Taqleed Ka Aakhri Faisla By SHEIKH ASHRAF ALI THANVI (R.A),2,2,"4,5","6208,11011"
Ijtehad Aur Mazhab e Hanafi Ki Haqiqat By SHEIKH ALIUR RAHMAN FAROOQI,2,2,"4,5","6207,11010"
Ibtidai-Suluk-Urdu,2,2,"4,5","6206,11001"
ISLAM_MEN_AORAT_KA_DARJA_OR_USKAY_HUQOOQ_O_FARAIZ,2,2,"4,5","9411,11197"
ISLAMI_EBATAAD,2,2,"4,5","9412,11205"
ISLAAM_OR_SIYASI_NAZARIYAAT,2,2,"4,5","9406,11138"
ISLAAM_OR_SIYASAT,2,2,"4,5","9405,11137"
ISLAAM_OR_MAUSIQI,2,2,"4,5","9404,11136"
ISLAAM_OR_JADEED_MUASHI_MASAIL_VOL_8,2,2,"4,5","9403,11135"
ISLAAM_OR_JADEED_MUASHI_MASAIL_VOL_7,2,2,"4,5","9402,11134"
ISLAAM_OR_JADEED_MUASHI_MASAIL_VOL_6,2,2,"4,5","9401,11133"
ISLAAM_OR_JADEED_MUASHI_MASAIL_VOL_5,2,2,"4,5","9400,11132"
ISLAAM_OR_JADEED_MUASHI_MASAIL_VOL_4,2,2,"4,5","9399,11131"
ISLAAM_OR_JADEED_MUASHI_MASAIL_VOL_3,2,2,"4,5","9398,11130"
ISLAAM_OR_JADEED_MUASHI_MASAIL_VOL_2,2,2,"4,5","9397,11129"
ISLAAM_OR_JADEED_MUASHI_MASAIL_VOL_1,2,2,"4,5","9396,11128"
ISLAAM_OR_HAMARI_ZINDAGI_VOL_10,2,2,"4,5","9395,11127"
ISLAAM_OR_HAMARI_ZINDAGI_VOL_09,2,2,"4,5","9394,11126"
ISLAAM_OR_HAMARI_ZINDAGI_VOL_08,2,2,"4,5","9393,11125"
ISLAAM_OR_HAMARI_ZINDAGI_VOL_07,2,2,"4,5","9392,11124"
ISLAAM_OR_HAMARI_ZINDAGI_VOL_06,2,2,"4,5","9391,11123"
ISLAAM_OR_HAMARI_ZINDAGI_VOL_05,2,2,"4,5","9390,11122"
ISLAAM_OR_HAMARI_ZINDAGI_VOL_04,2,2,"4,5","9389,11121"
ISLAAM_OR_HAMARI_ZINDAGI_VOL_03,2,2,"4,5","9388,11120"
ISLAAM_OR_HAMARI_ZINDAGI_VOL_01,2,2,"4,5","9387,11118"
ISLAAMI_BANKARI_OR_ULAMA,2,2,"4,5","9407,11144"
IRFAAN_E_MUHABBAT_VOL_3,2,2,"4,5","9383,11099"
IRFAAN_E_MUHABBAT_VOL_2,2,2,"4,5","9382,11098"
IRFAAN_E_MUHABBAT_VOL_1,2,2,"4,5","9381,11097"
IMDAD_UL_FATAWA_VOL_6,2,2,"4,5","9378,11076"
IMDAD_UL_FATAWA_VOL_5,2,2,"4,5","9377,11075"
IMDAD_UL_FATAWA_VOL_4,2,2,"4,5","9376,11074"
IMDAD_UL_FATAWA_VOL_3,2,2,"4,5","9375,11073"
IMDAD_UL_FATAWA_VOL_2,2,2,"4,5","9374,11072"
IMDAD_UL_FATAWA_VOL_1,2,2,"4,5","9373,11071"
IMDAD_UL_AHKAAM_VOL_4,2,2,"4,5","9372,11070"
IMDAD_UL_AHKAAM_VOL_3,2,2,"4,5","9371,11069"
IMDAD_UL_AHKAAM_VOL_2_Part2,2,2,"4,5","9370,11068"
IMDAD_UL_AHKAAM_VOL_2_Part1,2,2,"4,5","9369,11067"
IMDAD_UL_AHKAAM_VOL_1_Part2,2,2,"4,5","9368,11066"
IMDAD_UL_AHKAAM_VOL_1_Part1,2,2,"4,5","9367,11065"
ILm e Tajweed Aur Qirrat Ka tareekhi Irtiqa by QARI RASHEED AHMAD THANVI (RA),2,2,"4,5","6221,11028"
ILhaad o Zindaqah Ka Nia Andaaz By SHEIKH SAEED AHMAD JALALPURI,2,2,"4,5","6215,11021"
Huzoor Sallallahu Alahi Wasallam Ki Seerat Aur Soorat By SHEIKH ABDUR RAUF SAKHARVI,2,2,"4,5","6204,10999"
Huffaaz Ke Liay KhushKhabri By Teachers of Madrassah Hifz ul Quran,2,2,"4,5","6193,10983"
Hudood Ordinance Aik Ilmi Jaiza By Sheikh Mufti Taqi Usmani,2,2,"4,5","6192,10982"
Hizb ul Bahr By Sheikh Haji Imdadullah Mhajir e Makki (r.a),2,2,"4,5","6190,10978"
Hikmat e Qasimiya By SHEIKH QARI MUHAMMAD TAYYAB (RA),2,2,"4,5","6188,10975"
Hikayat e Mehar o Wafa By SHEIKH SYED NAFEES AL HUSAINI,2,2,"4,5","6187,10974"
Hifz ul Eemaan By SHEIKH ASHRAF ALI THANVI (R.A),2,2,"4,5","6184,10971"
Hifazat e Zaban By SHEIKH MUFTI RASHEED AHMAD LUDHYANVI (R.A),2,2,"4,5","6183,10970"
Hidaya tush Shia By SHEIKH MUFTI RASHEED AHMAD GANGOHI (R.A),2,2,"4,5","6181,10968"
Hidaya Aur Sahib e Hidaya By SHEIKH ABDUL QAYYUM HAQQANI,2,2,"4,5","6178,10959"
Hazrat Usman [RA] By Dr Taha Yaseen,2,2,"4,5","6174,10955"
Hazrat Usman (RA) By SHEIKH ABU REHAN ZIAUR RAHMAN FAROOQI (RA),2,2,"4,5","6173,10954"
Hazrat Usman (R.A) Ke 100 Qissay By SHEIKH KHURRAM YUSUF,2,2,"4,5","6172,10953"
Hazrat Umar (RA) By SHEIKH ABU REHAN ZIAUR RAHMAN FAROOQI (RA),2,2,"4,5","6171,10952"
Hazrat Muawiyah (RA) By SHEIKH ABU REHAN ZIAUR RAHMAN FAROOQI (RA),2,2,"4,5","6170,10951"
Hazrat Mashaikh e Deoband (R.A)Paer Ittihamaat Ki Haqeeqat By BASHEER AHMAD,2,2,"4,5","6168,10949"
Hazrat Lahori Fitnon K Taaqub Mein By SHEIKH QAZI MAZHAR HUSAIN (R.A),2,2,"4,5","6167,10948"
Hazrat Khawaja Nizamuddin Awliya (r.a) ke Haalaat o Kamalaat By Sheikh Syed Abul Hasan Ali Nadvi (r.a),2,2,"4,5","6166,10947"
Hazrat Khalid bin Waleed (RA) By SHEIKH ABU REHAN ZIAUR RAHMAN FAROOQI (RA),2,2,"4,5","6165,10946"
Hazrat Imam Abu Hanifa (R.A) Par Irja Ki Tohmat By SHEIKH NAIMATULLAH AZAMI,2,2,"4,5","6164,10945"
Hazrat Huzaefah Bin Yamaan (R.A) By SHEIKH IMRAN ASHRAF USMANI,2,2,"4,5","6163,10943"
Hazrat Husain (RA) Ke Qatil Khud Shia Thay By SHEIKH ALLAH YAR KHAN (RA),2,2,"4,5","6162,10940"
Hazrat Husain (RA) By SHEIKH ABU REHAN ZIAUR RAHMAN FAROOQI (RA),2,2,"4,5","6161,10939"
Hazrat Hasan (RA) By SHEIKH ABU REHAN ZIAUR RAHMAN FAROOQI (RA),2,2,"4,5","6160,10938"
Hazrat Fatmah (RA) By SHEIKH ABU REHAN ZIAUR RAHMAN FAROOQI (RA),2,2,"4,5","6159,10937"
Hazrat Ba Yazeed Bastami (r.a) Ka Aik Yahoodi Se Mukalma By Sheikh Hafiz Muhammad Aslam,2,2,"4,5","6158,10936"
Hazrat Ayeshah (RA) By SHEIKH ABU REHAN ZIAUR RAHMAN FAROOQI (RA),2,2,"4,5","6157,10935"
Hazrat Ali (RA) By SHEIKH ABU REHAN ZIAUR RAHMAN FAROOQI (RA),2,2,"4,5","6156,10934"
Hazrat Ali (R.A) Ke 100 Qissay By SHEIKH MUHAMMAD SIDDIQUE MANSHAWI,2,2,"4,5","6155,10933"
Hazrat Abu Bakr [r.a] Aur Hazrat Farooq e Azam [r.a] By Dr Taha Yaseen,2,2,"4,5","6154,10932"
Hazrat Abu Bakr (RA) By SHEIKH ABU REHAN ZIAUR RAHMAN FAROOQI (RA),2,2,"4,5","6153,10931"
Hazrat Abdullah Ibn e Abbas (R.A) Ke 100 Qissay By SHEIKH MUHAMMD OWAIS SARWAR,2,2,"4,5","6152,10930"
Hayya alas Salah By MUHAMMAD NAJEEB SAMBHLI,2,2,"4,5","6150,10928"
Hayat un Nabi (S.A.W) By SHEIKH ALLAH YAR KHAN,2,2,"4,5","6149,10923"
Hayat e Tayyabah Vol 1 Sawaneh of Sheikh Allah Yar Khan (r.a),2,2,"4,5","6148,10922"
Hayat e Saadi By Maulana Altaf Husain Hali (r.a),2,2,"4,5","6147,10921"
Hayat e Maseeh [A.S] Ka Suboot By Sheikh Abdur Rahman Bawa,2,2,"4,5","6146,10920"
Hayat e Hazrat Eesaa [A.S] By Sheikh Hafiz Muhammad Iqbal Rangooni,2,2,"4,5","6145,10919"
Hayat e Ameer e Shariat,2,2,"4,5","6144,10918"
Hayat e Ambiya e Karaam By SHEIKH JALALUDDIN SUYUTI (R.A),2,2,"4,5","6143,10917"
Hayat al Ambiya By Imam Bayhaqi (R.A),2,2,"4,5","6142,10916"
Hasanat Ul Akhbaar - Tareekh Ul Hadith By Sheikh Qazi Abdus Samad Sarim,2,2,"4,5","6129,10901"
Haqeeqat e Shia By SHEIKH MUFTI RASHEED AHMAD LUDHYANVI (R.A),2,2,"4,5","6123,10890"
Haqeeqat Al Fiqh Par Aik Nazar By SHEIKH MUHAMMAD ABUBAKR GHAZIPURI,2,2,"4,5","6122,10889"
Haqaiq Al Fiqh By PEER SYED MUSHTAQ ALI SHAH,2,2,"4,5","6121,10888"
Haq Parast Ulama Ki Modudiyat Se Narazgi K Asbab By SHEIKH AHMAD ALI LAHORI (R.A),2,2,"4,5","6120,10887"
Hamara Maashi Nizam By Sheikh Mufti Taqi Usmani,2,2,"4,5","6118,10885"
Halal Rozi ki Barkat By SHEIKH MUFTI ABDUR RAUF SAKHARVI,2,2,"4,5","6117,10884"
Halal Ki Ahmiyat By Shaykh Muhammad Imran,2,2,"4,5","6116,10883"
Halaat e Jahannam By Sheikh Ashiq Ilahi Madni (r.a),2,2,"4,5","6114,10881"
Hakeem ul Ummat Ke Syasi Afkar By SHEIKH MUFTI TAQI USMANI,2,2,"4,5","6111,10878"
Hakeem Sadiq Sialkoti Ki Kitaab Salatur Rasool Ke Baray Mein By SHEIKH MUHAMMAD ABUBAKR GHAZIPURI,2,2,"4,5","6110,10877"
Hajj o Umra Ki Masnoon Duaain By SHEIKH MUHAMMAD YUNUS PALANPURI,2,2,"4,5","6108,10874"
Haji ImdadUllah Mahajir Makki Kay Hazrat Sayyid Ahmad Shaheed Say Rohani Rishtay By SHEIKH SYED NAFEES UL HUSAINI,2,2,"4,5","6107,10873"
Haj e Fardh Mein Jaldi Kijiye By SHEIKH MUFTI ABDUR RAUF SAKHARVI,2,2,"4,5","6104,10869"
Haj Ka Tariqa By SHEIKH ABDUR RAUF SAKHARVI,2,2,"4,5","6106,10871"
Hain Kawakib Kuch Nazar Aatay Hain Kuch By SHEIKH MUFTI SAEED AHMAD JALALPURI,2,2,"4,5","6103,10868"
Hafiz E Quran Aur Uska Maqam By SHEIKH ABDUR RAHMAN KAUSAR,2,2,"4,5","6102,10867"
Hadya jawab By Sheikh Mufti Abdul Wahid,2,2,"4,5","6101,10866"
Hadsa E Karbala Aur Us Ka Pas e Manzar By SHEIKH MUHAMMAD ABDUR RASHEED NOMANI,2,2,"4,5","6100,10864"
Hadith e Rasool (S.A.W) Ka Qurani Mayar By SHEIKH QARI MUHAMMAD TAYYAB (R.A),2,2,"4,5","6095,10859"
Hadith e Arbaeen Aur Arbaeenat Ka Taaruf By SHEIKH RASHEED AHMAD FARIDI,2,2,"4,5","6094,10858"
Hadith O Sunnat Mein Farq By SHEIKH MUHAMMAD AMEEN SAFDAR OKARVI (RA),2,2,"4,5","6099,10863"
Hadith Ke Baray Mein Ghair Muqallideen Ka Mayar E Radd o Qabool By SHEIKH MUHAMMAD ABUBAKR GHAZIPURI,2,2,"4,5","6098,10862"
Hadith Ka Bunyadi Kirdar By SHEIKH ABUL HASAN ALI NADVI (R.A),2,2,"4,5","6097,10861"
Hadith Aur Ahle Hadith By ANWAAR E KHURSHEED,2,2,"4,5","6093,10857"
Hadi e Aalam (S.A.W) By Sheikh Muhammad Wali Razi,2,2,"4,5","6092,10856"
Haan Main Baghi Hoon By Javed Hashmi,2,2,"4,5","6091,10855"
HIKAYAAT_E_AOLIYA,2,2,"4,5","9363,10972"
HAWAIYAN By DR. MUHAMMAD YUNUS BUTT,2,2,"4,5","6133,10906"
Gunahon Kay Nuqsanaat By Sheikh Abdus Sattar,2,2,"4,5","6088,10852"
Gunahon Ka Chorna by SHEIKH ASHRAF ALI THANVI (RA),2,2,"4,5","6087,10851"
Gulzar e Abrar By MUHAMMAD GHAUSI SHATTARI MANDVI,2,2,"4,5","6085,10849"
Gosht Khori - Jaiz ya Najaiz By DR. ZAKIR NAIK,2,2,"4,5","6076,10838"
Gilgit Baltistan Ki Dakhli Khudmukhtari Aur Asal Haqaaiq,2,2,"4,5","6075,10837"
Ghazwat un Nabi (SAW) In Detail,2,2,"4,5","6074,10835"
Gham Na Karein By DR AAIDH ALQARNI,2,2,"4,5","6068,10828"
Ghair Soodi Bankari By SHEIKH MUFTI TAQI USMANI,2,2,"4,5","6066,10825"
Ghair Muqallideen Ki Ghair Mustanad Namaz By SHEIKH AMEEN SAFDAR OKARVI (R.A),2,2,"4,5","6065,10824"
Ghair Muqallideen Ki Diary By SHEIKH MUHAMMAD ABUBAKR GHAZIPURI,2,2,"4,5","6064,10823"
Ghair Muqallideen Ke Aitrazat Ki Haqeeqat By SHEIKH AMEEN SAFDAR OKARVI (R.A),2,2,"4,5","6063,10822"
Ghair Muqallideen Ke Aetrazaat Aur Unke Jawabat By SHEIKH AHMAD ALI,2,2,"4,5","6062,10821"
Ghair Muqallideen Imam Bukhari (R.A) Ki Adalat Mein By ANWAAR E KHURSHEED,2,2,"4,5","6061,10820"
Ghair Muqallid Ho Kar Taqleed Kioon By SHEIKH MUFTI RAB NAWAZ SALAFI,2,2,"4,5","6060,10819"
Ghaddaar e Pakistan - Dr Abdussalam By MUHAMMAD MATEEN KHALID,2,2,"4,5","6059,10818"
Ghaddaar e Pakistan - Dr Abdus Salaam By SHEIKH MUHAMMAD YUSUF LUDHYANVI (R.A),2,2,"4,5","6058,10817"
Ganay Bajanay Ki Hurmat By SHEIKH MUFTI RASHEED AHMAD LUDHYANVI,2,2,"4,5","6057,10816"
Gana Sunna Aur Sunana By SHEIKH MUFTI ABDUR RAUF SAKHARVI,2,2,"4,5","6056,10814"
Gana Bajana Sun&#39;na Aur Qawwalli By SHEIKH IBN E TAYMIA (R.A),2,2,"4,5","6055,10813"
Gana Bajana By SHEIKH MUFTI EHSANULLAH SHAIQ,2,2,"4,5","6054,10812"
Gana Bajana (Haq as Sama) By SHEIKH ASHRAF ALI THANVI (R.A),2,2,"4,5","6053,10811"
Galiyan Kon Deta Hai By SHEIKH MUHAMMAD YUSUF LUDHIANVI (RA),2,2,"4,5","6052,10810"
GULDASTA_E_TAFASEER_VOL_7,2,2,"4,5","9360,10847"
GULDASTA_E_TAFASEER_VOL_3,2,2,"4,5","9359,10844"
GULDASTA_E_TAFASEER_VOL_2,2,2,"4,5","9358,10843"
GULDASTA_E_TAFASEER_VOL_1,2,2,"4,5","9357,10842"
Fuyooz al-Haramain,2,2,"4,5","6050,10807"
Fuqaha e Gujraat (INDIA),2,2,"4,5","6046,10802"
Fun e Asma ur Rijaal By Sheikh Taqiuddin Nadvi,2,2,"4,5","6045,10801"
Fitna e Yusuf Kazzab by Arshad Qureshi,2,2,"4,5","6037,10790"
Fitna e Sheikh By Sheikh Muhammad Yusuf Ludhyanvi (r.a),2,2,"4,5","6036,10789"
Fitna e Modudiat By SHEIKH MUHAMMAD ZAKARIYYA (R.A),2,2,"4,5","6035,10788"
Fitna e Gohar Shahi By Sheikh Abu Tipu Khalid,2,2,"4,5","6034,10787"
Fitna e Ghamdia By Khanqah Sirajia,2,2,"4,5","6033,10786"
Fitna Inkar e Hadith By SHEIKH MUFTI RASHEED AHMAD LUDHYANVI (R.A),2,2,"4,5","6041,10794"
Fitna Inkar e Hadith - Perwaiziat By SHEIKH WALI HASAN TONKI (R.A),2,2,"4,5","6039,10792"
Fitna Inkar e Hadith - Perwaiziat (Version 2) by Sheikh Wali Hasan Tonki (r.a),2,2,"4,5","6038,10791"
Fitna Inkar E Hadith Aur Us Ka Pas E Manzar By SHEIKH ASHIQ ILAHI BULANDSHEHRI (R.A),2,2,"4,5","6040,10793"
Firqa Jamat Al Muslimeen Tehqeeq Ke Ainay Mein By SHEIKH AMEEN SAFDAR OKARVI (RA),2,2,"4,5","6032,10785"
Firqa Ahl e Hadees (Pak o Hind) By SHEIKH ILYAS GHUMMAN,2,2,"4,5","6031,10784"
Fiqh e Akbar (Imam Abu Hanifa (RA)) Translation By Mufti Rasheed Ahmad Alvi,2,2,"4,5","6026,10773"
Fiqh Mein Ijma Ka Maqaam By SHEIKH MUFTI RAFI USMANI,2,2,"4,5","6028,10775"
Fidya o Qaza By SHEIKH MUFTI JAMEEL AHMAD THANVI (RA),2,2,"4,5","6025,10771"
Fazil Brelvi Ka Hafza Aik Tahqeeqi Jaiza By ANWAAR AHMAD,2,2,"4,5","6022,10768"
Fazial e Jehaad,2,2,"4,5","6021,10767"
Fazail o Barakaat e Ramadhan Shareef By Sheikh Hafiz Fazlur Raheem,2,2,"4,5","6014,10757"
Fazail o Ahkam e Ramadhan al Mubarik By SHEIKH SYED ASGHAR HUSAIN (RA),2,2,"4,5","6013,10756"
Fazail e Tableegh By SHEIKH MUHAMMAD ZAKARIYYA KANDHELVI (R.A),2,2,"4,5","6012,10755"
Fazail e Siddique e Akbar By SHEIKH ZULFIQAR AHMAD NAQSHBANDI,2,2,"4,5","6011,10754"
Fazail e Shab e Barat By Sheikh Abdur Rauf Sakharvi,2,2,"4,5","6010,10753"
Fazail e Sadaqat (URDU) By SHEIKH MUHAMMAD ZAKARIYYA KANDHELVI (RA),2,2,"4,5","6009,10752"
Fazail e Quran By SHEIKH MUHAMMAD ZAKARIYYA KANDHELVI (R.A),2,2,"4,5","6008,10751"
Fazail e Miswak By SHEIKH ATHAR HUSAIN MAZAHIRI,2,2,"4,5","6007,10750"
Fazail e Hajj (URDU) By SHEIKH MUHAMMAD ZAKARIYYA KANDHELVI (RA),2,2,"4,5","6006,10749"
Fazail e Aamaal Par Aytrazat Aur Un Ki Ilmi Hesiat By SHEIKH ILYAS GHUMMAN,2,2,"4,5","6005,10748"
Fazail e Aamaal Par Aitrazaat Kioon By SHEIKH MUHAMMAD ISMAIL,2,2,"4,5","6004,10747"
Fazail e Aamaal Par Aitrazaat - Aik Usooli Jaiza By SHEIKH ABDULLAH MAROOFI,2,2,"4,5","6003,10746"
Fazail e Aamaal (URDU) By SHEIKH MUHAMMAD ZAKARIYYA KANDHELVI (RA),2,2,"4,5","6002,10745"
Fazael o Ahkam Ramadhan ul Mubarik By SHEIKH QARI FATEH MUHAMMAD PANIPATI,2,2,"4,5","6001,10744"
Fawaid ul Fawad By SHEIKH AMEER ULA SANJARI (RA),2,2,"4,5","5998,10740"
Fatwa on Beralwis,2,2,"4,5","5996,10736"
Fatwa Hayat e Maseeh [A.S] By Sheikh Muhammd Manzoor Chinioti (r.a),2,2,"4,5","5995,10735"
Fateha Ka Tarika By SHEIKH NOOR MUHAMMAD,2,2,"4,5","5992,10732"
Fatawa_Dar_ulloom_Deoband_Vol_2,2,2,"4,5","9291,10668"
Fatawa_Dar_ulloom_Deoband_Vol_13,2,2,"4,5","9290,10667"
Fatawa_Dar_ulloom_Deoband_Vol_12,2,2,"4,5","9289,10666"
Fatawa_Dar_ulloom_Deoband_Vol_11,2,2,"4,5","9288,10665"
Fatawa_Dar_ulloom_Deoband_Vol_10,2,2,"4,5","9287,10664"
Fatawa_Dar_ulloom_Deoband_Vol_1,2,2,"4,5","9286,10663"
Fatawa_Dar_ulloom_Deoband_Vol_09,2,2,"4,5","9285,10662"
Fatawa_Dar_ulloom_Deoband_Vol_08,2,2,"4,5","9284,10661"
Fatawa_Dar_ulloom_Deoband_Vol_07,2,2,"4,5","9283,10660"
Fatawa_Dar_ulloom_Deoband_Vol_06,2,2,"4,5","9282,10659"
Fatawa_Dar_ulloom_Deoband_Vol_05,2,2,"4,5","9281,10658"
Fatawa_Dar_ulloom_Deoband_Vol_04,2,2,"4,5","9280,10657"
Fatawa_Dar_ulloom_Deoband_Vol_03,2,2,"4,5","9279,10656"
Fatawa o Tareeqa Milad Shareef By SHEIKH RASHEED AHMAD GANGOHI (R.A) &amp; SHEIKH ASHRAF ALI THANVI (R.A),2,2,"4,5","5887,10631"
Fatawa Ala Hazrat By SHEIKH MUHAMMAD ABUL KHAIR,2,2,"4,5","5886,10630"
Fatah Bareli Ka Dil Kash Nizara By SHEIKH MUHAMMAD MANZOOR NOMANI (R.A),2,2,"4,5","5885,10629"
Fasaad Door Karnay Ka Tareeqa by SHEIKH ASHRAF ALI THANVI (RA),2,2,"4,5","5884,10628"
Farz Namaz Ke Baad Dua By Sheikh Abdul Hameed Nomani,2,2,"4,5","5883,10626"
Farz Namaaz Ke Baad Ki Duaain By SHEIKH MUHAMMAD YUNUS PALANPURI,2,2,"4,5","5882,10625"
Falsafa e Hajj o Qurbani By Sheikh Mufti Taqi Usmani,2,2,"4,5","5879,10621"
Faizan e Rehmat By SHEIKH MUHAMMAD ABDULLAH DARKHUWASTI (RA),2,2,"4,5","5874,10614"
Faisla Kun Munazra By SHEIKH MUHAMMAD MANZOOR NOMANI (R.A),2,2,"4,5","5873,10613"
Faisla Aap Karain by SHEIKH MUHAMMAD AZAM TARIQ (R.A),2,2,"4,5","5872,10612"
Fahm e Quran By SHEIKH SAEED AHMAD AKBARABADI,2,2,"4,5","5870,10610"
FIRDOS E BAREEN By Abdul Haleem Sharar,2,2,"4,5","6030,10783"
FATAWA_USMANI_VOL_3,2,2,"4,5","9353,10731"
FATAWA_USMANI_VOL_2,2,2,"4,5","9352,10730"
FATAWA_USMANI_VOL_1,2,2,"4,5","9351,10729"
FATAWA_RASHEDIAH,2,2,"4,5","9350,10728"
FATAWA_RAHEMIAH_VOL_10,2,2,"4,5","9349,10727"
FATAWA_RAHEMIAH_VOL_09,2,2,"4,5","9348,10726"
FATAWA_RAHEMIAH_VOL_08,2,2,"4,5","9347,10725"
FATAWA_RAHEMIAH_VOL_07,2,2,"4,5","9346,10724"
FATAWA_RAHEMIAH_VOL_06,2,2,"4,5","9345,10723"
FATAWA_RAHEMIAH_VOL_05,2,2,"4,5","9344,10722"
FATAWA_RAHEMIAH_VOL_04,2,2,"4,5","9343,10721"
FATAWA_RAHEMIAH_VOL_03,2,2,"4,5","9342,10720"
FATAWA_RAHEMIAH_VOL_02,2,2,"4,5","9341,10719"
FATAWA_RAHEMIAH_VOL_01,2,2,"4,5","9340,10718"
FATAWA_MUFTI_MAHMOOD_VOL_11,2,2,"4,5","9339,10717"
FATAWA_MUFTI_MAHMOOD_VOL_10,2,2,"4,5","9338,10716"
FATAWA_MUFTI_MAHMOOD_VOL_09,2,2,"4,5","9337,10715"
FATAWA_MUFTI_MAHMOOD_VOL_08,2,2,"4,5","9336,10714"
FATAWA_MUFTI_MAHMOOD_VOL_07,2,2,"4,5","9335,10713"
FATAWA_MUFTI_MAHMOOD_VOL_06,2,2,"4,5","9334,10712"
FATAWA_MUFTI_MAHMOOD_VOL_05,2,2,"4,5","9333,10711"
FATAWA_MUFTI_MAHMOOD_VOL_04,2,2,"4,5","9332,10710"
FATAWA_MUFTI_MAHMOOD_VOL_03,2,2,"4,5","9331,10709"
FATAWA_MUFTI_MAHMOOD_VOL_02,2,2,"4,5","9330,10708"
FATAWA_MUFTI_MAHMOOD_VOL_01,2,2,"4,5","9329,10707"
FATAWA_MAZAHIR_E_ULOOM_VOL_1,2,2,"4,5","9328,10706"
FATAWA_MAHMOODIAH_VOL_24,2,2,"4,5","9327,10704"
FATAWA_MAHMOODIAH_VOL_23,2,2,"4,5","9326,10703"
FATAWA_MAHMOODIAH_VOL_22,2,2,"4,5","9325,10702"
FATAWA_MAHMOODIAH_VOL_21,2,2,"4,5","9324,10701"
FATAWA_MAHMOODIAH_VOL_20,2,2,"4,5","9323,10700"
FATAWA_MAHMOODIAH_VOL_19,2,2,"4,5","9322,10699"
FATAWA_MAHMOODIAH_VOL_18,2,2,"4,5","9321,10698"
FATAWA_MAHMOODIAH_VOL_17,2,2,"4,5","9320,10697"
FATAWA_MAHMOODIAH_VOL_16,2,2,"4,5","9319,10696"
FATAWA_MAHMOODIAH_VOL_15,2,2,"4,5","9318,10695"
FATAWA_MAHMOODIAH_VOL_14,2,2,"4,5","9317,10694"
FATAWA_MAHMOODIAH_VOL_13,2,2,"4,5","9316,10693"
FATAWA_MAHMOODIAH_VOL_12,2,2,"4,5","9315,10692"
FATAWA_MAHMOODIAH_VOL_11,2,2,"4,5","9314,10691"
FATAWA_MAHMOODIAH_VOL_10,2,2,"4,5","9313,10690"
FATAWA_MAHMOODIAH_VOL_09,2,2,"4,5","9312,10689"
FATAWA_MAHMOODIAH_VOL_08,2,2,"4,5","9311,10688"
FATAWA_MAHMOODIAH_VOL_07,2,2,"4,5","9310,10687"
FATAWA_MAHMOODIAH_VOL_06,2,2,"4,5","9309,10686"
FATAWA_MAHMOODIAH_VOL_05,2,2,"4,5","9308,10685"
FATAWA_MAHMOODIAH_VOL_04,2,2,"4,5","9307,10684"
FATAWA_MAHMOODIAH_VOL_03,2,2,"4,5","9306,10683"
FATAWA_MAHMOODIAH_VOL_02,2,2,"4,5","9305,10682"
FATAWA_MAHMOODIAH_VOL_01,2,2,"4,5","9304,10681"
FATAWA_HAQQANIYAH_VOL_6,2,2,"4,5","9303,10680"
FATAWA_HAQQANIYAH_VOL_5,2,2,"4,5","9302,10679"
FATAWA_HAQQANIYAH_VOL_4,2,2,"4,5","9301,10678"
FATAWA_HAQQANIYAH_VOL_3,2,2,"4,5","9300,10677"
FATAWA_HAQQANIYAH_VOL_2,2,2,"4,5","9299,10676"
FATAWA_HAQQANIYAH_VOL_1,2,2,"4,5","9298,10675"
FATAWA_FAREDIYAH_VOL_5,2,2,"4,5","9297,10674"
FATAWA_FAREDIYAH_VOL_4,2,2,"4,5","9296,10673"
FATAWA_FAREDIYAH_VOL_3,2,2,"4,5","9295,10672"
FATAWA_FAREDIYAH_VOL_2,2,2,"4,5","9294,10671"
FATAWA_FAREDIYAH_VOL_1,2,2,"4,5","9293,10670"
FATAWA_EBAD_UR_RAHMAN_VOL_1,2,2,"4,5","9292,10669"
FATAWA_DAR_UL_ULOOM_ZAKARIYA_VOL_4,2,2,"4,5","9278,10655"
FATAWA_DAR_UL_ULOOM_ZAKARIYA_VOL_3,2,2,"4,5","9277,10654"
FATAWA_DAR_UL_ULOOM_ZAKARIYA_VOL_2,2,2,"4,5","9276,10653"
FATAWA_DAR_UL_ULOOM_ZAKARIYA_VOL_1,2,2,"4,5","9275,10652"
FATAWA_DAR_UL_ULOOM_KARACHI_VOL_1,2,2,"4,5","9274,10651"
FATAWA_BAIYINAAT_VOL_4,2,2,"4,5","9273,10649"
FATAWA_BAIYINAAT_VOL_3,2,2,"4,5","9272,10648"
FATAWA_BAIYINAAT_VOL_2,2,2,"4,5","9271,10647"
FATAWA_BAIYINAAT_VOL_1,2,2,"4,5","9270,10646"
FATAWA_AZEZE,2,2,"4,5","9269,10645"
FATAWA_ALAMGEERI_VOL_10,2,2,"4,5","9268,10644"
FATAWA_ALAMGEERI_VOL_09,2,2,"4,5","9267,10643"
FATAWA_ALAMGEERI_VOL_08,2,2,"4,5","9266,10642"
FATAWA_ALAMGEERI_VOL_07,2,2,"4,5","9265,10641"
FATAWA_ALAMGEERI_VOL_06,2,2,"4,5","9264,10640"
FATAWA_ALAMGEERI_VOL_05,2,2,"4,5","9263,10639"
FATAWA_ALAMGEERI_VOL_04,2,2,"4,5","9262,10638"
FATAWA_ALAMGEERI_VOL_03,2,2,"4,5","9261,10637"
FATAWA_ALAMGEERI_VOL_02,2,2,"4,5","9260,10636"
FATAWA_ALAMGEERI_VOL_01,2,2,"4,5","9259,10635"
Einul Hidaya Jild 8,2,2,"4,5","5866,10604"
Einul Hidaya Jild 7,2,2,"4,5","5865,10603"
Einul Hidaya Jild 6,2,2,"4,5","5864,10602"
Einul Hidaya Jild 5,2,2,"4,5","5863,10601"
Einul Hidaya Jild 3,2,2,"4,5","5862,10600"
Einul Hidaya Jild 2,2,2,"4,5","5861,10599"
Einul Hidaya Jild 1,2,2,"4,5","5860,10598"
Eidgah Ki Sunniyat By SHEIKH FAZLUR RAHMAN AZMI,2,2,"4,5","5859,10597"
Eid e Qurban by SHEIKH MUHAMMAD AHMAD THANVI (RA),2,2,"4,5","5857,10595"
Eid e Melaad by SHEIKH MUFTI JAMEEL AHMAD THANVI (RA),2,2,"4,5","5856,10594"
Eid Meelaad by SHEIKH ASHRAF ALI THANVI (RA),2,2,"4,5","5858,10596"
Eesaal e Sawab By SHEIKH QARI JAMEELUR RAHMAN AKHTAR,2,2,"4,5","5830,10569"
Eesaaiyyat (Talkhees Izhar ul haq),2,2,"4,5","5829,10568"
Eeman K Shobay by SHEIKH ASHRAF ALI THANVI (RA),2,2,"4,5","5828,10567"
Eemaan Kya Hai By SHEIKH ABDUL HAQ DEHLVI,2,2,"4,5","5827,10565"
Eemaan Kya Hai By MUHAMMAD MOMIN,2,2,"4,5","5826,10564"
Eemaan Aur Kufr By Mufti Muhammad Shafi (R.A),2,2,"4,5","5825,10563"
Durood Shareef Parhnay Ka Shari Tarika By SHEIKH SARFRAZ KHAN SAFDAR (R.A),2,2,"4,5","5822,10557"
Dunya Se Dil Lagana by SHEIKH ASHRAF ALI THANVI (RA),2,2,"4,5","5820,10555"
Dunya K Us Par By Sheikh Mufti Taqi Usmani,2,2,"4,5","5819,10554"
Duaain Qubool Na Honay Ki Wujoohat By SHEIK ZULFIQAR AHMAD NAQSHBANDI,2,2,"4,5","5818,10553"
Dua by SHEIKH ASHRAF ALI THANVI (RA),2,2,"4,5","5817,10552"
Dr Tahirul Qadri by MEMOODUR RASHEED HADOTI,2,2,"4,5","5815,10550"
Dr Israr Ahmad By SHEIKH MUFTI ABDUL WAHID,2,2,"4,5","5814,10549"
Dr Farhat Hashmi,2,2,"4,5","5813,10548"
Dil Ki Duniya By SHEIKH MUFTI MUHAMMAD SHAFI (RA),2,2,"4,5","5808,10537"
Dil Ka Suroor By SHEIKH SARFRAZ KHAN SAFDAR (R.A),2,2,"4,5","5807,10536"
Digital Camera Ki Tasveer Ki Hurmat Per Mufassal o Mudallal Fatwa,2,2,"4,5","5805,10534"
Difaa e Khatm e Nubuwwat By SHEIKH MANZOOR AHMAD CHINIOTI (RA),2,2,"4,5","5804,10533"
Difa E Sahaba Waqat Ki Aham Tareen Zarorat Kioon By SHEIKH MUHAMMAD USMAN KALYANVI,2,2,"4,5","5801,10530"
Dhamaka Arshad Al Qadri Ki Kitaab Zalzala Ka Jawab,2,2,"4,5","5800,10529"
Deobandi Barelvi Ikhtelafaat Ka Hal By Sheikh Abdullah,2,2,"4,5","5798,10524"
Deoband Say Bareli Tak By Sheikh Abul Ausaf Rumi,2,2,"4,5","5797,10523"
Dekhna Kahein Ghar Toot Na Jaey By SHEIKH ALI ABDUL AAL TAHTAVI,2,2,"4,5","5796,10522"
Dehshat Gardi K adday ya Khari K Marakiz,2,2,"4,5","5795,10521"
Deewan-e-Haali,2,2,"4,5","5794,10520"
Deewan -e- Akbar Ilahbadi (Volume - 5),2,2,"4,5","5793,10519"
Deewan -e- Akbar Ilahbadi (Volume - 4),2,2,"4,5","5792,10518"
Deewan -e- Akbar Ilahbadi (Volume - 3),2,2,"4,5","5791,10517"
Deewan -e- Akbar Ilahbadi (Volume - 2),2,2,"4,5","5790,10516"
Deewan -e- Akbar Ilahbadi (Volume - 1),2,2,"4,5","5789,10515"
Deeni Umoor Par Ujrat Jaaiz Hai By SHEIKH MUFTI ZAR WALI KHAN,2,2,"4,5","5788,10514"
Deeni Umoor Par Ujrat Jaaiz Hai (FARSI) By SHEIKH MUFTI ZAR WALI KHAN,2,2,"4,5","5787,10513"
Deeni Madaaris Ki Zaroorat Aur Nisaab o Nizam e Taleem By SHEIKH MUHAMMAD YUSUF BANURI (RA),2,2,"4,5","5786,10512"
Deen e Haq Aur Ulma e Rabbani By SHEIKH ABUL HASAN ALI NADVI (RA),2,2,"4,5","5783,10504"
Deen Mein Tangi Nahein by SHEIKH ASHRAF ALI THANVI (RA),2,2,"4,5","5785,10507"
Deen Kya Hai By SHEIKH MUFTI TAQI USMANI,2,2,"4,5","5784,10506"
Dawat ILaLLah by SHEIKH ASHRAF ALI THANVI (RA),2,2,"4,5","5775,10495"
Daur e Hazir Ke Fitnay By SHEIKH MUHAMMAD YUSUF BANORI (R.A),2,2,"4,5","5772,10492"
Daur e Hazir Ke Fitnay By SHEIKH ABDUS SATTAR,2,2,"4,5","5771,10491"
Daur e Hazir Ka Faizi - Ghamidi By ABDULLAH QANDAHARI,2,2,"4,5","5770,10490"
Dastak,2,2,"4,5","5769,10488"
Dastaan e Mujahid By Naseem Hijazi,2,2,"4,5","5768,10486"
Darul Uloom Karachi Ka Nisaab e Taleem,2,2,"4,5","5767,10485"
Dars e Ibrat By Mufti Muhammad Shafi (RA),2,2,"4,5","5741,10458"
Darhi Mundana Gunah e Kabeera Aur Is Ka Mazak Urana Kufr By SHEIKH ASHRAF ALI THANVI (RA),2,2,"4,5","5740,10456"
Darhi Moonchh Aur Sar Ke Baal Ke Masail By SHEIKH FAZLUR-RAHMAN AZMI,2,2,"4,5","5739,10455"
Darhi Ka Wujoob By SHEIKH MUHAMMAD ZAKARIYYA (R.A),2,2,"4,5","5738,10454"
Darhi Aur Balon Ke Shari Ahkaam by Sheikh Mufti Ehsanullah Shaiq,2,2,"4,5","5737,10453"
Darhi Aur Balon Ke Ahkam By Sheikh Mufti Ehsanullah Shaiq,2,2,"4,5","5736,10452"
Darhi Aik Islami Shuaar By SHEIKH ASHIQ ILAHI MUHAJIR MADNI (R.A),2,2,"4,5","5735,10451"
Darhi (Beard) By SHEIKH MUFTI UBAID UR RAHMAN,2,2,"4,5","5734,10450"
Dard e Dil by SHEIKH HAQ NAWAZ JHANGVI (RA),2,2,"4,5","5733,10449"
Darajaat ul Islam by SHEIKH ASHRAF ALI THANVI (RA),2,2,"4,5","5732,10448"
Dajjal,2,2,"4,5","5730,10443"
Dajal e Qadiyan By Sheikh Muhammad Ameen Safdar Okarvi (r.a),2,2,"4,5","5726,10439"
DARS_E_TIRMEZI_VOL_3,2,2,"4,5","9229,10481"
DARS_E_TIRMEZI_VOL_2,2,2,"4,5","9228,10480"
DARS_E_TIRMEZI_VOL_1,2,2,"4,5","9227,10479"
DARS_E_QURAAN_VOL_6,2,2,"4,5","9226,10478"
DARS_E_QURAAN_VOL_5,2,2,"4,5","9225,10477"
DARS_E_QURAAN_VOL_4,2,2,"4,5","9224,10476"
DARS_E_QURAAN_VOL_1,2,2,"4,5","9223,10475"
DARS_E_HADITH_VOL_12,2,2,"4,5","9222,10473"
DARS_E_HADITH_VOL_11,2,2,"4,5","9221,10472"
DARS_E_HADITH_VOL_09,2,2,"4,5","9220,10470"
DARS_E_HADITH_VOL_08,2,2,"4,5","9219,10469"
DARS_E_HADITH_VOL_07,2,2,"4,5","9218,10468"
DARS_E_HADITH_VOL_06,2,2,"4,5","9217,10467"
DARS_E_HADITH_VOL_05,2,2,"4,5","9216,10466"
DARS_E_HADITH_VOL_04,2,2,"4,5","9215,10465"
DARS_E_HADITH_VOL_03,2,2,"4,5","9214,10464"
DARS_E_HADITH_VOL_02,2,2,"4,5","9213,10463"
DARS_E_HADITH_VOL_01,2,2,"4,5","9212,10462"
Chand Ahm Islami Aadaab By SHEIKH ABDUL FATTAH ABU GHUDDAH,2,2,"4,5","5722,10433"
Chalees Biddatain By SHEIKH MUHAMMAD MUTEE UL HAQ,2,2,"4,5","5721,10432"
Chahal Masala Hazraat e Barelvia By SHEIKH MUHAMMAD KAREEM BAKHSH,2,2,"4,5","5720,10431"
Butt-Paray By DR. MUHAMMAD YUNUS BUTT,2,2,"4,5","5719,10430"
Burhan ut Tanzeel By SHEIKH MUHAMMAD MUSLIM USMANI (R.A),2,2,"4,5","5717,10428"
Bunyad e Islah by SHEIKH ASHRAF ALI THANVI (RA),2,2,"4,5","5716,10427"
Bostan e Saadi (FARSI),2,2,"4,5","5712,10423"
Bismillah Ki Ehmiat By SHEIKH TAQI USMANI,2,2,"4,5","5710,10419"
Bikhray Mot (Volume-5) By SHEIKH MUHAMMAD YUNUS PALANPURI,2,2,"4,5","5705,10414"
Bidatiyon K Durood-o-Salam Ki Shari Hesiat By Mufti Zar Wali Khan,2,2,"4,5","5704,10413"
Bidati Awliya Ki Nazar Mein By SHEIKH GHULAM GHAUS ARBANVI,2,2,"4,5","5703,10412"
Bidat Aik Ghumrahi By SHEIKH MUFTI TAQI USMANI,2,2,"4,5","5701,10410"
Bhlai Ki Chabi by SHEIKH ASHRAF ALI THANVI (RA),2,2,"4,5","5697,10405"
Beyat Ki Shari Hesiat By SHEIKH SYED HUSAIN AHMAD MADNI (R.A),2,2,"4,5","5696,10404"
Beti Allah ki Rehmat By SHEIKH MUFTI ABDUR RAUF SAKHARVI,2,2,"4,5","5695,10403"
Benamazi Maqaam e Ibrat By SHEIKH TARIQ JAMEEL,2,2,"4,5","5692,10400"
Behayaee Aghaz Se Anjaam Tak By Naeem Ahmad Abrar,2,2,"4,5","5689,10397"
Bayanat e Palanpuri,2,2,"4,5","5683,10390"
Batlaan e Mazhab e Shia BY Sheikh Muhammad Abdush Shakoor Lakhnavi (RA),2,2,"4,5","5680,10387"
Basant Kya Hai by Sheikh Abu Lubabah Shah Mansoor &amp; Others,2,2,"4,5","5678,10385"
Barkat Wali Zindagi By Sheikh Abdus Sattar,2,2,"4,5","5676,10383"
Barg e Gul By SHEIKH SYED NAFEES UL HUSAINI (R.A),2,2,"4,5","5675,10382"
Barelviat Haqaiq Ke Aainay Mein By Hafiz Ghulam Muhammad Memon,2,2,"4,5","5674,10381"
Barelviat By Allama Ihsan Ilahi Zaheer,2,2,"4,5","5673,10380"
Barelvi Ulama O Mashaikh Ke Liye Lamha e Fikriya By SHEIKH ASHIQ ILAHI MADNI (R.A),2,2,"4,5","5672,10379"
Barelvi Fitnah Ka Nia Roop By SHEIKH MUHAMMAD ARIF SAMBHLI,2,2,"4,5","5671,10378"
Baraat e Usman (RA) by SHEIKH UL HADITH ZAFAR AHMAD USMANI (RA),2,2,"4,5","5669,10375"
Bani e Darul Uloom Deoband By Sheikh Sarfraz Khan Safdar (r.a),2,2,"4,5","5668,10373"
Bahishti Zevar By SHEIKH ASHRAF ALI THANVI (RA),2,2,"4,5","5663,10367"
Badshagooni Aur Sehr Ki Shari Hesiat By SHEIKH SHAMSUL HAQ,2,2,"4,5","5662,10365"
Bachon Ke Liay Ibtidai Deeni Taleemaat By Sheikh Mufti Ehsanullah Shaiq,2,2,"4,5","5653,10350"
Ba Bang -e- Dohul BY Ustad Imam Din Gujrati,2,2,"4,5","5652,10349"
Ba Adab Ba Naseeb By Sheikh Zulfiqar Ahmad Naqshbandi,2,2,"4,5","5651,10348"
BIBLE_SAY_QURAN_TAK_VOL_3,2,2,"4,5","9208,10408"
BIBLE_SAY_QURAN_TAK_VOL_2,2,2,"4,5","9207,10407"
BIBLE_SAY_QURAN_TAK_VOL_1,2,2,"4,5","9206,10406"
Azmat-E-Ulama,2,2,"4,5","5648,10344"
Azmat e Quran By Sheikh Ashiq Husain Shujabadi,2,2,"4,5","5646,10341"
Azmat E Sahaba Par Chahal Ahadith By MUHAMMAD SHOAIB,2,2,"4,5","5647,10342"
Azan Qabar Ka Tehqeeqi Jaiza By SHEIKH MUHAMMAD MANZOOR NOMANI (R.A),2,2,"4,5","5643,10337"
Awlaad e Rasool [SAW] By Sheikh Muhammad Nadeem Qasmi,2,2,"4,5","5641,10334"
Awamil un Nahw By SHEIKH MUSHTAQ AHMAD,2,2,"4,5","5640,10333"
Aurat aur Islam By SHEIKH MUHAMMAD SHAHABUDDIN NADVI,2,2,"4,5","5636,10327"
Aurat Ki Sarbrahi Ki Shari Hesiat By Sheikh Mufti Rafi Usmani,2,2,"4,5","5638,10329"
Aurat Ka Bila Mehram Safar e Haj By SHEIKH MUFTI SHAMSUDDIN NOOR,2,2,"4,5","5637,10328"
Atyab Ul Kalam By SHEIKH HAFIZ ABDUL MATEEN KHAN ZAHID,2,2,"4,5","5634,10325"
Asrar e Khudi (Urdu Manzoom Tarjumah) By Allama Muhammad Iqbal (r.a),2,2,"4,5","5628,10319"
Asr e Hazir Mein Deen Ki Tafheem o Tashreeh By SHEIKH SYED ABUL HASAN ALI NADVI (R.A),2,2,"4,5","5626,10316"
Asr e Hazir By SHEIKH MUHAMMAD YUSUF LUDHYANVI (R.A),2,2,"4,5","5625,10315"
Ashrafi Namaz Kamil,2,2,"4,5","5620,10291"
Ashraf ul Jawaab By SHEIKH ASHRAF ALI THANVI (RA),2,2,"4,5","5594,10265"
Ash Shahab us Saqib By SHEIKH SYED HUSAIN AHMAD MADNI (R.A),2,2,"4,5","5593,10264"
Armaghan E Haq VOL 2 By SHEIKH MUHAMMAD ABUBAKR GHAZIPURI,2,2,"4,5","5588,10258"
Arba-Anhar-Urdu,2,2,"4,5","5587,10257"
Arabi Zaban Ghair Arab Ko Kaisay Parhaaen ( URDU) By SHEIKH ABDUR RAZZAQ SIKANDAR,2,2,"4,5","5586,10256"
Arabi Bol Chaal By Sheikh Mushtaq Ahmad Charthaoli,2,2,"4,5","5581,10247"
Ar Raheeq Al Makhtum,2,2,"4,5","5580,10245"
Aqwal e Sahabah By HAFIZ MUHAMMD IQBAL SEHR,2,2,"4,5","5579,10244"
Aqeeqah Ke Ahkam By SHEIKH MUHAMMAD YUSUF KHAN,2,2,"4,5","5578,10243"
Aqeedatul Ummat Fi Khatam e Nubuwwat By Sheikh Allama Khalid Mehmood,2,2,"4,5","5577,10241"
Aqeedah Zahoor e Mehdi Ahadith Ki Roshni Mein By SHEIKH MUFTI NIZAMUDDIN SHAMZAI (R.A),2,2,"4,5","5576,10240"
Aqeedah Nuzool e Maseeh (A.S) By SHEIKH MUHAMMAD YUSUF BINORI (RA),2,2,"4,5","5575,10239"
Aqeedah Aur Aqeedat By SHEIKH MUFTI MUKHTARUDDIN KARBOGHA SHAREEF,2,2,"4,5","5574,10238"
Aqal Aur Us Ka Maqam By SHEIKH HAFIDH ABU BAKR IBN E ABI AD-DUNIYA,2,2,"4,5","5573,10234"
Aqaid o Kamalaat e Ulama e Deoband By SHEIKH ALLAH YAR KHAN (RA),2,2,"4,5","5570,10231"
Aqaid Ulama e Deoband By SHEIKH KHALEEL AHMAD AMBETHVI,2,2,"4,5","5572,10233"
Aqaid Khair ul Wasail Ila Zabt il Masail By SHEIKH MUHAMMAD ANWAR OKARVI,2,2,"4,5","5569,10230"
Apnay Imaan Ki Hifazat Karain By SHEIKH ASHRAF ALI THANVI (R.A),2,2,"4,5","5568,10228"
Anwaar e Anwary By SHEIKH MUHAMMAD ANWARI,2,2,"4,5","5553,10206"
Angoothay Choomnay Ka Masala Deoband Ki Adalat Mein By NOMAN MUHAMMAD AMIN,2,2,"4,5","5552,10205"
An Nabi ul Khatim By SHEIKH MANAZIR AHSAN GAILANI,2,2,"4,5","5549,10202"
Amilon Say Nijaat Payiye By SHEIKH ABDUS SATTAR,2,2,"4,5","5546,10199"
Amama Topi Aur Kurta By SHEIKH FAZLUR RAHMAN AZMI,2,2,"4,5","5544,10197"
Almanaqib Alfatimia By SHEIKH AHMAD HASAN SAMBHLI,2,2,"4,5","5532,10194"
Allah Walon Ki Maqbuliyat Ka Raaz By Sheikh Mufti Salman Mansoorpuri,2,2,"4,5","5527,10187"
Allah Se Milnay Ki Tamanna by SHEIKH ASHRAF ALI THANVI (RA),2,2,"4,5","5526,10186"
Allah Ki Panah By SHEIKH MUHAMMAD YUNUS PALANPURI,2,2,"4,5","5525,10185"
Allah Ke Liye Jeena Marna By SHEIKH MUFTI TAQI USMANI,2,2,"4,5","5524,10184"
Alfurqan- 21st Century Ka American Quran,2,2,"4,5","5523,10182"
Alfaz ul Quran by SHEIKH ASHRAF ALI THANVI (RA),2,2,"4,5","5522,10181"
Alamat e Qayamat Aur Nuzool e Maseeh (A.S) By SHEIKH MUFTI RAFI USMANI,2,2,"4,5","5521,10180"
Alamat a Qayamat Aur Aqeeda Zahoor e Mehdi By SHEIKH SUHAIL BAWA,2,2,"4,5","5520,10179"
Alam e Islam Pe Amreeka Ki Yalghar Kioon,2,2,"4,5","5518,10176"
Al-sarim-al-muslool-Arabic-3,2,2,"4,5","5507,10144"
Al-sarim-al-muslool-Arabic-1,2,2,"4,5","5506,10142"
Al-khalifatul-Mahdi,2,2,"4,5","5503,10138"
Al-Murtaza,2,2,"4,5","5505,10141"
Al-Muqadima fi Tasawwuf,2,2,"4,5","5504,10140"
Al-Imaamul-Mahdi,2,2,"4,5","5502,10137"
Al-Huda International Kia Hai By MUFTI ABU SAFWAN,2,2,"4,5","5501,10136"
Al Waqt by SHEIKH ASHRAF ALI THANVI (RA),2,2,"4,5","5500,10135"
Al Tehzeeb 6 by SHEIKH ASHRAF ALI THANVI (RA),2,2,"4,5","5497,10131"
Al Tehzeeb 5 by SHEIKH ASHRAF ALI THANVI (RA),2,2,"4,5","5496,10130"
Al Tehzeeb 4 by SHEIKH ASHRAF ALI THANVI (RA),2,2,"4,5","5495,10129"
Al Tehzeeb 3 by SHEIKH ASHRAF ALI THANVI (RA),2,2,"4,5","5494,10128"
Al Tehzeeb 2 by SHEIKH ASHRAF ALI THANVI (RA),2,2,"4,5","5493,10127"
Al Tehzeeb 1 by SHEIKH ASHRAF ALI THANVI (RA),2,2,"4,5","5492,10126"
Al Shukr by SHEIKH ASHRAF ALI THANVI (RA),2,2,"4,5","5479,10110"
Al Saum by SHEIKH ASHRAF ALI THANVI (RA),2,2,"4,5","5477,10107"
Al Qaul Al Motabar Fi Hayat e Khairul Bashar By HAFIZ ABDUL JABBAR SALAFI,2,2,"4,5","5452,10081"
Al Qadiyaniyyah,2,2,"4,5","5451,10080"
Al Muhannad Alal Mufannad & Aqaid Ahlus Sunnah wal Jamaah By SHEIKH KHALEEL AHMAD SAHARANPURI (R.A) & SHEIKH ABDUSH SHAKOOR LAKHNAVI (R.A),2,2,"4,5","5444,10070"
Al Maslak Al Mansoor Fi Kitabil Mastoor By SHEIKH SARFRAZ KHAN SAFDAR (R.A),2,2,"4,5","5429,10049"
Al Maree Fi Al Rabee by SHEIKH ASHRAF ALI THANVI (RA),2,2,"4,5","5428,10048"
Al Khalat by SHEIKH ASHRAF ALI THANVI (RA),2,2,"4,5","5424,10041"
Al Kalam ul Mufeed Fi Asbatit Taqleed By SHEIKH SARFRAZ KHAN SAFDAR (R.A),2,2,"4,5","5423,10040"
Al Kalaam ul Haavi By SHEIKH SARFRAZ KHAN SAFDAR (R.A),2,2,"4,5","5422,10038"
Al Imam Al Mehdi By SHEIKH MUHAMMAD BADR E ALAM MUHAJIR MADNI,2,2,"4,5","5419,10033"
Al Imam Al Husain (Urdu Translation) By SHEIKH ABDUL WAHID KHAYYARI NADVI,2,2,"4,5","5418,10032"
Al Hizbul Aazam,2,2,"4,5","5417,10031"
Al Haj Al Mabroor by SHEIKH ASHRAF ALI THANVI (RA),2,2,"4,5","5390,10002"
Al Farooq (R.A) By ALLAMA SHIBLI NOMANI (RA),2,2,"4,5","5388,10000"
Al Dunya by SHEIKH ASHRAF ALI THANVI (RA),2,2,"4,5","5386,9996"
Al Baab by SHEIKH ASHRAF ALI THANVI (RA),2,2,"4,5","5382,9990"
Al Aqal Wal Naqal By SHEIKH ALLAMA SHABEER AHMAD USMANI (R.A),2,2,"4,5","5381,9989"
Akabir Ulama e Deoband Itteba e Sunnat Ki Roshni Mein By SHEIKH MUHAMMAD ZAKARIYYA KANDHELVI,2,2,"4,5","5377,9984"
Akabir Ki Zahidana Zindagi By SYED HABIBULLAH MARDANI,2,2,"4,5","5376,9983"
Akabir Ka Sulook o Ehsaan By SHEIKH MUHAMMAD ZAKARIYYA KANDHELVI (R.A),2,2,"4,5","5375,9982"
Aina Jamal e Nubuwwat (SAW) By SHEIKH IBRAHIM BIN ABDULLAH AL- HAZMI,2,2,"4,5","5369,9976"
Aik Tableeghi Jamaat Ki Karguzari,2,2,"4,5","5359,9966"
Aik Musalman Kis Tarah Zindagi Guzarey By SHEIKH ASHIQ ILAHI BULANDSHEHRI (R.A),2,2,"4,5","5358,9965"
Aik Munazra Jo Ho Na Saka By ANWAR MEHMOOD SIDDIQUI,2,2,"4,5","5357,9964"
Aik Majlis Ki Teen Talaq By SHEIKH MUHAMMAD JAVED USMAN MEMON,2,2,"4,5","5356,9963"
Ahsan al Itr Fi Tahqeeq Rakatain Baad al Witr By SHEIKH MUFTI ZAR WALI KHAN,2,2,"4,5","5333,9936"
Ahsan Ul Manasik By SHEIKH MUFTI ZAR WALI KHAN.pdf,2,2,"4,5","5334,9937"
Ahsan UL Maqal By SHEIKH MUFTI ZAR WALI KHAN.pdf,2,2,"4,5","5335,9938"
Ahmaqon-ke-jannat,2,2,"4,5","5331,9934"
Ahle Sunnat o Ahle Biddat Ki Pehchan By Allamah Saeed Qadri,2,2,"4,5","5330,9930"
Ahle Hadith Ya Shia By SHEIKH FAZLUR RAHMAN DHARAMKOTI,2,2,"4,5","5329,9929"
Ahle Hadith Aur Angraiz By SHEIKH BASHEER AHMAD QADRI,2,2,"4,5","5328,9928"
Ahle Bayt Ka Mukhtasar Taaruf By SHEIKH ABU REHAN ZIAUR RAHMAN FAROOQI (RA).pdf,2,2,"4,5","5327,9927"
Ahl us Sunnah wal Jamaah By SHEIKH SYED SULEMAN NADVI (R.A),2,2,"4,5","5324,9920"
Ahkam e Mayyat By SHEIKH ABDUL HAI ARIFI (R.A),2,2,"4,5","5322,9918"
Ahkam e Hajj By Sheikh Mufti Muhammad Shafi (RA),2,2,"4,5","5321,9917"
Ahkaam e Taharat By Sheikh Mufti Shamsul Haq Azhar,2,2,"4,5","5319,9915"
Aghlat ul Awaam By SHEIKH ASHRAF ALI THANVI (RA),2,2,"4,5","5317,9913"
Agha Khaniyon Kay Siyasi Azaim By Zakariyya Razi,2,2,"4,5","5316,9912"
Agha Khaniat Ulama e Ummat Ki Nazar Mein,2,2,"4,5","5315,9911"
Aftab E Muhammadi Bajawab Shama E Muhammadi By PEER SYED MUSHTAQ ALI SHAH,2,2,"4,5","5313,9908"
Adilla e Kamila By SHEIKH MEHMOOD HASAN GANGOHI (R.A),2,2,"4,5","5309,9903"
Ad Dalail Al Qahira By AHMAD RAZA KHAN BARELVI,2,2,"4,5","5303,9895"
Abwab e Saadat By SHEIKH MUHAMMAD SUHAIL,2,2,"4,5","5302,9894"
Abu Bakr [r.a] Ke Sarkari Khutoot By Khurshid Ahmad Farooq,2,2,"4,5","5301,9893"
Abd al-Aziz Farharwi,2,2,"4,5","5300,9892"
Aazmaishon Ki Haqeeqat By Sheikh Abdus Sattar,2,2,"4,5","5299,9891"
Aaza Ki Paiwand Kaari,2,2,"4,5","5298,9890"
Aasaar ut Tanzeel Vol 2of2 By SHEIKH ALLAMA KHALID MEHMOOD,2,2,"4,5","5295,9885"
Aasaar ut Tanzeel Vol 1of2 By SHEIKH ALLAMA KHALID MEHMOOD,2,2,"4,5","5294,9884"
Aasaar ul Hadith Vol 02 By SHEIKH ALLAMA KHALID MEHMOOD,2,2,"4,5","5290,9880"
Aasaar ul Hadith Vol 01 By SHEIKH ALLAMA KHALID MEHMOOD,2,2,"4,5","5289,9879"
Aasaan Tajweed,2,2,"4,5","5287,9877"
Aasaan Rizq By Sufi Abdur Rahman,2,2,"4,5","5286,9876"
Aasaan Namaz By SHEIKH ASHIQ ILAHI MADNI (R.A),2,2,"4,5","5285,9875"
Aao Namaz Seekhain,2,2,"4,5","5273,9863"
Aankhon Ki Thandak By SHEIKH SARFRAZ KHAN SAFDAR (R.A),2,2,"4,5","5271,9861"
Aankh Aur Zaban Ki Hifazat By SHEIKH MUFTI ABDUR RAUF SAKHARVI,2,2,"4,5","5270,9859"
Aameen Bil Jehar Sahih Bukhari Ki Roshni Mein By SHEIKH SYED FAKHRUDDIN AHMAD (R.A),2,2,"4,5","5269,9858"
Aamaal e Ramadhan By MUFTI ABDULLAH NOMANI,2,2,"4,5","5267,9856"
Aakhri Chataan By Naseem Hijazi,2,2,"4,5","5266,9854"
Aaina e Eeman By SHEIKH MUFTI MUKHTARUDDIN KARBOGHA SHAREEF,2,2,"4,5","5264,9852"
Aadaab ul Masjid by SHEIKH ASHRAF ALI THANVI (RA),2,2,"4,5","5262,9849"
Aadaab ul Ikhtelaf By SHEIKH MUHAMMAD FAROOQ,2,2,"4,5","5261,9848"
Aadaab e Zikr By SHEIKH ABDUS SATTAR,2,2,"4,5","5260,9847"
Aadaab e Tilawat By SHEIKH MUFTI ABDUR RAHMAN KAUSAR MADNI,2,2,"4,5","5259,9846"
Aadaab e Mubashirat By Dr Aftab Ahmad,2,2,"4,5","5258,9845"
Aadaab e Dua By Sheikh Abdus Sattaar,2,2,"4,5","5257,9844"
AYAAT_E_MUTAARIZA_OR_UNKA_HAL,2,2,"4,5","9204,10335"
ASMA E BADRAIN By SHEIKH BADR E ALAM MEERTHI,2,2,"4,5","5623,10313"
ASHRAF_UT_TAFASEER_VOL_4,2,2,"4,5","9203,10290"
ASHRAF_UT_TAFASEER_VOL_3,2,2,"4,5","9202,10289"
ASHRAF_UT_TAFASEER_VOL_2,2,2,"4,5","9201,10288"
ASHRAF_UT_TAFASEER_VOL_1,2,2,"4,5","9200,10287"
ASHRAF_US_SAWANEH_VOL_4,2,2,"4,5","9199,10286"
ASHRAF_US_SAWANEH_VOL_2,2,2,"4,5","9198,10285"
ASHRAF_US_SAWANEH_VOL_1,2,2,"4,5","9197,10284"
ASAAN_FIQHI_MASAIL,2,2,"4,5","9195,10261"
ANWAAR_UL_BARI_VOL_01_02,2,2,"4,5","9193,10208"
AL_KHASAIS_UL_KUBRA_VOL_2,2,2,"4,5","9189,10148"
AL_KHASAIS_UL_KUBRA_VOL_1,2,2,"4,5","9188,10147"
ALAMAAT_E_QAYAMAT_OR_NUZOOL_E_MASEEH_(A.S),2,2,"4,5","9190,10178"
AL Mamoon By Allamah Shibli Nomani (r.a),2,2,"4,5","5426,10043"
AKS-BAR-AKS By DR. MUHAMMAD YUNUS BUTT,2,2,"4,5","5379,9986"
AIYY_NAMAZ_SEKHEIY,2,2,"4,5","9184,9978"
AIYY_EMAAN_KI_FIKAR_KEJIY,2,2,"4,5","9183,9977"
AIK_HAZAR_ANMOL_MOTI_VOL_6,2,2,"4,5","9182,9973"
AIK_HAZAR_ANMOL_MOTI_VOL_5,2,2,"4,5","9181,9972"
AIK_HAZAR_ANMOL_MOTI_VOL_4,2,2,"4,5","9180,9971"
AIK_HAZAR_ANMOL_MOTI_VOL_3,2,2,"4,5","9179,9970"
AIK_HAZAR_ANMOL_MOTI_VOL_2,2,2,"4,5","9178,9969"
AIK_HAZAR_ANMOL_MOTI_VOL_1,2,2,"4,5","9177,9968"
AHWAAL_US_SADIQEEN,2,2,"4,5","9176,9962"
AHSAN_UL_FATAWA_VOL_10,2,2,"4,5","9175,9956"
AHSAN_UL_FATAWA_VOL_09,2,2,"4,5","9174,9955"
AHSAN_UL_FATAWA_VOL_07,2,2,"4,5","9173,9953"
AHSAN_UL_FATAWA_VOL_06,2,2,"4,5","9172,9952"
AHSAN_UL_FATAWA_VOL_05,2,2,"4,5","9171,9951"
AHSAN_UL_FATAWA_VOL_04,2,2,"4,5","9170,9950"
AHSAN_UL_FATAWA_VOL_03,2,2,"4,5","9169,9949"
AHSAN_UL_FATAWA_VOL_01,2,2,"4,5","9168,9947"
AHSAN_UL_BAYAAN_VOL_8,2,2,"4,5","9167,9946"
AHSAN_UL_BAYAAN_VOL_7,2,2,"4,5","9166,9945"
AHSAN_UL_BAYAAN_VOL_6,2,2,"4,5","9165,9944"
AHSAN_UL_BAYAAN_VOL_5,2,2,"4,5","9164,9943"
AHSAN_UL_BAYAAN_VOL_4,2,2,"4,5","9163,9942"
AHSAN_UL_BAYAAN_VOL_3,2,2,"4,5","9162,9941"
AHSAN_UL_BAYAAN_VOL_2,2,2,"4,5","9161,9940"
AHSAN_UL_BAYAAN_VOL_1,2,2,"4,5","9160,9939"
AHL_E_DIL_KAY_ANMOOL_AQWAAL,2,2,"4,5","9158,9925"
AHKAM_E_MAYYAT,2,2,"4,5","9157,9919"
AHKAAM_E_ISLAAM_AQAL_KI_NAZAR_MEN,2,2,"4,5","9156,9916"
AFTAAB_E_NABOWAT,2,2,"4,5","9155,9907"
AFRA-TAFREEH By DR. MUHAMMAD YUNUS BUTT,2,2,"4,5","5311,9905"
ADYAAN_E_BATILAH_OR_SIRAAT_E_MUSTAQEEM,2,2,"4,5","9154,9904"
AAP_KAY_MASAIL_OR_UNKA_HAL_VOL_5,2,2,"4,5","9150,9870"
AAP_KAY_MASAIL_OR_UNKA_HAL_VOL_4,2,2,"4,5","9149,9869"
AAP_KAY_MASAIL_OR_UNKA_HAL_VOL_3,2,2,"4,5","9148,9868"
AAP_BITI_VOL_2,2,2,"4,5","9147,9865"
AAP_BITI_VOL_1,2,2,"4,5","9146,9864"
AANSUON_KA_SAMANDAR,2,2,"4,5","9145,9862"
AAJ_KA_SABAQ,2,2,"4,5","9144,9853"
6 Laakh Inaam by SHEIKH HAQ NAWAZ JHANGVI (RA),2,2,"4,5","5256,9841"
5 Masail By SHEIKH MUFTI AHMAD MUMTAZ,2,2,"4,5","5255,9840"
40 Salat O Salam By SHEIKH SYED NAFEESUL HUSAINI (R.A),2,2,"4,5","5254,9839"
3 Aasaan Nekiaan By SHEIKH MUFTI RAFI USMANI,2,2,"4,5","5253,9837"
12 Masail By SHEIKH MUNEER AHMAD MUNAWWAR,2,2,"4,5","5252,9833"
1,2,2,"4,5","5251,9829"
