Bucket,BookID,DuplicateOfBookID,MatchType,Title,Author,PageCountA,PageCountB,CommonPages,OverallSimilarity
HIGH_CONFIDENCE_SAME_BOOK,15804,375,exact_title_and_source_id,شرح ثمیری شرح اردو قدوری جلد 2 - یونیکوڈ,حضرت مولانا ثمیر الدین قاسمی صاحب,457,457,457,1.0
HIGH_CONFIDENCE_SAME_BOOK,4746,2345,exact_title_and_author_same_library,بہشتی گوہر,حکیم الامت حضرت مولانا اشرف علی تھانوی صاحب,241,241,241,1.0
HIGH_CONFIDENCE_SAME_BOOK,4747,2347,exact_title_and_author_same_library,بہشتی زیور مکمل,حکیم الامت حضرت مولانا اشرف علی تھانوی صاحب,639,639,639,1.0
HIGH_CONFIDENCE_SAME_BOOK,3772,3727,exact_title_and_author_same_library,درسی تقریر جلد 1,حضرت مولانا محمد امین صاحب,569,336,336,1.0
HIGH_CONFIDENCE_SAME_BOOK,3793,3791,exact_title_and_author_same_library,تکمیل الامانی جلد 1,حضرت مولانا جمیل احمد سکروڈھوی صاحب,381,273,273,1.0
HIGH_CONFIDENCE_SAME_BOOK,3794,3792,exact_title_and_author_same_library,تکمیل الامانی جلد 2,حضرت مولانا جمیل احمد سکروڈھوی صاحب,389,270,270,1.0
HIGH_CONFIDENCE_SAME_BOOK,15792,4188,exact_title_and_source_id,کریما سعدے  طبع مکتبۃ البشری,درس نظامی,25,25,25,1.0
HIGH_CONFIDENCE_SAME_BOOK,4198,4191,exact_title_and_author_same_library,اقناع الضمیر ترجمہ نحو میر طبع قدیمی کتب خانہ,درس نظامی,49,49,49,1.0
HIGH_CONFIDENCE_SAME_BOOK,4231,4220,exact_title_and_author_same_library,کنز الدقائق جلد نمبر 3,درس نظامی,565,565,565,1.0
HIGH_CONFIDENCE_SAME_BOOK,4227,4226,exact_title_and_author_same_library,کنز الدقائق جلد نمبر 1,درس نظامی,541,541,541,1.0
HIGH_CONFIDENCE_SAME_BOOK,4230,4228,exact_title_and_author_same_library,کنز الدقائق جلد نمبر 2,درس نظامی,519,519,519,1.0
HIGH_CONFIDENCE_SAME_BOOK,4380,4333,exact_title_and_author_same_library,مختصر المعانی مع الحاشیۃ لشیخ الھند محمود حسن رحمہ اللہ جلد نمبر 2,درس نظامی,353,353,353,1.0
HIGH_CONFIDENCE_SAME_BOOK,4349,4348,exact_title_and_author_same_library,الھدایۃ شرح بدایۃ المبتدی جلد نمبر 1,درس نظامی,373,303,303,1.0
HIGH_CONFIDENCE_SAME_BOOK,4352,4350,exact_title_and_author_same_library,الھدایۃ شرح بدایۃ المبتدی جلد نمبر 2,درس نظامی,343,419,343,1.0
HIGH_CONFIDENCE_SAME_BOOK,4379,4377,exact_title_and_author_same_library,مختصر المعانی مع الحاشیۃ لشیخ الھند محمود حسن رحمہ اللہ جلد نمبر 1,درس نظامی,563,563,563,1.0
HIGH_CONFIDENCE_SAME_BOOK,4432,4431,exact_title_and_author_same_library,تفسیر جلالین جلد 1,درس نظامی,681,681,681,1.0
HIGH_CONFIDENCE_SAME_BOOK,4434,4433,exact_title_and_author_same_library,تفسیر جلالین جلد 2,درس نظامی,681,681,681,1.0
HIGH_CONFIDENCE_SAME_BOOK,4436,4435,exact_title_and_author_same_library,تفسیر جلالین جلد 3,درس نظامی,741,741,741,1.0
HIGH_CONFIDENCE_SAME_BOOK,4442,4441,exact_title_and_author_same_library,الہدایہ جلد 3,درس نظامی,297,419,297,1.0
HIGH_CONFIDENCE_SAME_BOOK,4444,4443,exact_title_and_author_same_library,الہدایہ جلد 4,درس نظامی,539,547,539,1.0
HIGH_CONFIDENCE_SAME_BOOK,4446,4445,exact_title_and_author_same_library,الہدایہ جلد 5,درس نظامی,539,449,449,1.0
HIGH_CONFIDENCE_SAME_BOOK,4448,4447,exact_title_and_author_same_library,الہدایہ جلد 6,درس نظامی,449,399,399,1.0
HIGH_CONFIDENCE_SAME_BOOK,4450,4449,exact_title_and_author_same_library,الہدایہ جلد 7,درس نظامی,401,297,297,1.0
HIGH_CONFIDENCE_SAME_BOOK,4453,4452,exact_title_and_author_same_library,الہدایہ جلد 8,درس نظامی,401,401,401,1.0
HIGH_CONFIDENCE_SAME_BOOK,4488,4487,exact_title_and_author_same_library,الموطا للامام المالک جلد 1,درس نظامی,609,609,609,1.0
HIGH_CONFIDENCE_SAME_BOOK,4490,4489,exact_title_and_author_same_library,الموطا للامام المالک جلد 2,درس نظامی,673,673,673,1.0
HIGH_CONFIDENCE_SAME_BOOK,4492,4491,exact_title_and_author_same_library,الموطا للامام المالک جلد 3,درس نظامی,643,643,643,1.0
HIGH_CONFIDENCE_SAME_BOOK,4495,4494,exact_title_and_author_same_library,الموطا للامام محمد جلد 1,درس نظامی,541,541,541,1.0
HIGH_CONFIDENCE_SAME_BOOK,4498,4497,exact_title_and_author_same_library,الموطا للامام محمد جلد 2,درس نظامی,429,429,429,1.0
HIGH_CONFIDENCE_SAME_BOOK,4500,4499,exact_title_and_author_same_library,الصحیح لمسلم جلد 1,درس نظامی,537,537,537,1.0
HIGH_CONFIDENCE_SAME_BOOK,4501,4499,exact_title_and_author_same_library,الصحیح لمسلم جلد 1,درس نظامی,516,537,516,1.0
HIGH_CONFIDENCE_SAME_BOOK,4502,4499,exact_title_and_author_same_library,الصحیح لمسلم جلد 1,درس نظامی,571,537,537,1.0
HIGH_CONFIDENCE_SAME_BOOK,4504,4503,exact_title_and_author_same_library,الصحیح لمسلم جلد 2,درس نظامی,571,571,571,1.0
HIGH_CONFIDENCE_SAME_BOOK,4505,4503,exact_title_and_author_same_library,الصحیح لمسلم جلد 2,درس نظامی,443,571,443,1.0
HIGH_CONFIDENCE_SAME_BOOK,4506,4503,exact_title_and_author_same_library,الصحیح لمسلم جلد 2,درس نظامی,430,571,430,1.0
HIGH_CONFIDENCE_SAME_BOOK,4511,4510,exact_title_and_author_same_library,الصحیح لمسلم جلد 4,درس نظامی,579,579,579,1.0
HIGH_CONFIDENCE_SAME_BOOK,4513,4512,exact_title_and_author_same_library,الصحیح لمسلم جلد 5,درس نظامی,673,673,673,1.0
HIGH_CONFIDENCE_SAME_BOOK,4515,4514,exact_title_and_author_same_library,الصحیح لمسلم جلد 6,درس نظامی,545,545,545,1.0
HIGH_CONFIDENCE_SAME_BOOK,4517,4516,exact_title_and_author_same_library,الصحیح لمسلم جلد 7,درس نظامی,701,701,701,1.0
HIGH_CONFIDENCE_SAME_BOOK,4520,4519,exact_title_and_author_same_library,جامع الترمذی جلد 1,درس نظامی,377,867,377,1.0
HIGH_CONFIDENCE_SAME_BOOK,4521,4519,exact_title_and_author_same_library,جامع الترمذی جلد 1,درس نظامی,442,867,442,1.0
HIGH_CONFIDENCE_SAME_BOOK,4523,4522,exact_title_and_author_same_library,جامع الترمذی جلد 2,درس نظامی,269,787,269,1.0
HIGH_CONFIDENCE_SAME_BOOK,4524,4522,exact_title_and_author_same_library,جامع الترمذی جلد 2,درس نظامی,316,787,316,1.0
HIGH_CONFIDENCE_SAME_BOOK,4527,4526,exact_title_and_author_same_library,صحیح البخاری جلد 1,درس نظامی,611,1166,611,1.0
HIGH_CONFIDENCE_SAME_BOOK,4528,4526,exact_title_and_author_same_library,صحیح البخاری جلد 1,درس نظامی,699,1166,699,1.0
HIGH_CONFIDENCE_SAME_BOOK,4531,4530,exact_title_and_author_same_library,صحیح البخاری جلد 2,درس نظامی,597,1198,597,1.0
HIGH_CONFIDENCE_SAME_BOOK,15793,4577,exact_title_and_source_id,توضیح  المیبذی طبع امدادیہ,درس نظامی,253,253,253,1.0
HIGH_CONFIDENCE_SAME_BOOK,4636,4632,exact_title_and_author_same_library,عربی کا معلم جلد نمبر 1,درس نظامی,129,129,129,1.0
HIGH_CONFIDENCE_SAME_BOOK,4637,4633,exact_title_and_author_same_library,عربی کا معلم جلد نمبر 2,درس نظامی,121,121,121,1.0
HIGH_CONFIDENCE_SAME_BOOK,4638,4634,exact_title_and_author_same_library,عربی کا معلم جلد نمبر 3,درس نظامی,201,201,201,1.0
HIGH_CONFIDENCE_SAME_BOOK,4639,4635,exact_title_and_author_same_library,عربی کا معلم جلد نمبر 4,درس نظامی,291,291,291,1.0
HIGH_CONFIDENCE_SAME_BOOK,4676,4672,exact_title_and_author_same_library,الکلام الحاوی فی تحقیق عبارۃ الطحاوی,حضرت مولانا سرفراز خان صفدر صاحب,167,167,167,1.0
HIGH_CONFIDENCE_SAME_BOOK,15800,4679,exact_title_and_source_id,اصلاح الییوت,حضرت مولانا شفیق احمد خان القاسمی البستوی صاحب,505,505,505,1.0
HIGH_CONFIDENCE_SAME_BOOK,16443,16076,exact_title_and_author_same_library,اسماء اللہ الحسنٰی قواعد معارف اور ایمانی ثمرات,پیرزادہ شفیق الرحمن شاہ الدراوی,146,146,146,0.9995455354720099
HIGH_CONFIDENCE_SAME_BOOK,4752,2347,exact_title_and_author_same_library,بہشتی زیور مکمل,حکیم الامت حضرت مولانا اشرف علی تھانوی صاحب,769,639,639,0.9984350547730829
HIGH_CONFIDENCE_SAME_BOOK,25024,1249,exact_title,الدر المختار شرح تنوير الأبصار وجامع البحار,علاء الدين الحصكفي,766,782,766,0.9979211090013611
HIGH_CONFIDENCE_SAME_BOOK,24992,1186,exact_title,الغرة المنيفة في تحقيق بعض مسائل الإمام أبي حنيفة,الغَزْنَوي، سراج الدين,181,194,181,0.997899808016062
HIGH_CONFIDENCE_SAME_BOOK,16479,16478,exact_title_and_author_same_library,فتنۂ غامدیت، ایک تحقیقی وتنقیدی جائزہ,حافظ صلاح الدین یوسف حفظہ اللہ,358,358,358,0.9978263406725333
HIGH_CONFIDENCE_SAME_BOOK,16086,16085,exact_title_and_author_same_library,صحیح دعائیں اور اذکار,علامہ ناصر الدین البانی,280,280,280,0.997800467078493
HIGH_CONFIDENCE_SAME_BOOK,77221,1248,exact_title,منحة السلوك في شرح تحفة الملوك,بدر الدين العيني,463,550,463,0.9965337262013729
HIGH_CONFIDENCE_SAME_BOOK,77187,1302,exact_title,السير الصغير ت خدوري,محمد بن الحسن الشيباني,156,283,156,0.9957232534421064
HIGH_CONFIDENCE_SAME_BOOK,44823,1373,exact_title,الآثار لأبي يوسف,أبو يوسف القاضي,241,267,241,0.995416083149255
HIGH_CONFIDENCE_SAME_BOOK,24366,1441,exact_title,الطهور للقاسم بن سلام,أبو عُبيد القاسم بن سلاّم,227,453,227,0.9938154282423908
HIGH_CONFIDENCE_SAME_BOOK,101865,45913,exact_title_and_author_same_library,معرفة الصحابة لأبي نعيم - part 4,أبو نعيم الأصبهاني,605,605,605,0.9929044667186043
HIGH_CONFIDENCE_SAME_BOOK,101862,45910,exact_title_and_author_same_library,معرفة الصحابة لأبي نعيم - part 1,أبو نعيم الأصبهاني,491,491,491,0.991251070633628
HIGH_CONFIDENCE_SAME_BOOK,101866,45914,exact_title_and_author_same_library,معرفة الصحابة لأبي نعيم - part 5,أبو نعيم الأصبهاني,590,590,590,0.9902949094895489
HIGH_CONFIDENCE_SAME_BOOK,24376,1383,exact_title,مسند الشافعي,الشافعي,384,391,384,0.9886610351691042
HIGH_CONFIDENCE_SAME_BOOK,45564,1250,exact_title,كنز الدقائق,النسفي، أبو البركات,573,728,573,0.9852138160513454
HIGH_CONFIDENCE_SAME_BOOK,101867,45915,exact_title_and_author_same_library,معرفة الصحابة لأبي نعيم - part 6,أبو نعيم الأصبهاني,588,588,588,0.9845596506128849
HIGH_CONFIDENCE_SAME_BOOK,101863,45911,exact_title_and_author_same_library,معرفة الصحابة لأبي نعيم - part 2,أبو نعيم الأصبهاني,583,583,583,0.9829589263872451
HIGH_CONFIDENCE_SAME_BOOK,23778,1243,exact_title,مجلة الأحكام العدلية,,362,376,362,0.9784580570006456
HIGH_CONFIDENCE_SAME_BOOK,44579,1152,exact_title,النكت للسرخسي وشرح النكت للعتابي,,162,202,162,0.9658188554218629
HIGH_CONFIDENCE_SAME_BOOK,45535,1152,exact_title,النكت للسرخسي وشرح النكت للعتابي,أبو نصر العَتَّابي,162,202,162,0.9658188554218629
LIKELY_DIFFERENT_BOOK,3129,3128,exact_title_and_author_same_library,درسی بہشتی زیور,حکیم الامت حضرت مولانا اشرف علی تھانوی صاحب,699,699,699,0.2017167381974249
LIKELY_DIFFERENT_BOOK,34503,1377,exact_title,الجامع لابن وهب ت رفعت فوزي عبد المطلب,ابن وهب,265,528,265,0.17804511370673703
LIKELY_DIFFERENT_BOOK,2081,2080,exact_title_and_author_same_library,ماہنامہ دار العلوم دیوبندرجب 1429 ھ مطابق جولائی 2008ء,دار العلوم دیوبند الہند,8,8,8,0.13357296938377775
LIKELY_DIFFERENT_BOOK,1028,1012,exact_title_and_author_same_library,محقق و مدلل جدید مسائل جلد 1,حضرت مفتی محمد جعفر ملی رحمانی صاحب,776,603,603,0.07632800209169976
LIKELY_DIFFERENT_BOOK,60209,16587,exact_title,بلوغ المرام من أدلة الأحكام,,607,1360,607,0.033451223795333086
LIKELY_DIFFERENT_BOOK,88535,16587,exact_title,بلوغ المرام من أدلة الأحكام,,460,1360,460,0.030771260379677572
LIKELY_DIFFERENT_BOOK,55885,1229,exact_title,حاشية الطحطاوي على مراقي الفلاح شرح نور الإيضاح,الطحطاوي,747,818,747,0.029712940461250482
LIKELY_DIFFERENT_BOOK,1071,1058,exact_title_and_author_same_library,ماہنامہ الفاروق محرم الحرام 1437ھ,جامعہ فاروقیہ کراچی پاکستان,18,15,15,0.02486345260009155
LIKELY_DIFFERENT_BOOK,45533,1301,exact_title,الكسب,محمد بن الحسن الشيباني,94,95,66,0.021970425402441825
LIKELY_DIFFERENT_BOOK,96105,1441,exact_title,الطهور للقاسم بن سلام,,439,453,439,0.02129732587280712
LIKELY_DIFFERENT_BOOK,97692,1441,exact_title,الطهور للقاسم بن سلام,,439,453,439,0.02129732587280712
LIKELY_DIFFERENT_BOOK,17688,1383,exact_title,مسند الشافعي,,20,391,20,0.016462215165751828
LIKELY_DIFFERENT_BOOK,16209,1866,exact_title,تربیت اولاد,رضیہ مدنی,202,35,19,0.015105302469263816
LIKELY_DIFFERENT_BOOK,16583,529,exact_title,تزکیہ نفس,امام ابو محمد علی بن احمد بن حزم,154,34,21,0.014477720121605626
LIKELY_DIFFERENT_BOOK,16210,1866,exact_title,تربیت اولاد,ابو حسان محمد منیر قمر نواب الدین,211,35,23,0.014429041572175312
LIKELY_DIFFERENT_BOOK,81190,1300,exact_title,تحفة الملوك في فقه مذهب الإمام أبي حنيفة النعمان,,55,319,55,0.013692334761081018
LIKELY_DIFFERENT_BOOK,43280,1301,exact_title,الكسب,,94,95,66,0.01335112390553911
LIKELY_DIFFERENT_BOOK,86121,1597,exact_title,القاموس المحيط,,1688,1498,1442,0.012964120371800704
LIKELY_DIFFERENT_BOOK,93700,16551,exact_title,عثمان بن عفان,,98,41,24,0.010985699708330758
LIKELY_DIFFERENT_BOOK,29230,1206,exact_title,لسان الحكام في معرفة الأحكام,,397,438,397,0.00652237490873145
LIKELY_DIFFERENT_BOOK,33699,1206,exact_title,لسان الحكام في معرفة الأحكام,,392,438,392,0.006372093256658073
LIKELY_DIFFERENT_BOOK,3535,996,exact_title,کتاب الصلوۃ,حضرت مولانا مفتی عبد الشکور قاسمی صاحب,209,705,209,0.004818242213975586
LIKELY_DIFFERENT_BOOK,3529,947,exact_title,خزائن الحدیث,حضرت مولانا شاہ حکیم محمد اختر صاحب,273,330,273,0.0036726622092475747
LIKELY_DIFFERENT_BOOK,3921,996,exact_title,کتاب الصلوۃ,پروفیسر غازی احمد صاحب,443,705,443,0.002257336343115124
LIKELY_DIFFERENT_BOOK,16497,3132,exact_title,اسلام اور موسیقی,ارشاد الحق اثری,131,444,131,0.0021520825309987077
LIKELY_DIFFERENT_BOOK,4762,790,exact_title,آداب راہ وفا,حضرت مولانا شاہ حکیم محمد اختر صاحب,33,34,33,0.000182000182000182
LIKELY_DIFFERENT_BOOK,4832,826,exact_title,بے پردگی کی تباہ کاریاں,حضرت مولانا شاہ حکیم محمد اختر صاحب,33,34,33,0.00015353023586082485
LIKELY_DIFFERENT_BOOK,4837,848,exact_title,فیضان رحمت الہیہ,حضرت مولانا شاہ حکیم محمد اختر صاحب,34,34,34,0.00014329727018700292
LIKELY_DIFFERENT_BOOK,4840,841,exact_title,حقانیت اسلام,حضرت مولانا شاہ حکیم محمد اختر صاحب,22,26,22,0.0001365001365001365
LIKELY_DIFFERENT_BOOK,4828,836,exact_title,اولیاء اللہ کی پہچان,حضرت مولانا شاہ حکیم محمد اختر صاحب,47,50,47,8.311170212765957e-05
LIKELY_DIFFERENT_BOOK,4682,473,exact_title,اسلامی عقائد,حکیم الامت حضرت مولانا اشرف علی تھانوی صاحب,106,324,106,2.891635943034772e-05
LIKELY_DIFFERENT_BOOK,3528,921,exact_title,خزائن شریعت و طریقت,حضرت مولانا شاہ حکیم محمد اختر صاحب,487,640,487,4.387581389634778e-06
LIKELY_DIFFERENT_BOOK,4836,531,exact_title,فیضان محبت,حضرت مولانا شاہ حکیم محمد اختر صاحب,297,42,42,0.0
LIKELY_DIFFERENT_BOOK,15806,531,exact_title,فیضان محبت,حضرت مولانا شاہ حکیم محمد اختر صاحب,297,42,42,0.0
LIKELY_DIFFERENT_BOOK,4764,786,exact_title,اہل اللہ اور صراط مستقیم,حضرت مولانا شاہ حکیم محمد اختر صاحب,49,38,38,0.0
LIKELY_DIFFERENT_BOOK,4833,787,exact_title,بعثت نبوت کے مقاصد,حضرت مولانا شاہ حکیم محمد اختر صاحب,37,34,34,0.0
LIKELY_DIFFERENT_BOOK,4844,788,exact_title,عرفان محبت,حضرت مولانا شاہ حکیم محمد اختر صاحب,41,34,34,0.0
LIKELY_DIFFERENT_BOOK,4681,791,exact_title,باتیں ان کی یاد رہیں گی,حضرت مولانا محمد رضوان القاسمی صاحب,313,274,274,0.0
LIKELY_DIFFERENT_BOOK,5120,792,exact_title,براھین قاطعہ,حضرت مولانا شاہ حکیم محمد اختر صاحب,209,194,194,0.0
LIKELY_DIFFERENT_BOOK,4838,793,exact_title,فغان رومی,حضرت مولانا شاہ حکیم محمد اختر صاحب,438,290,290,0.0
LIKELY_DIFFERENT_BOOK,4834,799,exact_title,درس مثنوی مولانا روم رحمہ اللہ,حضرت مولانا شاہ حکیم محمد اختر صاحب,374,258,258,0.0
LIKELY_DIFFERENT_BOOK,4827,809,exact_title,انوار حرم,حضرت مولانا شاہ حکیم محمد اختر صاحب,76,50,50,0.0
LIKELY_DIFFERENT_BOOK,4839,810,exact_title,حقیقت شکر,حضرت مولانا شاہ حکیم محمد اختر صاحب,33,26,26,0.0
LIKELY_DIFFERENT_BOOK,4765,811,exact_title,اللہ کے با وفا بندے,حضرت مولانا شاہ حکیم محمد اختر صاحب,61,42,42,0.0
LIKELY_DIFFERENT_BOOK,4766,813,exact_title,اللہ تعالی کے ساتھ اشد محبت کی بنیاد,حضرت مولانا شاہ حکیم محمد اختر صاحب,33,26,26,0.0
LIKELY_DIFFERENT_BOOK,4841,816,exact_title,ہم کس کو ملتے ہیں اور ہم کو کون پاتا ہے ؟,حضرت مولانا شاہ حکیم محمد اختر صاحب,41,34,34,0.0
LIKELY_DIFFERENT_BOOK,4759,823,exact_title,آداب عشق رسول صلی اللہ علیہ و سلم,حضرت مولانا شاہ حکیم محمد اختر صاحب,48,42,42,0.0
LIKELY_DIFFERENT_BOOK,5042,823,exact_title,آداب عشق رسول صلی اللہ علیہ و سلم,حضرت مولانا پیر ذوالفقار احمد نقشبندی,177,42,42,0.0
LIKELY_DIFFERENT_BOOK,4763,825,exact_title,آداب محبت,حضرت مولانا شاہ حکیم محمد اختر صاحب,55,50,50,0.0
LIKELY_DIFFERENT_BOOK,4685,1866,exact_title,تربیت اولاد,حکیم الامت حضرت مولانا اشرف علی تھانوی صاحب,61,35,35,0.0
LIKELY_DIFFERENT_BOOK,16041,3525,exact_title,ختم نبوت,غلام مصطفٰی ظہیر امن پوری,230,497,230,0.0
LIKELY_DIFFERENT_BOOK,89563,3558,exact_title,علم الصرف,,92,417,92,0.0
NEEDS_HUMAN_REVIEW,101864,45912,exact_title_and_author_same_library,معرفة الصحابة لأبي نعيم - part 3,أبو نعيم الأصبهاني,593,594,587,0.8427529705392662
NEEDS_HUMAN_REVIEW,59477,1383,exact_title,مسند الشافعي,,385,391,385,0.4439858331660656
NEEDS_HUMAN_REVIEW,4136,2339,exact_title_and_author_same_library,المسائل و الدلائل,حضرت مولانا فیض احمد صاحب,589,441,441,0.30158730158730157
NO_COMMON_PAGES,9829,5251,exact_title,1,,0,0,0,
NO_COMMON_PAGES,9833,5252,exact_title,12 Masail By SHEIKH MUNEER AHMAD MUNAWWAR,,0,0,0,
NO_COMMON_PAGES,9837,5253,exact_title,3 Aasaan Nekiaan By SHEIKH MUFTI RAFI USMANI,,0,0,0,
NO_COMMON_PAGES,9839,5254,exact_title,40 Salat O Salam By SHEIKH SYED NAFEESUL HUSAINI (R.A),,0,0,0,
NO_COMMON_PAGES,9840,5255,exact_title,5 Masail By SHEIKH MUFTI AHMAD MUMTAZ,,0,0,0,
NO_COMMON_PAGES,9841,5256,exact_title,6 Laakh Inaam by SHEIKH HAQ NAWAZ JHANGVI (RA),,0,0,0,
NO_COMMON_PAGES,9844,5257,exact_title,Aadaab e Dua By Sheikh Abdus Sattaar,,0,0,0,
NO_COMMON_PAGES,9845,5258,exact_title,Aadaab e Mubashirat By Dr Aftab Ahmad,,0,0,0,
NO_COMMON_PAGES,9846,5259,exact_title,Aadaab e Tilawat By SHEIKH MUFTI ABDUR RAHMAN KAUSAR MADNI,,0,0,0,
NO_COMMON_PAGES,9847,5260,exact_title,Aadaab e Zikr By SHEIKH ABDUS SATTAR,,0,0,0,
NO_COMMON_PAGES,9848,5261,exact_title,Aadaab ul Ikhtelaf By SHEIKH MUHAMMAD FAROOQ,,0,0,0,
NO_COMMON_PAGES,9849,5262,exact_title,Aadaab ul Masjid by SHEIKH ASHRAF ALI THANVI (RA),,0,0,0,
NO_COMMON_PAGES,9852,5264,exact_title,Aaina e Eeman By SHEIKH MUFTI MUKHTARUDDIN KARBOGHA SHAREEF,,0,0,0,
NO_COMMON_PAGES,9854,5266,exact_title,Aakhri Chataan By Naseem Hijazi,,0,0,0,
NO_COMMON_PAGES,9856,5267,exact_title,Aamaal e Ramadhan By MUFTI ABDULLAH NOMANI,,0,0,0,
NO_COMMON_PAGES,9858,5269,exact_title,Aameen Bil Jehar Sahih Bukhari Ki Roshni Mein By SHEIKH SYED FAKHRUDDIN AHMAD (R.A),,0,0,0,
NO_COMMON_PAGES,9859,5270,exact_title,Aankh Aur Zaban Ki Hifazat By SHEIKH MUFTI ABDUR RAUF SAKHARVI,,0,0,0,
NO_COMMON_PAGES,9861,5271,exact_title,Aankhon Ki Thandak By SHEIKH SARFRAZ KHAN SAFDAR (R.A),,0,0,0,
NO_COMMON_PAGES,9863,5273,exact_title,Aao Namaz Seekhain,,0,0,0,
NO_COMMON_PAGES,9875,5285,exact_title,Aasaan Namaz By SHEIKH ASHIQ ILAHI MADNI (R.A),,0,0,0,
NO_COMMON_PAGES,9876,5286,exact_title,Aasaan Rizq By Sufi Abdur Rahman,,0,0,0,
NO_COMMON_PAGES,9877,5287,exact_title,Aasaan Tajweed,,0,0,0,
NO_COMMON_PAGES,9879,5289,exact_title,Aasaar ul Hadith Vol 01 By SHEIKH ALLAMA KHALID MEHMOOD,,0,0,0,
NO_COMMON_PAGES,9880,5290,exact_title,Aasaar ul Hadith Vol 02 By SHEIKH ALLAMA KHALID MEHMOOD,,0,0,0,
NO_COMMON_PAGES,9881,5291,exact_title,AASAAR US SUNAN AL BUSHRA COLOR,,0,0,0,
NO_COMMON_PAGES,9882,5292,exact_title,AASAAR US SUNAN AL BUSHRA,,0,0,0,
NO_COMMON_PAGES,9883,5293,exact_title,AASAAR US SUNAN HAQQANIA,,0,0,0,
NO_COMMON_PAGES,9884,5294,exact_title,Aasaar ut Tanzeel Vol 1of2 By SHEIKH ALLAMA KHALID MEHMOOD,,0,0,0,
NO_COMMON_PAGES,9885,5295,exact_title,Aasaar ut Tanzeel Vol 2of2 By SHEIKH ALLAMA KHALID MEHMOOD,,0,0,0,
NO_COMMON_PAGES,9890,5298,exact_title,Aaza Ki Paiwand Kaari,,0,0,0,
NO_COMMON_PAGES,9891,5299,exact_title,Aazmaishon Ki Haqeeqat By Sheikh Abdus Sattar,,0,0,0,
NO_COMMON_PAGES,9892,5300,exact_title,Abd al-Aziz Farharwi,,0,0,0,
NO_COMMON_PAGES,9893,5301,exact_title,Abu Bakr [r.a] Ke Sarkari Khutoot By Khurshid Ahmad Farooq,,0,0,0,
NO_COMMON_PAGES,9894,5302,exact_title,Abwab e Saadat By SHEIKH MUHAMMAD SUHAIL,,0,0,0,
NO_COMMON_PAGES,9895,5303,exact_title,Ad Dalail Al Qahira By AHMAD RAZA KHAN BARELVI,,0,0,0,
NO_COMMON_PAGES,9903,5309,exact_title,Adilla e Kamila By SHEIKH MEHMOOD HASAN GANGOHI (R.A),,0,0,0,
NO_COMMON_PAGES,9905,5311,exact_title,AFRA-TAFREEH By DR. MUHAMMAD YUNUS BUTT,,0,0,0,
NO_COMMON_PAGES,9908,5313,exact_title,Aftab E Muhammadi Bajawab Shama E Muhammadi By PEER SYED MUSHTAQ ALI SHAH,,0,0,0,
NO_COMMON_PAGES,9911,5315,exact_title,Agha Khaniat Ulama e Ummat Ki Nazar Mein,,0,0,0,
NO_COMMON_PAGES,9912,5316,exact_title,Agha Khaniyon Kay Siyasi Azaim By Zakariyya Razi,,0,0,0,
NO_COMMON_PAGES,9913,5317,exact_title,Aghlat ul Awaam By SHEIKH ASHRAF ALI THANVI (RA),,0,0,0,
NO_COMMON_PAGES,9915,5319,exact_title,Ahkaam e Taharat By Sheikh Mufti Shamsul Haq Azhar,,0,0,0,
NO_COMMON_PAGES,9917,5321,exact_title,Ahkam e Hajj By Sheikh Mufti Muhammad Shafi (RA),,0,0,0,
NO_COMMON_PAGES,9918,5322,exact_title,Ahkam e Mayyat By SHEIKH ABDUL HAI ARIFI (R.A),,0,0,0,
NO_COMMON_PAGES,9920,5324,exact_title,Ahl us Sunnah wal Jamaah By SHEIKH SYED SULEMAN NADVI (R.A),,0,0,0,
NO_COMMON_PAGES,9927,5327,exact_title,Ahle Bayt Ka Mukhtasar Taaruf By SHEIKH ABU REHAN ZIAUR RAHMAN FAROOQI (RA).pdf,,0,0,0,
NO_COMMON_PAGES,9928,5328,exact_title,Ahle Hadith Aur Angraiz By SHEIKH BASHEER AHMAD QADRI,,0,0,0,
NO_COMMON_PAGES,9929,5329,exact_title,Ahle Hadith Ya Shia By SHEIKH FAZLUR RAHMAN DHARAMKOTI,,0,0,0,
NO_COMMON_PAGES,9930,5330,exact_title,Ahle Sunnat o Ahle Biddat Ki Pehchan By Allamah Saeed Qadri,,0,0,0,
NO_COMMON_PAGES,9934,5331,exact_title,Ahmaqon-ke-jannat,,0,0,0,
NO_COMMON_PAGES,9936,5333,exact_title,Ahsan al Itr Fi Tahqeeq Rakatain Baad al Witr By SHEIKH MUFTI ZAR WALI KHAN,,0,0,0,
NO_COMMON_PAGES,9937,5334,exact_title,Ahsan Ul Manasik By SHEIKH MUFTI ZAR WALI KHAN.pdf,,0,0,0,
NO_COMMON_PAGES,9938,5335,exact_title,Ahsan UL Maqal By SHEIKH MUFTI ZAR WALI KHAN.pdf,,0,0,0,
NO_COMMON_PAGES,9963,5356,exact_title,Aik Majlis Ki Teen Talaq By SHEIKH MUHAMMAD JAVED USMAN MEMON,,0,0,0,
NO_COMMON_PAGES,9964,5357,exact_title,Aik Munazra Jo Ho Na Saka By ANWAR MEHMOOD SIDDIQUI,,0,0,0,
NO_COMMON_PAGES,9965,5358,exact_title,Aik Musalman Kis Tarah Zindagi Guzarey By SHEIKH ASHIQ ILAHI BULANDSHEHRI (R.A),,0,0,0,
NO_COMMON_PAGES,9966,5359,exact_title,Aik Tableeghi Jamaat Ki Karguzari,,0,0,0,
NO_COMMON_PAGES,9976,5369,exact_title,Aina Jamal e Nubuwwat (SAW) By SHEIKH IBRAHIM BIN ABDULLAH AL- HAZMI,,0,0,0,
NO_COMMON_PAGES,9982,5375,exact_title,Akabir Ka Sulook o Ehsaan By SHEIKH MUHAMMAD ZAKARIYYA KANDHELVI (R.A),,0,0,0,
NO_COMMON_PAGES,9983,5376,exact_title,Akabir Ki Zahidana Zindagi By SYED HABIBULLAH MARDANI,,0,0,0,
NO_COMMON_PAGES,9984,5377,exact_title,Akabir Ulama e Deoband Itteba e Sunnat Ki Roshni Mein By SHEIKH MUHAMMAD ZAKARIYYA KANDHELVI,,0,0,0,
NO_COMMON_PAGES,9986,5379,exact_title,AKS-BAR-AKS By DR. MUHAMMAD YUNUS BUTT,,0,0,0,
NO_COMMON_PAGES,9987,5380,exact_title,AL ABWAB WAL TARAJIM AL SAHI AL BUKHARI VOL 1 H.M SAEED,,0,0,0,
NO_COMMON_PAGES,9989,5381,exact_title,Al Aqal Wal Naqal By SHEIKH ALLAMA SHABEER AHMAD USMANI (R.A),,0,0,0,
NO_COMMON_PAGES,9990,5382,exact_title,Al Baab by SHEIKH ASHRAF ALI THANVI (RA),,0,0,0,
NO_COMMON_PAGES,9991,5383,exact_title,AL BALAGHAT UL WAZIHA AL BUSHRA COLOR,,0,0,0,
NO_COMMON_PAGES,9993,5384,exact_title,AL BASHEER UL KAMIL MEER MUHAMMAD,,0,0,0,
NO_COMMON_PAGES,9995,5385,exact_title,AL DEWAN LIL MUTANABBI AL BUSHRA,,0,0,0,
NO_COMMON_PAGES,9996,5386,exact_title,Al Dunya by SHEIKH ASHRAF ALI THANVI (RA),,0,0,0,
NO_COMMON_PAGES,9997,5387,exact_title,AL FAOZ UL KABEER AL BUSHRA COLOR,,0,0,0,
NO_COMMON_PAGES,10000,5388,exact_title,Al Farooq (R.A) By ALLAMA SHIBLI NOMANI (RA),,0,0,0,
NO_COMMON_PAGES,10001,5389,exact_title,AL HAI'AT UL WUSTA IDARA AL TASNEEF,,0,0,0,
NO_COMMON_PAGES,10002,5390,exact_title,Al Haj Al Mabroor by SHEIKH ASHRAF ALI THANVI (RA),,0,0,0,
NO_COMMON_PAGES,10003,5391,exact_title,AL HASHIA LI MAULANA MUHAMMAD YAQOOB AL BANANI RASHEDIA,,0,0,0,
NO_COMMON_PAGES,10004,5392,exact_title,AL HIDAYA TUL SAEDIA AL BUSHRA COLOR,,0,0,0,
NO_COMMON_PAGES,10007,5393,exact_title,AL HIDAYAH RAHMANIA VOL 1 RAHMANIA,,0,0,0,
NO_COMMON_PAGES,10008,5394,exact_title,AL HIDAYAH RASHEDAI VOL 1 RASHEDIA,,0,0,0,
NO_COMMON_PAGES,10009,5395,exact_title,AL HIDAYAH VOL 1 AL BUSHRA COLOR,,0,0,0,
NO_COMMON_PAGES,10010,5396,exact_title,AL HIDAYAH VOL 1 AL BUSHRA,,0,0,0,
NO_COMMON_PAGES,10011,5397,exact_title,AL HIDAYAH VOL 2 AL BUSHRA COLOR,,0,0,0,
NO_COMMON_PAGES,10012,5398,exact_title,AL HIDAYAH VOL 2 AL BUSHRA,,0,0,0,
NO_COMMON_PAGES,10013,5399,exact_title,AL HIDAYAH VOL 2 RAHMANIA,,0,0,0,
NO_COMMON_PAGES,10014,5400,exact_title,AL HIDAYAH VOL 2 RASHEDIA,,0,0,0,
NO_COMMON_PAGES,10015,5401,exact_title,AL HIDAYAH VOL 3 AL BUSHRA COLOR,,0,0,0,
NO_COMMON_PAGES,10016,5402,exact_title,AL HIDAYAH VOL 3 AL BUSHRA,,0,0,0,
NO_COMMON_PAGES,10017,5403,exact_title,AL HIDAYAH VOL 3 RAHMANIA,,0,0,0,
NO_COMMON_PAGES,10018,5404,exact_title,AL HIDAYAH VOL 3 RASHEDIA,,0,0,0,
NO_COMMON_PAGES,10019,5405,exact_title,AL HIDAYAH VOL 4 AL BUSHRA COLOR,,0,0,0,
NO_COMMON_PAGES,10020,5406,exact_title,AL HIDAYAH VOL 4 AL BUSHRA,,0,0,0,
NO_COMMON_PAGES,10021,5407,exact_title,AL HIDAYAH VOL 4 RAHMANIA,,0,0,0,
NO_COMMON_PAGES,10022,5408,exact_title,AL HIDAYAH VOL 4 RASHEDIA,,0,0,0,
NO_COMMON_PAGES,10023,5409,exact_title,AL HIDAYAH VOL 5 AL BUSHRA COLOR,,0,0,0,
NO_COMMON_PAGES,10024,5410,exact_title,AL HIDAYAH VOL 5 AL BUSHRA,,0,0,0,
NO_COMMON_PAGES,10025,5411,exact_title,AL HIDAYAH VOL 6 AL BUSHRA COLOR,,0,0,0,
NO_COMMON_PAGES,10026,5412,exact_title,AL HIDAYAH VOL 6 AL BUSHRA,,0,0,0,
NO_COMMON_PAGES,10027,5413,exact_title,AL HIDAYAH VOL 7 AL BUSHRA COLOR,,0,0,0,
NO_COMMON_PAGES,10028,5414,exact_title,AL HIDAYAH VOL 7 AL BUSHRA,,0,0,0,
NO_COMMON_PAGES,10029,5415,exact_title,AL HIDAYAH VOL 8 AL BUSHRA COLOR,,0,0,0,
NO_COMMON_PAGES,10030,5416,exact_title,AL HIDAYAH VOL 8 AL BUSHRA,,0,0,0,
NO_COMMON_PAGES,10031,5417,exact_title,Al Hizbul Aazam,,0,0,0,
NO_COMMON_PAGES,10032,5418,exact_title,Al Imam Al Husain (Urdu Translation) By SHEIKH ABDUL WAHID KHAYYARI NADVI,,0,0,0,
NO_COMMON_PAGES,10033,5419,exact_title,Al Imam Al Mehdi By SHEIKH MUHAMMAD BADR E ALAM MUHAJIR MADNI,,0,0,0,
NO_COMMON_PAGES,10035,5420,exact_title,AL INTEBAHAAT UL MUFEDAH AL BUSHRA COLOR,,0,0,0,
NO_COMMON_PAGES,10037,5421,exact_title,AL JAOHARA TUN NAIYYARAH MEER MUHAMMAD,,0,0,0,
NO_COMMON_PAGES,10038,5422,exact_title,Al Kalaam ul Haavi By SHEIKH SARFRAZ KHAN SAFDAR (R.A),,0,0,0,
NO_COMMON_PAGES,10040,5423,exact_title,Al Kalam ul Mufeed Fi Asbatit Taqleed By SHEIKH SARFRAZ KHAN SAFDAR (R.A),,0,0,0,
NO_COMMON_PAGES,10041,5424,exact_title,Al Khalat by SHEIKH ASHRAF ALI THANVI (RA),,0,0,0,
NO_COMMON_PAGES,10042,5425,exact_title,AL KHAYALI HAQQANIA,,0,0,0,
NO_COMMON_PAGES,10043,5426,exact_title,AL Mamoon By Allamah Shibli Nomani (r.a),,0,0,0,
NO_COMMON_PAGES,10044,5427,exact_title,AL MAQAMAT UL HARERIYAH AL BUSHRA COLOR,,0,0,0,
NO_COMMON_PAGES,10048,5428,exact_title,Al Maree Fi Al Rabee by SHEIKH ASHRAF ALI THANVI (RA),,0,0,0,
NO_COMMON_PAGES,10049,5429,exact_title,Al Maslak Al Mansoor Fi Kitabil Mastoor By SHEIKH SARFRAZ KHAN SAFDAR (R.A),,0,0,0,
NO_COMMON_PAGES,10050,5430,exact_title,AL MINHAAJ AL BUSHRA COLOR,,0,0,0,
NO_COMMON_PAGES,10052,5431,exact_title,AL MIR'AAT SHAH WALI ULLAH,,0,0,0,
NO_COMMON_PAGES,10054,5432,exact_title,AL MIRQAT AL BUSHRA,,0,0,0,
NO_COMMON_PAGES,10056,5433,exact_title,AL MUALLAQAT UL SABA AL BUSHRA COLOR,,0,0,0,
NO_COMMON_PAGES,10058,5434,exact_title,AL MUATTA LIL IMAM MALIK AL MEEZAN,,0,0,0,
NO_COMMON_PAGES,10059,5435,exact_title,AL MUATTA LIL IMAM MALIK VOL 1 AL BUSHRA COLOR,,0,0,0,
NO_COMMON_PAGES,10061,5436,exact_title,AL MUATTA LIL IMAM MALIK VOL 2 AL BUSHRA COLOR,,0,0,0,
NO_COMMON_PAGES,10062,5437,exact_title,AL MUATTA LIL IMAM MALIK VOL 2 AL BUSHRA,,0,0,0,
NO_COMMON_PAGES,10063,5438,exact_title,AL MUATTA LIL IMAM MALIK VOL 3 AL BUSHRA COLOR,,0,0,0,
NO_COMMON_PAGES,10065,5439,exact_title,AL MUATTA LIL IMAM MUHAMMAD AL MEEZAN,,0,0,0,
NO_COMMON_PAGES,10066,5440,exact_title,AL MUATTA LIL IMAM MUHAMMAD VOL 1 AL BUSHRA COLOR,,0,0,0,
NO_COMMON_PAGES,10067,5441,exact_title,AL MUATTA LIL IMAM MUHAMMAD VOL 1 AL BUSHRA,,0,0,0,
NO_COMMON_PAGES,10068,5442,exact_title,AL MUATTA LIL IMAM MUHAMMAD VOL 2 AL BUSHRA COLOR,,0,0,0,
NO_COMMON_PAGES,10069,5443,exact_title,AL MUATTA LIL IMAM MUHAMMAD VOL 2 AL BUSHRA,,0,0,0,
NO_COMMON_PAGES,10070,5444,exact_title,Al Muhannad Alal Mufannad & Aqaid Ahlus Sunnah wal Jamaah By SHEIKH KHALEEL AHMAD SAHARANPURI (R.A) & SHEIKH ABDUSH SHAKOOR LAKHNAVI (R.A),,0,0,0,
NO_COMMON_PAGES,10072,5446,exact_title,AL MUKHTASAR UL QUDORI QADEMI,,0,0,0,
NO_COMMON_PAGES,10073,5447,exact_title,AL MUKHTASAR UL QUDORI RASHEDIA,,0,0,0,
NO_COMMON_PAGES,10074,5448,exact_title,AL MUTAWWAL RASHEDIA,,0,0,0,
NO_COMMON_PAGES,10076,5449,exact_title,AL NAHW UL WAZEH AL BUSHRA IBTIDAEYA,,0,0,0,
NO_COMMON_PAGES,10079,5450,exact_title,AL NIBRAS RASHEDIA,,0,0,0,
NO_COMMON_PAGES,10080,5451,exact_title,Al Qadiyaniyyah,,0,0,0,
NO_COMMON_PAGES,10081,5452,exact_title,Al Qaul Al Motabar Fi Hayat e Khairul Bashar By HAFIZ ABDUL JABBAR SALAFI,,0,0,0,
NO_COMMON_PAGES,10082,5453,exact_title,AL QAZI AMEER HAMZA,,0,0,0,
NO_COMMON_PAGES,10083,5454,exact_title,AL QIRAAT UL RASHEDAH VOL 1 NASHRIAT E ISLAM,,0,0,0,
NO_COMMON_PAGES,10084,5455,exact_title,AL QIRAAT UL RASHEDAH VOL 2 NASHRIAT E ISLAM,,0,0,0,
NO_COMMON_PAGES,10085,5456,exact_title,AL QIRAAT UL RASHEDAH VOL 3 NASHRIAT E ISLAM,,0,0,0,
NO_COMMON_PAGES,10086,5457,exact_title,AL QUTBI AL BUSHRA COLOR,,0,0,0,
NO_COMMON_PAGES,10088,5458,exact_title,AL QUTBI RASHEDIA,,0,0,0,
NO_COMMON_PAGES,10089,5459,exact_title,AL SAHI LI MUSLIM VOL 1 AL BUSHRA COLOR,,0,0,0,
NO_COMMON_PAGES,10090,5460,exact_title,AL SAHI LI MUSLIM VOL 1 AL BUSHRA,,0,0,0,
NO_COMMON_PAGES,10091,5461,exact_title,AL SAHI LI MUSLIM VOL 1 QADEMI,,0,0,0,
NO_COMMON_PAGES,10092,5462,exact_title,AL SAHI LI MUSLIM VOL 1 RAHMANIA,,0,0,0,
NO_COMMON_PAGES,10093,5463,exact_title,AL SAHI LI MUSLIM VOL 2 AL BUSHRA COLOR,,0,0,0,
NO_COMMON_PAGES,10094,5464,exact_title,AL SAHI LI MUSLIM VOL 2 AL BUSHRA,,0,0,0,
NO_COMMON_PAGES,10095,5465,exact_title,AL SAHI LI MUSLIM VOL 2 QADEMI,,0,0,0,
NO_COMMON_PAGES,10096,5466,exact_title,AL SAHI LI MUSLIM VOL 2 RAHMANIA,,0,0,0,
NO_COMMON_PAGES,10097,5467,exact_title,AL SAHI LI MUSLIM VOL 3 AL BUSHRA COLOR,,0,0,0,
NO_COMMON_PAGES,10098,5468,exact_title,AL SAHI LI MUSLIM VOL 3 AL BUSHRA,,0,0,0,
NO_COMMON_PAGES,10099,5469,exact_title,AL SAHI LI MUSLIM VOL 4 AL BUSHRA COLOR,,0,0,0,
NO_COMMON_PAGES,10100,5470,exact_title,AL SAHI LI MUSLIM VOL 4 AL BUSHRA,,0,0,0,
NO_COMMON_PAGES,10101,5471,exact_title,AL SAHI LI MUSLIM VOL 5 AL BUSHRA COLOR,,0,0,0,
NO_COMMON_PAGES,10102,5472,exact_title,AL SAHI LI MUSLIM VOL 5 AL BUSHRA,,0,0,0,
NO_COMMON_PAGES,10103,5473,exact_title,AL SAHI LI MUSLIM VOL 6 AL BUSHRA COLOR,,0,0,0,
NO_COMMON_PAGES,10104,5474,exact_title,AL SAHI LI MUSLIM VOL 6 AL BUSHRA,,0,0,0,
NO_COMMON_PAGES,10105,5475,exact_title,AL SAHI LI MUSLIM VOL 7 AL BUSHRA COLOR,,0,0,0,
NO_COMMON_PAGES,10106,5476,exact_title,AL SAHI LI MUSLIM VOL 7 AL BUSHRA,,0,0,0,
NO_COMMON_PAGES,10107,5477,exact_title,Al Saum by SHEIKH ASHRAF ALI THANVI (RA),,0,0,0,
NO_COMMON_PAGES,10108,5478,exact_title,AL SHARIFI QADEMI,,0,0,0,
NO_COMMON_PAGES,10110,5479,exact_title,Al Shukr by SHEIKH ASHRAF ALI THANVI (RA),,0,0,0,
NO_COMMON_PAGES,10111,5480,exact_title,AL SIQAYAH VOL 1 2 MEER MUHAMMAD,,0,0,0,
NO_COMMON_PAGES,10113,5481,exact_title,AL SIRAJI FIL MERAS AL BUSHRA,,0,0,0,
NO_COMMON_PAGES,10114,5482,exact_title,AL SIRAJI FIL MERAS RAHMANIA,,0,0,0,
NO_COMMON_PAGES,10115,5483,exact_title,AL TAHREER UL MISALIA RASHEDIA,,0,0,0,
NO_COMMON_PAGES,10117,5484,exact_title,AL TAOZEEH MAA AL TALWEEH AL MISBAH,,0,0,0,
NO_COMMON_PAGES,10118,5485,exact_title,AL TAOZEEH MAA AL TALWEEH NOOR MUHAMMAD,,0,0,0,
NO_COMMON_PAGES,10119,5486,exact_title,AL TAOZEEH MAA AL TALWEEH VOL 1 QADEMI,,0,0,0,
NO_COMMON_PAGES,10120,5487,exact_title,AL TAOZEEH MAA AL TALWEEH VOL 2 QADEMI,,0,0,0,
NO_COMMON_PAGES,10121,5488,exact_title,AL TAQREEB MEER MUHAMMAD,,0,0,0,
NO_COMMON_PAGES,10122,5489,exact_title,AL TAREEKH UL ISLAMI FAROQIA,,0,0,0,
NO_COMMON_PAGES,10123,5490,exact_title,AL TAREQA TUL ASRIYAH VOL 1 ISLAMIA,,0,0,0,
NO_COMMON_PAGES,10124,5491,exact_title,AL TASHEEL UL ZARORI AL BUSHRA COLOR,,0,0,0,
NO_COMMON_PAGES,10126,5492,exact_title,Al Tehzeeb 1 by SHEIKH ASHRAF ALI THANVI (RA),,0,0,0,
NO_COMMON_PAGES,10127,5493,exact_title,Al Tehzeeb 2 by SHEIKH ASHRAF ALI THANVI (RA),,0,0,0,
NO_COMMON_PAGES,10128,5494,exact_title,Al Tehzeeb 3 by SHEIKH ASHRAF ALI THANVI (RA),,0,0,0,
NO_COMMON_PAGES,10129,5495,exact_title,Al Tehzeeb 4 by SHEIKH ASHRAF ALI THANVI (RA),,0,0,0,
NO_COMMON_PAGES,10130,5496,exact_title,Al Tehzeeb 5 by SHEIKH ASHRAF ALI THANVI (RA),,0,0,0,
NO_COMMON_PAGES,10131,5497,exact_title,Al Tehzeeb 6 by SHEIKH ASHRAF ALI THANVI (RA),,0,0,0,
NO_COMMON_PAGES,10132,5498,exact_title,AL TIBYAN AL BUSHRA COLOR,,0,0,0,
NO_COMMON_PAGES,10134,5499,exact_title,AL TIBYAN QADEMI,,0,0,0,
NO_COMMON_PAGES,10135,5500,exact_title,Al Waqt by SHEIKH ASHRAF ALI THANVI (RA),,0,0,0,
NO_COMMON_PAGES,10136,5501,exact_title,Al-Huda International Kia Hai By MUFTI ABU SAFWAN,,0,0,0,
NO_COMMON_PAGES,10137,5502,exact_title,Al-Imaamul-Mahdi,,0,0,0,
NO_COMMON_PAGES,10138,5503,exact_title,Al-khalifatul-Mahdi,,0,0,0,
NO_COMMON_PAGES,10140,5504,exact_title,Al-Muqadima fi Tasawwuf,,0,0,0,
NO_COMMON_PAGES,10141,5505,exact_title,Al-Murtaza,,0,0,0,
NO_COMMON_PAGES,10142,5506,exact_title,Al-sarim-al-muslool-Arabic-1,,0,0,0,
NO_COMMON_PAGES,10144,5507,exact_title,Al-sarim-al-muslool-Arabic-3,,0,0,0,
NO_COMMON_PAGES,10176,5518,exact_title,Alam e Islam Pe Amreeka Ki Yalghar Kioon,,0,0,0,
NO_COMMON_PAGES,10179,5520,exact_title,Alamat a Qayamat Aur Aqeeda Zahoor e Mehdi By SHEIKH SUHAIL BAWA,,0,0,0,
NO_COMMON_PAGES,10180,5521,exact_title,Alamat e Qayamat Aur Nuzool e Maseeh (A.S) By SHEIKH MUFTI RAFI USMANI,,0,0,0,
NO_COMMON_PAGES,10181,5522,exact_title,Alfaz ul Quran by SHEIKH ASHRAF ALI THANVI (RA),,0,0,0,
NO_COMMON_PAGES,10182,5523,exact_title,Alfurqan- 21st Century Ka American Quran,,0,0,0,
NO_COMMON_PAGES,10184,5524,exact_title,Allah Ke Liye Jeena Marna By SHEIKH MUFTI TAQI USMANI,,0,0,0,
NO_COMMON_PAGES,10185,5525,exact_title,Allah Ki Panah By SHEIKH MUHAMMAD YUNUS PALANPURI,,0,0,0,
NO_COMMON_PAGES,10186,5526,exact_title,Allah Se Milnay Ki Tamanna by SHEIKH ASHRAF ALI THANVI (RA),,0,0,0,
NO_COMMON_PAGES,10187,5527,exact_title,Allah Walon Ki Maqbuliyat Ka Raaz By Sheikh Mufti Salman Mansoorpuri,,0,0,0,
NO_COMMON_PAGES,10194,5532,exact_title,Almanaqib Alfatimia By SHEIKH AHMAD HASAN SAMBHLI,,0,0,0,
NO_COMMON_PAGES,10197,5544,exact_title,Amama Topi Aur Kurta By SHEIKH FAZLUR RAHMAN AZMI,,0,0,0,
NO_COMMON_PAGES,10199,5546,exact_title,Amilon Say Nijaat Payiye By SHEIKH ABDUS SATTAR,,0,0,0,
NO_COMMON_PAGES,10202,5549,exact_title,An Nabi ul Khatim By SHEIKH MANAZIR AHSAN GAILANI,,0,0,0,
NO_COMMON_PAGES,10204,5551,exact_title,andar-ki-batain,,0,0,0,
NO_COMMON_PAGES,10205,5552,exact_title,Angoothay Choomnay Ka Masala Deoband Ki Adalat Mein By NOMAN MUHAMMAD AMIN,,0,0,0,
NO_COMMON_PAGES,10206,5553,exact_title,Anwaar e Anwary By SHEIKH MUHAMMAD ANWARI,,0,0,0,
NO_COMMON_PAGES,10227,5567,exact_title,aowliyaallah,,0,0,0,
NO_COMMON_PAGES,10228,5568,exact_title,Apnay Imaan Ki Hifazat Karain By SHEIKH ASHRAF ALI THANVI (R.A),,0,0,0,
NO_COMMON_PAGES,10230,5569,exact_title,Aqaid Khair ul Wasail Ila Zabt il Masail By SHEIKH MUHAMMAD ANWAR OKARVI,,0,0,0,
NO_COMMON_PAGES,10231,5570,exact_title,Aqaid o Kamalaat e Ulama e Deoband By SHEIKH ALLAH YAR KHAN (RA),,0,0,0,
NO_COMMON_PAGES,10233,5572,exact_title,Aqaid Ulama e Deoband By SHEIKH KHALEEL AHMAD AMBETHVI,,0,0,0,
NO_COMMON_PAGES,10234,5573,exact_title,Aqal Aur Us Ka Maqam By SHEIKH HAFIDH ABU BAKR IBN E ABI AD-DUNIYA,,0,0,0,
NO_COMMON_PAGES,10238,5574,exact_title,Aqeedah Aur Aqeedat By SHEIKH MUFTI MUKHTARUDDIN KARBOGHA SHAREEF,,0,0,0,
NO_COMMON_PAGES,10239,5575,exact_title,Aqeedah Nuzool e Maseeh (A.S) By SHEIKH MUHAMMAD YUSUF BINORI (RA),,0,0,0,
NO_COMMON_PAGES,10240,5576,exact_title,Aqeedah Zahoor e Mehdi Ahadith Ki Roshni Mein By SHEIKH MUFTI NIZAMUDDIN SHAMZAI (R.A),,0,0,0,
NO_COMMON_PAGES,10241,5577,exact_title,Aqeedatul Ummat Fi Khatam e Nubuwwat By Sheikh Allama Khalid Mehmood,,0,0,0,
NO_COMMON_PAGES,10243,5578,exact_title,Aqeeqah Ke Ahkam By SHEIKH MUHAMMAD YUSUF KHAN,,0,0,0,
NO_COMMON_PAGES,10244,5579,exact_title,Aqwal e Sahabah By HAFIZ MUHAMMD IQBAL SEHR,,0,0,0,
NO_COMMON_PAGES,10245,5580,exact_title,Ar Raheeq Al Makhtum,,0,0,0,
NO_COMMON_PAGES,10247,5581,exact_title,Arabi Bol Chaal By Sheikh Mushtaq Ahmad Charthaoli,,0,0,0,
NO_COMMON_PAGES,10249,5582,exact_title,ARABI KA MUALLIM VOL 1 AL BUSHRA,,0,0,0,
NO_COMMON_PAGES,10250,5583,exact_title,ARABI KA MUALLIM VOL 2 AL BUSHRA COLOR,,0,0,0,
NO_COMMON_PAGES,10252,5584,exact_title,ARABI KA MUALLIM VOL 3 AL BUSHRA COLOR,,0,0,0,
NO_COMMON_PAGES,10254,5585,exact_title,ARABI KA MUALLIM VOL 4 AL BUSHRA COLOR,,0,0,0,
NO_COMMON_PAGES,10256,5586,exact_title,Arabi Zaban Ghair Arab Ko Kaisay Parhaaen ( URDU) By SHEIKH ABDUR RAZZAQ SIKANDAR,,0,0,0,
NO_COMMON_PAGES,10257,5587,exact_title,Arba-Anhar-Urdu,,0,0,0,
NO_COMMON_PAGES,10258,5588,exact_title,Armaghan E Haq VOL 2 By SHEIKH MUHAMMAD ABUBAKR GHAZIPURI,,0,0,0,
NO_COMMON_PAGES,10259,5589,exact_title,ASAAN USOOL E FIQH AL BUSHRA COLOR,,0,0,0,
NO_COMMON_PAGES,10262,5591,exact_title,asan-rasta,,0,0,0,
NO_COMMON_PAGES,10264,5593,exact_title,Ash Shahab us Saqib By SHEIKH SYED HUSAIN AHMAD MADNI (R.A),,0,0,0,
NO_COMMON_PAGES,10265,5594,exact_title,Ashraf ul Jawaab By SHEIKH ASHRAF ALI THANVI (RA),,0,0,0,
NO_COMMON_PAGES,10266,5595,exact_title,ASHRAF UL SEGAH MEER MUHAMMAD,,0,0,0,
NO_COMMON_PAGES,10291,5620,exact_title,Ashrafi Namaz Kamil,,0,0,0,
NO_COMMON_PAGES,10313,5623,exact_title,ASMA E BADRAIN By SHEIKH BADR E ALAM MEERTHI,,0,0,0,
NO_COMMON_PAGES,10315,5625,exact_title,Asr e Hazir By SHEIKH MUHAMMAD YUSUF LUDHYANVI (R.A),,0,0,0,
NO_COMMON_PAGES,10316,5626,exact_title,Asr e Hazir Mein Deen Ki Tafheem o Tashreeh By SHEIKH SYED ABUL HASAN ALI NADVI (R.A),,0,0,0,
NO_COMMON_PAGES,10319,5628,exact_title,Asrar e Khudi (Urdu Manzoom Tarjumah) By Allama Muhammad Iqbal (r.a),,0,0,0,
NO_COMMON_PAGES,10325,5634,exact_title,Atyab Ul Kalam By SHEIKH HAFIZ ABDUL MATEEN KHAN ZAHID,,0,0,0,
NO_COMMON_PAGES,10327,5636,exact_title,Aurat aur Islam By SHEIKH MUHAMMAD SHAHABUDDIN NADVI,,0,0,0,
NO_COMMON_PAGES,10328,5637,exact_title,Aurat Ka Bila Mehram Safar e Haj By SHEIKH MUFTI SHAMSUDDIN NOOR,,0,0,0,
NO_COMMON_PAGES,10329,5638,exact_title,Aurat Ki Sarbrahi Ki Shari Hesiat By Sheikh Mufti Rafi Usmani,,0,0,0,
NO_COMMON_PAGES,10332,5639,exact_title,AWAMIL UN NAHW AL BUSHRA,,0,0,0,
NO_COMMON_PAGES,10333,5640,exact_title,Awamil un Nahw By SHEIKH MUSHTAQ AHMAD,,0,0,0,
NO_COMMON_PAGES,10334,5641,exact_title,Awlaad e Rasool [SAW] By Sheikh Muhammad Nadeem Qasmi,,0,0,0,
NO_COMMON_PAGES,10337,5643,exact_title,Azan Qabar Ka Tehqeeqi Jaiza By SHEIKH MUHAMMAD MANZOOR NOMANI (R.A),,0,0,0,
NO_COMMON_PAGES,10341,5646,exact_title,Azmat e Quran By Sheikh Ashiq Husain Shujabadi,,0,0,0,
NO_COMMON_PAGES,10342,5647,exact_title,Azmat E Sahaba Par Chahal Ahadith By MUHAMMAD SHOAIB,,0,0,0,
NO_COMMON_PAGES,10344,5648,exact_title,Azmat-E-Ulama,,0,0,0,
NO_COMMON_PAGES,10348,5651,exact_title,Ba Adab Ba Naseeb By Sheikh Zulfiqar Ahmad Naqshbandi,,0,0,0,
NO_COMMON_PAGES,10349,5652,exact_title,Ba Bang -e- Dohul BY Ustad Imam Din Gujrati,,0,0,0,
NO_COMMON_PAGES,10350,5653,exact_title,Bachon Ke Liay Ibtidai Deeni Taleemaat By Sheikh Mufti Ehsanullah Shaiq,,0,0,0,
NO_COMMON_PAGES,10357,5659,exact_title,BADEE UL MEEZAN RASHEDIA,,0,0,0,
NO_COMMON_PAGES,10364,5661,exact_title,BADR E MUNEER MEER MUHAMMAD,,0,0,0,
NO_COMMON_PAGES,10365,5662,exact_title,Badshagooni Aur Sehr Ki Shari Hesiat By SHEIKH SHAMSUL HAQ,,0,0,0,
NO_COMMON_PAGES,10367,5663,exact_title,Bahishti Zevar By SHEIKH ASHRAF ALI THANVI (RA),,0,0,0,
NO_COMMON_PAGES,10370,5666,exact_title,BAHR UL ULOOM MUJTABAIA,,0,0,0,
NO_COMMON_PAGES,10371,5667,exact_title,banam-qad-awam,,0,0,0,
NO_COMMON_PAGES,10373,5668,exact_title,Bani e Darul Uloom Deoband By Sheikh Sarfraz Khan Safdar (r.a),,0,0,0,
NO_COMMON_PAGES,10375,5669,exact_title,Baraat e Usman (RA) by SHEIKH UL HADITH ZAFAR AHMAD USMANI (RA),,0,0,0,
NO_COMMON_PAGES,10378,5671,exact_title,Barelvi Fitnah Ka Nia Roop By SHEIKH MUHAMMAD ARIF SAMBHLI,,0,0,0,
NO_COMMON_PAGES,10379,5672,exact_title,Barelvi Ulama O Mashaikh Ke Liye Lamha e Fikriya By SHEIKH ASHIQ ILAHI MADNI (R.A),,0,0,0,
NO_COMMON_PAGES,10380,5673,exact_title,Barelviat By Allama Ihsan Ilahi Zaheer,,0,0,0,
NO_COMMON_PAGES,10381,5674,exact_title,Barelviat Haqaiq Ke Aainay Mein By Hafiz Ghulam Muhammad Memon,,0,0,0,
NO_COMMON_PAGES,10382,5675,exact_title,Barg e Gul By SHEIKH SYED NAFEES UL HUSAINI (R.A),,0,0,0,
NO_COMMON_PAGES,10383,5676,exact_title,Barkat Wali Zindagi By Sheikh Abdus Sattar,,0,0,0,
NO_COMMON_PAGES,10385,5678,exact_title,Basant Kya Hai by Sheikh Abu Lubabah Shah Mansoor &amp; Others,,0,0,0,
NO_COMMON_PAGES,10387,5680,exact_title,Batlaan e Mazhab e Shia BY Sheikh Muhammad Abdush Shakoor Lakhnavi (RA),,0,0,0,
NO_COMMON_PAGES,10389,5682,exact_title,BAYAN UL FAWAID PART 1 2 SAYYED AHMED,,0,0,0,
NO_COMMON_PAGES,10390,5683,exact_title,Bayanat e Palanpuri,,0,0,0,
NO_COMMON_PAGES,10393,5686,exact_title,BE KHADIMA TIL KAFIA RASHEDIA,,0,0,0,
NO_COMMON_PAGES,10394,5687,exact_title,BE MASDAR IS SUROOR RASHEDIA,,0,0,0,
NO_COMMON_PAGES,10397,5689,exact_title,Behayaee Aghaz Se Anjaam Tak By Naeem Ahmad Abrar,,0,0,0,
NO_COMMON_PAGES,10400,5692,exact_title,Benamazi Maqaam e Ibrat By SHEIKH TARIQ JAMEEL,,0,0,0,
NO_COMMON_PAGES,10403,5695,exact_title,Beti Allah ki Rehmat By SHEIKH MUFTI ABDUR RAUF SAKHARVI,,0,0,0,
NO_COMMON_PAGES,10404,5696,exact_title,Beyat Ki Shari Hesiat By SHEIKH SYED HUSAIN AHMAD MADNI (R.A),,0,0,0,
NO_COMMON_PAGES,10405,5697,exact_title,Bhlai Ki Chabi by SHEIKH ASHRAF ALI THANVI (RA),,0,0,0,
NO_COMMON_PAGES,10410,5701,exact_title,Bidat Aik Ghumrahi By SHEIKH MUFTI TAQI USMANI,,0,0,0,
NO_COMMON_PAGES,10412,5703,exact_title,Bidati Awliya Ki Nazar Mein By SHEIKH GHULAM GHAUS ARBANVI,,0,0,0,
NO_COMMON_PAGES,10413,5704,exact_title,Bidatiyon K Durood-o-Salam Ki Shari Hesiat By Mufti Zar Wali Khan,,0,0,0,
NO_COMMON_PAGES,10414,5705,exact_title,Bikhray Mot (Volume-5) By SHEIKH MUHAMMAD YUNUS PALANPURI,,0,0,0,
NO_COMMON_PAGES,10416,5707,exact_title,BIL SHIMMAH HAQQANIA,,0,0,0,
NO_COMMON_PAGES,10417,5708,exact_title,BIS SADIAH HAQQANIA,,0,0,0,
NO_COMMON_PAGES,10418,5709,exact_title,Bismillah Ke Akham o Khawas By SHEIKH MUFTI MUHAMMAD SHAFI (R.A) ,,0,0,0,
NO_COMMON_PAGES,10419,5710,exact_title,Bismillah Ki Ehmiat By SHEIKH TAQI USMANI,,0,0,0,
NO_COMMON_PAGES,10423,5712,exact_title,Bostan e Saadi (FARSI),,0,0,0,
NO_COMMON_PAGES,10424,5713,exact_title,BRAHEEN,,0,0,0,
NO_COMMON_PAGES,10427,5716,exact_title,Bunyad e Islah by SHEIKH ASHRAF ALI THANVI (RA),,0,0,0,
NO_COMMON_PAGES,10428,5717,exact_title,Burhan ut Tanzeel By SHEIKH MUHAMMAD MUSLIM USMANI (R.A),,0,0,0,
NO_COMMON_PAGES,10430,5719,exact_title,Butt-Paray By DR. MUHAMMAD YUNUS BUTT,,0,0,0,
NO_COMMON_PAGES,10431,5720,exact_title,Chahal Masala Hazraat e Barelvia By SHEIKH MUHAMMAD KAREEM BAKHSH,,0,0,0,
NO_COMMON_PAGES,10432,5721,exact_title,Chalees Biddatain By SHEIKH MUHAMMAD MUTEE UL HAQ,,0,0,0,
NO_COMMON_PAGES,10433,5722,exact_title,Chand Ahm Islami Aadaab By SHEIKH ABDUL FATTAH ABU GHUDDAH,,0,0,0,
NO_COMMON_PAGES,10434,5723,exact_title,charag-mustafvi-aur-tofan-qad,,0,0,0,
NO_COMMON_PAGES,10435,5724,exact_title,chota-mooh-bari-bat,,0,0,0,
NO_COMMON_PAGES,10439,5726,exact_title,Dajal e Qadiyan By Sheikh Muhammad Ameen Safdar Okarvi (r.a),,0,0,0,
NO_COMMON_PAGES,10440,5727,exact_title,DAJJAL E QADIYAN,,0,0,0,
NO_COMMON_PAGES,10443,5730,exact_title,Dajjal,,0,0,0,
NO_COMMON_PAGES,10448,5732,exact_title,Darajaat ul Islam by SHEIKH ASHRAF ALI THANVI (RA),,0,0,0,
NO_COMMON_PAGES,10449,5733,exact_title,Dard e Dil by SHEIKH HAQ NAWAZ JHANGVI (RA),,0,0,0,
NO_COMMON_PAGES,10450,5734,exact_title,Darhi (Beard) By SHEIKH MUFTI UBAID UR RAHMAN,,0,0,0,
NO_COMMON_PAGES,10451,5735,exact_title,Darhi Aik Islami Shuaar By SHEIKH ASHIQ ILAHI MUHAJIR MADNI (R.A),,0,0,0,
NO_COMMON_PAGES,10452,5736,exact_title,Darhi Aur Balon Ke Ahkam By Sheikh Mufti Ehsanullah Shaiq,,0,0,0,
NO_COMMON_PAGES,10453,5737,exact_title,Darhi Aur Balon Ke Shari Ahkaam by Sheikh Mufti Ehsanullah Shaiq,,0,0,0,
NO_COMMON_PAGES,10454,5738,exact_title,Darhi Ka Wujoob By SHEIKH MUHAMMAD ZAKARIYYA (R.A),,0,0,0,
NO_COMMON_PAGES,10455,5739,exact_title,Darhi Moonchh Aur Sar Ke Baal Ke Masail By SHEIKH FAZLUR-RAHMAN AZMI,,0,0,0,
NO_COMMON_PAGES,10456,5740,exact_title,Darhi Mundana Gunah e Kabeera Aur Is Ka Mazak Urana Kufr By SHEIKH ASHRAF ALI THANVI (RA),,0,0,0,
NO_COMMON_PAGES,10458,5741,exact_title,Dars e Ibrat By Mufti Muhammad Shafi (RA),,0,0,0,
NO_COMMON_PAGES,10459,5742,exact_title,DARS E MAQAMAT FAROQIA,,0,0,0,
NO_COMMON_PAGES,10485,5767,exact_title,Darul Uloom Karachi Ka Nisaab e Taleem,,0,0,0,
NO_COMMON_PAGES,10486,5768,exact_title,Dastaan e Mujahid By Naseem Hijazi,,0,0,0,
NO_COMMON_PAGES,10488,5769,exact_title,Dastak,,0,0,0,
NO_COMMON_PAGES,10490,5770,exact_title,Daur e Hazir Ka Faizi - Ghamidi By ABDULLAH QANDAHARI,,0,0,0,
NO_COMMON_PAGES,10491,5771,exact_title,Daur e Hazir Ke Fitnay By SHEIKH ABDUS SATTAR,,0,0,0,
NO_COMMON_PAGES,10492,5772,exact_title,Daur e Hazir Ke Fitnay By SHEIKH MUHAMMAD YUSUF BANORI (R.A),,0,0,0,
NO_COMMON_PAGES,10495,5775,exact_title,Dawat ILaLLah by SHEIKH ASHRAF ALI THANVI (RA),,0,0,0,
NO_COMMON_PAGES,10496,5776,exact_title,Dawat o Tableegh Ki Shari Hesiat By SHEIKH SYED ABDUSH SHAKOOR TIRMIDHI ,,0,0,0,
NO_COMMON_PAGES,10504,5783,exact_title,Deen e Haq Aur Ulma e Rabbani By SHEIKH ABUL HASAN ALI NADVI (RA),,0,0,0,
NO_COMMON_PAGES,10506,5784,exact_title,Deen Kya Hai By SHEIKH MUFTI TAQI USMANI,,0,0,0,
NO_COMMON_PAGES,10507,5785,exact_title,Deen Mein Tangi Nahein by SHEIKH ASHRAF ALI THANVI (RA),,0,0,0,
NO_COMMON_PAGES,10512,5786,exact_title,Deeni Madaaris Ki Zaroorat Aur Nisaab o Nizam e Taleem By SHEIKH MUHAMMAD YUSUF BANURI (RA),,0,0,0,
NO_COMMON_PAGES,10513,5787,exact_title,Deeni Umoor Par Ujrat Jaaiz Hai (FARSI) By SHEIKH MUFTI ZAR WALI KHAN,,0,0,0,
NO_COMMON_PAGES,10514,5788,exact_title,Deeni Umoor Par Ujrat Jaaiz Hai By SHEIKH MUFTI ZAR WALI KHAN,,0,0,0,
NO_COMMON_PAGES,10515,5789,exact_title,Deewan -e- Akbar Ilahbadi (Volume - 1),,0,0,0,
NO_COMMON_PAGES,10516,5790,exact_title,Deewan -e- Akbar Ilahbadi (Volume - 2),,0,0,0,
NO_COMMON_PAGES,10517,5791,exact_title,Deewan -e- Akbar Ilahbadi (Volume - 3),,0,0,0,
NO_COMMON_PAGES,10518,5792,exact_title,Deewan -e- Akbar Ilahbadi (Volume - 4),,0,0,0,
NO_COMMON_PAGES,10519,5793,exact_title,Deewan -e- Akbar Ilahbadi (Volume - 5),,0,0,0,
NO_COMMON_PAGES,10520,5794,exact_title,Deewan-e-Haali,,0,0,0,
NO_COMMON_PAGES,10521,5795,exact_title,Dehshat Gardi K adday ya Khari K Marakiz,,0,0,0,
NO_COMMON_PAGES,10522,5796,exact_title,Dekhna Kahein Ghar Toot Na Jaey By SHEIKH ALI ABDUL AAL TAHTAVI,,0,0,0,
NO_COMMON_PAGES,10523,5797,exact_title,Deoband Say Bareli Tak By Sheikh Abul Ausaf Rumi,,0,0,0,
NO_COMMON_PAGES,10524,5798,exact_title,Deobandi Barelvi Ikhtelafaat Ka Hal By Sheikh Abdullah,,0,0,0,
NO_COMMON_PAGES,10526,5799,exact_title,DEWAN UL HAMASAH AL BUSHRA COLOR,,0,0,0,
NO_COMMON_PAGES,10529,5800,exact_title,Dhamaka Arshad Al Qadri Ki Kitaab Zalzala Ka Jawab,,0,0,0,
NO_COMMON_PAGES,10530,5801,exact_title,Difa E Sahaba Waqat Ki Aham Tareen Zarorat Kioon By SHEIKH MUHAMMAD USMAN KALYANVI,,0,0,0,
NO_COMMON_PAGES,10531,5802,exact_title,difa-KN-Islam,,0,0,0,
NO_COMMON_PAGES,10532,5803,exact_title,difa-KN,,0,0,0,
NO_COMMON_PAGES,10533,5804,exact_title,Difaa e Khatm e Nubuwwat By SHEIKH MANZOOR AHMAD CHINIOTI (RA),,0,0,0,
NO_COMMON_PAGES,10534,5805,exact_title,Digital Camera Ki Tasveer Ki Hurmat Per Mufassal o Mudallal Fatwa,,0,0,0,
NO_COMMON_PAGES,10536,5807,exact_title,Dil Ka Suroor By SHEIKH SARFRAZ KHAN SAFDAR (R.A),,0,0,0,
NO_COMMON_PAGES,10537,5808,exact_title,Dil Ki Duniya By SHEIKH MUFTI MUHAMMAD SHAFI (RA),,0,0,0,
NO_COMMON_PAGES,10546,5812,exact_title,DIRAYA TUL NAHW MAJEDIA,,0,0,0,
NO_COMMON_PAGES,10548,5813,exact_title,Dr Farhat Hashmi,,0,0,0,
NO_COMMON_PAGES,10549,5814,exact_title,Dr Israr Ahmad By SHEIKH MUFTI ABDUL WAHID,,0,0,0,
NO_COMMON_PAGES,10550,5815,exact_title,Dr Tahirul Qadri by MEMOODUR RASHEED HADOTI,,0,0,0,
NO_COMMON_PAGES,10551,5816,exact_title,Dr. Qadeer Khan  Mohsin e Pakistan Ki Debriefing,,0,0,0,
NO_COMMON_PAGES,10552,5817,exact_title,Dua by SHEIKH ASHRAF ALI THANVI (RA),,0,0,0,
NO_COMMON_PAGES,10553,5818,exact_title,Duaain Qubool Na Honay Ki Wujoohat By SHEIK ZULFIQAR AHMAD NAQSHBANDI,,0,0,0,
NO_COMMON_PAGES,10554,5819,exact_title,Dunya K Us Par By Sheikh Mufti Taqi Usmani,,0,0,0,
NO_COMMON_PAGES,10555,5820,exact_title,Dunya Se Dil Lagana by SHEIKH ASHRAF ALI THANVI (RA),,0,0,0,
NO_COMMON_PAGES,10557,5822,exact_title,Durood Shareef Parhnay Ka Shari Tarika By SHEIKH SARFRAZ KHAN SAFDAR (R.A),,0,0,0,
NO_COMMON_PAGES,10560,5824,exact_title,DUROS UL BALAGHA AL BUSHRA COLOR,,0,0,0,
NO_COMMON_PAGES,10563,5825,exact_title,Eemaan Aur Kufr By Mufti Muhammad Shafi (R.A),,0,0,0,
NO_COMMON_PAGES,10564,5826,exact_title,Eemaan Kya Hai By MUHAMMAD MOMIN,,0,0,0,
NO_COMMON_PAGES,10565,5827,exact_title,Eemaan Kya Hai By SHEIKH ABDUL HAQ DEHLVI,,0,0,0,
NO_COMMON_PAGES,10567,5828,exact_title,Eeman K Shobay by SHEIKH ASHRAF ALI THANVI (RA),,0,0,0,
NO_COMMON_PAGES,10568,5829,exact_title,Eesaaiyyat (Talkhees Izhar ul haq),,0,0,0,
NO_COMMON_PAGES,10569,5830,exact_title,Eesaal e Sawab By SHEIKH QARI JAMEELUR RAHMAN AKHTAR,,0,0,0,
NO_COMMON_PAGES,10594,5856,exact_title,Eid e Melaad by SHEIKH MUFTI JAMEEL AHMAD THANVI (RA),,0,0,0,
NO_COMMON_PAGES,10595,5857,exact_title,Eid e Qurban by SHEIKH MUHAMMAD AHMAD THANVI (RA),,0,0,0,
NO_COMMON_PAGES,10596,5858,exact_title,Eid Meelaad by SHEIKH ASHRAF ALI THANVI (RA),,0,0,0,
NO_COMMON_PAGES,10597,5859,exact_title,Eidgah Ki Sunniyat By SHEIKH FAZLUR RAHMAN AZMI,,0,0,0,
NO_COMMON_PAGES,10598,5860,exact_title,Einul Hidaya Jild 1,,0,0,0,
NO_COMMON_PAGES,10599,5861,exact_title,Einul Hidaya Jild 2,,0,0,0,
NO_COMMON_PAGES,10600,5862,exact_title,Einul Hidaya Jild 3,,0,0,0,
NO_COMMON_PAGES,10601,5863,exact_title,Einul Hidaya Jild 5,,0,0,0,
NO_COMMON_PAGES,10602,5864,exact_title,Einul Hidaya Jild 6,,0,0,0,
NO_COMMON_PAGES,10603,5865,exact_title,Einul Hidaya Jild 7,,0,0,0,
NO_COMMON_PAGES,10604,5866,exact_title,Einul Hidaya Jild 8,,0,0,0,
NO_COMMON_PAGES,10605,5868,exact_title,ESA GHOJI AL BUSHRA COLOR,,0,0,0,
NO_COMMON_PAGES,10609,5869,exact_title,ESA GHOJI RASHEDIA,,0,0,0,
NO_COMMON_PAGES,10610,5870,exact_title,Fahm e Quran By SHEIKH SAEED AHMAD AKBARABADI,,0,0,0,
NO_COMMON_PAGES,10611,5871,exact_title,FAHM UL FALKIAT DAR UL ULOOM,,0,0,0,
NO_COMMON_PAGES,10612,5872,exact_title,Faisla Aap Karain by SHEIKH MUHAMMAD AZAM TARIQ (R.A),,0,0,0,
NO_COMMON_PAGES,10613,5873,exact_title,Faisla Kun Munazra By SHEIKH MUHAMMAD MANZOOR NOMANI (R.A),,0,0,0,
NO_COMMON_PAGES,10614,5874,exact_title,Faizan e Rehmat By SHEIKH MUHAMMAD ABDULLAH DARKHUWASTI (RA),,0,0,0,
NO_COMMON_PAGES,10617,5875,exact_title,faizan-e-muhabat,,0,0,0,
NO_COMMON_PAGES,10621,5879,exact_title,Falsafa e Hajj o Qurbani By Sheikh Mufti Taqi Usmani,,0,0,0,
NO_COMMON_PAGES,10623,5881,exact_title,FARSI ZABAN KA ASAN QAIDAH AL BUSHRA COLOR,,0,0,0,
NO_COMMON_PAGES,10625,5882,exact_title,Farz Namaaz Ke Baad Ki Duaain By SHEIKH MUHAMMAD YUNUS PALANPURI,,0,0,0,
NO_COMMON_PAGES,10626,5883,exact_title,Farz Namaz Ke Baad Dua By Sheikh Abdul Hameed Nomani,,0,0,0,
NO_COMMON_PAGES,10628,5884,exact_title,Fasaad Door Karnay Ka Tareeqa by SHEIKH ASHRAF ALI THANVI (RA),,0,0,0,
NO_COMMON_PAGES,10629,5885,exact_title,Fatah Bareli Ka Dil Kash Nizara By SHEIKH MUHAMMAD MANZOOR NOMANI (R.A),,0,0,0,
NO_COMMON_PAGES,10630,5886,exact_title,Fatawa Ala Hazrat By SHEIKH MUHAMMAD ABUL KHAIR,,0,0,0,
NO_COMMON_PAGES,10631,5887,exact_title,Fatawa o Tareeqa Milad Shareef By SHEIKH RASHEED AHMAD GANGOHI (R.A) &amp; SHEIKH ASHRAF ALI THANVI (R.A),,0,0,0,
NO_COMMON_PAGES,10732,5992,exact_title,Fateha Ka Tarika By SHEIKH NOOR MUHAMMAD,,0,0,0,
NO_COMMON_PAGES,10734,5994,exact_title,Fatuhaat E Nomania By SHEIKH MUHAMMAD MANZOOR  NOMANI (R.A),,0,0,0,
NO_COMMON_PAGES,10735,5995,exact_title,Fatwa Hayat e Maseeh [A.S] By Sheikh Muhammd Manzoor Chinioti (r.a),,0,0,0,
NO_COMMON_PAGES,10736,5996,exact_title,Fatwa on Beralwis,,0,0,0,
NO_COMMON_PAGES,10737,5997,exact_title,FAWAID E MAKKIYAH AL BUSHRA COLOR,,0,0,0,
NO_COMMON_PAGES,10740,5998,exact_title,Fawaid ul Fawad By SHEIKH AMEER ULA SANJARI (RA),,0,0,0,
NO_COMMON_PAGES,10744,6001,exact_title,Fazael o Ahkam Ramadhan ul Mubarik By SHEIKH QARI FATEH MUHAMMAD PANIPATI,,0,0,0,
NO_COMMON_PAGES,10745,6002,exact_title,Fazail e Aamaal (URDU) By SHEIKH MUHAMMAD ZAKARIYYA KANDHELVI (RA),,0,0,0,
NO_COMMON_PAGES,10746,6003,exact_title,Fazail e Aamaal Par Aitrazaat - Aik Usooli Jaiza By SHEIKH ABDULLAH MAROOFI,,0,0,0,
NO_COMMON_PAGES,10747,6004,exact_title,Fazail e Aamaal Par Aitrazaat Kioon By SHEIKH MUHAMMAD ISMAIL,,0,0,0,
NO_COMMON_PAGES,10748,6005,exact_title,Fazail e Aamaal Par Aytrazat Aur Un Ki Ilmi Hesiat By SHEIKH ILYAS GHUMMAN,,0,0,0,
NO_COMMON_PAGES,10749,6006,exact_title,Fazail e Hajj (URDU) By SHEIKH MUHAMMAD ZAKARIYYA KANDHELVI (RA),,0,0,0,
NO_COMMON_PAGES,10750,6007,exact_title,Fazail e Miswak By SHEIKH ATHAR HUSAIN MAZAHIRI,,0,0,0,
NO_COMMON_PAGES,10751,6008,exact_title,Fazail e Quran By SHEIKH MUHAMMAD ZAKARIYYA KANDHELVI (R.A),,0,0,0,
NO_COMMON_PAGES,10752,6009,exact_title,Fazail e Sadaqat (URDU) By SHEIKH MUHAMMAD ZAKARIYYA KANDHELVI (RA),,0,0,0,
NO_COMMON_PAGES,10753,6010,exact_title,Fazail e Shab e Barat By Sheikh Abdur Rauf Sakharvi,,0,0,0,
NO_COMMON_PAGES,10754,6011,exact_title,Fazail e Siddique e Akbar By SHEIKH ZULFIQAR AHMAD NAQSHBANDI,,0,0,0,
NO_COMMON_PAGES,10755,6012,exact_title,Fazail e Tableegh By SHEIKH MUHAMMAD ZAKARIYYA KANDHELVI (R.A),,0,0,0,
NO_COMMON_PAGES,10756,6013,exact_title,Fazail o Ahkam e Ramadhan al Mubarik By SHEIKH SYED ASGHAR HUSAIN (RA),,0,0,0,
NO_COMMON_PAGES,10757,6014,exact_title,Fazail o Barakaat e Ramadhan Shareef By Sheikh Hafiz Fazlur Raheem,,0,0,0,
NO_COMMON_PAGES,10767,6021,exact_title,Fazial e Jehaad,,0,0,0,
NO_COMMON_PAGES,10768,6022,exact_title,Fazil Brelvi Ka Hafza Aik Tahqeeqi Jaiza By ANWAAR AHMAD,,0,0,0,
NO_COMMON_PAGES,10771,6025,exact_title,Fidya o Qaza By SHEIKH MUFTI JAMEEL AHMAD THANVI (RA),,0,0,0,
NO_COMMON_PAGES,10773,6026,exact_title,Fiqh e Akbar (Imam Abu Hanifa (RA)) Translation By Mufti Rasheed Ahmad Alvi,,0,0,0,
NO_COMMON_PAGES,10774,6027,exact_title,FIQH JAFARIYYAH KIA ISLAMI FIQH HAI,,0,0,0,
NO_COMMON_PAGES,10775,6028,exact_title,Fiqh Mein Ijma Ka Maqaam By SHEIKH MUFTI RAFI USMANI,,0,0,0,
NO_COMMON_PAGES,10783,6030,exact_title,FIRDOS E BAREEN By Abdul Haleem Sharar,,0,0,0,
NO_COMMON_PAGES,10784,6031,exact_title,Firqa Ahl e Hadees (Pak o Hind) By SHEIKH ILYAS GHUMMAN,,0,0,0,
NO_COMMON_PAGES,10785,6032,exact_title,Firqa Jamat Al Muslimeen Tehqeeq Ke Ainay Mein By SHEIKH AMEEN SAFDAR OKARVI (RA),,0,0,0,
NO_COMMON_PAGES,10786,6033,exact_title,Fitna e Ghamdia By Khanqah Sirajia,,0,0,0,
NO_COMMON_PAGES,10787,6034,exact_title,Fitna e Gohar Shahi By Sheikh Abu Tipu Khalid,,0,0,0,
NO_COMMON_PAGES,10788,6035,exact_title,Fitna e Modudiat By SHEIKH MUHAMMAD ZAKARIYYA (R.A),,0,0,0,
NO_COMMON_PAGES,10789,6036,exact_title,Fitna e Sheikh By Sheikh Muhammad Yusuf Ludhyanvi (r.a),,0,0,0,
NO_COMMON_PAGES,10790,6037,exact_title,Fitna e Yusuf Kazzab by Arshad Qureshi,,0,0,0,
NO_COMMON_PAGES,10791,6038,exact_title,Fitna Inkar e Hadith - Perwaiziat (Version 2) by Sheikh Wali Hasan Tonki (r.a),,0,0,0,
NO_COMMON_PAGES,10792,6039,exact_title,Fitna Inkar e Hadith - Perwaiziat By SHEIKH WALI HASAN TONKI (R.A),,0,0,0,
NO_COMMON_PAGES,10793,6040,exact_title,Fitna Inkar E Hadith Aur Us Ka Pas E Manzar By SHEIKH ASHIQ ILAHI BULANDSHEHRI (R.A),,0,0,0,
NO_COMMON_PAGES,10794,6041,exact_title,Fitna Inkar e Hadith By SHEIKH MUFTI RASHEED AHMAD LUDHYANVI (R.A),,0,0,0,
NO_COMMON_PAGES,10801,6045,exact_title,Fun e Asma ur Rijaal By Sheikh Taqiuddin Nadvi,,0,0,0,
NO_COMMON_PAGES,10802,6046,exact_title,Fuqaha e Gujraat (INDIA),,0,0,0,
NO_COMMON_PAGES,10803,6047,exact_title,FUSOOL E AKBARI AL BUSHRA COLOR,,0,0,0,
NO_COMMON_PAGES,10805,6048,exact_title,FUSOOL UL HAWASHI AL HARAM,,0,0,0,
NO_COMMON_PAGES,10807,6050,exact_title,Fuyooz al-Haramain,,0,0,0,
NO_COMMON_PAGES,10810,6052,exact_title,Galiyan Kon Deta Hai By SHEIKH MUHAMMAD YUSUF LUDHIANVI (RA),,0,0,0,
NO_COMMON_PAGES,10811,6053,exact_title,Gana Bajana (Haq as Sama) By SHEIKH ASHRAF ALI THANVI (R.A),,0,0,0,
NO_COMMON_PAGES,10812,6054,exact_title,Gana Bajana By SHEIKH MUFTI EHSANULLAH SHAIQ,,0,0,0,
NO_COMMON_PAGES,10813,6055,exact_title,Gana Bajana Sun&#39;na Aur Qawwalli By SHEIKH IBN E TAYMIA (R.A),,0,0,0,
NO_COMMON_PAGES,10814,6056,exact_title,Gana Sunna Aur Sunana By SHEIKH MUFTI ABDUR RAUF SAKHARVI,,0,0,0,
NO_COMMON_PAGES,10816,6057,exact_title,Ganay Bajanay Ki Hurmat By SHEIKH MUFTI RASHEED AHMAD LUDHYANVI,,0,0,0,
NO_COMMON_PAGES,10817,6058,exact_title,Ghaddaar e Pakistan - Dr Abdus Salaam By SHEIKH MUHAMMAD YUSUF LUDHYANVI (R.A),,0,0,0,
NO_COMMON_PAGES,10818,6059,exact_title,Ghaddaar e Pakistan - Dr Abdussalam By MUHAMMAD MATEEN KHALID,,0,0,0,
NO_COMMON_PAGES,10819,6060,exact_title,Ghair Muqallid Ho Kar Taqleed Kioon By SHEIKH MUFTI RAB NAWAZ SALAFI,,0,0,0,
NO_COMMON_PAGES,10820,6061,exact_title,Ghair Muqallideen Imam Bukhari (R.A) Ki Adalat Mein By ANWAAR E KHURSHEED,,0,0,0,
NO_COMMON_PAGES,10821,6062,exact_title,Ghair Muqallideen Ke Aetrazaat Aur Unke Jawabat By SHEIKH AHMAD ALI,,0,0,0,
NO_COMMON_PAGES,10822,6063,exact_title,Ghair Muqallideen Ke Aitrazat Ki Haqeeqat By SHEIKH AMEEN SAFDAR OKARVI (R.A),,0,0,0,
NO_COMMON_PAGES,10823,6064,exact_title,Ghair Muqallideen Ki Diary By SHEIKH MUHAMMAD ABUBAKR GHAZIPURI,,0,0,0,
NO_COMMON_PAGES,10824,6065,exact_title,Ghair Muqallideen Ki Ghair Mustanad Namaz By SHEIKH AMEEN SAFDAR OKARVI (R.A),,0,0,0,
NO_COMMON_PAGES,10825,6066,exact_title,Ghair Soodi Bankari By SHEIKH MUFTI TAQI USMANI,,0,0,0,
NO_COMMON_PAGES,10826,6067,exact_title,GHALATIYAN,,0,0,0,
NO_COMMON_PAGES,10828,6068,exact_title,Gham Na Karein By DR AAIDH ALQARNI,,0,0,0,
NO_COMMON_PAGES,10833,6072,exact_title,GHAYAT UL TAHQEQ MEER MUHAMMAD,,0,0,0,
NO_COMMON_PAGES,10834,6073,exact_title,GHAYAT UL TAHQEQ RASHEDIA,,0,0,0,
NO_COMMON_PAGES,10835,6074,exact_title,Ghazwat un Nabi (SAW) In Detail,,0,0,0,
NO_COMMON_PAGES,10837,6075,exact_title,Gilgit Baltistan Ki Dakhli Khudmukhtari Aur Asal Haqaaiq,,0,0,0,
NO_COMMON_PAGES,10838,6076,exact_title,Gosht Khori - Jaiz ya Najaiz By DR. ZAKIR NAIK,,0,0,0,
NO_COMMON_PAGES,10849,6085,exact_title,Gulzar e Abrar By MUHAMMAD GHAUSI SHATTARI MANDVI,,0,0,0,
NO_COMMON_PAGES,10851,6087,exact_title,Gunahon Ka Chorna by SHEIKH ASHRAF ALI THANVI (RA),,0,0,0,
NO_COMMON_PAGES,10852,6088,exact_title,Gunahon Kay Nuqsanaat By Sheikh Abdus Sattar,,0,0,0,
NO_COMMON_PAGES,10854,6090,exact_title,Gustakh e Rasool(S.A.W) By HAFIZ MUHAMMAD IQBAL ,,0,0,0,
NO_COMMON_PAGES,10855,6091,exact_title,Haan Main Baghi Hoon By Javed Hashmi,,0,0,0,
NO_COMMON_PAGES,10856,6092,exact_title,Hadi e Aalam (S.A.W) By Sheikh Muhammad Wali Razi,,0,0,0,
NO_COMMON_PAGES,10857,6093,exact_title,Hadith Aur Ahle Hadith By ANWAAR E KHURSHEED,,0,0,0,
NO_COMMON_PAGES,10858,6094,exact_title,Hadith e Arbaeen Aur Arbaeenat Ka Taaruf By SHEIKH RASHEED AHMAD FARIDI,,0,0,0,
NO_COMMON_PAGES,10859,6095,exact_title,Hadith e Rasool (S.A.W) Ka Qurani Mayar By SHEIKH QARI MUHAMMAD TAYYAB (R.A),,0,0,0,
NO_COMMON_PAGES,10861,6097,exact_title,Hadith Ka Bunyadi Kirdar By SHEIKH ABUL HASAN ALI NADVI (R.A),,0,0,0,
NO_COMMON_PAGES,10862,6098,exact_title,Hadith Ke Baray Mein Ghair Muqallideen Ka Mayar E Radd o Qabool By SHEIKH MUHAMMAD ABUBAKR GHAZIPURI,,0,0,0,
NO_COMMON_PAGES,10863,6099,exact_title,Hadith O Sunnat Mein Farq By SHEIKH MUHAMMAD AMEEN SAFDAR OKARVI (RA),,0,0,0,
NO_COMMON_PAGES,10864,6100,exact_title,Hadsa E Karbala Aur Us Ka Pas e Manzar By SHEIKH MUHAMMAD ABDUR RASHEED NOMANI,,0,0,0,
NO_COMMON_PAGES,10866,6101,exact_title,Hadya jawab By Sheikh Mufti Abdul Wahid,,0,0,0,
NO_COMMON_PAGES,10867,6102,exact_title,Hafiz E Quran Aur Uska Maqam By SHEIKH ABDUR RAHMAN KAUSAR,,0,0,0,
NO_COMMON_PAGES,10868,6103,exact_title,Hain Kawakib Kuch Nazar Aatay Hain Kuch By SHEIKH MUFTI SAEED AHMAD JALALPURI,,0,0,0,
NO_COMMON_PAGES,10869,6104,exact_title,Haj e Fardh Mein Jaldi Kijiye By SHEIKH MUFTI ABDUR RAUF SAKHARVI,,0,0,0,
NO_COMMON_PAGES,10870,6105,exact_title,Haj e Mabroor By SHEIKH MUHAMMAD NAJEEB SAMBHLI ,,0,0,0,
NO_COMMON_PAGES,10871,6106,exact_title,Haj Ka Tariqa By SHEIKH ABDUR RAUF SAKHARVI,,0,0,0,
NO_COMMON_PAGES,10873,6107,exact_title,Haji ImdadUllah Mahajir Makki Kay Hazrat Sayyid Ahmad Shaheed Say Rohani Rishtay By SHEIKH SYED NAFEES UL HUSAINI,,0,0,0,
NO_COMMON_PAGES,10874,6108,exact_title,Hajj o Umra Ki Masnoon Duaain By SHEIKH MUHAMMAD YUNUS PALANPURI,,0,0,0,
NO_COMMON_PAGES,10877,6110,exact_title,Hakeem Sadiq Sialkoti Ki Kitaab Salatur Rasool Ke Baray Mein By SHEIKH MUHAMMAD ABUBAKR GHAZIPURI,,0,0,0,
NO_COMMON_PAGES,10878,6111,exact_title,Hakeem ul Ummat Ke Syasi Afkar By SHEIKH MUFTI TAQI USMANI,,0,0,0,
NO_COMMON_PAGES,10881,6114,exact_title,Halaat e Jahannam By Sheikh Ashiq Ilahi Madni (r.a),,0,0,0,
NO_COMMON_PAGES,10883,6116,exact_title,Halal Ki Ahmiyat By Shaykh Muhammad Imran,,0,0,0,
NO_COMMON_PAGES,10884,6117,exact_title,Halal Rozi ki Barkat By SHEIKH MUFTI ABDUR RAUF SAKHARVI,,0,0,0,
NO_COMMON_PAGES,10885,6118,exact_title,Hamara Maashi Nizam By Sheikh Mufti Taqi Usmani,,0,0,0,
NO_COMMON_PAGES,10886,6119,exact_title,HAMD ULLAH RASHEDIA,,0,0,0,
NO_COMMON_PAGES,10887,6120,exact_title,Haq Parast Ulama Ki Modudiyat Se Narazgi K Asbab By SHEIKH AHMAD ALI LAHORI (R.A),,0,0,0,
NO_COMMON_PAGES,10888,6121,exact_title,Haqaiq Al Fiqh By PEER SYED MUSHTAQ ALI SHAH,,0,0,0,
NO_COMMON_PAGES,10889,6122,exact_title,Haqeeqat Al Fiqh Par Aik Nazar By SHEIKH MUHAMMAD ABUBAKR GHAZIPURI,,0,0,0,
NO_COMMON_PAGES,10890,6123,exact_title,Haqeeqat e Shia By SHEIKH MUFTI RASHEED AHMAD LUDHYANVI (R.A),,0,0,0,
NO_COMMON_PAGES,10897,6127,exact_title,Haram Khanay Ki Nahoosat  By SHEIKH MUFTI ABDUR RAUF SAKHARVI,,0,0,0,
NO_COMMON_PAGES,10901,6129,exact_title,Hasanat Ul Akhbaar - Tareekh Ul Hadith By Sheikh Qazi Abdus Samad Sarim,,0,0,0,
NO_COMMON_PAGES,10903,6130,exact_title,HASHIA DASOQI VOL 2 RASHEDIA,,0,0,0,
NO_COMMON_PAGES,10906,6133,exact_title,HAWAIYAN By DR. MUHAMMAD YUNUS BUTT,,0,0,0,
NO_COMMON_PAGES,10916,6142,exact_title,Hayat al Ambiya By Imam Bayhaqi (R.A),,0,0,0,
NO_COMMON_PAGES,10917,6143,exact_title,Hayat e Ambiya e Karaam By SHEIKH JALALUDDIN SUYUTI (R.A),,0,0,0,
NO_COMMON_PAGES,10918,6144,exact_title,Hayat e Ameer e Shariat,,0,0,0,
NO_COMMON_PAGES,10919,6145,exact_title,Hayat e Hazrat Eesaa [A.S] By Sheikh Hafiz Muhammad Iqbal Rangooni,,0,0,0,
NO_COMMON_PAGES,10920,6146,exact_title,Hayat e Maseeh [A.S] Ka Suboot By Sheikh Abdur Rahman Bawa,,0,0,0,
NO_COMMON_PAGES,10921,6147,exact_title,Hayat e Saadi By Maulana Altaf Husain Hali (r.a),,0,0,0,
NO_COMMON_PAGES,10922,6148,exact_title,Hayat e Tayyabah Vol 1 Sawaneh of Sheikh Allah Yar Khan (r.a),,0,0,0,
NO_COMMON_PAGES,10923,6149,exact_title,Hayat un Nabi (S.A.W) By SHEIKH ALLAH YAR KHAN,,0,0,0,
NO_COMMON_PAGES,10928,6150,exact_title,Hayya alas Salah By MUHAMMAD NAJEEB SAMBHLI,,0,0,0,
NO_COMMON_PAGES,10930,6152,exact_title,Hazrat Abdullah Ibn e Abbas (R.A) Ke 100 Qissay By SHEIKH MUHAMMD OWAIS SARWAR,,0,0,0,
NO_COMMON_PAGES,10931,6153,exact_title,Hazrat Abu Bakr (RA) By SHEIKH ABU REHAN ZIAUR RAHMAN FAROOQI (RA),,0,0,0,
NO_COMMON_PAGES,10932,6154,exact_title,Hazrat Abu Bakr [r.a] Aur Hazrat Farooq e Azam [r.a] By Dr Taha Yaseen,,0,0,0,
NO_COMMON_PAGES,10933,6155,exact_title,Hazrat Ali (R.A) Ke 100 Qissay By SHEIKH MUHAMMAD SIDDIQUE MANSHAWI,,0,0,0,
NO_COMMON_PAGES,10934,6156,exact_title,Hazrat Ali (RA) By SHEIKH ABU REHAN ZIAUR RAHMAN FAROOQI (RA),,0,0,0,
NO_COMMON_PAGES,10935,6157,exact_title,Hazrat Ayeshah (RA) By SHEIKH ABU REHAN ZIAUR RAHMAN FAROOQI (RA),,0,0,0,
NO_COMMON_PAGES,10936,6158,exact_title,Hazrat Ba Yazeed Bastami (r.a) Ka Aik Yahoodi Se Mukalma By Sheikh Hafiz Muhammad Aslam,,0,0,0,
NO_COMMON_PAGES,10937,6159,exact_title,Hazrat Fatmah (RA) By SHEIKH ABU REHAN ZIAUR RAHMAN FAROOQI (RA),,0,0,0,
NO_COMMON_PAGES,10938,6160,exact_title,Hazrat Hasan (RA) By SHEIKH ABU REHAN ZIAUR RAHMAN FAROOQI (RA),,0,0,0,
NO_COMMON_PAGES,10939,6161,exact_title,Hazrat Husain (RA) By SHEIKH ABU REHAN ZIAUR RAHMAN FAROOQI (RA),,0,0,0,
NO_COMMON_PAGES,10940,6162,exact_title,Hazrat Husain (RA) Ke Qatil Khud Shia Thay By SHEIKH ALLAH YAR KHAN (RA),,0,0,0,
NO_COMMON_PAGES,10943,6163,exact_title,Hazrat Huzaefah Bin Yamaan (R.A) By SHEIKH IMRAN ASHRAF USMANI,,0,0,0,
NO_COMMON_PAGES,10945,6164,exact_title,Hazrat Imam Abu Hanifa (R.A) Par Irja Ki Tohmat By SHEIKH NAIMATULLAH AZAMI,,0,0,0,
NO_COMMON_PAGES,10946,6165,exact_title,Hazrat Khalid bin Waleed (RA) By SHEIKH ABU REHAN ZIAUR RAHMAN FAROOQI (RA),,0,0,0,
NO_COMMON_PAGES,10947,6166,exact_title,Hazrat Khawaja Nizamuddin Awliya (r.a) ke Haalaat o Kamalaat By Sheikh Syed Abul Hasan Ali Nadvi (r.a),,0,0,0,
NO_COMMON_PAGES,10948,6167,exact_title,Hazrat Lahori Fitnon K Taaqub Mein By SHEIKH QAZI MAZHAR HUSAIN (R.A),,0,0,0,
NO_COMMON_PAGES,10949,6168,exact_title,Hazrat Mashaikh e Deoband (R.A)Paer Ittihamaat Ki Haqeeqat By BASHEER AHMAD,,0,0,0,
NO_COMMON_PAGES,10951,6170,exact_title,Hazrat Muawiyah (RA) By SHEIKH ABU REHAN ZIAUR RAHMAN FAROOQI (RA),,0,0,0,
NO_COMMON_PAGES,10952,6171,exact_title,Hazrat Umar (RA) By SHEIKH ABU REHAN ZIAUR RAHMAN FAROOQI (RA),,0,0,0,
NO_COMMON_PAGES,10953,6172,exact_title,Hazrat Usman (R.A) Ke 100 Qissay By SHEIKH KHURRAM YUSUF,,0,0,0,
NO_COMMON_PAGES,10954,6173,exact_title,Hazrat Usman (RA) By SHEIKH ABU REHAN ZIAUR RAHMAN FAROOQI (RA),,0,0,0,
NO_COMMON_PAGES,10955,6174,exact_title,Hazrat Usman [RA] By Dr Taha Yaseen,,0,0,0,
NO_COMMON_PAGES,10959,6178,exact_title,Hidaya Aur Sahib e Hidaya By SHEIKH ABDUL QAYYUM HAQQANI,,0,0,0,
NO_COMMON_PAGES,10960,6179,exact_title,HIDAYA TUL HIKMAH AL BUSHRA COLOR,,0,0,0,
NO_COMMON_PAGES,10964,6180,exact_title,HIDAYA TUN NAHW AL BUSHRA,,0,0,0,
NO_COMMON_PAGES,10968,6181,exact_title,Hidaya tush Shia By SHEIKH MUFTI RASHEED AHMAD GANGOHI (R.A),,0,0,0,
NO_COMMON_PAGES,10970,6183,exact_title,Hifazat e Zaban By SHEIKH MUFTI RASHEED AHMAD LUDHYANVI (R.A),,0,0,0,
NO_COMMON_PAGES,10971,6184,exact_title,Hifz ul Eemaan By SHEIKH ASHRAF ALI THANVI (R.A),,0,0,0,
NO_COMMON_PAGES,10974,6187,exact_title,Hikayat e Mehar o Wafa By SHEIKH SYED NAFEES AL HUSAINI,,0,0,0,
NO_COMMON_PAGES,10975,6188,exact_title,Hikmat e Qasimiya By SHEIKH QARI MUHAMMAD TAYYAB (RA),,0,0,0,
NO_COMMON_PAGES,10978,6190,exact_title,Hizb ul Bahr By Sheikh Haji Imdadullah Mhajir e Makki (r.a),,0,0,0,
NO_COMMON_PAGES,10979,6191,exact_title,Hizbullah  Kaun Hai By ALI AS SADIQ,,0,0,0,
NO_COMMON_PAGES,10982,6192,exact_title,Hudood Ordinance Aik Ilmi Jaiza By Sheikh Mufti Taqi Usmani,,0,0,0,
NO_COMMON_PAGES,10983,6193,exact_title,Huffaaz Ke Liay KhushKhabri By Teachers of Madrassah Hifz ul Quran,,0,0,0,
NO_COMMON_PAGES,10999,6204,exact_title,Huzoor Sallallahu Alahi Wasallam Ki Seerat Aur Soorat By SHEIKH ABDUR RAUF SAKHARVI,,0,0,0,
NO_COMMON_PAGES,11001,6206,exact_title,Ibtidai-Suluk-Urdu,,0,0,0,
NO_COMMON_PAGES,11010,6207,exact_title,Ijtehad Aur Mazhab e Hanafi Ki Haqiqat By SHEIKH ALIUR RAHMAN FAROOQI,,0,0,0,
NO_COMMON_PAGES,11011,6208,exact_title,Ijtehad o Taqleed Ka Aakhri Faisla By SHEIKH ASHRAF ALI THANVI (R.A),,0,0,0,
NO_COMMON_PAGES,11014,6210,exact_title,Ikhtelaf ul Aiemma By SHEIKH MUHAMMAD ZAKARIYYA (R.A),,0,0,0,
NO_COMMON_PAGES,11015,6211,exact_title,Ikhtilaf e Ummat Aur Sirat e Mustaqeem By Sheikh Muhammad Yusuf Ludhyanvi (r.a),,0,0,0,
NO_COMMON_PAGES,11016,6212,exact_title,ikhtilafaat-mirza,,0,0,0,
NO_COMMON_PAGES,11021,6215,exact_title,ILhaad o Zindaqah Ka Nia Andaaz By SHEIKH SAEED AHMAD JALALPURI,,0,0,0,
NO_COMMON_PAGES,11022,6216,exact_title,Ilhami Girgit By Sheikh Abul Basheer Irfani,,0,0,0,
NO_COMMON_PAGES,11025,6218,exact_title,Ilm Aur Ulama e Karaam Ki Azmat By SHEIKH SHAH HAKEEM AKHTAR,,0,0,0,
NO_COMMON_PAGES,11026,6219,exact_title,Ilm e Deen Aur Hamaray Bachay By NIZAM EDUCATION SOCIETY,,0,0,0,
NO_COMMON_PAGES,11027,6220,exact_title,Ilm E Hadith May Imam Abu Hanifa RA Ka Maqam o Martaba By SHEIKH HABIBUR RAHMAN AZAMI,,0,0,0,
NO_COMMON_PAGES,11028,6221,exact_title,ILm e Tajweed Aur Qirrat Ka tareekhi Irtiqa by QARI RASHEED AHMAD THANVI (RA),,0,0,0,
NO_COMMON_PAGES,11029,6222,exact_title,Ilm Ki Azmat By Sheikh Ashiq Husain Shujabadi,,0,0,0,
NO_COMMON_PAGES,11030,6223,exact_title,Ilm Par Amal Karen By SHEIKH MUFTI TAQI USMANI,,0,0,0,
NO_COMMON_PAGES,11031,6224,exact_title,ILM UN NAHW AL BUSHRA COLOR,,0,0,0,
NO_COMMON_PAGES,11034,6225,exact_title,ILM US SARF AAKHERAIN AL BUSHRA COLOR,,0,0,0,
NO_COMMON_PAGES,11036,6226,exact_title,ILM US SARF AL BUSHRA,,0,0,0,
NO_COMMON_PAGES,11037,6227,exact_title,ILM US SARF AOWALAIN AL BUSHRA COLOR,,0,0,0,
NO_COMMON_PAGES,11040,6228,exact_title,ILM US SEGHA AL BUSHRA COLOR,,0,0,0,
NO_COMMON_PAGES,11045,6230,exact_title,Ilmi Maarqay - SHEIKH AMEEN SAFDAR OKARVI (RA),,0,0,0,
NO_COMMON_PAGES,11046,6231,exact_title,Ilmul Kalam By SHEIKH MUHAMMAD IDREES KANDHELVI (R.A),,0,0,0,
NO_COMMON_PAGES,11048,6233,exact_title,Imam Abu Hanifa (RA) K Hairat Angaiz Waqiat By SHEIKH ABDUL QAYYUM HAQQANI,,0,0,0,
NO_COMMON_PAGES,11049,6234,exact_title,Imam Abu Hanifa - Shaheed-e-Ahl e Bayt By MUFTI ABUL HASAN SHAREEFULLAH AL-KAUSARI,,0,0,0,
NO_COMMON_PAGES,11050,6235,exact_title,Imam Abu Hanifa Aur Mautarizeen By SHEIKH MUFTI SYED MEHDI HASAN SHAHJAHANPURI,,0,0,0,
NO_COMMON_PAGES,11051,6236,exact_title,Imam Abu Hanifa Ki Taabi&#39;iyat Aur Sahaba [R.A] Se Unki Rivayat By Sheikh Abdush Shaheed Nomani,,0,0,0,
NO_COMMON_PAGES,11053,6237,exact_title,Imam e Azam Aur Tasawwuf,,0,0,0,
NO_COMMON_PAGES,11054,6238,exact_title,Imam e Azam ki Wasyyatain Aur Naseehatain By SHEIKH RASHEED AHMAD ALVI,,0,0,0,
NO_COMMON_PAGES,11055,6239,exact_title,Imam Ke Peechay Muqtadi Ki Qirat Ka Hukm By SHEIKH HABIBUR RAHMAN AZAMI,,0,0,0,
NO_COMMON_PAGES,11056,6240,exact_title,Imam Mahdi (r.a) Ka Zahoor Abhi Nahein Huwa By Sheikh Mufti Syed Salman Mansoorpuri,,0,0,0,
NO_COMMON_PAGES,11057,6241,exact_title,Imam Syed Taj Mahmood Amrothi,,0,0,0,
NO_COMMON_PAGES,11064,6246,exact_title,IMDAD UL FATTAH RASHEDIA,,0,0,0,
NO_COMMON_PAGES,11085,6277,exact_title,Inkaar e Hadith Ke Nataaij By SHEIKH MUHAMMAD YUSUF LUDHYANVI (R.A),,0,0,0,
NO_COMMON_PAGES,11086,6278,exact_title,Inkaar e Hadith Ke Nataaij By SHEIKH SARFRAZ KHAN SAFDAR (R.A),,0,0,0,
NO_COMMON_PAGES,11087,6279,exact_title,Inkar e Hadith Kioon By ALLAMA HAFIZ MUHAMMAD AYUB DEHLVI,,0,0,0,
NO_COMMON_PAGES,11088,6280,exact_title,Inkishaf E Haqeeqat BY SHEIKH HAFIZ ABDUL QUDDUS QARAN,,0,0,0,
NO_COMMON_PAGES,11093,6284,exact_title,IQD UL AALI MEER MUHAMMAD,,0,0,0,
NO_COMMON_PAGES,11095,6285,exact_title,Iran Se Tehreef Shuda Quran Ki Ishaat By SHEIKH MUHAMMAD YUSUF LUDHYANVI,,0,0,0,
NO_COMMON_PAGES,11101,6290,exact_title,Irfan-e-Muhabbat,,0,0,0,
NO_COMMON_PAGES,11104,6293,exact_title,IRSHAD UL TALIBEEN DAR UL NASHAR,,0,0,0,
NO_COMMON_PAGES,11105,6294,exact_title,IRSHAD US SARF AZEEM AND SUNS,,0,0,0,
NO_COMMON_PAGES,11110,6299,exact_title,irshadat,,0,0,0,
NO_COMMON_PAGES,11111,6302,exact_title,Ishq e Elaahi By By SHEIKH ZULFIQAR AHMAD NAQSHBANDI,,0,0,0,
NO_COMMON_PAGES,11148,6336,exact_title,Islah Ka Aasan Tareeqa by SHEIKH ASHRAF ALI THANVI (RA),,0,0,0,
NO_COMMON_PAGES,11154,6341,exact_title,Islahi Mawaiz (VOL 7) SHEIKH MUHAMMAD YUSUF LUDHYANVI (RA),,0,0,0,
NO_COMMON_PAGES,11181,6342,exact_title,Islam Aur Aaj Ka Musalman By SHEIKH MUFTI MUKHTARUDDIN KARBOGHA SHAREEF,,0,0,0,
NO_COMMON_PAGES,11182,6343,exact_title,Islam Aur Ghamdiyat,,0,0,0,
NO_COMMON_PAGES,11184,6345,exact_title,Islam Ka Qanoon e Talaq By SHEIKH MUHAMMAD SHAHABUDDIN NADVI,,0,0,0,
NO_COMMON_PAGES,11185,6346,exact_title,Islam Ka Qanoon e Zakat o Ushr Aur Nizam e Maliaat Par Shubhat Ka Jawaab By SHEIKH MUHAMMAD YUSUF LUDHYANVI (RA),,0,0,0,
NO_COMMON_PAGES,11186,6347,exact_title,Islam Main Khawateen Ke Huqooq By DR. ZAKIR NAIK,,0,0,0,
NO_COMMON_PAGES,11187,6348,exact_title,Islam Mein Ghulami Ka Tasawwur By Sheikh Mufti Rafi Usmani,,0,0,0,
NO_COMMON_PAGES,11188,6349,exact_title,Islam Mein Imam Mehdi Ka Tasawwur By Sheikh Zafar Iqbal,,0,0,0,
NO_COMMON_PAGES,11189,6350,exact_title,Islam Mein Khula Ki Haqeeqat By SHEIKH MUFTI TAQI USMANI,,0,0,0,
NO_COMMON_PAGES,11191,6351,exact_title,Islam Mein Parda Ki Ahmiat By SHEIKH ASHRAF ALI THANVI (RA),,0,0,0,
NO_COMMON_PAGES,11192,6352,exact_title,Islam Musalman Aur Rushdi Salman By SHEIKH MEHMOOD ASHRAF USMANI,,0,0,0,
NO_COMMON_PAGES,11195,6354,exact_title,Islam-ko-qad-sy-bachaiay,,0,0,0,
NO_COMMON_PAGES,11196,6355,exact_title,Islam-ky-ujalay-qad-ky-undharay,,0,0,0,
NO_COMMON_PAGES,11198,6357,exact_title,Islami Aqaaid By SHEIKH ASHRAF ALI THANVI (R.A),,0,0,0,
NO_COMMON_PAGES,11199,6358,exact_title,Islami Aur Soodi Bankari Mein Farq,,0,0,0,
NO_COMMON_PAGES,11200,6359,exact_title,Islami Bankari Aik Haqeeqat Pasandana Jaiza By SHEIKH EJAZ AHMAD SAMDANI,,0,0,0,
NO_COMMON_PAGES,11201,6360,exact_title,Islami Bankari Aur Sirat e Mustaqeem,,0,0,0,
NO_COMMON_PAGES,11202,6361,exact_title,Islami Kalima By SHEIKH ALI SHER HAIDRI (R.A),,0,0,0,
NO_COMMON_PAGES,11203,6362,exact_title,Islami Kalima By SHEIKH ALI SHER HAIDRI,,0,0,0,
NO_COMMON_PAGES,11204,6363,exact_title,Islami Shariat Ilm Aur Aqal Ki Meezan Mein By SHEIKH MUHAMMAD SHAHABUDDIN NADVI,,0,0,0,
NO_COMMON_PAGES,11206,6365,exact_title,Ismailiyah - Bohriyon Aur Agha Khaniyon Ka Taaruf By Syed Tanzeem Husain,,0,0,0,
NO_COMMON_PAGES,11208,6366,exact_title,Israr ul Haramain,,0,0,0,
NO_COMMON_PAGES,11210,6368,exact_title,Istekharah Kaisay Karain By SHEIKH MUHAMMAD ZAKARIYYA IQBAL,,0,0,0,
NO_COMMON_PAGES,11211,6369,exact_title,Istekharah Sunnat Ke Mutabiq By SHEIKH MUHAMMAD UMAR ANWAR,,0,0,0,
NO_COMMON_PAGES,11213,6370,exact_title,Istikhara Ka Masnoon Tariqa By SHEIKH MUFTI TAQI USMANI,,0,0,0,
NO_COMMON_PAGES,11214,6371,exact_title,Istiqamat by SHEIKH ASHRAF ALI THANVI (RA),,0,0,0,
NO_COMMON_PAGES,11216,6372,exact_title,Izala tush Shak An Masala e Fidak By SHEIKH MUHAMMAD ABDUSSATTAR TONSVI,,0,0,0,
NO_COMMON_PAGES,11217,6373,exact_title,Ja&#39;li Nabi Ke Asli Kahaani,,0,0,0,
NO_COMMON_PAGES,11218,6374,exact_title,JAAR BARDI RASHEDIA,,0,0,0,
NO_COMMON_PAGES,11219,6375,exact_title,Jadeed Daur Ka Musailma Kazzab Gohar Shahi By SHEIKH SAEED AHMAD JALALPURI,,0,0,0,
NO_COMMON_PAGES,11220,6376,exact_title,Jadeed Masail Ke Shari Ahkam (Version 2) By Sheikh Mufti Muhammad Shafi (r.a),,0,0,0,
NO_COMMON_PAGES,11221,6377,exact_title,Jadeed Masail Shari Ahkam By SHEIKH MUFTI MUHAMMAD SHAFI (RA),,0,0,0,
NO_COMMON_PAGES,11222,6378,exact_title,Jadeed Muashi Masail By Sheikh Mufti Abdul Wahid,,0,0,0,
NO_COMMON_PAGES,11269,6424,exact_title,Jadu se Hifazat (FOLDABLE) By SHEIKH MUHAMMAD YUNUS PALANPURI,,0,0,0,
NO_COMMON_PAGES,11270,6425,exact_title,Jadu Se Hifazat By SHEIKH MUHAMMAD YUNUS PALANPURI,,0,0,0,
NO_COMMON_PAGES,11272,6427,exact_title,Jamaat ul Muslimeen Quran o Sunnat Ki Adalat Mein By SHEIKH SYED IKRAMUR RAHMAN,,0,0,0,
NO_COMMON_PAGES,11274,6429,exact_title,Jamal e Anwar By SHEIKH ABDUL QAYYUM HAQQANI,,0,0,0,
NO_COMMON_PAGES,11275,6430,exact_title,Jamal e Habib (S.A.W) By MUHAMMAD HABIBUR RAHMAN HUSSAMI,,0,0,0,
NO_COMMON_PAGES,11276,6431,exact_title,JAMAL UL QURAN AL BUSHRA COLOR,,0,0,0,
NO_COMMON_PAGES,11278,6432,exact_title,Jamal ul Quran Maa Hashiya Zeenat Ul Quran By SHEIKH ASHRAF ALI THANVI (RA),,0,0,0,
NO_COMMON_PAGES,11280,6433,exact_title,Jamat e Muslimeen Kya Hai By SHEIKH AMEEN SAFDAR OKARVI (RA),,0,0,0,
NO_COMMON_PAGES,11281,6434,exact_title,Jamat e Tableegh Par Aitrazaat K Jawabat By SHEIKH MUHAMMAD ZAKARIYYA KANDHELVI (R.A),,0,0,0,
NO_COMMON_PAGES,11282,6435,exact_title,JAME AL TIRMEZI VOL 1 ALTAF AND SONS,,0,0,0,
NO_COMMON_PAGES,11283,6436,exact_title,JAME AL TIRMEZI VOL 1 QADEMI,,0,0,0,
NO_COMMON_PAGES,11284,6437,exact_title,JAME AL TIRMEZI VOL 1 RAHMANIA,,0,0,0,
NO_COMMON_PAGES,11285,6438,exact_title,JAME AL TIRMEZI VOL 2 ALTAF AND SONS,,0,0,0,
NO_COMMON_PAGES,11286,6439,exact_title,JAME AL TIRMEZI VOL 2 QADEMI,,0,0,0,
NO_COMMON_PAGES,11287,6440,exact_title,JAME AL TIRMEZI VOL 2 RAHMANIA,,0,0,0,
NO_COMMON_PAGES,11288,6441,exact_title,Jame Tirmidhi 1of2 TRANSLATION BY SHEIKH FAZAL AHMAD,,0,0,0,
NO_COMMON_PAGES,11289,6442,exact_title,Jame Tirmidhi 2of2 TRANSLATION BY SHEIKH FAZAL AHMAD,,0,0,0,
NO_COMMON_PAGES,11302,6454,exact_title,Jannat Ka Aasaan Raasta By Sheikh Mufti Rafi Usmani,,0,0,0,
NO_COMMON_PAGES,11303,6455,exact_title,Jannat Ki Hooren By SHEIKH FAZLUR RAHMAN RASHEEDI,,0,0,0,
NO_COMMON_PAGES,11306,6458,exact_title,Javed Ghamdi Aur Inkare Hadith By SHEIKH MUHAMMAD RAFIQ,,0,0,0,
NO_COMMON_PAGES,11319,6470,exact_title,JAWAME UL KALIM AL BUSHRA COLOR,,0,0,0,
NO_COMMON_PAGES,11320,6471,exact_title,JAWAME UL KALIM AL BUSHRA,,0,0,0,
NO_COMMON_PAGES,11321,6472,exact_title,Jawani Ko Zaya Karney K Nuksanaat By SHEIKH MUHAMMAD ARSALAAN,,0,0,0,
NO_COMMON_PAGES,11322,6473,exact_title,jehad-KN-kay-janisar,,0,0,0,
NO_COMMON_PAGES,11326,6474,exact_title,Jhoota Wasiyyat Nama By Sheikh Mufti Shamsul Haq Azhar,,0,0,0,
NO_COMMON_PAGES,11330,6477,exact_title,Jila ul Azhan (1000 QUESTIONS FROM SHIA) By MUHAMMAD QURESHI NAQSHBANDI ,,0,0,0,
NO_COMMON_PAGES,11331,6478,exact_title,jinhay-KN-say-ishaq-tha,,0,0,0,
NO_COMMON_PAGES,11332,6479,exact_title,jo-KN-pay-fida-thay,,0,0,0,
NO_COMMON_PAGES,11333,6480,exact_title,Joke-Dar-Joke By DR. MUHAMMAD YUNUS BUTT,,0,0,0,
NO_COMMON_PAGES,11334,6481,exact_title,Kaam Chori ALLAH Ka Aik Azaab By SHEIKH MUFTI RAFI USMANI,,0,0,0,
NO_COMMON_PAGES,11335,6482,exact_title,KAFIAH AL BUSHRA COLOR,,0,0,0,
NO_COMMON_PAGES,11336,6483,exact_title,KAFIAH AL BUSHRA,,0,0,0,
NO_COMMON_PAGES,11339,6484,exact_title,Kafir Kaho Gay By Nazar ur Rizvi,,0,0,0,
NO_COMMON_PAGES,11350,6495,exact_title,Kalima La Ilaha IlalALLAH By MUFTI MUHAMMD SHAFI RIZVI,,0,0,0,
NO_COMMON_PAGES,11351,6496,exact_title,Kalima Tayyaba Ki Haqeeqat By SHEIKH MUHAMMAD MANZOOR NOMANI (R.A),,0,0,0,
NO_COMMON_PAGES,11352,6497,exact_title,Kalimay,,0,0,0,
NO_COMMON_PAGES,11355,6500,exact_title,Kamil Tareeqa e Namaz by Sheikh Abdur Rauf Sakharvi,,0,0,0,
NO_COMMON_PAGES,11357,6501,exact_title,KANZ UL DAQAIQ HAQQANIA,,0,0,0,
NO_COMMON_PAGES,11358,6502,exact_title,KANZ UL DAQAIQ QADEMI,,0,0,0,
NO_COMMON_PAGES,11359,6503,exact_title,KANZ UL DAQAIQ RAHMANIA,,0,0,0,
NO_COMMON_PAGES,11360,6504,exact_title,KANZ UL DAQAIQ VOL 1 AL BUSHRA COLOR,,0,0,0,
NO_COMMON_PAGES,11361,6505,exact_title,KANZ UL DAQAIQ VOL 1 AL BUSHRA,,0,0,0,
NO_COMMON_PAGES,11362,6506,exact_title,KANZ UL DAQAIQ VOL 2 AL BUSHRA COLOR,,0,0,0,
NO_COMMON_PAGES,11363,6507,exact_title,KANZ UL DAQAIQ VOL 2 AL BUSHRA,,0,0,0,
NO_COMMON_PAGES,11364,6508,exact_title,KANZ UL DAQAIQ VOL 3 AL BUSHRA COLOR,,0,0,0,
NO_COMMON_PAGES,11365,6509,exact_title,KANZ UL DAQAIQ VOL 3 AL BUSHRA,,0,0,0,
NO_COMMON_PAGES,11366,6510,exact_title,KANZ UN NAWADIR MADARSA TUL ULOOM,,0,0,0,
NO_COMMON_PAGES,11375,6519,exact_title,Kanzul Eeman Ka Taaqub By SAJID KHAN,,0,0,0,
NO_COMMON_PAGES,11377,6521,exact_title,KAREMA SADEE AL BUSHRA COLOR,,0,0,0,
NO_COMMON_PAGES,11379,6522,exact_title,Karvan e Eeman o Azeemat By SHEIKH ABUL HASAN ALI ,,0,0,0,
NO_COMMON_PAGES,11380,6523,exact_title,Karwan-tahreek-KN,,0,0,0,
NO_COMMON_PAGES,11381,6524,exact_title,Kashaf ul Haqaiq By ABU ABDULLAH,,0,0,0,
NO_COMMON_PAGES,11394,6537,exact_title,Khair Ka Rasta By NIZAM EDUCATION SOCIETY,,0,0,0,
NO_COMMON_PAGES,11396,6538,exact_title,KHAIR UL USOOL AL BUSHRA COLOR,,0,0,0,
NO_COMMON_PAGES,11406,6547,exact_title,KHANDA-ZUN By DR. MUHAMMAD YUNUS BUTT,,0,0,0,
NO_COMMON_PAGES,11407,6548,exact_title,Khasail e Nabvi (S.A.W) By SHEIKH ABDUL QAYYUM HAQQANI,,0,0,0,
NO_COMMON_PAGES,11408,6549,exact_title,Khasoof o Kasoof By Sheikh Manzoor Ahmad Chinioti (r.a),,0,0,0,
NO_COMMON_PAGES,11409,6550,exact_title,Khatim Al Nabiyeen By SHEIKH ANWAR SHAH KASHMIRI (R.A),,0,0,0,
NO_COMMON_PAGES,11410,6551,exact_title,Khatm e Nubuwwat By Sheikh Sarfraz Khan Safdar,,0,0,0,
NO_COMMON_PAGES,11413,6553,exact_title,Khauf e Khuda By SHEIKH ZULFIQAR AHMAD NAQSHBANDI,,0,0,0,
NO_COMMON_PAGES,11416,6554,exact_title,Khawateen Ka Parda By Sheikh Abdur Rauf Sakharvi,,0,0,0,
NO_COMMON_PAGES,11417,6555,exact_title,Khawateen Ka Pardah By SHEIKH MUFTI ABDUR RAUF SAKHARVI,,0,0,0,
NO_COMMON_PAGES,11418,6556,exact_title,Khawateen Ka Tareeqa E Namaz By SHEIKH ABDUR RAUF SAKHARVI,,0,0,0,
NO_COMMON_PAGES,11419,6557,exact_title,Khawateen Ki Zaib o Zeenat K Shari Ahkam By SHEIKH MUFTI ZIAUR RAHMAN,,0,0,0,
NO_COMMON_PAGES,11424,6561,exact_title,khazain-e-shariat-o-tariqat,,0,0,0,
NO_COMMON_PAGES,11429,6566,exact_title,Khazainhadith,,0,0,0,
NO_COMMON_PAGES,11430,6568,exact_title,Khel Aur Tafreeh Ki Shari Hudood By Sheikh Mufti Mehmood Ashraf Usmani,,0,0,0,
NO_COMMON_PAGES,11433,6570,exact_title,Khomeini Ke Wasiyyat Namay Ka Jawab By SHEIKH MUHAMMAD YUSUF LUDHYANVI,,0,0,0,
NO_COMMON_PAGES,11434,6571,exact_title,Khomeini Sahab Ka Kehna Hai,,0,0,0,
NO_COMMON_PAGES,11435,6572,exact_title,KHOMEINISM Aur Islam By SHEIKH ABU REHAN ZIAUR RAHMAN FAROOQI (R.A),,0,0,0,
NO_COMMON_PAGES,11436,6573,exact_title,Khomeiniyat Asr e Hazir Ka Azeem Fitna By SHEIKH HABIBUR RAHMAN QASMI,,0,0,0,
NO_COMMON_PAGES,11437,6574,exact_title,Khoobsurat Zindagi By Sheikh Abdus Sattar [0]b,,0,0,0,
NO_COMMON_PAGES,11438,6575,exact_title,Khoobsurat Zindagi By SHEIKH ABDUS SATTAR,,0,0,0,
NO_COMMON_PAGES,11439,6576,exact_title,Khulafa e Hazrat Shaykhul Hadith Muhammad Zakariyya (r.a),,0,0,0,
NO_COMMON_PAGES,11442,6578,exact_title,KHULASA E KEDANI RASHEDIA,,0,0,0,
NO_COMMON_PAGES,11443,6579,exact_title,Khulasa tu Tajweed By SHEIKH IZHAR AHMAD THANVI,,0,0,0,
NO_COMMON_PAGES,11444,6580,exact_title,Khulasa tul Quran By Mufti Atique ur Rahman Shaheed (RA),,0,0,0,
NO_COMMON_PAGES,11446,6582,exact_title,Khulasat ut Tajweed By SHEIKH IZHAR AHMAD THANVI,,0,0,0,
NO_COMMON_PAGES,11447,6583,exact_title,Khush Khabree By Sheikh Ashraf Ali Thanvi (RA),,0,0,0,
NO_COMMON_PAGES,11457,6590,exact_title,Khutba e Juma Ki Miqdaar by DARUL ULOOM DEOBAND,,0,0,0,
NO_COMMON_PAGES,11548,6681,exact_title,Khutbat e Juma By SHEIKH MUFTI MUHAMMAD SHAFI (RA),,0,0,0,
NO_COMMON_PAGES,11549,6682,exact_title,Khutbat e Qasmi 1 By SHEIKH MUHAMMAD ZIA UL QASMI (RA),,0,0,0,
NO_COMMON_PAGES,11550,6683,exact_title,Khutbat e Qasmi 2 By SHEIKH MUHAMMAD ZIA UL QASMI (RA),,0,0,0,
NO_COMMON_PAGES,11551,6684,exact_title,Khutbat e Qasmi 5 By SHEIKH MUHAMMAD ZIA UL QASMI (RA),,0,0,0,
NO_COMMON_PAGES,11552,6685,exact_title,Khutbat e Qasmi 6 By SHEIKH MUHAMMAD ZIA UL QASMI (RA),,0,0,0,
NO_COMMON_PAGES,11553,6686,exact_title,Khutbat e Qasmi 7 By SHEIKH MUHAMMAD ZIA UL QASMI (RA),,0,0,0,
NO_COMMON_PAGES,11554,6687,exact_title,Khutbat e Shamzai By Mufti Nizamuddin Shamzai (RA),,0,0,0,
NO_COMMON_PAGES,11555,6688,exact_title,Khutbat Hajjat Ul Wadaa By Sheikh Fazlur Rahman Azmi,,0,0,0,
NO_COMMON_PAGES,11557,6689,exact_title,Khwateen e Islam Ki Behtareen Masjid By SHEIKH HABIBUR RAHMAN QASMI,,0,0,0,
NO_COMMON_PAGES,11558,6690,exact_title,Kia Ibn e Temiya Ulama E Ahle Sunnat Mein Say Hain By SHEIKH MUHAMMAD ABUBAKR GHAZIPURI,,0,0,0,
NO_COMMON_PAGES,11559,6691,exact_title,Kia Islam Talwar K Zor Say Phaila By SHEIKH ASLAM SHEIKHUPURI,,0,0,0,
NO_COMMON_PAGES,11560,6692,exact_title,Kia Salat o Salam Aur Mehfil E Meelad Bidat Hai By NOMAN MUHAMMAD AMEEN,,0,0,0,
NO_COMMON_PAGES,11561,6693,exact_title,Kibr Ka ILaaj by SHEIKH ASHRAF ALI THANVI (RA),,0,0,0,
NO_COMMON_PAGES,11562,6694,exact_title,KIFAYAT UL NAHW MEER MUHAMMAD,,0,0,0,
NO_COMMON_PAGES,11571,6703,exact_title,King Abdul Aziz Aur President Truman Ki Khat o Kitabat,,0,0,0,
NO_COMMON_PAGES,11572,6704,exact_title,Kitaab e Namaz By ABDUR RAHMAN KHAN MEWATI,,0,0,0,
NO_COMMON_PAGES,11573,6705,exact_title,Kitaab ut Tauheed By Sheikh Muhammad Bin Abdul Wahhaab,,0,0,0,
NO_COMMON_PAGES,11582,6713,exact_title,Kitabat e Hadith Ahd e Risalat o Sahabah Mein By Sheikh Mufti Rafi Usmani,,0,0,0,
NO_COMMON_PAGES,11583,6714,exact_title,Kitnay Hoslay Hain Parvardigar Ke By SHEIKH ZULFIQAR AHMAD NAQSHBANDI,,0,0,0,
NO_COMMON_PAGES,11584,6715,exact_title,kizbat-mirza,,0,0,0,
NO_COMMON_PAGES,11585,6716,exact_title,KN-kamil-No,,0,0,0,
NO_COMMON_PAGES,11586,6717,exact_title,KN-kamil,,0,0,0,
NO_COMMON_PAGES,11587,6718,exact_title,KN-kay-muhafiz,,0,0,0,
NO_COMMON_PAGES,11588,6719,exact_title,krishan-mirza,,0,0,0,
NO_COMMON_PAGES,11589,6720,exact_title,Kuch Dair Ghair Muqallideen Ke Saath By SHEIKH MUHAMMAD ABUBAKR GHAZIPURI &amp; SHEIKH IBN UL HASAN ABBASI,,0,0,0,
NO_COMMON_PAGES,11590,6721,exact_title,kufriyat-mirza,,0,0,0,
NO_COMMON_PAGES,11591,6722,exact_title,Kulliyat e Habib Jalib,,0,0,0,
NO_COMMON_PAGES,11592,6723,exact_title,Kulliyat e Iqbal By ALLAMA MUHAMMAD IQBAL (RA),,0,0,0,
NO_COMMON_PAGES,11593,6724,exact_title,Kutub e Fazail Par Aitrazaat K Jawabaat By SHEIKH MUHAMMAD ZAKARIYYA KANDHELVI (R.A),,0,0,0,
NO_COMMON_PAGES,11594,6725,exact_title,Kutub e Fazail Per Ashkalaat Aur Un ke Jawabaat By Sheikh Muhammad Zakariyya (r.a),,0,0,0,
NO_COMMON_PAGES,11595,6726,exact_title,Lamha e Fikriya By Sheikh Azam Tariq,,0,0,0,
NO_COMMON_PAGES,11600,6729,exact_title,Libaas Ke Sharee Usool By SHEIKH MUFTI TAQI USMANI,,0,0,0,
NO_COMMON_PAGES,11602,6730,exact_title,Limutal Aiteqaad By IMAM MOAFFIQUDDIN IBNE QADAMA MUQADDASI (R.A),,0,0,0,
NO_COMMON_PAGES,11604,6732,exact_title,Lo Aap Apnay Daam Mein Sayyaad Aa Gaya By Sheikh Manzoor Ahmad Chinioti (r.a),,0,0,0,
NO_COMMON_PAGES,11648,6775,exact_title,MaarifMasaail,,0,0,0,
NO_COMMON_PAGES,11654,6776,exact_title,Maarka e Eemaan o Maddiyat By SHEIKH ABUL HASAN ALI NADVI (R.A),,0,0,0,
NO_COMMON_PAGES,11655,6777,exact_title,Maarka e Rangoon By Sheikh Abdush Shakoor Lakhnavi (r.a),,0,0,0,
NO_COMMON_PAGES,11656,6778,exact_title,Mabda-Wa-Ma-ad-Farsi-Urdu,,0,0,0,
NO_COMMON_PAGES,11657,6780,exact_title,Madad Sirf Allah Hi Se Kioon By Sheikh Qari Rab Nawaz Hanfi,,0,0,0,
NO_COMMON_PAGES,11658,6781,exact_title,Madah e Sahabah By Muhammad Usman Alori,,0,0,0,
NO_COMMON_PAGES,11659,6782,exact_title,Madarijun Nubuwwat 1of2 By SHEIKH ABDUL HAQ DEHLVI (R.A),,0,0,0,
NO_COMMON_PAGES,11660,6783,exact_title,Madarijun Nubuwwat 2of2 By SHEIKH ABDUL HAQ DEHLVI (R.A),,0,0,0,
NO_COMMON_PAGES,11661,6785,exact_title,Madni Mashra By SHEIKH MUHAMMAD YUNUS PALANPURI,,0,0,0,
NO_COMMON_PAGES,11662,6786,exact_title,Maeeyat e ILahi By SHEIKH ZULFIQAR AHMAD NAQSHBANDI,,0,0,0,
NO_COMMON_PAGES,11663,6787,exact_title,Maghribi Mumalik K Chand Fiqhi Masail By SHEIKH MUFTI TAQI USMANI,,0,0,0,
NO_COMMON_PAGES,11664,6788,exact_title,Maghribi Mumalik Ke Jadeed Fiqhi Masail Aur Un Ka Hal By Sheikh Mufti Taqi Usmani,,0,0,0,
NO_COMMON_PAGES,11665,6789,exact_title,Mah e Rajab Chand Ghalat Fehmiyon Ka Azala By JUSTICE MUFTI MUHAMMAD TAQI USMANI,,0,0,0,
NO_COMMON_PAGES,11666,6790,exact_title,Mah e Rajab K Koonday By SHEIKH HAKEEM ANEES SIDDIQUI,,0,0,0,
NO_COMMON_PAGES,11667,6791,exact_title,Mah e Ramadhan Aur Rozay By Sheikh Muhammad Iqbal Falahi,,0,0,0,
NO_COMMON_PAGES,11668,6792,exact_title,MAH E RAMADHAN BAKHSHISH KA ZARIYA By SHEIKH MUFTI RAFI USMANI,,0,0,0,
NO_COMMON_PAGES,11669,6793,exact_title,MAH E RAMADHAN KE FAZAIL O MASAIL By SHEIKH ABDUR RAUF SAKHARVI,,0,0,0,
NO_COMMON_PAGES,11670,6794,exact_title,Mah e Safar Aur Jahilana Khayalat By SHEIKH MUFTI ABDUR RAUF SAKHARVI,,0,0,0,
NO_COMMON_PAGES,11674,6797,exact_title,Majalis al-Abrar - Shaykh Ahmad al-Rumi,,0,0,0,
NO_COMMON_PAGES,11677,6799,exact_title,MAJMOA E ABDUL GHAFOR MAHMODIA,,0,0,0,
NO_COMMON_PAGES,11678,6800,exact_title,MAJMOA E MANTIQ SHIRKAT E ILMIYA,,0,0,0,
NO_COMMON_PAGES,11679,6801,exact_title,MAJMOA E MEER ZAHID AMEER HAMZA,,0,0,0,
NO_COMMON_PAGES,11680,6802,exact_title,MAJMOAH E PANJ GANJ QADEMI,,0,0,0,
NO_COMMON_PAGES,11685,6807,exact_title,Majmoai Rasial Imaam Ghazali Jild 1,,0,0,0,
NO_COMMON_PAGES,11686,6808,exact_title,Majmoai Rasial Imaam Ghazali Jild 2,,0,0,0,
NO_COMMON_PAGES,11687,6809,exact_title,Majmoai Rasial Imaam Ghazali Jild 3,,0,0,0,
NO_COMMON_PAGES,11688,6810,exact_title,majmooa-rasaiel,,0,0,0,
NO_COMMON_PAGES,11689,6811,exact_title,Majmua e Bayanat (Vol 1) By Sheikh Muhammad Yusuf (r.a),,0,0,0,
NO_COMMON_PAGES,11690,6812,exact_title,Majmua Rasail (VOL 1) By SHEIKH AMEEN SAFDAR OKARVI (RA),,0,0,0,
NO_COMMON_PAGES,11691,6813,exact_title,Makateeb e Rasoolullah [SAW] By Sheikh Hifzur Rahman Seoharvi (r.a),,0,0,0,
NO_COMMON_PAGES,11692,6814,exact_title,Makhsoos Masaail By ATAUR RAHMAN,,0,0,0,
NO_COMMON_PAGES,11693,6815,exact_title,Maktoobaat e Masoomia By Khawaja Muhammad Masoom Sarhindi (r.a) Part 1,,0,0,0,
NO_COMMON_PAGES,11694,6816,exact_title,Maktoobaat e Masoomia By Khawaja Muhammad Masoom Sarhindi (r.a) Part 2,,0,0,0,
NO_COMMON_PAGES,11695,6817,exact_title,Maktoobaat e Masoomia By Khawaja Muhammad Masoom Sarhindi (r.a) Part 3,,0,0,0,
NO_COMMON_PAGES,11696,6818,exact_title,Maktoobaat e Sheikh Mujaddid Alif Thani Shaikh Ahmad Sarhindi (r.a) Part 1,,0,0,0,
NO_COMMON_PAGES,11697,6819,exact_title,Maktoobaat e Sheikh Mujaddid Alif Thani Shaikh Ahmad Sarhindi (r.a) Part 2,,0,0,0,
NO_COMMON_PAGES,11698,6820,exact_title,Maktoobat e Imam Rabbani (r.a) Jild 1 (Farsi),,0,0,0,
NO_COMMON_PAGES,11699,6821,exact_title,Maktoobat e Imam Rabbani (r.a) Jild 2 (Farsi),,0,0,0,
NO_COMMON_PAGES,11700,6822,exact_title,Malfoozat e Imam Abu Hanifa (r.a) By Sheikh Mehmood Ashraf Usmani,,0,0,0,
NO_COMMON_PAGES,11701,6823,exact_title,Malfoozat e Imam Ahmad Bin Hambal (R.A) By SHEIKH MEHMOOD ASHRAF USMANI,,0,0,0,
NO_COMMON_PAGES,11702,6824,exact_title,Malfoozat e Imam Malik (R.A) By SHEIKH MEHMOOD ASHRAF USMANI,,0,0,0,
NO_COMMON_PAGES,11703,6825,exact_title,Malfoozat e Imam Shafiee (r.a) by Sheikh Mahmood Ashraf Usmani,,0,0,0,
NO_COMMON_PAGES,11704,6826,exact_title,Malfoozat e Sheikh Muhammad Ilyas (r.a) By Sheikh Muhammad Manzoor Nomani (r.a),,0,0,0,
NO_COMMON_PAGES,11737,6858,exact_title,Manaqib Ali wa Hussain,,0,0,0,
NO_COMMON_PAGES,11738,6859,exact_title,Manasik e Haj o Umra By Sheikh Shamsulhaq,,0,0,0,
NO_COMMON_PAGES,11739,6860,exact_title,Manazaray,,0,0,0,
NO_COMMON_PAGES,11743,6861,exact_title,Manazra Hayat un Nabi (S.A.W) By SHEIKH ILYAS GHUMMAN,,0,0,0,
NO_COMMON_PAGES,11745,6862,exact_title,Mantiq at Taair By FARIDUDDIN ATTAR,,0,0,0,
NO_COMMON_PAGES,11746,6863,exact_title,Mantiq at tair (Arabic) By FARIDUDDIN ATTAR,,0,0,0,
NO_COMMON_PAGES,11747,6864,exact_title,Manzil By SHEIKH UL HADITH MUHAMMAD ZAKARIYYA (R.A),,0,0,0,
NO_COMMON_PAGES,11749,6865,exact_title,Maqaam e Eesaa (a.s) By SHEIKH AHMAD DEEDAT,,0,0,0,
NO_COMMON_PAGES,11752,6868,exact_title,maqalaat-KN,,0,0,0,
NO_COMMON_PAGES,11758,6874,exact_title,Maqalat Shibli Naumani,,0,0,0,
NO_COMMON_PAGES,11759,6875,exact_title,Maqam e Abi Hanifa (R.A) By SHEIKH SARFRAZ KHAN SAFDAR (R.A),,0,0,0,
NO_COMMON_PAGES,11760,6876,exact_title,Maqam E Hazrat Ameer Muavia (R.A) By SHEIKH ABDUL AZIZ PARHARVI (R.A) ,,0,0,0,
NO_COMMON_PAGES,11761,6877,exact_title,Maqam e Husain (R.A) o Yazeed By SHEIKH HABIBULLAH AHMAD ALVI,,0,0,0,
NO_COMMON_PAGES,11762,6878,exact_title,Maqami ul Hadeed By SHEIKH MUHAMMAD HANEEF AZAMI,,0,0,0,
NO_COMMON_PAGES,11765,6880,exact_title,Mard Aur Aurat Ki Namaz Mein Farq Ahadith Ki Roshni Mein By SHEIKH ABDUL GHAFOOR SIALKOTI,,0,0,0,
NO_COMMON_PAGES,11766,6881,exact_title,Mardon Ke 300 Fiqhi Masail By MADRASSAH BAIT UL ILM,,0,0,0,
NO_COMMON_PAGES,11767,6882,exact_title,Mardon Ke Libas Aur Balon Ke Shari Ahkam By Sheikh Kamaluddin Ahmad Rashdi,,0,0,0,
NO_COMMON_PAGES,11768,6883,exact_title,marfat-isam-MUHAMMAD-SALAM,,0,0,0,
NO_COMMON_PAGES,11769,6884,exact_title,marg-mirzaiyat,,0,0,0,
NO_COMMON_PAGES,11771,6886,exact_title,Mas&#39;ala e ILaah o Mas&#39;ala e Khilafat By SHEIKH MUHAMMAD ZIA UL QASMI (RA),,0,0,0,
NO_COMMON_PAGES,11773,6888,exact_title,Masail e Arbaa - Ghair Muqallideen Ulama Ki Nazar Mein By Syed Mushtaq Ali Shah,,0,0,0,
NO_COMMON_PAGES,11774,6889,exact_title,Masail e Ghusal By SHEIKH MUFTI ABDUR RAUF SAKHARVI,,0,0,0,
NO_COMMON_PAGES,11775,6890,exact_title,Masail e Ghusal e Mayyat By SYED ATEEQ UL HASAN AL HUSAINI,,0,0,0,
NO_COMMON_PAGES,11776,6891,exact_title,Masail e Namaz By Sheikh Habibur Rahman Azami,,0,0,0,
NO_COMMON_PAGES,11778,6892,exact_title,Masail e Shirk O Biddat By SHEIKH MUHAMMAD RIFAT QASMI,,0,0,0,
NO_COMMON_PAGES,11806,6918,exact_title,Masala e Sood By SHEIKH MUFTI MUHAMMAD SHAFI (R.A),,0,0,0,
NO_COMMON_PAGES,11807,6919,exact_title,Masala e Taqdeer By SHEIKH SHABEER AHMAD USMANI (R.A),,0,0,0,
NO_COMMON_PAGES,11808,6920,exact_title,Masala e Taqleed By SHEIKH MUFTI MUHAMMAD RASHID AZAMI,,0,0,0,
NO_COMMON_PAGES,11809,6921,exact_title,Masala Istimdad By Sheikh Syed Murtaza Hasan Chandpuri,,0,0,0,
NO_COMMON_PAGES,11810,6922,exact_title,Masala Qurbani with Saif e Yazdani By SHEIKH SARFRAZ KHAN SAFDAR (R.A),,0,0,0,
NO_COMMON_PAGES,11812,6924,exact_title,Masharti Bigaar Ka Saddebaab By SHEIKH MUHAMMAD YUSUF LUDHIANVI (RA),,0,0,0,
NO_COMMON_PAGES,11813,6925,exact_title,Masial e Ramazan,,0,0,0,
NO_COMMON_PAGES,11815,6927,exact_title,Masla E Taqleed By SHEIKH MUFTI MUHAMMAD RASHID AZAMI,,0,0,0,
NO_COMMON_PAGES,11816,6928,exact_title,Masla Khatam e Nubuwat Aur Qadiyani Waswasay By Sheikh Saeed Ahmad Palanpuri,,0,0,0,
NO_COMMON_PAGES,11817,6929,exact_title,Masla Khatam e Nubuwwat Aur Salaf as Saliheen By Sheikh Muhammad Naafay,,0,0,0,
NO_COMMON_PAGES,11818,6930,exact_title,Masla Royat e Hilal By SHEIKH MUFTI NIZAMUDDIN SHAMZAI (RA),,0,0,0,
NO_COMMON_PAGES,11819,6931,exact_title,masla-KN-aur-salaf-saliheen,,0,0,0,
NO_COMMON_PAGES,11821,6933,exact_title,Maslak e Deoband Kisi Firqay Ka Naam Nahein By Sheikh Mufti Rafi Usmani,,0,0,0,
NO_COMMON_PAGES,11822,6934,exact_title,Maslak Ulama E Deoband By SHEIKH QARI MUHAMMAD TAYYAB (R.A),,0,0,0,
NO_COMMON_PAGES,11827,6939,exact_title,Masnoon Namaz Ki 40 Hadiths By DR ILYAS FAISAL,,0,0,0,
NO_COMMON_PAGES,11828,6940,exact_title,Mata e Waqt Aur Karvan e Ilm By Ibn ul Hasan Abbasi,,0,0,0,
NO_COMMON_PAGES,11830,6941,exact_title,MATAN UL AQEDA TIT TAHAVI AL BUSHRA,,0,0,0,
NO_COMMON_PAGES,11831,6942,exact_title,MATAN UL KAFI AL BUSHRA COLOR,,0,0,0,
NO_COMMON_PAGES,11835,6945,exact_title,MATN UL MUQADDAMAH TAL JAZARIYAH QADEMI,,0,0,0,
NO_COMMON_PAGES,11837,6947,exact_title,Maulana-Muhammad-Musa-Ruhani-Bazi-Urdu,,0,0,0,
NO_COMMON_PAGES,11838,6993,exact_title,Maut K Waqt Ki Bidaat By SHEIKH ABDUR RAUF SAKHARVI,,0,0,0,
NO_COMMON_PAGES,11840,6994,exact_title,Maut Ka Zikr by SHEIKH ASHRAF ALI THANVI (RA),,0,0,0,
NO_COMMON_PAGES,11841,6995,exact_title,Maut Ki Tayyari By SHEIKH ZULFIQAR AHMAD NAQSHBANDI,,0,0,0,
NO_COMMON_PAGES,11863,7016,exact_title,Mayous Kiyoon Khara Hai By SHEIKH MUHAMMAD YUNUS PALANPURI,,0,0,0,
NO_COMMON_PAGES,11864,7017,exact_title,Mazahib-e-Alam mein Tasawwur-e-Khuda Aur 20 Jawabaat By DR. ZAKIR NAIK,,0,0,0,
NO_COMMON_PAGES,11865,7018,exact_title,MEBZI RASHEDIA,,0,0,0,
NO_COMMON_PAGES,11866,7019,exact_title,MEIN HANFI KAISAY HUA By SHEIKH AMEEN SAFDAR OKARVI (RA),,0,0,0,
NO_COMMON_PAGES,11868,7021,exact_title,Meraj Ki Batain By Sheikh Mufti Ashiq Ilahi Madni (r.a),,0,0,0,
NO_COMMON_PAGES,11869,7022,exact_title,Meray Daur K Ulama o Mashaaikh By SHEIKH MUHAMMAD ZIA UL QASMI (RA),,0,0,0,
NO_COMMON_PAGES,11870,7023,exact_title,Meri Sunnaton Per Amal Karo By Sheikh Mufti Abdul Hakeem,,0,0,0,
NO_COMMON_PAGES,11872,7025,exact_title,MEZAN O MANSHAAB AL BUSHRA COLOR,,0,0,0,
NO_COMMON_PAGES,11873,7026,exact_title,MEZAN O MANSHAAB AL BUSHRA,,0,0,0,
NO_COMMON_PAGES,11874,7027,exact_title,MIRAH UL ARWAH RASHEDIA,,0,0,0,
NO_COMMON_PAGES,11876,7028,exact_title,Mirza Masroor Ko Khula Khat By Shaikh Raheel Ahmad,,0,0,0,
NO_COMMON_PAGES,11877,7029,exact_title,Mirza Qadiyani Ki Ilmi Haisiat Uske Baitay Mirza Mehmood Ki Nazar Mein By Sheikh Suhail Bawa,,0,0,0,
NO_COMMON_PAGES,11878,7030,exact_title,Mirza Qadyani Ki 18 Ahm Paishangoiyon Ka Jaiza By HAFIZ MUHAMMAD IQBAL RANGOONI,,0,0,0,
NO_COMMON_PAGES,11879,7031,exact_title,Mirzaiyat Naiy Zawiyon Se By Sheikh Haneef Nadvi (r.a),,0,0,0,
NO_COMMON_PAGES,11880,7032,exact_title,mirzaiyat-aur-Islam,,0,0,0,
NO_COMMON_PAGES,11881,7033,exact_title,Misali Azdawaji Zindagi K Sunehri Usool By SHEIKH ZULFIQAR AHMAD NAQSHBANDI,,0,0,0,
NO_COMMON_PAGES,11882,7034,exact_title,MISBAH UL AWAMIL MEER MUHAMMAD,,0,0,0,
NO_COMMON_PAGES,11883,7035,exact_title,MISHKAR UL MASABEEH VOL 1 RAHMANIA,,0,0,0,
NO_COMMON_PAGES,11884,7036,exact_title,MISHKAR UL MASABEEH VOL 2 RAHMANIA,,0,0,0,
NO_COMMON_PAGES,11885,7037,exact_title,MISHKAT UL MASABEEH QADEMI,,0,0,0,
NO_COMMON_PAGES,11886,7038,exact_title,MISHKAT UL MASABEEH VOL 1 AL BUSHRA COLOR,,0,0,0,
NO_COMMON_PAGES,11887,7039,exact_title,MISHKAT UL MASABEEH VOL 1 AL BUSHRA,,0,0,0,
NO_COMMON_PAGES,11888,7040,exact_title,MISHKAT UL MASABEEH VOL 2 AL BUSHRA COLOR,,0,0,0,
NO_COMMON_PAGES,11889,7041,exact_title,MISHKAT UL MASABEEH VOL 2 AL BUSHRA,,0,0,0,
NO_COMMON_PAGES,11890,7042,exact_title,MISHKAT UL MASABEEH VOL 3 AL BUSHRA COLOR,,0,0,0,
NO_COMMON_PAGES,11891,7043,exact_title,MISHKAT UL MASABEEH VOL 3 AL BUSHRA,,0,0,0,
NO_COMMON_PAGES,11892,7044,exact_title,MISHKAT UL MASABEEH VOL 4 AL BUSHRA COLOR,,0,0,0,
NO_COMMON_PAGES,11893,7045,exact_title,MISHKAT UL MASABEEH VOL 4 AL BUSHRA,,0,0,0,
NO_COMMON_PAGES,11894,7046,exact_title,MISHKAT US SIRAJ MEER MUHAMMAD,,0,0,0,
NO_COMMON_PAGES,11896,7048,exact_title,Modudi Aur Takhreeb e Islam By SHEIKH MUFTI RASHEED AHMAD LUDHYANVI (R.A),,0,0,0,
NO_COMMON_PAGES,11897,7049,exact_title,Modudi Sahab Aur Unki Tehreeraat K Mutalliq Ahm Mazameen By VARIOUS TOP ULAMA,,0,0,0,
NO_COMMON_PAGES,11898,7050,exact_title,Modudi Sahab Ka Aik Ghalat Fatwa By SHEIKH SARFRAZ KHAN SAFDAR (R.A),,0,0,0,
NO_COMMON_PAGES,11899,7051,exact_title,Modudiyat Ka Asli Roop By SHEIKH AHMAD ALI SHAIKH,,0,0,0,
NO_COMMON_PAGES,11900,7052,exact_title,Mojeza Kia Hai By SHEIKH QARI MUHAMMAD TAYYAB (R.A),,0,0,0,
NO_COMMON_PAGES,11901,7053,exact_title,Molvi Ahmad Raza Khan Haqeeqat Ke Aainay Mein By SHEIKH MUHAMMAD JAVED USMAN MEMON,,0,0,0,
NO_COMMON_PAGES,11902,7054,exact_title,Momin Ka Hathiyaar By SHEIKH MUHAMMAD YUNUS PALANPURI,,0,0,0,
NO_COMMON_PAGES,11904,7055,exact_title,Mosooa Fiqhiyyah 001,,0,0,0,
NO_COMMON_PAGES,11905,7056,exact_title,Mosooa Fiqhiyyah 002,,0,0,0,
NO_COMMON_PAGES,11906,7057,exact_title,Moulana Ameen Safdar Owkarvi Rehmatullah Par Ilzamat K Jawabaat,,0,0,0,
NO_COMMON_PAGES,11907,7058,exact_title,Msial Bahisti Zaiwar Jild 1,,0,0,0,
NO_COMMON_PAGES,11908,7059,exact_title,MUALIM-UL-QURAN,,0,0,0,
NO_COMMON_PAGES,11910,7061,exact_title,MUALLIM UL INSHA VOL 1 NASHRIAT E ISLAM,,0,0,0,
NO_COMMON_PAGES,11911,7062,exact_title,MUALLIM UL INSHA VOL 2 NASHRIAT E ISLAM,,0,0,0,
NO_COMMON_PAGES,11912,7063,exact_title,MUALLIM UL INSHA VOL 3,,0,0,0,
NO_COMMON_PAGES,11915,7066,exact_title,MUBADI UL FALSAFA AL BUSHRA COLOR,,0,0,0,
NO_COMMON_PAGES,11917,7067,exact_title,MUBADI UL USOOL AL BUSHRA COLOR,,0,0,0,
NO_COMMON_PAGES,11919,7068,exact_title,Mubadiat e Hadith By SHEIKH MUFTI AHMAD KHAN,,0,0,0,
NO_COMMON_PAGES,11920,7069,exact_title,Mubarak Duain By Sheikh Muhammad Zuhair Ruhani Bazi,,0,0,0,
NO_COMMON_PAGES,11921,7070,exact_title,Mududi Khumeini 2 Bhai By AALMI MAJLIS TAHAFFUZ E ISLAM,,0,0,0,
NO_COMMON_PAGES,11925,7071,exact_title,MUEEN UL USOOL AL BUSHRA,,0,0,0,
NO_COMMON_PAGES,11926,7072,exact_title,Mufti Mehmood Hasan Aur Jamaat e Tableegh By SHEIKH FALUR RAHMAN AZMI,,0,0,0,
NO_COMMON_PAGES,11927,7073,exact_title,mugalazat-mirza,,0,0,0,
NO_COMMON_PAGES,11931,7077,exact_title,Muhaddiseen Azzam Aur Un Ki Kitabon Ka Taaruf By SHEIKH SALEEMULLAH KHAN,,0,0,0,
NO_COMMON_PAGES,11932,7078,exact_title,Muhaddiseen Ke Haan Fiqh Aur Fuqaha Ki Ahmiat By SHEIKH SYED SALMAN HUSAINI NADVI,,0,0,0,
NO_COMMON_PAGES,11935,7080,exact_title,MUHAMMADIA Pocket Book,,0,0,0,
NO_COMMON_PAGES,11936,7081,exact_title,Muhannad ala al-Mufannad,,0,0,0,
NO_COMMON_PAGES,11937,7082,exact_title,Muharram Aur Aashura Ke Fazail o Masail By Sheikh Fazlur Rahman Azmi,,0,0,0,
NO_COMMON_PAGES,11938,7083,exact_title,muhasra-qad,,0,0,0,
NO_COMMON_PAGES,11939,7084,exact_title,MUHEET UL DAIRAH HAQQANIA,,0,0,0,
NO_COMMON_PAGES,11941,7085,exact_title,MUHRAM E AAFANDI VOL 2 RASHEDIA,,0,0,0,
NO_COMMON_PAGES,11942,7086,exact_title,mujahideen-KN-ki-dastanian,,0,0,0,
NO_COMMON_PAGES,11943,7087,exact_title,MUJAM E ABWAB US SARF MEER MUHAMMAD,,0,0,0,
NO_COMMON_PAGES,11947,7091,exact_title,MUKHTARAT MIN ADAB IL ARAB NASHRIAT E ISLAM,,0,0,0,
NO_COMMON_PAGES,11948,7092,exact_title,MUKHTASAR UL MAANI AL BUSHRA VOL 1 AL BUSHRA,,0,0,0,
NO_COMMON_PAGES,11950,7093,exact_title,MUKHTASAR UL MAANI AL BUSHRA VOL 2 AL BUSHRA,,0,0,0,
NO_COMMON_PAGES,11954,7094,exact_title,MUKHTASAR UL QUDORI AL BUSHRA COLOR,,0,0,0,
NO_COMMON_PAGES,11955,7095,exact_title,MUKHTASAR UL QUDORI AL BUSHRA,,0,0,0,
NO_COMMON_PAGES,11958,7097,exact_title,Mulla Ali Qari (R.A) Aur Masala Hazir o Nazir Aur Ilm e Ghaib By SHEIKH SARFRAZ KHAN SAFDAR (R.A),,0,0,0,
NO_COMMON_PAGES,11960,7098,exact_title,Munajat e Maqbool (Version 3) by Sheikh Ashraf Ali Thanvi (r.a),,0,0,0,
NO_COMMON_PAGES,11961,7099,exact_title,Munajat e Maqbool By SHEIKH ASHRAF ALI THANVI (R.A),,0,0,0,
NO_COMMON_PAGES,11963,7101,exact_title,Munazra e Norway By Sheikh Manzoor Ahmad Chinioti (r.a),,0,0,0,
NO_COMMON_PAGES,11964,7102,exact_title,Munkar e Quran o Hadith By Sheikh Ikramullah Jan Qasmi,,0,0,0,
NO_COMMON_PAGES,11966,7103,exact_title,Munkiraat e Muharram By SHEIKH RASHEED AHMAD LUDHYANVI (R.A),,0,0,0,
NO_COMMON_PAGES,11968,7104,exact_title,MUNTAKHAB UL HUSAMI AL BUSHRA COLOR,,0,0,0,
NO_COMMON_PAGES,11971,7105,exact_title,Muntakhib Ahadees (Urdu) By SHEIKH MUHAMMAD YUSUF KANDHELVI (RA),,0,0,0,
NO_COMMON_PAGES,11973,7107,exact_title,MUQADDAMA E SAHI AL BUKHARI ALTAF AND SONS,,0,0,0,
NO_COMMON_PAGES,11977,7111,exact_title,muqadma-qad-mazhab,,0,0,0,
NO_COMMON_PAGES,11978,7112,exact_title,Murawwaja Islami Bankari By Jamia Uloom ul Islamiyyah Banuri Town,,0,0,0,
NO_COMMON_PAGES,11979,7113,exact_title,Murawwaja Qaza e Umri Bidat Hai By SHEIKH HAFIZ ABDUL QUDDUS QARAN,,0,0,0,
NO_COMMON_PAGES,11980,7114,exact_title,Murawwaja Quran Khawani Ki Shari Hesiyat By SHEIKH ABDUR RAUF SAKHARVI,,0,0,0,
NO_COMMON_PAGES,11981,7115,exact_title,Murawwaja Quran Khwani By SHEIKH MUFTI ABDUR RAUF SAKHARVI,,0,0,0,
NO_COMMON_PAGES,11983,7117,exact_title,Murawwajah Mozon (Socks) Per Masah Ka Masla By Sheikh Mufti Taqi Usmani,,0,0,0,
NO_COMMON_PAGES,11984,7118,exact_title,Murawwajah Salat o Salam Ki Shari Hesiat By SHEIKH MUHAMMAD SHAFI (RA),,0,0,0,
NO_COMMON_PAGES,11986,7119,exact_title,Musaddas e Hali,,0,0,0,
NO_COMMON_PAGES,11987,7120,exact_title,MUSALLAM US SUBOOT HAQQANIA,,0,0,0,
NO_COMMON_PAGES,11988,7121,exact_title,MUSALLAM US SUBOOT RASHEDIA,,0,0,0,
NO_COMMON_PAGES,11989,7122,exact_title,Musalmanon K 4 Dushman By SHEIKH MUFTI ABDUR RAUF SAKHARVI,,0,0,0,
NO_COMMON_PAGES,11990,7123,exact_title,Musalmanon K Huqooq By SHEIKH MUFTI NIZAMUDDIN SHAMZAI (RA),,0,0,0,
NO_COMMON_PAGES,11991,7124,exact_title,Musalmanon Ki Firqa Bandiyon Ka Afsana By SHEIKH MANAZIR AHSAN GAILANI,,0,0,0,
NO_COMMON_PAGES,11992,7125,exact_title,Museebat Se Sabaq Hasil Karna by SHEIKH ASHRAF ALI THANVI (RA),,0,0,0,
NO_COMMON_PAGES,11993,7126,exact_title,Museebat Zadon Ki Ghamkhuari by SHEIKH ASHRAF ALI THANVI (RA),,0,0,0,
NO_COMMON_PAGES,11994,7127,exact_title,Muslim League Ki Zareen Bakhia Dari By Muhammad Mian Qadri,,0,0,0,
NO_COMMON_PAGES,11998,7128,exact_title,MUSNAD UL IMAM IL AAZAM AL BUSHRA,,0,0,0,
NO_COMMON_PAGES,11999,7129,exact_title,MUSNAD UL IMAM IL AAZAM QADEMI,,0,0,0,
NO_COMMON_PAGES,12013,7143,exact_title,MUSTAKHLIS UL HAQAIQ RASHEDIA,,0,0,0,
NO_COMMON_PAGES,12014,7144,exact_title,Mustanad Namaz e Hanafi By SHEIKH IMDADULLAH ANWAR,,0,0,0,
NO_COMMON_PAGES,12015,7145,exact_title,Muta Hargiz Na Kijiye By SHEIKH MUHAMMAD IQBAL RANGOONI,,0,0,0,
NO_COMMON_PAGES,12016,7146,exact_title,Mutalia e Barelviat Vol 06 By SHEIKH ALLAMA KHALID MEHMOOD,,0,0,0,
NO_COMMON_PAGES,12017,7147,exact_title,Mutazila By ABDUL HALEEM SHARAR,,0,0,0,
NO_COMMON_PAGES,12019,7148,exact_title,Naey Masail Aur Ulama e Hind Ke Faislay,,0,0,0,
NO_COMMON_PAGES,12021,7150,exact_title,NAFHA TUL ARAB AL BUSHRA COLOR,,0,0,0,
NO_COMMON_PAGES,12023,7151,exact_title,Nafs Ke Banday By SHEIKH MUFTI RASHEED AHMAD LUDHYANVI (R.A),,0,0,0,
NO_COMMON_PAGES,12024,7152,exact_title,nagmat-KN,,0,0,0,
NO_COMMON_PAGES,12026,7153,exact_title,NAHW MEER AL BUSHRA,,0,0,0,
NO_COMMON_PAGES,12027,7154,exact_title,Naimatullah Shah Wali&#39;s Predictions (BrassTacks),,0,0,0,
NO_COMMON_PAGES,12028,7155,exact_title,Naimatullah Shah Wali&#39;s Predictions,,0,0,0,
NO_COMMON_PAGES,12031,7158,exact_title,Namaz Ba Mutabiq Sunnat By SHEIKH MUHAMMAD HABIBULLAH MUKHTAR,,0,0,0,
NO_COMMON_PAGES,12032,7159,exact_title,Namaz e Hanafi SHEIKH KHAIR MUHAMMAD JALANDHRI,,0,0,0,
NO_COMMON_PAGES,12033,7160,exact_title,Namaz K Asrar o Ramooz By SHEIKH ZULFIQAR AHMAD NAQSHBANDI,,0,0,0,
NO_COMMON_PAGES,12034,7161,exact_title,Namaz Ke Masail By SHEIKH MUFTI RASHEED AHMAD ALVI,,0,0,0,
NO_COMMON_PAGES,12037,7162,exact_title,Namaz Ki Baaz Eham Kotahiyan By SHEIKH ABDUR RAUF SAKHARVI,,0,0,0,
NO_COMMON_PAGES,12038,7163,exact_title,Namaz Ki Ehmiyat By Sheikh Abdus Sattar,,0,0,0,
NO_COMMON_PAGES,12039,7164,exact_title,Namaz ki Pabandi Aur Us Ki Hifazat By Sheikh Fazlur Rahman Azmi,,0,0,0,
NO_COMMON_PAGES,12040,7165,exact_title,Namaz Mein Dil ki Hifazat By SHEIKH MUFTI ABDUR RAUF SAKHARVI,,0,0,0,
NO_COMMON_PAGES,12041,7166,exact_title,Namaz Mein Khawateen Ki Ghaflatein By SHEIKH RASHEED AHMAD LUDHYANVI,,0,0,0,
NO_COMMON_PAGES,12043,7167,exact_title,Namaz-e-Fajr aur Hamari Kotahi  By SHEIKH MUFTI ABDUR RAUF SAKHARVI,,0,0,0,
NO_COMMON_PAGES,12050,7174,exact_title,Namazain Sunnat Ke Mutabiq Parhiye By SHEIKH MUFTI TAQI USMANI,,0,0,0,
NO_COMMON_PAGES,12052,7176,exact_title,namoos-risalat-aur-americi-shazishain,,0,0,0,
NO_COMMON_PAGES,12053,7177,exact_title,namos-MUHAMMAD-kay-pasban,,0,0,0,
NO_COMMON_PAGES,12054,7178,exact_title,Naseehat Hasil Karna by SHEIKH ASHRAF ALI THANVI (RA),,0,0,0,
NO_COMMON_PAGES,12055,7179,exact_title,Nastaleeq Nama By SHEIKH SYED NAFEES UL HUSAINI,,0,0,0,
NO_COMMON_PAGES,12064,7188,exact_title,Nifaaz e Shariat K Masaail By Sheikh Mufti Taqi Usmani,,0,0,0,
NO_COMMON_PAGES,12065,7189,exact_title,Nigah-e-Nabuwat,,0,0,0,
NO_COMMON_PAGES,12067,7191,exact_title,Nikah Ki Chand Baatein By SHEIKH MUFTI ABDUR RAUF SAKHARVI,,0,0,0,
NO_COMMON_PAGES,12068,7192,exact_title,Nikah o Talaaq Ka Shari Nizaam By Sheikh Mufti Ehsanullah Shaiq,,0,0,0,
NO_COMMON_PAGES,12075,7198,exact_title,Noor O Bashar By SHEIKH SARFRAZ KHAN SAFDAR (R.A),,0,0,0,
NO_COMMON_PAGES,12076,7199,exact_title,NOOR UL ANWAAR RAHMANIA,,0,0,0,
NO_COMMON_PAGES,12077,7200,exact_title,NOOR UL ANWAAR VOL 1 AL BUSHRA COLOR,,0,0,0,
NO_COMMON_PAGES,12078,7201,exact_title,NOOR UL ANWAAR VOL 1 AL BUSHRA,,0,0,0,
NO_COMMON_PAGES,12079,7202,exact_title,NOOR UL ANWAAR VOL 2 AL BUSHRA COLOR,,0,0,0,
NO_COMMON_PAGES,12080,7203,exact_title,NOOR UL ANWAAR VOL 2 AL BUSHRA,,0,0,0,
NO_COMMON_PAGES,12081,7204,exact_title,NOOR UL EZAH AL BUSHRA COLOR,,0,0,0,
NO_COMMON_PAGES,12082,7205,exact_title,NOOR UL EZAH AL BUSHRA,,0,0,0,
NO_COMMON_PAGES,12083,7206,exact_title,NOOR UL EZAH RAHMANIA,,0,0,0,
NO_COMMON_PAGES,12088,7208,exact_title,Noorani Qaida,,0,0,0,
NO_COMMON_PAGES,12091,7210,exact_title,Nuqsan e Azeem by SHEIKH QARI KHALEEL AHMAD THANVI,,0,0,0,
NO_COMMON_PAGES,12092,7211,exact_title,Nurus Sabah Fi Tark Rafa ul Yadain Baad al Iftitah By SHEIKH HAFIZ MUHAMMAD HABIBULLAH DAIRVI,,0,0,0,
NO_COMMON_PAGES,12093,7212,exact_title,Paglon Ki Kahani By SHEIKH MUHAMMAD FAZIL (R.A),,0,0,0,
NO_COMMON_PAGES,12094,7213,exact_title,paigam-hidayat,,0,0,0,
NO_COMMON_PAGES,12095,7214,exact_title,Paigham e Hidayat By Sheikh Manzoor Ahmad Chinioti (r.a),,0,0,0,
NO_COMMON_PAGES,12096,7215,exact_title,Paigham e Musarrat By SHEIKH MUFTI ZAR WALI KHAN.pdf,,0,0,0,
NO_COMMON_PAGES,12097,7216,exact_title,PAND NAMAH AL BUSHRA COLOR,,0,0,0,
NO_COMMON_PAGES,12098,7217,exact_title,PAND NAMAH AL BUSHRA,,0,0,0,
NO_COMMON_PAGES,12099,7218,exact_title,Parda e Shari Ki Chahal Hadith By SHEIKH NOOR AHMAD,,0,0,0,
NO_COMMON_PAGES,12101,7219,exact_title,Parhta Ja Sharmata Ja By HAFIZ ABDUR RASHEED,,0,0,0,
NO_COMMON_PAGES,12102,7220,exact_title,Parliament Members K Naam By SHEIKH ZIAUR RAHMAN FAROOQI,,0,0,0,
NO_COMMON_PAGES,12103,7221,exact_title,Parosion K Huqooq By SHEIKH MUFTI NIZAMUDDIN SHAMZAI (RA),,0,0,0,
NO_COMMON_PAGES,12104,7222,exact_title,Parosion K Huqooq By SHEIKH MUFTI TAQI USMANI,,0,0,0,
NO_COMMON_PAGES,12108,7223,exact_title,Pursukoon Azdawaji Zindagi By Sheikh Abdus Sattar [0]c,,0,0,0,
NO_COMMON_PAGES,12109,7224,exact_title,Pursukoon Azdawaji Zindagi By SHEIKH ABDUS SATTAR,,0,0,0,
NO_COMMON_PAGES,12110,7225,exact_title,Pyaray Nabi (S.A.W) Ki Pyari Sahabzadiyan By HAFIZ HAQQANI MIAN,,0,0,0,
NO_COMMON_PAGES,12112,7227,exact_title,Qabar Ki Zindagi By SHEIKH MUHAMMAD ABDUL KAREEM NOMANI,,0,0,0,
NO_COMMON_PAGES,12114,7229,exact_title,qad-afsanay,,0,0,0,
NO_COMMON_PAGES,12117,7230,exact_title,qad-dehshatgard-tanzeem,,0,0,0,
NO_COMMON_PAGES,12118,7231,exact_title,qad-gardaron-ki-nishan-dahi,,0,0,0,
NO_COMMON_PAGES,12121,7233,exact_title,qad-Islam-aur-science,,0,0,0,
NO_COMMON_PAGES,12122,7234,exact_title,qad-ka-sayasi-tajzeeya,,0,0,0,
NO_COMMON_PAGES,12123,7235,exact_title,qad-kartoot,,0,0,0,
NO_COMMON_PAGES,12124,7236,exact_title,qad-kay-takub-main,,0,0,0,
NO_COMMON_PAGES,12125,7237,exact_title,qad-ki-uryian-tasveerain,,0,0,0,
NO_COMMON_PAGES,12126,7238,exact_title,qad-kush,,0,0,0,
NO_COMMON_PAGES,12127,7239,exact_title,qad-mazhab-ka-ilmi(orignal)l,,0,0,0,
NO_COMMON_PAGES,12129,7240,exact_title,qad-musla,,0,0,0,
NO_COMMON_PAGES,12130,7241,exact_title,qad-mutalia-jaiza,,0,0,0,
NO_COMMON_PAGES,12131,7242,exact_title,qad-raiza-raiza-hoti-hy,,0,0,0,
NO_COMMON_PAGES,12132,7243,exact_title,qad-raspotino-keiibratnaq-anjam,,0,0,0,
NO_COMMON_PAGES,12133,7244,exact_title,qad-shikan,,0,0,0,
NO_COMMON_PAGES,12136,7247,exact_title,qad-sy-Islam-tak,,0,0,0,
NO_COMMON_PAGES,12137,7248,exact_title,qad-us-bazar-main,,0,0,0,
NO_COMMON_PAGES,12138,7249,exact_title,qadiani-fitna-or-Millat-Islamia,,0,0,0,
NO_COMMON_PAGES,12139,7250,exact_title,Qadiyani BoomNama By Sheikh Muhammad Asaad Farooqi,,0,0,0,
NO_COMMON_PAGES,12140,7251,exact_title,Qadiyaniat By Sheikh Syed Abul Hasan Ali Nadvi (r.a),,0,0,0,
NO_COMMON_PAGES,12141,7252,exact_title,Qadiyaniat Ke 2 Chehray By Sheikh Mushtaq Ahmad Chinioti,,0,0,0,
NO_COMMON_PAGES,12143,7254,exact_title,Qadiyanion Ki Nakamiyon Ki Roedad By Sheikh Mushtaq Ahmad Chinioti,,0,0,0,
NO_COMMON_PAGES,12144,7255,exact_title,Qadiyanion Ki Tadaad - Haqiqat Kya Hai By Sheikh Suhail Bawa,,0,0,0,
NO_COMMON_PAGES,12145,7256,exact_title,Qadiyanion Ko Dawat e Islam By Sheikh Muhammad Yusuf Ludhyanvi (r.a),,0,0,0,
NO_COMMON_PAGES,12146,7257,exact_title,Qadyaniat By SHEIKH SYED ABUL HASAN ALI NADVI (R.A),,0,0,0,
NO_COMMON_PAGES,12147,7258,exact_title,Qadyaniat Ka Zahoor By SHEIKH SYED ABUL HASAN ALI NADVI (R.A),,0,0,0,
NO_COMMON_PAGES,12151,7260,exact_title,QALA AQOLO RASHEDIA,,0,0,0,
NO_COMMON_PAGES,12152,7261,exact_title,Qalb e Saleem By SHEIKH ZULFIQAR AHMAD NAQSHBANDI,,0,0,0,
NO_COMMON_PAGES,12164,7268,exact_title,Qasaidd-e-Qasmi,,0,0,0,
NO_COMMON_PAGES,12165,7269,exact_title,Qasas ul Ambiya By Ibn e Katheer (RA),,0,0,0,
NO_COMMON_PAGES,12166,7270,exact_title,QASAS UL NABIYYEN VOL 1 NASHRIAT E ISLAM,,0,0,0,
NO_COMMON_PAGES,12167,7271,exact_title,QASAS UL NABIYYEN VOL 2 NASHRIAT E ISLAM,,0,0,0,
NO_COMMON_PAGES,12168,7272,exact_title,QASAS UL NABIYYEN VOL 3 NASHRIAT E ISLAM,,0,0,0,
NO_COMMON_PAGES,12169,7273,exact_title,QASAS UL NABIYYEN VOL 4 NASHRIAT E ISLAM,,0,0,0,
NO_COMMON_PAGES,12170,7274,exact_title,QASAS UL NABIYYEN VOL 5 NASHRIAT E ISLAM,,0,0,0,
NO_COMMON_PAGES,12171,7275,exact_title,Qasas-Ul-Ambiya (Version 2) by-Ibn-e-Katheer-r-a,,0,0,0,
NO_COMMON_PAGES,12175,7279,exact_title,Qasd us Sabeel By Sheikh Ashraf Ali Thanvi,,0,0,0,
NO_COMMON_PAGES,12176,7280,exact_title,Qaseeda Hassan Bin Sabit (r.a),,0,0,0,
NO_COMMON_PAGES,12178,7282,exact_title,Qasidah-Husna,,0,0,0,
NO_COMMON_PAGES,12179,7283,exact_title,Qasim Al Uloom Wal Khairat By SYED NAFEES UL HUSAINI (R.A),,0,0,0,
NO_COMMON_PAGES,12180,7284,exact_title,Qasim bin Qatlubgha,,0,0,0,
NO_COMMON_PAGES,12181,7285,exact_title,Qatraat ul Itr By SHEIKH MUHAMMAD MEHMOOD ALAM SAFDAR,,0,0,0,
NO_COMMON_PAGES,12182,7286,exact_title,qaumi-digest,,0,0,0,
NO_COMMON_PAGES,12183,7287,exact_title,QAWANEEN E ZARADI RASHEDIA,,0,0,0,
NO_COMMON_PAGES,12184,7288,exact_title,Qayamat Kab Aaey Gi By Sheikh Ashiq Ilahi Madni (r.a),,0,0,0,
NO_COMMON_PAGES,12186,7289,exact_title,Qirat Khalaf ul Imam Sahih Bukhari Ki Roshni Mein By SHEIKH SYED FAKHRUDDIN AHMAD (R.A),,0,0,0,
NO_COMMON_PAGES,12189,7291,exact_title,"Quaid e Azam, Nazriyya Pakistan Aur Islami Nizam  Modudi Ki Nazar Mein By SHEIKH MUHAMMAD ISHFAQ AHMAD",,0,0,0,
NO_COMMON_PAGES,12190,7292,exact_title,Quaid e Qadiyan By Sheikh Ashraf Ali Thanvi (r.a),,0,0,0,
NO_COMMON_PAGES,12191,7293,exact_title,Qubooliyat Challenge Mubahla By Hafiz Bashir Ahmad Misri,,0,0,0,
NO_COMMON_PAGES,12192,7294,exact_title,Quma Aur Jalsa Main Itminan Ka Wajoob Aur In Dono Main Azkar Ka Saboot By Sheikh Fazlur Rahman Azmi,,0,0,0,
NO_COMMON_PAGES,12193,7295,exact_title,Qunoot e Naazla By Abu Yahya,,0,0,0,
NO_COMMON_PAGES,12194,7296,exact_title,Quran (15 Lines) Full,,0,0,0,
NO_COMMON_PAGES,12195,7297,exact_title,Quran (16 LINES) FULL,,0,0,0,
NO_COMMON_PAGES,12197,7299,exact_title,Quran aur Bible - Science Ki Roshni Mein By DR. ZAKIR NAIK,,0,0,0,
NO_COMMON_PAGES,12198,7300,exact_title,Quran Aur Farooq e Azam By SHEIKH MUFTI ISMATULLAH,,0,0,0,
NO_COMMON_PAGES,12199,7301,exact_title,Quran Ka Mutalea Kaisay By SHEIKH MUHAMMAD OWAIS NADVI,,0,0,0,
NO_COMMON_PAGES,12200,7302,exact_title,Quran Ka Peghaam By SHEIKH MUHAMMAD SHAHABUDDIN NADVI,,0,0,0,
NO_COMMON_PAGES,12202,7303,exact_title,Quran Majeed K Adbi Asrar o Ramooz By SHEIKH ZULFIQAR AHMAD NAQSHBANDI,,0,0,0,
NO_COMMON_PAGES,12203,7304,exact_title,Quran o Hadith Ke Khilaf Ghair Muqallideen Ke 50 Masail By SHEIKH MUFTI SYED MEHDI HASAN SHAHJAHANPURI,,0,0,0,
NO_COMMON_PAGES,12204,7305,exact_title,Quran o Sunnat Ki Roshni Mein Eesaal e Sawab Ka Saboot by SHEIKH MUHAMMAD JAVED USMAN MEMON,,0,0,0,
NO_COMMON_PAGES,12205,7306,exact_title,Quran With Urdu Translation By SHEIKH FATEH MUHAMMAD JALANDHRI,,0,0,0,
NO_COMMON_PAGES,12206,7307,exact_title,Quran Words,,0,0,0,
NO_COMMON_PAGES,12211,7312,exact_title,Qurbani e Kaamil by SHEIKH ASHRAF ALI THANVI (RA),,0,0,0,
NO_COMMON_PAGES,12212,7313,exact_title,Qurbani k Fazail O Masail By SHEIKH ABDUR RAUF SAKHARVI,,0,0,0,
NO_COMMON_PAGES,12213,7314,exact_title,Qurbani Kay Masail By SHEIKH MUHAMMAD YUSUF LUDHYANVI (RA),,0,0,0,
NO_COMMON_PAGES,12214,7315,exact_title,Qurbani Ke Ahkam o Masail By SHEIKH WALI HASAN TONKI (R.A),,0,0,0,
NO_COMMON_PAGES,12215,7316,exact_title,Qurbani o Zulhijjah Ke Fazail o Masail By SHEIKH MUFTI ABDUR RAUF SAKHARVI,,0,0,0,
NO_COMMON_PAGES,12218,7319,exact_title,Qutub e Sawat By SHEIKH SYED NAFEES UL HUSAINI (R.A),,0,0,0,
NO_COMMON_PAGES,12219,7320,exact_title,QUWAT UL AKHYAR VOL 1 2 QADEMI,,0,0,0,
NO_COMMON_PAGES,12222,7323,exact_title,RABI UL AWWAL MUHABBAT KE AINAY MEIN BY SHEIKH MUFTI RASHEED AHMAD LUDHYANVI (RA),,0,0,0,
NO_COMMON_PAGES,12223,7324,exact_title,Rabiul Awwal Mein Josh e Muhabbat By SHEIKH RASHEED AHMAD LUDHYANVI (R.A),,0,0,0,
NO_COMMON_PAGES,12224,7325,exact_title,rabwa-aur-qad-jo-hum-ny-daikha,,0,0,0,
NO_COMMON_PAGES,12225,7326,exact_title,rabwa-ki-purisraar-kahanian,,0,0,0,
NO_COMMON_PAGES,12227,7328,exact_title,rad-qad-kay-zareen-asool,,0,0,0,
NO_COMMON_PAGES,12228,7329,exact_title,Radd e Rawaafiz (Mujaddid Alif Sani Shaikh Ahmad Sarhindi),,0,0,0,
NO_COMMON_PAGES,12230,7331,exact_title,raees-qad,,0,0,0,
NO_COMMON_PAGES,12231,7332,exact_title,Rafa e Yadain Sahih Bukhari Ki Roshni Mein By SHEIKH SYED FAKHRUDDIN AHMAD (R.A),,0,0,0,
NO_COMMON_PAGES,12232,7333,exact_title,Rafa Yadain Ki Chaar Rivayaat Ki Tehqeeq,,0,0,0,
NO_COMMON_PAGES,12233,7334,exact_title,Rafzeat By SHEIKH IMAM IBN E TAYMIA,,0,0,0,
NO_COMMON_PAGES,12234,7335,exact_title,Rah e Aafiat By Nizam Education Society,,0,0,0,
NO_COMMON_PAGES,12235,7336,exact_title,Rah e Aitedaal by Sheikh Muhammad Waseem Mewati,,0,0,0,
NO_COMMON_PAGES,12236,7337,exact_title,Rah e Aman By SUFI ABDUR RAHMAN,,0,0,0,
NO_COMMON_PAGES,12237,7338,exact_title,Rah e Hidayat By SHEIKH SARFRAZ KHAN SAFDAR (R.A),,0,0,0,
NO_COMMON_PAGES,12238,7339,exact_title,Rah e Mohabbat By SHEIKH MUFTI MUKHTARUDDIN KARBOGHA SHAREEF,,0,0,0,
NO_COMMON_PAGES,12239,7340,exact_title,RAH E SUNNAT BY SHEIKH SARFRAZ KHAN SAFDAR (R.A),,0,0,0,
NO_COMMON_PAGES,12246,7346,exact_title,Rahmatul Lil Aalameen (FULL) QAZI MUHAMMAD SULAIMAN SALMAN MANSOORPURI,,0,0,0,
NO_COMMON_PAGES,12247,7347,exact_title,Rahnuma e Islami Naam (Islamic Names) By Sheikh Mufti Abdush Shakoor Qasmi (r.a),,0,0,0,
NO_COMMON_PAGES,12248,7348,exact_title,Rahnuma e Tableeghi Safar Aur 6 Number,,0,0,0,
NO_COMMON_PAGES,12249,7349,exact_title,Rakaat e Taravih Aik Tahqiqi Jaiza By SHEIKH ZAHOOR AHMAD HUSAINI,,0,0,0,
NO_COMMON_PAGES,12250,7351,exact_title,RAMADHAN FAZAEL O MASAEL By SHEIKH ASHIQ ILAHI BULAND SHEHRI,,0,0,0,
NO_COMMON_PAGES,12251,7352,exact_title,RAMADHAN KA AAKHRI DIN AUR JAHANNUM KA TAZKIRAH By SHEIKH ABDUR RAUF SAKHARVI,,0,0,0,
NO_COMMON_PAGES,12252,7353,exact_title,Ramadhan Ki Teen Ibadatain by SHEIKH ASHRAF ALI THANVI (RA),,0,0,0,
NO_COMMON_PAGES,12253,7354,exact_title,RAMADHAN KIS TARAH GUZARAIN By SHEIKH MUFTI TAQI USMANI,,0,0,0,
NO_COMMON_PAGES,12254,7355,exact_title,Ramooz e Bekhudi (Urdu Manzoom Tarjumah) By Allama Muhammad Iqbal (r.a),,0,0,0,
NO_COMMON_PAGES,12255,7356,exact_title,Ramzan al Mubarik by SHEIKH ASHRAF ALI THANVI (RA).pdf,,0,0,0,
NO_COMMON_PAGES,12256,7357,exact_title,Ramzan Se Qabal by SHEIKH DR ABDULHAI ARIFI (RA),,0,0,0,
NO_COMMON_PAGES,12258,7359,exact_title,Ras ul Rabieen by SHEIKH ASHRAF ALI THANVI (RA),,0,0,0,
NO_COMMON_PAGES,12259,7360,exact_title,Rasaail e Qasmi By SHEIKH MUHAMMAD ZIA UL QASMI (RA),,0,0,0,
NO_COMMON_PAGES,12262,7363,exact_title,Rasool e Akram (SAW) Ba Hesiat e Tajir By HAFIZ MUHAMMAD ARIF GHANJI,,0,0,0,
NO_COMMON_PAGES,12265,7366,exact_title,Raza Khani Mazhab VOL 1 By ALLAMA SAEED AHMAD QADRI,,0,0,0,
NO_COMMON_PAGES,12266,7367,exact_title,Raza Khani Mazhab VOL 2 By ALLAMA SAEED AHMAD QADRI,,0,0,0,
NO_COMMON_PAGES,12267,7368,exact_title,Raza Khani Mazhab VOL 3 By ALLAMA SAEED AHMAD QADRI,,0,0,0,
NO_COMMON_PAGES,12268,7369,exact_title,Raza Khaniyon Ki Kufr Saazian By Sheikh Noor Muhammad Mazahiri (r.a),,0,0,0,
NO_COMMON_PAGES,12270,7370,exact_title,Rehan e Itrat By SHEIKH SYED NAFEES AL HUSAINI (R.A),,0,0,0,
NO_COMMON_PAGES,12271,7371,exact_title,Rehmat e Aalam By SHEIKH SYED SULAIMAN NADVI (R.A),,0,0,0,
NO_COMMON_PAGES,12272,7372,exact_title,Rehzan Ki Pehchan By SHEIKH HAQ NAWAZ JHANGVI (R.A),,0,0,0,
NO_COMMON_PAGES,12273,7373,exact_title,RIAZ UL SALIHEEN AL BUSHRA,,0,0,0,
NO_COMMON_PAGES,12274,7374,exact_title,RIAZ UL SALIHEEN QADEMI,,0,0,0,
NO_COMMON_PAGES,12278,7377,exact_title,Rooh e Ala Hazrat Ki Faryad By SYED ZAHEERUDDIN KHAN QADRI,,0,0,0,
NO_COMMON_PAGES,12286,7385,exact_title,Royat e Hilal BY SHEIKH MUFTI MUHAMMAD SHAFI (RA),,0,0,0,
NO_COMMON_PAGES,12287,7386,exact_title,ROZA HAM SE KIA MUTALBA KARTA HAI By SHEIKH MUFTI TAQI USMANI,,0,0,0,
NO_COMMON_PAGES,12289,7387,exact_title,ROZA TUT TALIBEEN ZAMZAM,,0,0,0,
NO_COMMON_PAGES,12294,7392,exact_title,Saal Bhar Ke Masnoon Aamaal By SHEIKH SHAH ASHRAF ALI THANVI (R.A),,0,0,0,
NO_COMMON_PAGES,12295,7393,exact_title,Saat Masail By SHEIKH MUFTI RASHEED AHMAD LUDHYANVI (R.A),,0,0,0,
NO_COMMON_PAGES,12300,7397,exact_title,Sabeel ur Rashaad Fi Tehqeeq Talafuz iz Zaud By SHEIKH QARI MUHAMMAD SHAREEF,,0,0,0,
NO_COMMON_PAGES,12301,7398,exact_title,saboot,,0,0,0,
NO_COMMON_PAGES,12307,7404,exact_title,Sadr e Awwal Ke Mufassireen e Quran By SHEIKH MUFTI ZAR WALI KHAN,,0,0,0,
NO_COMMON_PAGES,12308,7405,exact_title,SADRA RASHEDIA,,0,0,0,
NO_COMMON_PAGES,12312,7409,exact_title,Safon Ki Durustgi...Ba Jamaat Namazon Ka Lazmi Taqaza,,0,0,0,
NO_COMMON_PAGES,12313,7410,exact_title,Sahaba E Karam Ke Barey Mein Ghair Muqallideen Ka Nuqta E Nazar By SHEIKH MUHAMMAD ABUBAKR GHAZIPURI,,0,0,0,
NO_COMMON_PAGES,12314,7411,exact_title,Sahaba Karam Aur Un Par Tanqeed By SHEIKH MUHAMMAD ABDULLAH,,0,0,0,
NO_COMMON_PAGES,12317,7414,exact_title,Sahabah (RA) Ka Taaruf By SHEIKH ABU REHAN ZIAUR RAHMAN FAROOQI (RA),,0,0,0,
NO_COMMON_PAGES,12318,7415,exact_title,SAHI AL BUKHARI VOL 1 ALTAF AND SONS,,0,0,0,
NO_COMMON_PAGES,12319,7416,exact_title,SAHI AL BUKHARI VOL 1 QADEMI,,0,0,0,
NO_COMMON_PAGES,12320,7417,exact_title,SAHI AL BUKHARI VOL 1 RAHMANIA,,0,0,0,
NO_COMMON_PAGES,12321,7418,exact_title,SAHI AL BUKHARI VOL 2 ALTAF AND SONS,,0,0,0,
NO_COMMON_PAGES,12322,7419,exact_title,SAHI AL BUKHARI VOL 2 QADEMI,,0,0,0,
NO_COMMON_PAGES,12323,7420,exact_title,SAHI AL BUKHARI VOL 2 RAHMANIA,,0,0,0,
NO_COMMON_PAGES,12329,7426,exact_title,Sahih Aur Munasib Musafat e Qasar By Sheikh Fazlur Rahman Azmi,,0,0,0,
NO_COMMON_PAGES,12330,7427,exact_title,Sahih ul Bukhari Vol 01 Part 01 By SHEIKH ZAHOOR UL BARI AZAMI,,0,0,0,
NO_COMMON_PAGES,12331,7428,exact_title,Sahih ul Bukhari Vol 01 Part 02 By SHEIKH ZAHOOR UL BARI AZAMI,,0,0,0,
NO_COMMON_PAGES,12332,7429,exact_title,Sahih ul Bukhari Vol 01 Part 03 By SHEIKH ZAHOOR UL BARI AZAMI,,0,0,0,
NO_COMMON_PAGES,12333,7430,exact_title,Sahih ul Bukhari Vol 01 Part 04 By SHEIKH ZAHOOR UL BARI AZAMI,,0,0,0,
NO_COMMON_PAGES,12334,7431,exact_title,Sahih ul Bukhari Vol 02 Part 01 By SHEIKH ZAHOOR UL BARI AZAMI,,0,0,0,
NO_COMMON_PAGES,12335,7432,exact_title,Sahih ul Bukhari Vol 02 Part 02 By SHEIKH ZAHOOR UL BARI AZAMI,,0,0,0,
NO_COMMON_PAGES,12336,7433,exact_title,Sahih ul Bukhari Vol 02 Part 03 By SHEIKH ZAHOOR UL BARI AZAMI,,0,0,0,
NO_COMMON_PAGES,12337,7434,exact_title,Sahih ul Bukhari Vol 02 Part 04 By SHEIKH ZAHOOR UL BARI AZAMI,,0,0,0,
NO_COMMON_PAGES,12338,7435,exact_title,Sahih ul Bukhari Vol 03 Part 01 By SHEIKH ZAHOOR UL BARI AZAMI,,0,0,0,
NO_COMMON_PAGES,12339,7436,exact_title,Sahih ul Bukhari Vol 03 Part 02 By SHEIKH ZAHOOR UL BARI AZAMI,,0,0,0,
NO_COMMON_PAGES,12340,7437,exact_title,Sahih ul Bukhari Vol 03 Part 03 By SHEIKH ZAHOOR UL BARI AZAMI,,0,0,0,
NO_COMMON_PAGES,12341,7438,exact_title,saif-chistiai,,0,0,0,
NO_COMMON_PAGES,12343,7439,exact_title,Salafi Kon Hanafi Ya Ghair Muqallid By SHEIKH HAFIZ ABDUL JABBAR SALAFI,,0,0,0,
NO_COMMON_PAGES,12344,7440,exact_title,Salat ut Tasbeeh Ke Fazail o Masail By Sheikh Mufti Abdur Rauf Sakharvi,,0,0,0,
NO_COMMON_PAGES,12347,7442,exact_title,Saniha Makkah Mukarrama,,0,0,0,
NO_COMMON_PAGES,12348,7443,exact_title,SARF E BAHAI QADEMI,,0,0,0,
NO_COMMON_PAGES,12350,7444,exact_title,SARF E MEER AL BUSHRA,,0,0,0,
NO_COMMON_PAGES,12351,7445,exact_title,SARF E MEER HAQQANIA,,0,0,0,
NO_COMMON_PAGES,12353,7447,exact_title,Saudia Ki Majlis e Kubbaar Ulama Ka Faisla (Teen Talaq Teen Hoti Hai),,0,0,0,
NO_COMMON_PAGES,12354,7448,exact_title,Sawaiq al-Muhriqah,,0,0,0,
NO_COMMON_PAGES,12355,7449,exact_title,SAWAL E BASOLI RASHEDIA,,0,0,0,
NO_COMMON_PAGES,12356,7450,exact_title,SAWAL E KABULI RASHEDIA,,0,0,0,
NO_COMMON_PAGES,12361,7455,exact_title,Sawaneh Qasmi (r.a) Vol 2 by Sheikh Manazir Ahsan Gilani (r.a),,0,0,0,
NO_COMMON_PAGES,12362,7456,exact_title,Sawaneh Sheikh Abdul Qadir Raipuri (R.A) By SHEIKH ABUL HASAN ALI NADVI (R.A),,0,0,0,
NO_COMMON_PAGES,12363,7457,exact_title,Sawaneh Sheikh-ul-Hadith Molana Abdul Haq By SHEIKH ABDUL QAYYUM HAQQANI,,0,0,0,
NO_COMMON_PAGES,12364,7458,exact_title,Sawaneh Syed Ataullah Shah Bukhari (RA) By Shorish Kashmiri,,0,0,0,
NO_COMMON_PAGES,12368,7462,exact_title,Science Aur Islam By SHEIKH HUSAIN AFANDI TARABLISI (RA),,0,0,0,
NO_COMMON_PAGES,12369,7463,exact_title,Science Aur Technology Ki Taleem Mein Sir Syed Ka Mubayyana Hissa,,0,0,0,
NO_COMMON_PAGES,12379,7473,exact_title,Seerat e Aiemma Arbaa By SHEIKH QAZI ATHAR MUBARIKPURI (R.A),,0,0,0,
NO_COMMON_PAGES,12380,7474,exact_title,Seerat e Hazrat Umar Bin Abdul Aziz (r.a) By Sheikh Muhammad Yusuf Ludhyanvi (r.a),,0,0,0,
NO_COMMON_PAGES,12381,7475,exact_title,Seerat e Pak [SAW] Duaon Ki Roshni Mein By Shaykh Saeedul Zafar Rampuri,,0,0,0,
NO_COMMON_PAGES,12382,7476,exact_title,Seerat Khatim ul Ambiya (S.A.W) By SHEIKH MUFTI MUHAMMD SHAFI (R.A),,0,0,0,
NO_COMMON_PAGES,12383,7477,exact_title,Seerat Khulafa E Rashideen By SHEIKH ABDUSH SHAKOOR LAKHNAVI (R.A),,0,0,0,
NO_COMMON_PAGES,12384,7478,exact_title,Seerat ul Mustafa [S.A.W] Vol 1 By Sheikh Idrees Kandhelvi (r.a),,0,0,0,
NO_COMMON_PAGES,12385,7479,exact_title,Seerat ul Mustafa [S.A.W] Vol 2 By Sheikh Idrees Kandhelvi (r.a),,0,0,0,
NO_COMMON_PAGES,12386,7480,exact_title,Seerat ul Mustafa [S.A.W] Vol 3 By Sheikh Idrees Kandhelvi (r.a),,0,0,0,
NO_COMMON_PAGES,12387,7481,exact_title,Seerat un Nabi Ke Jalsay Juloos By SHEIKH MUFTI TAQI USMANI,,0,0,0,
NO_COMMON_PAGES,12389,7482,exact_title,Seerat Un Numan By Allamah Shibli Nomani (r.a),,0,0,0,
NO_COMMON_PAGES,12414,7507,exact_title,Shaan E Farooq E Azam (R.A) By SHEIKH MUHAMMAD ABDUS SATTAR TONSVI (R.A),,0,0,0,
NO_COMMON_PAGES,12415,7508,exact_title,Shaan E Haidar E Karrar (R.A) By SHEIKH MUHAMMAD ABDUS SATTAR TONSVI (R.A).pdf,,0,0,0,
NO_COMMON_PAGES,12416,7509,exact_title,Shaan E Siddiq E Akbar (R.A) By SHEIKH MUHAMMAD ABDUS SATTAR TONSVI (R.A).pdf,,0,0,0,
NO_COMMON_PAGES,12417,7510,exact_title,Shaan E Usman E Ghani (R.A) By SHEIKH MUHAMMAD ABDUS SATTAR TONSVI (R.A).pdf,,0,0,0,
NO_COMMON_PAGES,12418,7511,exact_title,Shab E Barat K Fazail o Ahkam By SHEIKH MUFTI MUHAMMAD USMAN,,0,0,0,
NO_COMMON_PAGES,12419,7512,exact_title,Shab e Barat Ki Haqiqat By Sheikh Fazlur Rahman Azmi,,0,0,0,
NO_COMMON_PAGES,12420,7513,exact_title,Shab e Qadr By SHEIKH SHAMSULHAQ,,0,0,0,
NO_COMMON_PAGES,12421,7514,exact_title,Shadi Ki Pehli 10 Ratain By SHEIKH ABDUL GHANI TARIQ LUDHYANVI,,0,0,0,
NO_COMMON_PAGES,12422,7515,exact_title,Shahadat e Husain (R.A) Wa Kirdar e Yazeed By SHEIKH MUHAMMAD QASIM NANOTVI (R.A),,0,0,0,
NO_COMMON_PAGES,12423,7516,exact_title,shahar-sadoom,,0,0,0,
NO_COMMON_PAGES,12424,7517,exact_title,Shaheed e Karbala By SHEIKH MUFTI MUHAMMAD SHAFI (R.A),,0,0,0,
NO_COMMON_PAGES,12426,7518,exact_title,shaheedan-namoos-risalat,,0,0,0,
NO_COMMON_PAGES,12427,7519,exact_title,Shaheen By Naseem Hijazi,,0,0,0,
NO_COMMON_PAGES,12428,7520,exact_title,shahrah-ishaq-kay-musafir,,0,0,0,
NO_COMMON_PAGES,12430,7522,exact_title,Shaikh Muhammad Bin Abdul Wahhab Aur Hindustan K Ulama E Haq By SHEIKH MUHAMMAD MANZOOR NOMANI (R.A),,0,0,0,
NO_COMMON_PAGES,12431,7523,exact_title,Shair ul Firaaq By Sheikh Syed Nafees Ul Husaini,,0,0,0,
NO_COMMON_PAGES,12432,7524,exact_title,Shajra Tul Ashraaf By SHEIKH SYED NAFEES UL HUSAINI,,0,0,0,
NO_COMMON_PAGES,12433,7525,exact_title,Shakhsiyat e Maseeh Bible K Aiynay Mein By SHEIKH MUHAMMAD NAWAZ FAISALABADI,,0,0,0,
NO_COMMON_PAGES,12435,7526,exact_title,shama-KN-kay-parwanay,,0,0,0,
NO_COMMON_PAGES,12436,7527,exact_title,SHAMAIL E TIRMEZI AL BUSHRA COLOR,,0,0,0,
NO_COMMON_PAGES,12437,7528,exact_title,SHAMAIL E TIRMEZI AL BUSHRA,,0,0,0,
NO_COMMON_PAGES,12438,7529,exact_title,Shamail e Tirmidhi (URDU),,0,0,0,
NO_COMMON_PAGES,12439,7530,exact_title,Shamail e Tirmidhi Ma Khasail e Nabvi [SAW] {URDU} By Sheikh Muhammad Zakariyya (r.a),,0,0,0,
NO_COMMON_PAGES,12447,7538,exact_title,SHAMS UL BAZIGHAH HAQQANIA,,0,0,0,
NO_COMMON_PAGES,12448,7539,exact_title,shaoor-KN-aur-qad-shanasi,,0,0,0,
NO_COMMON_PAGES,12450,7541,exact_title,Sharaf ul Mukalmah by SHEIKH ASHRAF ALI THANVI (RA),,0,0,0,
NO_COMMON_PAGES,12451,7542,exact_title,Sharah Faisla Haft Masala,,0,0,0,
NO_COMMON_PAGES,12452,7543,exact_title,SHARAH MAANI IL AASAAR VOL 1 RAHMANIA,,0,0,0,
NO_COMMON_PAGES,12453,7544,exact_title,SHARAH MAANI IL AASAAR VOL 2 RAHMANIA,,0,0,0,
NO_COMMON_PAGES,12454,7545,exact_title,SHARAH NUKHBA TUL FIKR AL BUSHRA COLOR,,0,0,0,
NO_COMMON_PAGES,12455,7546,exact_title,SHARAH NUKHBA TUL FIKR AL BUSHRA,,0,0,0,
NO_COMMON_PAGES,12456,7547,exact_title,SHARAH NUKHBA TUL FIKR QADEMI,,0,0,0,
NO_COMMON_PAGES,12457,7548,exact_title,SHARAH UL AQAID IN NASAFIYAH RASHEDIA,,0,0,0,
NO_COMMON_PAGES,7552,7549,exact_title,Sharah Uqood E Rasm Il Mufti Al Bushra Color,,0,0,0,
NO_COMMON_PAGES,12458,7549,exact_title,SHARAH UQOOD E RASM IL MUFTI AL BUSHRA COLOR,,0,0,0,
NO_COMMON_PAGES,12459,7550,exact_title,SHARAH UQOOD E RASM IL MUFTI AL BUSHRA,,0,0,0,
NO_COMMON_PAGES,12461,7553,exact_title,Sharam Naak Tehreef By Abdur Raheem Minhaj,,0,0,0,
NO_COMMON_PAGES,12462,7554,exact_title,SHARH MATAN UL KAFI QADEMI,,0,0,0,
NO_COMMON_PAGES,12463,7555,exact_title,SHARH MIATA AMIL AL BUSHRA COLOR,,0,0,0,
NO_COMMON_PAGES,12464,7556,exact_title,SHARH MIATA AMIL AL BUSHRA,,0,0,0,
NO_COMMON_PAGES,12465,7557,exact_title,SHARH MIATA AMIL RASHEDIA,,0,0,0,
NO_COMMON_PAGES,12466,7558,exact_title,SHARH MULLA JAMI AL BUSHRA COLOR,,0,0,0,
NO_COMMON_PAGES,12467,7559,exact_title,SHARH MULLA JAMI AL BUSHRA,,0,0,0,
NO_COMMON_PAGES,12468,7560,exact_title,SHARH MULLA JAMI ULOOM E ISLAMIA,,0,0,0,
NO_COMMON_PAGES,12469,7561,exact_title,SHARH SULLAM UL ULOOM LI MULLA HASAN QADEMI,,0,0,0,
NO_COMMON_PAGES,12470,7562,exact_title,SHARH TAHZEEB AL BUSHRA COLOR,,0,0,0,
NO_COMMON_PAGES,12471,7563,exact_title,SHARH TAHZEEB AL BUSHRA,,0,0,0,
NO_COMMON_PAGES,12472,7564,exact_title,SHARH TAHZEEB AL MEZAN,,0,0,0,
NO_COMMON_PAGES,12473,7565,exact_title,SHARH UL AQAID IN NASAFIYAH AL BUSHRA COLOR,,0,0,0,
NO_COMMON_PAGES,12474,7566,exact_title,SHARH UL AQAID IN NASAFIYAH AL BUSHRA,,0,0,0,
NO_COMMON_PAGES,12475,7567,exact_title,SHARH UL DEWAN MEER MUHAMMAD,,0,0,0,
NO_COMMON_PAGES,12476,7568,exact_title,SHARH UL MUQADDAMA TIL KAFIAH FI ILM IL AERAB VOL 1 RASHEDIA,,0,0,0,
NO_COMMON_PAGES,12477,7569,exact_title,SHARH UL MUQADDAMA TIL KAFIAH FI ILM IL AERAB VOL 2 RASHEDIA,,0,0,0,
NO_COMMON_PAGES,12478,7570,exact_title,SHARH UL WIQAYAH AAKHERAIN,,0,0,0,
NO_COMMON_PAGES,12479,7571,exact_title,SHARH UL WIQAYAH AOWALAIN,,0,0,0,
NO_COMMON_PAGES,12480,7572,exact_title,Shari Parda By SHEIKH QARI MUHAMMAD TAYYAB (R.A),,0,0,0,
NO_COMMON_PAGES,12481,7573,exact_title,Shari Parda Ki Haqeeqat By MUFTI ATEEQ UR RAHMAN,,0,0,0,
NO_COMMON_PAGES,12482,7574,exact_title,Shari Parda Kis Se By SHEIKH MUFTI RASHEED AHMAD LUDHYANVI (R.A),,0,0,0,
NO_COMMON_PAGES,12483,7575,exact_title,Shariat O Tareeqat Ka Talazum By SHEIKH MUHAMMAD ZAKARIYYA KANDHELVI (R.A),,0,0,0,
NO_COMMON_PAGES,12485,7577,exact_title,Shauq E Hadith By SHEIKH SARFRAZ KHAN SAFDAR (R.A),,0,0,0,
NO_COMMON_PAGES,12486,7578,exact_title,Shaykh Khalifa Ghulam Muhammad Din Puri,,0,0,0,
NO_COMMON_PAGES,12487,7579,exact_title,Sheikh Ahmad Ali Lahori (R.A),,0,0,0,
NO_COMMON_PAGES,12488,7580,exact_title,Sheikh Ahmadullah Shah Shaheed By SHEIKH MUHAMMAD MIAN,,0,0,0,
NO_COMMON_PAGES,12489,7581,exact_title,Sheikh Hafidh Muhammad Siddiq Bharchondvi,,0,0,0,
NO_COMMON_PAGES,12490,7582,exact_title,Sheikh Haq Nawaz By SHEIKH MUHAMMAD ZIA UL QASMI (RA),,0,0,0,
NO_COMMON_PAGES,12491,7583,exact_title,Sheikh Haq Nawaz Shaheed Ka Wasiyat Nama,,0,0,0,
NO_COMMON_PAGES,12492,7584,exact_title,SHEIKH MUHAMMAD ZIAUL QASMI (RA) By MUHAMMAD ARSHAD QASMI,,0,0,0,
NO_COMMON_PAGES,12493,7585,exact_title,Sheikh Qasim Nanotvi (R.A) Ki Deeni Aur Ilmi Khidmat Ka Tehqeeqi Jaiza By MUHAMMD ASAAD THANVI,,0,0,0,
NO_COMMON_PAGES,12494,7586,exact_title,SHEIKH QASIM NANOTVI K AHWAAL O AASAAR By NOORUL HASAN RASHID KANDHELVI ,,0,0,0,
NO_COMMON_PAGES,12495,7587,exact_title,Sheikhul Hadith Muhammad Zakariyya (R.A) Par Lagaye Gaye Etrazaat K Jawabat By SHEIKH ABDUL MANNAN HAZARVI,,0,0,0,
NO_COMMON_PAGES,12496,7588,exact_title,Shia Dharam By Sheikh Muhammad Qaasim Farooqi Jalbani Baloch,,0,0,0,
NO_COMMON_PAGES,12497,7589,exact_title,Shia Ithna Ashari Aur Aqeedah Tehreef E Quran By SHEIKH MUHAMMAD MANZOOR NOMANI (R.A),,0,0,0,
NO_COMMON_PAGES,12499,7591,exact_title,Shia Ki 40 Kufriya Ibaaraat By Sheikh Ataur Rahman Shahbaz Madni (r.a),,0,0,0,
NO_COMMON_PAGES,12500,7592,exact_title,Shia Mazhab By SHEIKH ASHIQ ILAHI MADNI (R.A),,0,0,0,
NO_COMMON_PAGES,12501,7593,exact_title,Shia Mazhab K 40 Masail By SHEIKH ABDUSH SHAKOOR FAROOQI LAKHNAVI (RA),,0,0,0,
NO_COMMON_PAGES,12502,7594,exact_title,Shia Sazish Ka Nya Mansooba By YAHYA NOMANI,,0,0,0,
NO_COMMON_PAGES,12503,7595,exact_title,Shia Shubhaat K Jawabaat,,0,0,0,
NO_COMMON_PAGES,12504,7596,exact_title,Shia Sunni Ikhtelafat By SHEIKH MUHAMMAD MANZOOR NOMANI (R.A),,0,0,0,
NO_COMMON_PAGES,12505,7597,exact_title,Shia Sunni Ikhtilaf Aur Siraat e Mustaqeem by Sheikh Yusuf Ludhianvi (RA),,0,0,0,
NO_COMMON_PAGES,12506,7598,exact_title,Shia Sunni Muttafiqa  Tarjuma e Quran Ka Azeem Fitna By SHEIKH QAZI MAZHAR HUSAIN (R.A),,0,0,0,
NO_COMMON_PAGES,12517,7607,exact_title,Signs-B4-Day-of-Judgement,,0,0,0,
NO_COMMON_PAGES,12518,7608,exact_title,signs-of-qayyamt-and-arrival-of-MASEEH,,0,0,0,
NO_COMMON_PAGES,12519,7609,exact_title,simple-way-of-looking-at-qad,,0,0,0,
NO_COMMON_PAGES,12520,7610,exact_title,Sir Syed K Baray Mein Tareekhi Afsanon Ki Haqeeqat By Ziauddin Lahori,,0,0,0,
NO_COMMON_PAGES,12521,7611,exact_title,Siraat e Mustaqeem By SHEIKH ILYAS GHUMMAN,,0,0,0,
NO_COMMON_PAGES,12522,7612,exact_title,Sirf Aik Islam By SHEIKH SARFRAZ KHAN SAFDAR (RA),,0,0,0,
NO_COMMON_PAGES,12523,7613,exact_title,Siyar us Sahabiyat Ma Uswa e Sahabiyat [r.a] By Sheikh Saeed Ansari Nadvi (r.a) &amp; Sheikh Abdus Salam Nadvi (r.a),,0,0,0,
NO_COMMON_PAGES,12524,7614,exact_title,smh13,,0,0,0,
NO_COMMON_PAGES,12525,7615,exact_title,smh14,,0,0,0,
NO_COMMON_PAGES,12526,7616,exact_title,smh15,,0,0,0,
NO_COMMON_PAGES,12527,7617,exact_title,smh17,,0,0,0,
NO_COMMON_PAGES,12528,7618,exact_title,smh18,,0,0,0,
NO_COMMON_PAGES,12529,7619,exact_title,smh19,,0,0,0,
NO_COMMON_PAGES,12530,7620,exact_title,smh20,,0,0,0,
NO_COMMON_PAGES,12531,7621,exact_title,smh21,,0,0,0,
NO_COMMON_PAGES,12532,7622,exact_title,smh22,,0,0,0,
NO_COMMON_PAGES,12533,7623,exact_title,smh23,,0,0,0,
NO_COMMON_PAGES,12534,7624,exact_title,smh24,,0,0,0,
NO_COMMON_PAGES,12535,7625,exact_title,smh25,,0,0,0,
NO_COMMON_PAGES,12536,7626,exact_title,smh27,,0,0,0,
NO_COMMON_PAGES,12537,7627,exact_title,smh28,,0,0,0,
NO_COMMON_PAGES,12538,7628,exact_title,smh29,,0,0,0,
NO_COMMON_PAGES,12539,7629,exact_title,smh31,,0,0,0,
NO_COMMON_PAGES,12540,7630,exact_title,smh32,,0,0,0,
NO_COMMON_PAGES,12541,7631,exact_title,smh35,,0,0,0,
NO_COMMON_PAGES,12542,7632,exact_title,smh36,,0,0,0,
NO_COMMON_PAGES,12543,7633,exact_title,smh37,,0,0,0,
NO_COMMON_PAGES,12544,7634,exact_title,smh38,,0,0,0,
NO_COMMON_PAGES,12545,7635,exact_title,smh39,,0,0,0,
NO_COMMON_PAGES,12546,7636,exact_title,smh40,,0,0,0,
NO_COMMON_PAGES,12547,7637,exact_title,smh41,,0,0,0,
NO_COMMON_PAGES,12548,7638,exact_title,smh42,,0,0,0,
NO_COMMON_PAGES,12549,7639,exact_title,smh43,,0,0,0,
NO_COMMON_PAGES,12550,7640,exact_title,smh44,,0,0,0,
NO_COMMON_PAGES,12551,7641,exact_title,smh45,,0,0,0,
NO_COMMON_PAGES,12552,7642,exact_title,smh46,,0,0,0,
NO_COMMON_PAGES,12553,7643,exact_title,smh47,,0,0,0,
NO_COMMON_PAGES,12554,7644,exact_title,smh48,,0,0,0,
NO_COMMON_PAGES,12559,7648,exact_title,Sood By SHEIKH MUFTI RAFI USMANI,,0,0,0,
NO_COMMON_PAGES,12560,7649,exact_title,Sood Khor Se Allah Rasool Ki Jang By SHEIKH MUFTI RASHEED AHMAD LUDHYANVI (R.A).pdf,,0,0,0,
NO_COMMON_PAGES,12563,7652,exact_title,Subh o Shaam Ki Duwaain SHEIKH ABU MUHAMMAD ZAMZAMI.pdf.no security,,0,0,0,
NO_COMMON_PAGES,12565,7654,exact_title,Sukoon e Qalb By Sheikh Abdus Sattar,,0,0,0,
NO_COMMON_PAGES,12567,7656,exact_title,SULLAM UL ULOOM IMDADIA,,0,0,0,
NO_COMMON_PAGES,12568,7657,exact_title,SUNAN E ABI DAWUD VOL 1 2 MEER MUHAMMAD,,0,0,0,
NO_COMMON_PAGES,12569,7658,exact_title,SUNAN E ABI DAWUD VOL 1 HAQQANIA,,0,0,0,
NO_COMMON_PAGES,12570,7659,exact_title,SUNAN E ABI DAWUD VOL 1 RAHMANIA,,0,0,0,
NO_COMMON_PAGES,12571,7660,exact_title,SUNAN E ABI DAWUD VOL 2 HAQQANIA,,0,0,0,
NO_COMMON_PAGES,12572,7661,exact_title,SUNAN E ABI DAWUD VOL 2 RAHMANIA,,0,0,0,
NO_COMMON_PAGES,12573,7662,exact_title,SUNAN E IBN E MAJA QADEMI,,0,0,0,
NO_COMMON_PAGES,12574,7663,exact_title,SUNAN E IBN E MAJA RAHMANIA,,0,0,0,
NO_COMMON_PAGES,12575,7664,exact_title,SUNAN E NASAI VOL 1 QADEMI,,0,0,0,
NO_COMMON_PAGES,12576,7665,exact_title,SUNAN E NASAI VOL 2 QADEMI,,0,0,0,
NO_COMMON_PAGES,12589,7672,exact_title,Sunnat e Ibrahim (AS) by SHEIKH ASHRAF ALI THANVI (RA),,0,0,0,
NO_COMMON_PAGES,12590,7673,exact_title,Sunnat ka Mafhoom or Itteba E Sunnat Ki Ahmiyat By SHEIKH MUFTI RAFI USMANI,,0,0,0,
NO_COMMON_PAGES,12591,7674,exact_title,Sunnat Ka Maqam Aur Fitna Inkar e Hadith By SHEIKH MUFTI RAFI USMANI,,0,0,0,
NO_COMMON_PAGES,12592,7675,exact_title,Sunnat o Biddat By Sheikh Mufti Muhammad Shafi (r.a),,0,0,0,
NO_COMMON_PAGES,12594,7676,exact_title,Sunni Mazhab Sacha Hai By SHEIKH HAFIZ MEHR MUHAMMAD MIANWALVI (R.A),,0,0,0,
NO_COMMON_PAGES,12595,7677,exact_title,Sunni Moqaf - Pakistan Supreme Court Main By ULAMA E AHL E SUNNAT,,0,0,0,
NO_COMMON_PAGES,12596,7678,exact_title,Susti ka Elaj Chusti By SHEIKH MUFTI ABDUR RAUF SAKHARVI,,0,0,0,
NO_COMMON_PAGES,12597,7679,exact_title,Syed Ataullah Shah Bukhari (VOL 1) By SHEIKH MUHAMMAD ISMAIL SHUJABADI,,0,0,0,
NO_COMMON_PAGES,12598,7680,exact_title,Syed Ataullah Shah Bukhari (VOL 2) By SHEIKH MUHAMMAD ISMAIL SHUJABADI,,0,0,0,
NO_COMMON_PAGES,12599,7681,exact_title,Syedena Ali (R.A) wa Husain (R.A) By SHEIKH QAZI ATHAR MUBARIKPURI (RA),,0,0,0,
NO_COMMON_PAGES,12607,7686,exact_title,Tableegh e Deen By IMAM GHAZALI,,0,0,0,
NO_COMMON_PAGES,12608,7687,exact_title,Tableegh e Islam By SHEIKH SARFRAZ KHAN SAFDAR (R.A),,0,0,0,
NO_COMMON_PAGES,12609,7688,exact_title,Tableegh Ka Jaiza By SHEIKH ABU BAKR AL JAZAIRI,,0,0,0,
NO_COMMON_PAGES,12610,7689,exact_title,Tableeghi Jamaat By SHEIKH ABDUR RAZZAQ SIKANDAR,,0,0,0,
NO_COMMON_PAGES,12611,7690,exact_title,Tableeghi Jamaat By SHEIKH Dr. ABDUR RAZZAQ SIKANDAR,,0,0,0,
NO_COMMON_PAGES,12612,7691,exact_title,TADREEB UL RAVI QADEMI,,0,0,0,
NO_COMMON_PAGES,12613,7692,exact_title,TADREEB US SARF,,0,0,0,
NO_COMMON_PAGES,12615,7694,exact_title,Tadween e Quran By SHEIKH MANAZIR AHSAN GAILANI (R.A),,0,0,0,
NO_COMMON_PAGES,12618,7697,exact_title,tafazul il Aamal by SHEIKH ASHRAF ALI THANVI (RA),,0,0,0,
NO_COMMON_PAGES,12619,7698,exact_title,Tafheem-KN,,0,0,0,
NO_COMMON_PAGES,12623,7702,exact_title,Tafseer e Haqqani Jild 3,,0,0,0,
NO_COMMON_PAGES,12627,7706,exact_title,Tafseer e Mazhari Jild 10,,0,0,0,
NO_COMMON_PAGES,12629,7708,exact_title,Tafseer e Mazhari Jild 12,,0,0,0,
NO_COMMON_PAGES,12637,7716,exact_title,Tafseer e Mazhari Jild 9,,0,0,0,
NO_COMMON_PAGES,12660,7737,exact_title,TAFSEER UL BAIZAWI AL BUSHRA COLOR,,0,0,0,
NO_COMMON_PAGES,12661,7738,exact_title,TAFSEER UL BAIZAWI AL BUSHRA,,0,0,0,
NO_COMMON_PAGES,12662,7739,exact_title,TAFSEER UL BAIZAWI MEER MUHAMMAD,,0,0,0,
NO_COMMON_PAGES,12663,7740,exact_title,TAFSEER UL BAIZAWI RAHMANIA,,0,0,0,
NO_COMMON_PAGES,12664,7741,exact_title,TAFSEER UL BAIZAWI RASHEDIA,,0,0,0,
NO_COMMON_PAGES,12665,7742,exact_title,TAFSEER UL JALALAIN QADEMI,,0,0,0,
NO_COMMON_PAGES,12666,7743,exact_title,TAFSEER UL JALALAIN RAHMANIA,,0,0,0,
NO_COMMON_PAGES,12667,7744,exact_title,TAFSEER UL JALALAIN VOL 1 AL BUSHRA COLOR,,0,0,0,
NO_COMMON_PAGES,12668,7745,exact_title,TAFSEER UL JALALAIN VOL 1 AL BUSHRA,,0,0,0,
NO_COMMON_PAGES,12669,7746,exact_title,TAFSEER UL JALALAIN VOL 2 AL BUSHRA COLOR,,0,0,0,
NO_COMMON_PAGES,12670,7747,exact_title,TAFSEER UL JALALAIN VOL 2 AL BUSHRA,,0,0,0,
NO_COMMON_PAGES,12671,7748,exact_title,TAFSEER UL JALALAIN VOL 3 AL BUSHRA COLOR,,0,0,0,
NO_COMMON_PAGES,12672,7749,exact_title,TAFSEER UL JALALAIN VOL 3 AL BUSHRA,,0,0,0,
NO_COMMON_PAGES,12710,7785,exact_title,Tahafuz-KN-Ahmiyat-aur-Fazeelat,,0,0,0,
NO_COMMON_PAGES,12712,7787,exact_title,tahafuz-namoos-risalat,,0,0,0,
NO_COMMON_PAGES,12713,7788,exact_title,Tahqeeq Masala e Rafa Yadain By SHEIKH HABIBUR RAHMAN AZAMI,,0,0,0,
NO_COMMON_PAGES,12714,7789,exact_title,Tahreek E Azadi May Akabir Ulama E Deoband Ka Kirdar or Brelviyat Ka Makrooh Chehra By HAFIZ ABDUL HAQ KHAN,,0,0,0,
NO_COMMON_PAGES,12715,7790,exact_title,Tahreek e Pakistan Aur Barelvion Ka Kirdaar By ANWAAR AHMAD,,0,0,0,
NO_COMMON_PAGES,12719,7794,exact_title,tahreek-KN-ki-yadain,,0,0,0,
NO_COMMON_PAGES,12720,7795,exact_title,Tahreek-KN,,0,0,0,
NO_COMMON_PAGES,12721,7796,exact_title,TAHREER E SANBAT RASHEDIA,,0,0,0,
NO_COMMON_PAGES,12722,7797,exact_title,TAHRER E KINDIA RASHEDIA,,0,0,0,
NO_COMMON_PAGES,12723,7798,exact_title,Tahzeer un Naas (Darul Ishaat) By SHEIKH QASIM NANOTVI (R.A),,0,0,0,
NO_COMMON_PAGES,12724,7799,exact_title,Tahzeer un Naas (Deoband Edition) By SHEIKH QASIM NANOTVI (R.A),,0,0,0,
NO_COMMON_PAGES,12725,7800,exact_title,Tahzeer un Naas (Idara Azizia) By SHEIKH QASIM NANOTVI (R.A),,0,0,0,
NO_COMMON_PAGES,12726,7801,exact_title,Tahzeer Un Naas Aik Tahqeeqi Mutalea By SYED SHUJAAT ALI GAILANI,,0,0,0,
NO_COMMON_PAGES,12727,7802,exact_title,Tahzeer Un Naas Meri Nazar Mein By PEER MUHAMMAD KARAM SHAH AL AZHARI,,0,0,0,
NO_COMMON_PAGES,12728,7803,exact_title,Tahzeer-un-Naas (Darul Ishaat) By SHEIKH QASIM NANOTVI (R.A),,0,0,0,
NO_COMMON_PAGES,12729,7804,exact_title,Tahzeer-un-Naas (Deoband Edition) By SHEIKH QASIM NANOTVI (R.A),,0,0,0,
NO_COMMON_PAGES,12730,7805,exact_title,Tahzeer-un-Naas (idara Azizia) By SHEIKH QASIM NANOTVI (R.A),,0,0,0,
NO_COMMON_PAGES,12731,7806,exact_title,Taifa E Mansoora By SHEIKH SARFRAZ KHAN SAFDAR (R.A),,0,0,0,
NO_COMMON_PAGES,12732,7807,exact_title,TAISEER E MUSTALAH UL HADITH AL BUSHRA COLOR,,0,0,0,
NO_COMMON_PAGES,12733,7808,exact_title,TAISEER E MUSTALAH UL HADITH AL BUSHRA,,0,0,0,
NO_COMMON_PAGES,12734,7809,exact_title,TAISEER E QUTBI SHAIKH UL HIND,,0,0,0,
NO_COMMON_PAGES,12735,7810,exact_title,TAISEER UL ABWAB AL BUSHRA COLOR,,0,0,0,
NO_COMMON_PAGES,12738,7811,exact_title,TAISEER UL MANTIQ AL BUSHRA,,0,0,0,
NO_COMMON_PAGES,12740,7812,exact_title,TAISEER UL MUBTADI AL BUSHRA,,0,0,0,
NO_COMMON_PAGES,12749,7821,exact_title,tajzia-qad,,0,0,0,
NO_COMMON_PAGES,12753,7824,exact_title,Talab ul ILm by SHEIKH ASHRAF ALI THANVI (RA),,0,0,0,
NO_COMMON_PAGES,12754,7825,exact_title,Talaq (Divorce) K Nuqsanat By SHEIKH MUFTI ABDUR RAUF SAKHARVI,,0,0,0,
NO_COMMON_PAGES,12755,7826,exact_title,Talaq e Salaas By SHEIKH HABIB UR RAHMAN QASMI,,0,0,0,
NO_COMMON_PAGES,12756,7827,exact_title,Talazum al-Shariah wa Tariqah  By SHEIKH Muhammad Zakariyya Kandhelvi (RA),,0,0,0,
NO_COMMON_PAGES,12758,7829,exact_title,Talbeesat e Kinzul Eemaan By JAMIAT AHLUS SUNNAH WAL JAMAAT RAWALPINDI,,0,0,0,
NO_COMMON_PAGES,12759,7830,exact_title,Taleem e Balghan By QARI ABDUL KHALIQ ,,0,0,0,
NO_COMMON_PAGES,12760,7831,exact_title,TALEEM UL AQAID AL BUSHRA COLOR,,0,0,0,
NO_COMMON_PAGES,12761,7832,exact_title,TALEEM UL AQAID AL BUSHRA,,0,0,0,
NO_COMMON_PAGES,12762,7833,exact_title,Taleem ul Aqaid By SHEIKH MUFTI TAHIR MEHMOOD,,0,0,0,
NO_COMMON_PAGES,12763,7834,exact_title,TALEEM UL MUTAALLIM TAREQ UL TAALLUM AL BUSHRA COLOR,,0,0,0,
NO_COMMON_PAGES,12765,7835,exact_title,TALEEM UL MUTAALLIM TAREQ UL TAALLUM RAHMANIA,,0,0,0,
NO_COMMON_PAGES,12766,7836,exact_title,Taleem ul Quran by SHEIKH ASHRAF ALI THANVI (RA),,0,0,0,
NO_COMMON_PAGES,12767,7837,exact_title,TALEEM US SARF,,0,0,0,
NO_COMMON_PAGES,12768,7838,exact_title,Taleem-o-Tarbiyat (BEGINNER),,0,0,0,
NO_COMMON_PAGES,13087,7838,exact_title,Taleem-o-Tarbiyat (BEGINNER),,0,0,0,
NO_COMMON_PAGES,12769,7839,exact_title,Taleem-o-Tarbiyat (Junior),,0,0,0,
NO_COMMON_PAGES,12770,7840,exact_title,Taleem-o-Tarbiyat (Senior),,0,0,0,
NO_COMMON_PAGES,12774,7843,exact_title,Taleemat e Deen e Islam By Sheikh Hafiz Fazlur Raheem,,0,0,0,
NO_COMMON_PAGES,12775,7844,exact_title,Taleemulislam (Urdu) By MUFTI KIFAYATULLAH,,0,0,0,
NO_COMMON_PAGES,12777,7846,exact_title,TALKHES UL MIFTAH AL BUSHRA COLOR,,0,0,0,
NO_COMMON_PAGES,12782,7850,exact_title,Tanbeehul Ghafileen Ala Tahreeful Ghaleen By SHEIKH HAFIZ MUHAMMAD HABIBULLAH DAIRVI,,0,0,0,
NO_COMMON_PAGES,12783,7851,exact_title,Tanqeed E Mateen Bar Tafseer E Naeem Ud Deen By SHEIKH SARFRAZ KHAN SAFDAR (R.A),,0,0,0,
NO_COMMON_PAGES,12784,7852,exact_title,Tanqeed or Haq e Tanqeed By SHEIKH MUHAMMAD YUSUF LUDHYANVI (R.A),,0,0,0,
NO_COMMON_PAGES,12787,7855,exact_title,Taqiya Na Kijiye By SHEIKH ALLAMA KHALID MEHMOOD,,0,0,0,
NO_COMMON_PAGES,12791,7857,exact_title,Taqwa kay Inamaat,,0,0,0,
NO_COMMON_PAGES,12794,7858,exact_title,Taqwiat ul Eeman (Version 1) Translation By Sheikh Abul Hasan Ali Nadvi (RA),,0,0,0,
NO_COMMON_PAGES,12795,7859,exact_title,Taqwiat-Ul-Eemaan (Version 2) By SHEIKH SHAH ISMAIL SHAHEED (R.A),,0,0,0,
NO_COMMON_PAGES,12796,7860,exact_title,Taqwiat-ul-Iman Tarjuma Hawashi,,0,0,0,
NO_COMMON_PAGES,12798,7862,exact_title,Taraweeh Ke Ahm Masail Aur Uskay 20 Rakaat Ka Saboot By SHEIKH ABDUR RAUF SAKHARVI,,0,0,0,
NO_COMMON_PAGES,12799,7863,exact_title,tarbiat-e-ashaqan-e-khuda-ac5,,0,0,0,
NO_COMMON_PAGES,12800,7864,exact_title,Tarbiyat e Aulaad by SHEIKH ASHRAF ALI THANVI (RA),,0,0,0,
NO_COMMON_PAGES,12809,7867,exact_title,Tareekh e Meelad By HAFIZ HAKEEM ABDUSH SHAKOOR MIRZAPURI,,0,0,0,
NO_COMMON_PAGES,12810,7868,exact_title,Tareekh e Shia By SHEIKH HAFIZ MEHR MUHAMMD MIANWALVI,,0,0,0,
NO_COMMON_PAGES,12818,7869,exact_title,Tareekh Habibi wa Tazkhra Murshadee (Life History of Hazrat Khawaja Gesudraz) By SHEIKH ABDUL AZIZ WAIZI,,0,0,0,
NO_COMMON_PAGES,12819,7870,exact_title,Tareekh o Tazkarah e Khanqah Sirajia By Muhammad Nazeer Ranjha,,0,0,0,
NO_COMMON_PAGES,12820,7871,exact_title,Tareekh Tadween e Hadith By SHEIKH ABDUR RASHEED NOMANI,,0,0,0,
NO_COMMON_PAGES,12821,7872,exact_title,Tareekh Ul Quran By Sheikh Qazi Abdus Samad Sarim,,0,0,0,
NO_COMMON_PAGES,12822,7873,exact_title,Tareekh ut Tafseer By Sheikh Qazi Abdus Samad Sarim,,0,0,0,
NO_COMMON_PAGES,12855,7906,exact_title,Tareekhi-dustaveez,,0,0,0,
NO_COMMON_PAGES,12863,7913,exact_title,TAREQAH JADEDAH VOL 1 DAR UL ULOOM,,0,0,0,
NO_COMMON_PAGES,12864,7914,exact_title,TAREQAH JADEDAH VOL 2 DAR UL ULOOM,,0,0,0,
NO_COMMON_PAGES,12885,7919,exact_title,Tas&#39;heel Qasdus Sabeel By SHEIKH ASHRAF ALI THANVI (R.A),,0,0,0,
NO_COMMON_PAGES,12886,7920,exact_title,Tasawwuf Kia Hai By SHEIKH MUHAMMAD MANZOOR NOMANI (R.A),,0,0,0,
NO_COMMON_PAGES,12887,7921,exact_title,Tasawwuf wa Sulook By SHEIKH ZULFIQAR AHMAD NAQSHBANDI,,0,0,0,
NO_COMMON_PAGES,12888,7922,exact_title,Tasfia tul Aqaid By SHEIKH MUHAMMAD QASIM NANOTVI (R.A),,0,0,0,
NO_COMMON_PAGES,12889,7923,exact_title,TASHEEL UL ADAB FAROQIA,,0,0,0,
NO_COMMON_PAGES,12890,7924,exact_title,TASHEEL UL DARASAH MEER MUHAMMAD,,0,0,0,
NO_COMMON_PAGES,12891,7925,exact_title,Tasheel ul Islah by SHEIKH ASHRAF ALI THANVI (RA),,0,0,0,
NO_COMMON_PAGES,12892,7926,exact_title,TASHEEL UL MANTIQ BAIT UL ILM,,0,0,0,
NO_COMMON_PAGES,12893,7927,exact_title,TASHEEL UL MEBZI QADEMI,,0,0,0,
NO_COMMON_PAGES,12894,7928,exact_title,TASHEEL UL MUBTADI AL BUSHRA COLOR,,0,0,0,
NO_COMMON_PAGES,12895,7929,exact_title,TASHEEL UL MUBTADI AL BUSHRA,,0,0,0,
NO_COMMON_PAGES,12896,7930,exact_title,TASHEEL UL NAHW QADEMI,,0,0,0,
NO_COMMON_PAGES,12906,7940,exact_title,Taskeen us Sudoor By SHEIKH SARFRAZ KHAN SAFDAR (R.A),,0,0,0,
NO_COMMON_PAGES,12910,7943,exact_title,Tasveer Bari Saaf Hai Sabhi Jaan Gaye By SHEIKH HAFIZ ABDUL QUDDUS QARAN,,0,0,0,
NO_COMMON_PAGES,12912,7945,exact_title,Tatheer e Ramadhan by SHEIKH ASHRAF ALI THANVI (RA),,0,0,0,
NO_COMMON_PAGES,12913,7946,exact_title,Tauba Ki Haqeeqat Aur Ahmiyat By SHEIKH MUFTI RAFI USMANI,,0,0,0,
NO_COMMON_PAGES,12915,7948,exact_title,Taubah Kaisay Karain By Sheikh Abdus Sattar,,0,0,0,
NO_COMMON_PAGES,12917,7949,exact_title,Tauheen e Risalat Aur Iski Saza By SHEIKH MUFTI JAMEEL AHMAD THANVI (R.A),,0,0,0,
NO_COMMON_PAGES,12918,7950,exact_title,Tauzih ul Maraam Fi Nuzool e Maseeh (A.S) By SHEIKH SARFRAZ KHAN SAFDAR (R.A),,0,0,0,
NO_COMMON_PAGES,12919,7951,exact_title,Tawakkul Ki Ahmiyat By SHEIKH MUFTI TAQI USMANI,,0,0,0,
NO_COMMON_PAGES,12920,7952,exact_title,Tawassul Aur Istaghasa Beghair ALLAH Aur Ghair Muqallideen Ka Mazhab By SHEIKH MUFTI MEHMOOD HASAN BULANDSHEHRI,,0,0,0,
NO_COMMON_PAGES,12921,7953,exact_title,TAWZEEH UL MEBZI IMDADIA,,0,0,0,
NO_COMMON_PAGES,12922,7954,exact_title,Tayamun By SHEIKH MUFTI RASHEED AHMAD FARIDI,,0,0,0,
NO_COMMON_PAGES,12923,7955,exact_title,Tayeed Mazhab Ahle Sunnat (RADD E RAWAFIZ) By SHEIKH MUJADDID ALIF THANI (RA),,0,0,0,
NO_COMMON_PAGES,12924,7957,exact_title,Tazeem ul Shaair by SHEIKH ASHRAF ALI THANVI (RA),,0,0,0,
NO_COMMON_PAGES,12925,7958,exact_title,Tazkar e Mahmood (Collected By) Muhammad Farooq Qureshi,,0,0,0,
NO_COMMON_PAGES,12926,7959,exact_title,tazkara-mujahideen-KN,,0,0,0,
NO_COMMON_PAGES,12930,7962,exact_title,Tazkirah Sheikh Syed Ahmad Shaheed (r.a) By Sheikh Hamza Hasni Nadvi,,0,0,0,
NO_COMMON_PAGES,12931,7963,exact_title,Tazkirat al Rashid By SHEIKH HAKEEM MASOOD AHMAD,,0,0,0,
NO_COMMON_PAGES,12932,7965,exact_title,Teen Talaq Ka Masala By SHEIKH MUFTI MUHAMMAD SALMAN MASOORPURI ,,0,0,0,
NO_COMMON_PAGES,12934,7966,exact_title,Teesri Jang e Azeem Aur Dajjal By SHEIKH UMAR ASIM,,0,0,0,
NO_COMMON_PAGES,12935,7967,exact_title,Tehfeez ul Quran by SHEIKH MUSHARRAF ALI THANVI (RA),,0,0,0,
NO_COMMON_PAGES,12946,7969,exact_title,Tipu Sultan Shaheed,,0,0,0,
NO_COMMON_PAGES,12947,7970,exact_title,Tohfa E Ahle Hadith VOL 1 By SHEIKH ABU BILAL MUHAMMAD ISMAIL MUHAMMADI,,0,0,0,
NO_COMMON_PAGES,12948,7971,exact_title,Tohfa E Ahle Hadith VOL 2 By SHEIKH ABU BILAL MUHAMMAD ISMAIL MUHAMMADI,,0,0,0,
NO_COMMON_PAGES,12949,7972,exact_title,Tohfa E Ahle Hadith VOL 3 By SHEIKH ABU BILAL MUHAMMAD ISMAIL MUHAMMADI,,0,0,0,
NO_COMMON_PAGES,12950,7973,exact_title,Tohfa e Ghamdi By SHEIKH MUFTI ABDUL WAHID,,0,0,0,
NO_COMMON_PAGES,12952,7975,exact_title,Tohfa e Naqshbandiyah By Sheikh Muhammad Iqbal Khan,,0,0,0,
NO_COMMON_PAGES,12953,7976,exact_title,Tohfa e Nikah by Sheikh Muhammad Ibrahim Palanpuri,,0,0,0,
NO_COMMON_PAGES,12960,7983,exact_title,Tohfa e Ramadhan Fazail o Masail By SHEIKH ASHRAF ALI THANVI (R.A),,0,0,0,
NO_COMMON_PAGES,12961,7984,exact_title,Tohfa tul Akhyar By SHEIKH HAFIZ MEHR MUHAMMD MIANWALVI,,0,0,0,
NO_COMMON_PAGES,12964,7986,exact_title,Tufha Ithna Ashariyya,,0,0,0,
NO_COMMON_PAGES,12966,7988,exact_title,Tuhfa E Namaz By SHEIKH SYED MUMTAZ AHMAD SHAH,,0,0,0,
NO_COMMON_PAGES,12981,8003,exact_title,Turk E Gunah By SHEIKH MUFTI RASHEED AHMAD LUDHYANVI (R.A).pdf,,0,0,0,
NO_COMMON_PAGES,12982,8004,exact_title,TV Aur Azab e Qabar By SHEIKH MUFTI ABDUR RAUF SAKHARVI,,0,0,0,
NO_COMMON_PAGES,12984,8005,exact_title,Ulama e Deoband  Ka Taqwa By SHEIKH MUHAMMAD ZAKARIYYA KANDHELVI,,0,0,0,
NO_COMMON_PAGES,12985,8006,exact_title,Ulama e Deoband Ka Deeni Rukh Aur Maslaki Mizaj By SHEIKH QARI MUHAMMD TAYYAB (R.A),,0,0,0,
NO_COMMON_PAGES,12986,8007,exact_title,Ulama e Deoband Ki Khidmaat Ka Ijmali Jaiza,,0,0,0,
NO_COMMON_PAGES,12987,8008,exact_title,Ulama e Deoband Muaasireen Ki Nazar Mein By SHEIKH JAVED USMAN MEMON,,0,0,0,
NO_COMMON_PAGES,12992,8012,exact_title,Uloom ul Quran By SHEIKH MUFTI MUHAMMAD TAQI USMANI,,0,0,0,
NO_COMMON_PAGES,12993,8013,exact_title,Uloom ul Quran By SHEIKH MUHAMMAD YUSUF BANORI,,0,0,0,
NO_COMMON_PAGES,12994,8014,exact_title,Uloom ul Quran By SHEIKH Shams ul Haq,,0,0,0,
NO_COMMON_PAGES,12995,8015,exact_title,Ulum ul-Quran by Muhaddith Allamah Yusuf Binori,,0,0,0,
NO_COMMON_PAGES,12996,8016,exact_title,Umda tul Asas Fi Hukm e Talaq e Salaas By SHEIKH SARFRAZ KHAN SAFDAR (R.A),,0,0,0,
NO_COMMON_PAGES,12997,8017,exact_title,Umeed-e-Rehmat-o-Maghfirat,,0,0,0,
NO_COMMON_PAGES,13000,8019,exact_title,Undalas Mein Chand Roz By Sheikh Mufti Taqi Usmani,,0,0,0,
NO_COMMON_PAGES,13001,8020,exact_title,UQOOD UL DURAR RASHEDIA,,0,0,0,
NO_COMMON_PAGES,13006,8021,exact_title,Urdu Ka Aasaan Qaida By Sheikh Musa Sulaiman Karmadi,,0,0,0,
NO_COMMON_PAGES,13007,8022,exact_title,Urdu Lateefay (Doctor Mareez Hospital),,0,0,0,
NO_COMMON_PAGES,13010,8025,exact_title,USOOL UL SHASHI AL BUSHRA,,0,0,0,
NO_COMMON_PAGES,13011,8026,exact_title,USOOL UL SHASHI AL MEZAN,,0,0,0,
NO_COMMON_PAGES,13012,8027,exact_title,USOOL UL SHASHI HABEBIA,,0,0,0,
NO_COMMON_PAGES,13013,8028,exact_title,Uswa e Rasool e Akram (S.A.W) By SHEIKH MUHAMMD ABDUL HAI ARIFI,,0,0,0,
NO_COMMON_PAGES,13021,8034,exact_title,Waqai Hazrat Sheikh Syed Ahmad Shaheed (r.a) upto-page-1000,,0,0,0,
NO_COMMON_PAGES,13022,8035,exact_title,Waqai Hazrat Sheikh Syed Ahmad Shaheed (r.a) upto-page-1500,,0,0,0,
NO_COMMON_PAGES,13023,8036,exact_title,Waqai Hazrat Sheikh Syed Ahmad Shaheed (r.a) upto-page-2000,,0,0,0,
NO_COMMON_PAGES,13024,8037,exact_title,Waqai Hazrat Sheikh Syed Ahmad Shaheed (r.a) upto-page-2477,,0,0,0,
NO_COMMON_PAGES,13025,8038,exact_title,Waqai Hazrat Sheikh Syed Ahmad Shaheed (r.a) upto-page-500,,0,0,0,
NO_COMMON_PAGES,13026,8039,exact_title,Waqiaat o Lataaif By SHEIKH ABDUR RAHMAN RASHID,,0,0,0,
NO_COMMON_PAGES,13027,8040,exact_title,Wirasat Ki Taqseem By SHEIKH MUFTI ABDUR RAUF SAKHARVI,,0,0,0,
NO_COMMON_PAGES,13028,8041,exact_title,Wudoo Durust Kijiyay By SHEIKH ABDUR RAUF SAKHARVI,,0,0,0,
NO_COMMON_PAGES,13029,8042,exact_title,Wuzu Ka Masnoon Tareeqa By SHEIKH HAFIZ ABDUL QUDDUS KHAN QARAN,,0,0,0,
NO_COMMON_PAGES,13035,8047,exact_title,Yadgar e Ghalib By Maulana Altaf Husain Hali,,0,0,0,
NO_COMMON_PAGES,13036,8048,exact_title,Yahoodi Protocols 1,,0,0,0,
NO_COMMON_PAGES,13037,8049,exact_title,Yahoodi Protocols 2,,0,0,0,
NO_COMMON_PAGES,13040,8051,exact_title,Yazeed Ki Shaksiyat Ahl e Sunnat Ki Nazar Mein By SHEIKH MUHAMMAD ABDUR RASHEED NOMANI,,0,0,0,
NO_COMMON_PAGES,13042,8052,exact_title,Yusuf-Kazzab-Aik-Jhoota-Aur-Makkar-Mudiye-Nabuwwat by Brigadier-Aslam-Malik,,0,0,0,
NO_COMMON_PAGES,13043,8053,exact_title,Yusuf-Kazzab-Ka-Anjaam-Nov-2002,,0,0,0,
NO_COMMON_PAGES,13044,8054,exact_title,Zaad As Saeed By SHEIKH FAZLUR RAHEEM,,0,0,0,
NO_COMMON_PAGES,13048,8058,exact_title,ZABDA TUL HAWASHI RASHEDIA,,0,0,0,
NO_COMMON_PAGES,13049,8059,exact_title,ZAD UL TALIBEEN AL BUSHRA COLOR,,0,0,0,
NO_COMMON_PAGES,13050,8060,exact_title,ZAD UL TALIBEEN AL BUSHRA,,0,0,0,
NO_COMMON_PAGES,13051,8061,exact_title,zaferullahkhan-qad,,0,0,0,
NO_COMMON_PAGES,13052,8062,exact_title,Zaid Hamid Jhoota Hai Ya Poori Pakistani Qaum,,0,0,0,
NO_COMMON_PAGES,13053,8063,exact_title,Zaid Hamid Ki Haqeeqat By SHEIKH SAEED AHMAD JALALPURI,,0,0,0,
NO_COMMON_PAGES,13055,8065,exact_title,Zakat Ke Masaail Ka Encyclopedia By SHEIKH MUHAMMAD INAMUL HAQ QASMI,,0,0,0,
NO_COMMON_PAGES,13056,8066,exact_title,Zakat Ke Mukhtasar Masail By SHEIKH MUFTI ABDULLAH NOMANI,,0,0,0,
NO_COMMON_PAGES,13057,8067,exact_title,Zakat Kis Tarah Ada Karain By SHEIKH MUFTI TAQI USMANI,,0,0,0,
NO_COMMON_PAGES,13059,8069,exact_title,Zakhira e Islami Maloomat Part-1 By SHEIKH MUHAMMAD GHUFRAN KERANVI,,0,0,0,
NO_COMMON_PAGES,13060,8070,exact_title,Zalzala Dar Zalzala By SHEIKH NAJAMUDDIN AHYAI,,0,0,0,
NO_COMMON_PAGES,13061,8071,exact_title,ZANJANI HABIBIA,,0,0,0,
NO_COMMON_PAGES,13062,8072,exact_title,ZANJANI RASHEDIA,,0,0,0,
NO_COMMON_PAGES,13063,8073,exact_title,Zarooriyat e Deen by DARUL ULOOM DEOBAND,,0,0,0,
NO_COMMON_PAGES,13064,8074,exact_title,ZIA UL NUJOOM HAQQANIA,,0,0,0,
NO_COMMON_PAGES,13068,8077,exact_title,Zikri Firqah By SHEIKH RASHEED AHMAD (R.A),,0,0,0,
NO_COMMON_PAGES,13069,8078,exact_title,Zikri Kharij e Islam Hain,,0,0,0,
NO_COMMON_PAGES,13070,8079,exact_title,ZikrULLAH K Fazail By SHEIKH MUFTI TAQI USMANI,,0,0,0,
NO_COMMON_PAGES,13072,8081,exact_title,Zikrullah Ki Kasrat Kijiye By Sheikh Ashiq Ilahi Madni (r.a),,0,0,0,
NO_COMMON_PAGES,13073,8082,exact_title,Zubdat us Sulook By SHEIKH ZULFIQAR AHMAD NAQSHBANDI,,0,0,0,
NO_COMMON_PAGES,9853,9144,exact_title,AAJ_KA_SABAQ,,0,0,0,
NO_COMMON_PAGES,9862,9145,exact_title,AANSUON_KA_SAMANDAR,,0,0,0,
NO_COMMON_PAGES,9864,9146,exact_title,AAP_BITI_VOL_1,,0,0,0,
NO_COMMON_PAGES,9865,9147,exact_title,AAP_BITI_VOL_2,,0,0,0,
NO_COMMON_PAGES,9868,9148,exact_title,AAP_KAY_MASAIL_OR_UNKA_HAL_VOL_3,,0,0,0,
NO_COMMON_PAGES,9869,9149,exact_title,AAP_KAY_MASAIL_OR_UNKA_HAL_VOL_4,,0,0,0,
NO_COMMON_PAGES,9870,9150,exact_title,AAP_KAY_MASAIL_OR_UNKA_HAL_VOL_5,,0,0,0,
NO_COMMON_PAGES,9904,9154,exact_title,ADYAAN_E_BATILAH_OR_SIRAAT_E_MUSTAQEEM,,0,0,0,
NO_COMMON_PAGES,9907,9155,exact_title,AFTAAB_E_NABOWAT,,0,0,0,
NO_COMMON_PAGES,9916,9156,exact_title,AHKAAM_E_ISLAAM_AQAL_KI_NAZAR_MEN,,0,0,0,
NO_COMMON_PAGES,9919,9157,exact_title,AHKAM_E_MAYYAT,,0,0,0,
NO_COMMON_PAGES,9925,9158,exact_title,AHL_E_DIL_KAY_ANMOOL_AQWAAL,,0,0,0,
NO_COMMON_PAGES,9939,9160,exact_title,AHSAN_UL_BAYAAN_VOL_1,,0,0,0,
NO_COMMON_PAGES,9940,9161,exact_title,AHSAN_UL_BAYAAN_VOL_2,,0,0,0,
NO_COMMON_PAGES,9941,9162,exact_title,AHSAN_UL_BAYAAN_VOL_3,,0,0,0,
NO_COMMON_PAGES,9942,9163,exact_title,AHSAN_UL_BAYAAN_VOL_4,,0,0,0,
NO_COMMON_PAGES,9943,9164,exact_title,AHSAN_UL_BAYAAN_VOL_5,,0,0,0,
NO_COMMON_PAGES,9944,9165,exact_title,AHSAN_UL_BAYAAN_VOL_6,,0,0,0,
NO_COMMON_PAGES,9945,9166,exact_title,AHSAN_UL_BAYAAN_VOL_7,,0,0,0,
NO_COMMON_PAGES,9946,9167,exact_title,AHSAN_UL_BAYAAN_VOL_8,,0,0,0,
NO_COMMON_PAGES,9947,9168,exact_title,AHSAN_UL_FATAWA_VOL_01,,0,0,0,
NO_COMMON_PAGES,9949,9169,exact_title,AHSAN_UL_FATAWA_VOL_03,,0,0,0,
NO_COMMON_PAGES,9950,9170,exact_title,AHSAN_UL_FATAWA_VOL_04,,0,0,0,
NO_COMMON_PAGES,9951,9171,exact_title,AHSAN_UL_FATAWA_VOL_05,,0,0,0,
NO_COMMON_PAGES,9952,9172,exact_title,AHSAN_UL_FATAWA_VOL_06,,0,0,0,
NO_COMMON_PAGES,9953,9173,exact_title,AHSAN_UL_FATAWA_VOL_07,,0,0,0,
NO_COMMON_PAGES,9955,9174,exact_title,AHSAN_UL_FATAWA_VOL_09,,0,0,0,
NO_COMMON_PAGES,9956,9175,exact_title,AHSAN_UL_FATAWA_VOL_10,,0,0,0,
NO_COMMON_PAGES,9962,9176,exact_title,AHWAAL_US_SADIQEEN,,0,0,0,
NO_COMMON_PAGES,9968,9177,exact_title,AIK_HAZAR_ANMOL_MOTI_VOL_1,,0,0,0,
NO_COMMON_PAGES,9969,9178,exact_title,AIK_HAZAR_ANMOL_MOTI_VOL_2,,0,0,0,
NO_COMMON_PAGES,9970,9179,exact_title,AIK_HAZAR_ANMOL_MOTI_VOL_3,,0,0,0,
NO_COMMON_PAGES,9971,9180,exact_title,AIK_HAZAR_ANMOL_MOTI_VOL_4,,0,0,0,
NO_COMMON_PAGES,9972,9181,exact_title,AIK_HAZAR_ANMOL_MOTI_VOL_5,,0,0,0,
NO_COMMON_PAGES,9973,9182,exact_title,AIK_HAZAR_ANMOL_MOTI_VOL_6,,0,0,0,
NO_COMMON_PAGES,9977,9183,exact_title,AIYY_EMAAN_KI_FIKAR_KEJIY,,0,0,0,
NO_COMMON_PAGES,9978,9184,exact_title,AIYY_NAMAZ_SEKHEIY,,0,0,0,
NO_COMMON_PAGES,10147,9188,exact_title,AL_KHASAIS_UL_KUBRA_VOL_1,,0,0,0,
NO_COMMON_PAGES,10148,9189,exact_title,AL_KHASAIS_UL_KUBRA_VOL_2,,0,0,0,
NO_COMMON_PAGES,10178,9190,exact_title,ALAMAAT_E_QAYAMAT_OR_NUZOOL_E_MASEEH_(A.S),,0,0,0,
NO_COMMON_PAGES,10208,9193,exact_title,ANWAAR_UL_BARI_VOL_01_02,,0,0,0,
NO_COMMON_PAGES,10261,9195,exact_title,ASAAN_FIQHI_MASAIL,,0,0,0,
NO_COMMON_PAGES,10284,9197,exact_title,ASHRAF_US_SAWANEH_VOL_1,,0,0,0,
NO_COMMON_PAGES,10285,9198,exact_title,ASHRAF_US_SAWANEH_VOL_2,,0,0,0,
NO_COMMON_PAGES,10286,9199,exact_title,ASHRAF_US_SAWANEH_VOL_4,,0,0,0,
NO_COMMON_PAGES,10287,9200,exact_title,ASHRAF_UT_TAFASEER_VOL_1,,0,0,0,
NO_COMMON_PAGES,10288,9201,exact_title,ASHRAF_UT_TAFASEER_VOL_2,,0,0,0,
NO_COMMON_PAGES,10289,9202,exact_title,ASHRAF_UT_TAFASEER_VOL_3,,0,0,0,
NO_COMMON_PAGES,10290,9203,exact_title,ASHRAF_UT_TAFASEER_VOL_4,,0,0,0,
NO_COMMON_PAGES,10335,9204,exact_title,AYAAT_E_MUTAARIZA_OR_UNKA_HAL,,0,0,0,
NO_COMMON_PAGES,10406,9206,exact_title,BIBLE_SAY_QURAN_TAK_VOL_1,,0,0,0,
NO_COMMON_PAGES,10407,9207,exact_title,BIBLE_SAY_QURAN_TAK_VOL_2,,0,0,0,
NO_COMMON_PAGES,10408,9208,exact_title,BIBLE_SAY_QURAN_TAK_VOL_3,,0,0,0,
NO_COMMON_PAGES,10462,9212,exact_title,DARS_E_HADITH_VOL_01,,0,0,0,
NO_COMMON_PAGES,10463,9213,exact_title,DARS_E_HADITH_VOL_02,,0,0,0,
NO_COMMON_PAGES,10464,9214,exact_title,DARS_E_HADITH_VOL_03,,0,0,0,
NO_COMMON_PAGES,10465,9215,exact_title,DARS_E_HADITH_VOL_04,,0,0,0,
NO_COMMON_PAGES,10466,9216,exact_title,DARS_E_HADITH_VOL_05,,0,0,0,
NO_COMMON_PAGES,10467,9217,exact_title,DARS_E_HADITH_VOL_06,,0,0,0,
NO_COMMON_PAGES,10468,9218,exact_title,DARS_E_HADITH_VOL_07,,0,0,0,
NO_COMMON_PAGES,10469,9219,exact_title,DARS_E_HADITH_VOL_08,,0,0,0,
NO_COMMON_PAGES,10470,9220,exact_title,DARS_E_HADITH_VOL_09,,0,0,0,
NO_COMMON_PAGES,10472,9221,exact_title,DARS_E_HADITH_VOL_11,,0,0,0,
NO_COMMON_PAGES,10473,9222,exact_title,DARS_E_HADITH_VOL_12,,0,0,0,
NO_COMMON_PAGES,10475,9223,exact_title,DARS_E_QURAAN_VOL_1,,0,0,0,
NO_COMMON_PAGES,10476,9224,exact_title,DARS_E_QURAAN_VOL_4,,0,0,0,
NO_COMMON_PAGES,10477,9225,exact_title,DARS_E_QURAAN_VOL_5,,0,0,0,
NO_COMMON_PAGES,10478,9226,exact_title,DARS_E_QURAAN_VOL_6,,0,0,0,
NO_COMMON_PAGES,10479,9227,exact_title,DARS_E_TIRMEZI_VOL_1,,0,0,0,
NO_COMMON_PAGES,10480,9228,exact_title,DARS_E_TIRMEZI_VOL_2,,0,0,0,
NO_COMMON_PAGES,10481,9229,exact_title,DARS_E_TIRMEZI_VOL_3,,0,0,0,
NO_COMMON_PAGES,10635,9259,exact_title,FATAWA_ALAMGEERI_VOL_01,,0,0,0,
NO_COMMON_PAGES,10636,9260,exact_title,FATAWA_ALAMGEERI_VOL_02,,0,0,0,
NO_COMMON_PAGES,10637,9261,exact_title,FATAWA_ALAMGEERI_VOL_03,,0,0,0,
NO_COMMON_PAGES,10638,9262,exact_title,FATAWA_ALAMGEERI_VOL_04,,0,0,0,
NO_COMMON_PAGES,10639,9263,exact_title,FATAWA_ALAMGEERI_VOL_05,,0,0,0,
NO_COMMON_PAGES,10640,9264,exact_title,FATAWA_ALAMGEERI_VOL_06,,0,0,0,
NO_COMMON_PAGES,10641,9265,exact_title,FATAWA_ALAMGEERI_VOL_07,,0,0,0,
NO_COMMON_PAGES,10642,9266,exact_title,FATAWA_ALAMGEERI_VOL_08,,0,0,0,
NO_COMMON_PAGES,10643,9267,exact_title,FATAWA_ALAMGEERI_VOL_09,,0,0,0,
NO_COMMON_PAGES,10644,9268,exact_title,FATAWA_ALAMGEERI_VOL_10,,0,0,0,
NO_COMMON_PAGES,10645,9269,exact_title,FATAWA_AZEZE,,0,0,0,
NO_COMMON_PAGES,10646,9270,exact_title,FATAWA_BAIYINAAT_VOL_1,,0,0,0,
NO_COMMON_PAGES,10647,9271,exact_title,FATAWA_BAIYINAAT_VOL_2,,0,0,0,
NO_COMMON_PAGES,10648,9272,exact_title,FATAWA_BAIYINAAT_VOL_3,,0,0,0,
NO_COMMON_PAGES,10649,9273,exact_title,FATAWA_BAIYINAAT_VOL_4,,0,0,0,
NO_COMMON_PAGES,10651,9274,exact_title,FATAWA_DAR_UL_ULOOM_KARACHI_VOL_1,,0,0,0,
NO_COMMON_PAGES,10652,9275,exact_title,FATAWA_DAR_UL_ULOOM_ZAKARIYA_VOL_1,,0,0,0,
NO_COMMON_PAGES,10653,9276,exact_title,FATAWA_DAR_UL_ULOOM_ZAKARIYA_VOL_2,,0,0,0,
NO_COMMON_PAGES,10654,9277,exact_title,FATAWA_DAR_UL_ULOOM_ZAKARIYA_VOL_3,,0,0,0,
NO_COMMON_PAGES,10655,9278,exact_title,FATAWA_DAR_UL_ULOOM_ZAKARIYA_VOL_4,,0,0,0,
NO_COMMON_PAGES,10656,9279,exact_title,Fatawa_Dar_ulloom_Deoband_Vol_03,,0,0,0,
NO_COMMON_PAGES,10657,9280,exact_title,Fatawa_Dar_ulloom_Deoband_Vol_04,,0,0,0,
NO_COMMON_PAGES,10658,9281,exact_title,Fatawa_Dar_ulloom_Deoband_Vol_05,,0,0,0,
NO_COMMON_PAGES,10659,9282,exact_title,Fatawa_Dar_ulloom_Deoband_Vol_06,,0,0,0,
NO_COMMON_PAGES,10660,9283,exact_title,Fatawa_Dar_ulloom_Deoband_Vol_07,,0,0,0,
NO_COMMON_PAGES,10661,9284,exact_title,Fatawa_Dar_ulloom_Deoband_Vol_08,,0,0,0,
NO_COMMON_PAGES,10662,9285,exact_title,Fatawa_Dar_ulloom_Deoband_Vol_09,,0,0,0,
NO_COMMON_PAGES,10663,9286,exact_title,Fatawa_Dar_ulloom_Deoband_Vol_1,,0,0,0,
NO_COMMON_PAGES,10664,9287,exact_title,Fatawa_Dar_ulloom_Deoband_Vol_10,,0,0,0,
NO_COMMON_PAGES,10665,9288,exact_title,Fatawa_Dar_ulloom_Deoband_Vol_11,,0,0,0,
NO_COMMON_PAGES,10666,9289,exact_title,Fatawa_Dar_ulloom_Deoband_Vol_12,,0,0,0,
NO_COMMON_PAGES,10667,9290,exact_title,Fatawa_Dar_ulloom_Deoband_Vol_13,,0,0,0,
NO_COMMON_PAGES,10668,9291,exact_title,Fatawa_Dar_ulloom_Deoband_Vol_2,,0,0,0,
NO_COMMON_PAGES,10669,9292,exact_title,FATAWA_EBAD_UR_RAHMAN_VOL_1,,0,0,0,
NO_COMMON_PAGES,10670,9293,exact_title,FATAWA_FAREDIYAH_VOL_1,,0,0,0,
NO_COMMON_PAGES,10671,9294,exact_title,FATAWA_FAREDIYAH_VOL_2,,0,0,0,
NO_COMMON_PAGES,10672,9295,exact_title,FATAWA_FAREDIYAH_VOL_3,,0,0,0,
NO_COMMON_PAGES,10673,9296,exact_title,FATAWA_FAREDIYAH_VOL_4,,0,0,0,
NO_COMMON_PAGES,10674,9297,exact_title,FATAWA_FAREDIYAH_VOL_5,,0,0,0,
NO_COMMON_PAGES,10675,9298,exact_title,FATAWA_HAQQANIYAH_VOL_1,,0,0,0,
NO_COMMON_PAGES,10676,9299,exact_title,FATAWA_HAQQANIYAH_VOL_2,,0,0,0,
NO_COMMON_PAGES,10677,9300,exact_title,FATAWA_HAQQANIYAH_VOL_3,,0,0,0,
NO_COMMON_PAGES,10678,9301,exact_title,FATAWA_HAQQANIYAH_VOL_4,,0,0,0,
NO_COMMON_PAGES,10679,9302,exact_title,FATAWA_HAQQANIYAH_VOL_5,,0,0,0,
NO_COMMON_PAGES,10680,9303,exact_title,FATAWA_HAQQANIYAH_VOL_6,,0,0,0,
NO_COMMON_PAGES,10681,9304,exact_title,FATAWA_MAHMOODIAH_VOL_01,,0,0,0,
NO_COMMON_PAGES,10682,9305,exact_title,FATAWA_MAHMOODIAH_VOL_02,,0,0,0,
NO_COMMON_PAGES,10683,9306,exact_title,FATAWA_MAHMOODIAH_VOL_03,,0,0,0,
NO_COMMON_PAGES,10684,9307,exact_title,FATAWA_MAHMOODIAH_VOL_04,,0,0,0,
NO_COMMON_PAGES,10685,9308,exact_title,FATAWA_MAHMOODIAH_VOL_05,,0,0,0,
NO_COMMON_PAGES,10686,9309,exact_title,FATAWA_MAHMOODIAH_VOL_06,,0,0,0,
NO_COMMON_PAGES,10687,9310,exact_title,FATAWA_MAHMOODIAH_VOL_07,,0,0,0,
NO_COMMON_PAGES,10688,9311,exact_title,FATAWA_MAHMOODIAH_VOL_08,,0,0,0,
NO_COMMON_PAGES,10689,9312,exact_title,FATAWA_MAHMOODIAH_VOL_09,,0,0,0,
NO_COMMON_PAGES,10690,9313,exact_title,FATAWA_MAHMOODIAH_VOL_10,,0,0,0,
NO_COMMON_PAGES,10691,9314,exact_title,FATAWA_MAHMOODIAH_VOL_11,,0,0,0,
NO_COMMON_PAGES,10692,9315,exact_title,FATAWA_MAHMOODIAH_VOL_12,,0,0,0,
NO_COMMON_PAGES,10693,9316,exact_title,FATAWA_MAHMOODIAH_VOL_13,,0,0,0,
NO_COMMON_PAGES,10694,9317,exact_title,FATAWA_MAHMOODIAH_VOL_14,,0,0,0,
NO_COMMON_PAGES,10695,9318,exact_title,FATAWA_MAHMOODIAH_VOL_15,,0,0,0,
NO_COMMON_PAGES,10696,9319,exact_title,FATAWA_MAHMOODIAH_VOL_16,,0,0,0,
NO_COMMON_PAGES,10697,9320,exact_title,FATAWA_MAHMOODIAH_VOL_17,,0,0,0,
NO_COMMON_PAGES,10698,9321,exact_title,FATAWA_MAHMOODIAH_VOL_18,,0,0,0,
NO_COMMON_PAGES,10699,9322,exact_title,FATAWA_MAHMOODIAH_VOL_19,,0,0,0,
NO_COMMON_PAGES,10700,9323,exact_title,FATAWA_MAHMOODIAH_VOL_20,,0,0,0,
NO_COMMON_PAGES,10701,9324,exact_title,FATAWA_MAHMOODIAH_VOL_21,,0,0,0,
NO_COMMON_PAGES,10702,9325,exact_title,FATAWA_MAHMOODIAH_VOL_22,,0,0,0,
NO_COMMON_PAGES,10703,9326,exact_title,FATAWA_MAHMOODIAH_VOL_23,,0,0,0,
NO_COMMON_PAGES,10704,9327,exact_title,FATAWA_MAHMOODIAH_VOL_24,,0,0,0,
NO_COMMON_PAGES,10706,9328,exact_title,FATAWA_MAZAHIR_E_ULOOM_VOL_1,,0,0,0,
NO_COMMON_PAGES,10707,9329,exact_title,FATAWA_MUFTI_MAHMOOD_VOL_01,,0,0,0,
NO_COMMON_PAGES,10708,9330,exact_title,FATAWA_MUFTI_MAHMOOD_VOL_02,,0,0,0,
NO_COMMON_PAGES,10709,9331,exact_title,FATAWA_MUFTI_MAHMOOD_VOL_03,,0,0,0,
NO_COMMON_PAGES,10710,9332,exact_title,FATAWA_MUFTI_MAHMOOD_VOL_04,,0,0,0,
NO_COMMON_PAGES,10711,9333,exact_title,FATAWA_MUFTI_MAHMOOD_VOL_05,,0,0,0,
NO_COMMON_PAGES,10712,9334,exact_title,FATAWA_MUFTI_MAHMOOD_VOL_06,,0,0,0,
NO_COMMON_PAGES,10713,9335,exact_title,FATAWA_MUFTI_MAHMOOD_VOL_07,,0,0,0,
NO_COMMON_PAGES,10714,9336,exact_title,FATAWA_MUFTI_MAHMOOD_VOL_08,,0,0,0,
NO_COMMON_PAGES,10715,9337,exact_title,FATAWA_MUFTI_MAHMOOD_VOL_09,,0,0,0,
NO_COMMON_PAGES,10716,9338,exact_title,FATAWA_MUFTI_MAHMOOD_VOL_10,,0,0,0,
NO_COMMON_PAGES,10717,9339,exact_title,FATAWA_MUFTI_MAHMOOD_VOL_11,,0,0,0,
NO_COMMON_PAGES,10718,9340,exact_title,FATAWA_RAHEMIAH_VOL_01,,0,0,0,
NO_COMMON_PAGES,10719,9341,exact_title,FATAWA_RAHEMIAH_VOL_02,,0,0,0,
NO_COMMON_PAGES,10720,9342,exact_title,FATAWA_RAHEMIAH_VOL_03,,0,0,0,
NO_COMMON_PAGES,10721,9343,exact_title,FATAWA_RAHEMIAH_VOL_04,,0,0,0,
NO_COMMON_PAGES,10722,9344,exact_title,FATAWA_RAHEMIAH_VOL_05,,0,0,0,
NO_COMMON_PAGES,10723,9345,exact_title,FATAWA_RAHEMIAH_VOL_06,,0,0,0,
NO_COMMON_PAGES,10724,9346,exact_title,FATAWA_RAHEMIAH_VOL_07,,0,0,0,
NO_COMMON_PAGES,10725,9347,exact_title,FATAWA_RAHEMIAH_VOL_08,,0,0,0,
NO_COMMON_PAGES,10726,9348,exact_title,FATAWA_RAHEMIAH_VOL_09,,0,0,0,
NO_COMMON_PAGES,10727,9349,exact_title,FATAWA_RAHEMIAH_VOL_10,,0,0,0,
NO_COMMON_PAGES,10728,9350,exact_title,FATAWA_RASHEDIAH,,0,0,0,
NO_COMMON_PAGES,10729,9351,exact_title,FATAWA_USMANI_VOL_1,,0,0,0,
NO_COMMON_PAGES,10730,9352,exact_title,FATAWA_USMANI_VOL_2,,0,0,0,
NO_COMMON_PAGES,10731,9353,exact_title,FATAWA_USMANI_VOL_3,,0,0,0,
NO_COMMON_PAGES,10842,9357,exact_title,GULDASTA_E_TAFASEER_VOL_1,,0,0,0,
NO_COMMON_PAGES,10843,9358,exact_title,GULDASTA_E_TAFASEER_VOL_2,,0,0,0,
NO_COMMON_PAGES,10844,9359,exact_title,GULDASTA_E_TAFASEER_VOL_3,,0,0,0,
NO_COMMON_PAGES,10847,9360,exact_title,GULDASTA_E_TAFASEER_VOL_7,,0,0,0,
NO_COMMON_PAGES,10972,9363,exact_title,HIKAYAAT_E_AOLIYA,,0,0,0,
NO_COMMON_PAGES,11065,9367,exact_title,IMDAD_UL_AHKAAM_VOL_1_Part1,,0,0,0,
NO_COMMON_PAGES,11066,9368,exact_title,IMDAD_UL_AHKAAM_VOL_1_Part2,,0,0,0,
NO_COMMON_PAGES,11067,9369,exact_title,IMDAD_UL_AHKAAM_VOL_2_Part1,,0,0,0,
NO_COMMON_PAGES,11068,9370,exact_title,IMDAD_UL_AHKAAM_VOL_2_Part2,,0,0,0,
NO_COMMON_PAGES,11069,9371,exact_title,IMDAD_UL_AHKAAM_VOL_3,,0,0,0,
NO_COMMON_PAGES,11070,9372,exact_title,IMDAD_UL_AHKAAM_VOL_4,,0,0,0,
NO_COMMON_PAGES,11071,9373,exact_title,IMDAD_UL_FATAWA_VOL_1,,0,0,0,
NO_COMMON_PAGES,11072,9374,exact_title,IMDAD_UL_FATAWA_VOL_2,,0,0,0,
NO_COMMON_PAGES,11073,9375,exact_title,IMDAD_UL_FATAWA_VOL_3,,0,0,0,
NO_COMMON_PAGES,11074,9376,exact_title,IMDAD_UL_FATAWA_VOL_4,,0,0,0,
NO_COMMON_PAGES,11075,9377,exact_title,IMDAD_UL_FATAWA_VOL_5,,0,0,0,
NO_COMMON_PAGES,11076,9378,exact_title,IMDAD_UL_FATAWA_VOL_6,,0,0,0,
NO_COMMON_PAGES,11097,9381,exact_title,IRFAAN_E_MUHABBAT_VOL_1,,0,0,0,
NO_COMMON_PAGES,11098,9382,exact_title,IRFAAN_E_MUHABBAT_VOL_2,,0,0,0,
NO_COMMON_PAGES,11099,9383,exact_title,IRFAAN_E_MUHABBAT_VOL_3,,0,0,0,
NO_COMMON_PAGES,11118,9387,exact_title,ISLAAM_OR_HAMARI_ZINDAGI_VOL_01,,0,0,0,
NO_COMMON_PAGES,11120,9388,exact_title,ISLAAM_OR_HAMARI_ZINDAGI_VOL_03,,0,0,0,
NO_COMMON_PAGES,11121,9389,exact_title,ISLAAM_OR_HAMARI_ZINDAGI_VOL_04,,0,0,0,
NO_COMMON_PAGES,11122,9390,exact_title,ISLAAM_OR_HAMARI_ZINDAGI_VOL_05,,0,0,0,
NO_COMMON_PAGES,11123,9391,exact_title,ISLAAM_OR_HAMARI_ZINDAGI_VOL_06,,0,0,0,
NO_COMMON_PAGES,11124,9392,exact_title,ISLAAM_OR_HAMARI_ZINDAGI_VOL_07,,0,0,0,
NO_COMMON_PAGES,11125,9393,exact_title,ISLAAM_OR_HAMARI_ZINDAGI_VOL_08,,0,0,0,
NO_COMMON_PAGES,11126,9394,exact_title,ISLAAM_OR_HAMARI_ZINDAGI_VOL_09,,0,0,0,
NO_COMMON_PAGES,11127,9395,exact_title,ISLAAM_OR_HAMARI_ZINDAGI_VOL_10,,0,0,0,
NO_COMMON_PAGES,11128,9396,exact_title,ISLAAM_OR_JADEED_MUASHI_MASAIL_VOL_1,,0,0,0,
NO_COMMON_PAGES,11129,9397,exact_title,ISLAAM_OR_JADEED_MUASHI_MASAIL_VOL_2,,0,0,0,
NO_COMMON_PAGES,11130,9398,exact_title,ISLAAM_OR_JADEED_MUASHI_MASAIL_VOL_3,,0,0,0,
NO_COMMON_PAGES,11131,9399,exact_title,ISLAAM_OR_JADEED_MUASHI_MASAIL_VOL_4,,0,0,0,
NO_COMMON_PAGES,11132,9400,exact_title,ISLAAM_OR_JADEED_MUASHI_MASAIL_VOL_5,,0,0,0,
NO_COMMON_PAGES,11133,9401,exact_title,ISLAAM_OR_JADEED_MUASHI_MASAIL_VOL_6,,0,0,0,
NO_COMMON_PAGES,11134,9402,exact_title,ISLAAM_OR_JADEED_MUASHI_MASAIL_VOL_7,,0,0,0,
NO_COMMON_PAGES,11135,9403,exact_title,ISLAAM_OR_JADEED_MUASHI_MASAIL_VOL_8,,0,0,0,
NO_COMMON_PAGES,11136,9404,exact_title,ISLAAM_OR_MAUSIQI,,0,0,0,
NO_COMMON_PAGES,11137,9405,exact_title,ISLAAM_OR_SIYASAT,,0,0,0,
NO_COMMON_PAGES,11138,9406,exact_title,ISLAAM_OR_SIYASI_NAZARIYAAT,,0,0,0,
NO_COMMON_PAGES,11144,9407,exact_title,ISLAAMI_BANKARI_OR_ULAMA,,0,0,0,
NO_COMMON_PAGES,11197,9411,exact_title,ISLAM_MEN_AORAT_KA_DARJA_OR_USKAY_HUQOOQ_O_FARAIZ,,0,0,0,
NO_COMMON_PAGES,11205,9412,exact_title,ISLAMI_EBATAAD,,0,0,0,
NO_COMMON_PAGES,11224,9413,exact_title,Jadeed_Fiqhi_Mabahis_Vol_1,,0,0,0,
NO_COMMON_PAGES,11225,9414,exact_title,JADEED_FIQHI_MABAHIS_VOL_10,,0,0,0,
NO_COMMON_PAGES,11226,9415,exact_title,Jadeed_Fiqhi_Mabahis_Vol_11,,0,0,0,
NO_COMMON_PAGES,11227,9416,exact_title,Jadeed_Fiqhi_Mabahis_Vol_12,,0,0,0,
NO_COMMON_PAGES,11228,9417,exact_title,Jadeed_Fiqhi_Mabahis_Vol_13,,0,0,0,
NO_COMMON_PAGES,11229,9418,exact_title,Jadeed_Fiqhi_Mabahis_Vol_14,,0,0,0,
NO_COMMON_PAGES,11230,9419,exact_title,Jadeed_Fiqhi_Mabahis_Vol_15,,0,0,0,
NO_COMMON_PAGES,11231,9420,exact_title,Jadeed_Fiqhi_Mabahis_Vol_16,,0,0,0,
NO_COMMON_PAGES,11232,9421,exact_title,Jadeed_Fiqhi_Mabahis_Vol_17,,0,0,0,
NO_COMMON_PAGES,11233,9422,exact_title,Jadeed_Fiqhi_Mabahis_Vol_18,,0,0,0,
NO_COMMON_PAGES,11234,9423,exact_title,Jadeed_Fiqhi_Mabahis_Vol_19,,0,0,0,
NO_COMMON_PAGES,11235,9424,exact_title,Jadeed_Fiqhi_Mabahis_Vol_2,,0,0,0,
NO_COMMON_PAGES,11236,9425,exact_title,Jadeed_Fiqhi_Mabahis_Vol_20,,0,0,0,
NO_COMMON_PAGES,11237,9426,exact_title,Jadeed_Fiqhi_Mabahis_Vol_21,,0,0,0,
NO_COMMON_PAGES,11239,9427,exact_title,Jadeed_Fiqhi_Mabahis_Vol_22_B,,0,0,0,
NO_COMMON_PAGES,11240,9428,exact_title,Jadeed_Fiqhi_Mabahis_Vol_23,,0,0,0,
NO_COMMON_PAGES,11241,9429,exact_title,Jadeed_Fiqhi_Mabahis_Vol_23_A,,0,0,0,
NO_COMMON_PAGES,11243,9430,exact_title,Jadeed_Fiqhi_Mabahis_Vol_24,,0,0,0,
NO_COMMON_PAGES,11244,9431,exact_title,Jadeed_Fiqhi_Mabahis_Vol_25_A,,0,0,0,
NO_COMMON_PAGES,11245,9432,exact_title,Jadeed_Fiqhi_Mabahis_Vol_25_B,,0,0,0,
NO_COMMON_PAGES,11246,9433,exact_title,Jadeed_Fiqhi_Mabahis_Vol_26,,0,0,0,
NO_COMMON_PAGES,11247,9434,exact_title,Jadeed_Fiqhi_Mabahis_Vol_27,,0,0,0,
NO_COMMON_PAGES,11248,9435,exact_title,Jadeed_Fiqhi_Mabahis_Vol_28,,0,0,0,
NO_COMMON_PAGES,11249,9436,exact_title,Jadeed_Fiqhi_Mabahis_Vol_29_A,,0,0,0,
NO_COMMON_PAGES,11250,9437,exact_title,Jadeed_Fiqhi_Mabahis_Vol_29_B,,0,0,0,
NO_COMMON_PAGES,11251,9438,exact_title,Jadeed_Fiqhi_Mabahis_Vol_3,,0,0,0,
NO_COMMON_PAGES,11252,9439,exact_title,Jadeed_Fiqhi_Mabahis_Vol_30,,0,0,0,
NO_COMMON_PAGES,11253,9440,exact_title,Jadeed_Fiqhi_Mabahis_Vol_31,,0,0,0,
NO_COMMON_PAGES,11254,9441,exact_title,Jadeed_Fiqhi_Mabahis_Vol_4,,0,0,0,
NO_COMMON_PAGES,11255,9442,exact_title,Jadeed_Fiqhi_Mabahis_Vol_5,,0,0,0,
NO_COMMON_PAGES,11256,9443,exact_title,Jadeed_Fiqhi_Mabahis_Vol_6,,0,0,0,
NO_COMMON_PAGES,11257,9444,exact_title,Jadeed_Fiqhi_Mabahis_Vol_8,,0,0,0,
NO_COMMON_PAGES,11258,9445,exact_title,Jadeed_Fiqhi_Mabahis_Vol_9,,0,0,0,
NO_COMMON_PAGES,11259,9446,exact_title,JADEED_FIQHI_MASAIL_VOL_1,,0,0,0,
NO_COMMON_PAGES,11260,9447,exact_title,JADEED_FIQHI_MASAIL_VOL_2,,0,0,0,
NO_COMMON_PAGES,11261,9448,exact_title,JADEED_FIQHI_MASAIL_VOL_3,,0,0,0,
NO_COMMON_PAGES,11262,9449,exact_title,JADEED_FIQHI_MASAIL_VOL_4,,0,0,0,
NO_COMMON_PAGES,11263,9450,exact_title,JADEED_FIQHI_MASAIL_VOL_5,,0,0,0,
NO_COMMON_PAGES,11264,9451,exact_title,JADEED_MUAMLAAT_KAY_SHARE_AHKAAM_VOL_1,,0,0,0,
NO_COMMON_PAGES,11265,9452,exact_title,JADEED_MUAMLAAT_KAY_SHARE_AHKAAM_VOL_2,,0,0,0,
NO_COMMON_PAGES,11266,9453,exact_title,JADEED_MUAMLAAT_KAY_SHARE_AHKAAM_VOL_3,,0,0,0,
NO_COMMON_PAGES,11290,9454,exact_title,JAME_UL_FATAWA_VOL_01,,0,0,0,
NO_COMMON_PAGES,11291,9455,exact_title,JAME_UL_FATAWA_VOL_02,,0,0,0,
NO_COMMON_PAGES,11292,9456,exact_title,JAME_UL_FATAWA_VOL_03,,0,0,0,
NO_COMMON_PAGES,11293,9457,exact_title,JAME_UL_FATAWA_VOL_04,,0,0,0,
NO_COMMON_PAGES,11294,9458,exact_title,JAME_UL_FATAWA_VOL_05,,0,0,0,
NO_COMMON_PAGES,11295,9459,exact_title,JAME_UL_FATAWA_VOL_06,,0,0,0,
NO_COMMON_PAGES,11296,9460,exact_title,JAME_UL_FATAWA_VOL_07,,0,0,0,
NO_COMMON_PAGES,11297,9461,exact_title,JAME_UL_FATAWA_VOL_08,,0,0,0,
NO_COMMON_PAGES,11298,9462,exact_title,JAME_UL_FATAWA_VOL_09,,0,0,0,
NO_COMMON_PAGES,11299,9463,exact_title,JAME_UL_FATAWA_VOL_10,,0,0,0,
NO_COMMON_PAGES,11300,9464,exact_title,JAME_UL_FATAWA_VOL_11,,0,0,0,
NO_COMMON_PAGES,11309,9466,exact_title,JAWAHIR_UL_FIQAH_VOL_1,,0,0,0,
NO_COMMON_PAGES,11310,9467,exact_title,JAWAHIR_UL_FIQAH_VOL_2,,0,0,0,
NO_COMMON_PAGES,11311,9468,exact_title,JAWAHIR_UL_FIQAH_VOL_3,,0,0,0,
NO_COMMON_PAGES,11312,9469,exact_title,JAWAHIR_UL_FIQAH_VOL_4,,0,0,0,
NO_COMMON_PAGES,11313,9470,exact_title,JAWAHIR_UL_FIQAH_VOL_6,,0,0,0,
NO_COMMON_PAGES,11314,9471,exact_title,JAWAHIR_UL_FIQAH_VOL_7,,0,0,0,
NO_COMMON_PAGES,11367,9473,exact_title,KANZ_UL_UMMAAL_VOL_01_02,,0,0,0,
NO_COMMON_PAGES,11368,9474,exact_title,KANZ_UL_UMMAAL_VOL_03_04,,0,0,0,
NO_COMMON_PAGES,11369,9475,exact_title,KANZ_UL_UMMAAL_VOL_05_06,,0,0,0,
NO_COMMON_PAGES,11370,9476,exact_title,KANZ_UL_UMMAAL_VOL_07_08,,0,0,0,
NO_COMMON_PAGES,11371,9477,exact_title,KANZ_UL_UMMAAL_VOL_09_10,,0,0,0,
NO_COMMON_PAGES,11372,9478,exact_title,KANZ_UL_UMMAAL_VOL_11_12,,0,0,0,
NO_COMMON_PAGES,11373,9479,exact_title,KANZ_UL_UMMAAL_VOL_13_14,,0,0,0,
NO_COMMON_PAGES,11374,9480,exact_title,KANZ_UL_UMMAAL_VOL_15_16,,0,0,0,
NO_COMMON_PAGES,11398,9481,exact_title,KHAIR_UL_FATAWA_VOL_1,,0,0,0,
NO_COMMON_PAGES,11399,9482,exact_title,KHAIR_UL_FATAWA_VOL_2,,0,0,0,
NO_COMMON_PAGES,11400,9483,exact_title,KHAIR_UL_FATAWA_VOL_3,,0,0,0,
NO_COMMON_PAGES,11401,9484,exact_title,KHAIR_UL_FATAWA_VOL_4,,0,0,0,
NO_COMMON_PAGES,11402,9485,exact_title,KHAIR_UL_FATAWA_VOL_5,,0,0,0,
NO_COMMON_PAGES,11403,9486,exact_title,KHAIR_UL_FATAWA_VOL_6,,0,0,0,
NO_COMMON_PAGES,11453,9487,exact_title,KHUSUSIYAAT_E_MUSTAFA_VOL_1,,0,0,0,
NO_COMMON_PAGES,11454,9488,exact_title,KHUSUSIYAAT_E_MUSTAFA_VOL_2,,0,0,0,
NO_COMMON_PAGES,11455,9489,exact_title,KHUSUSIYAAT_E_MUSTAFA_VOL_3,,0,0,0,
NO_COMMON_PAGES,11456,9490,exact_title,KHUSUSIYAAT_E_MUSTAFA_VOL_4,,0,0,0,
NO_COMMON_PAGES,11458,9491,exact_title,KHUTBAAT_APNY_AKABIR_KAY,,0,0,0,
NO_COMMON_PAGES,11459,9492,exact_title,KHUTBAAT_E_AHTISHAAM_VOL_1,,0,0,0,
NO_COMMON_PAGES,11460,9493,exact_title,KHUTBAAT_E_AHTISHAAM_VOL_2,,0,0,0,
NO_COMMON_PAGES,11461,9494,exact_title,KHUTBAAT_E_AHTISHAAM_VOL_3,,0,0,0,
NO_COMMON_PAGES,11462,9495,exact_title,KHUTBAAT_E_AHTISHAAM_VOL_4,,0,0,0,
NO_COMMON_PAGES,11463,9496,exact_title,KHUTBAAT_E_AHTISHAAM_VOL_5,,0,0,0,
NO_COMMON_PAGES,11464,9497,exact_title,KHUTBAAT_E_AHTISHAAM_VOL_6,,0,0,0,
NO_COMMON_PAGES,11465,9498,exact_title,KHUTBAAT_E_ALI_MIYAN_VOL_1,,0,0,0,
NO_COMMON_PAGES,11466,9499,exact_title,KHUTBAAT_E_ALI_MIYAN_VOL_2,,0,0,0,
NO_COMMON_PAGES,11467,9500,exact_title,KHUTBAAT_E_ALI_MIYAN_VOL_3,,0,0,0,
NO_COMMON_PAGES,11468,9501,exact_title,KHUTBAAT_E_ALI_MIYAN_VOL_4,,0,0,0,
NO_COMMON_PAGES,11469,9502,exact_title,KHUTBAAT_E_ALI_MIYAN_VOL_5,,0,0,0,
NO_COMMON_PAGES,11470,9503,exact_title,KHUTBAAT_E_ALI_MIYAN_VOL_6,,0,0,0,
NO_COMMON_PAGES,11471,9504,exact_title,KHUTBAAT_E_ALI_MIYAN_VOL_7,,0,0,0,
NO_COMMON_PAGES,11472,9505,exact_title,KHUTBAAT_E_ALI_MIYAN_VOL_8,,0,0,0,
NO_COMMON_PAGES,11473,9506,exact_title,KHUTBAAT_E_AMEER_E_SHAREAT,,0,0,0,
NO_COMMON_PAGES,11474,9507,exact_title,KHUTBAAT_E_FAQEER_VOL_01,,0,0,0,
NO_COMMON_PAGES,11475,9508,exact_title,KHUTBAAT_E_FAQEER_VOL_02,,0,0,0,
NO_COMMON_PAGES,11476,9509,exact_title,KHUTBAAT_E_FAQEER_VOL_03,,0,0,0,
NO_COMMON_PAGES,11477,9510,exact_title,KHUTBAAT_E_FAQEER_VOL_04,,0,0,0,
NO_COMMON_PAGES,11478,9511,exact_title,KHUTBAAT_E_FAQEER_VOL_05,,0,0,0,
NO_COMMON_PAGES,11479,9512,exact_title,KHUTBAAT_E_FAQEER_VOL_06,,0,0,0,
NO_COMMON_PAGES,11480,9513,exact_title,KHUTBAAT_E_FAQEER_VOL_07,,0,0,0,
NO_COMMON_PAGES,11481,9514,exact_title,KHUTBAAT_E_FAQEER_VOL_08,,0,0,0,
NO_COMMON_PAGES,11482,9515,exact_title,KHUTBAAT_E_FAQEER_VOL_09,,0,0,0,
NO_COMMON_PAGES,11483,9516,exact_title,KHUTBAAT_E_FAQEER_VOL_10,,0,0,0,
NO_COMMON_PAGES,11484,9517,exact_title,KHUTBAAT_E_FAQEER_VOL_12,,0,0,0,
NO_COMMON_PAGES,11485,9518,exact_title,KHUTBAAT_E_FAQEER_VOL_13,,0,0,0,
NO_COMMON_PAGES,11486,9519,exact_title,KHUTBAAT_E_FAQEER_VOL_14,,0,0,0,
NO_COMMON_PAGES,11487,9520,exact_title,KHUTBAAT_E_FAQEER_VOL_15,,0,0,0,
NO_COMMON_PAGES,11488,9521,exact_title,KHUTBAAT_E_FAQEER_VOL_16,,0,0,0,
NO_COMMON_PAGES,11489,9522,exact_title,KHUTBAAT_E_FAQEER_VOL_17,,0,0,0,
NO_COMMON_PAGES,11490,9523,exact_title,KHUTBAAT_E_FAQEER_VOL_18,,0,0,0,
NO_COMMON_PAGES,11491,9524,exact_title,KHUTBAAT_E_FAQEER_VOL_19,,0,0,0,
NO_COMMON_PAGES,11492,9525,exact_title,KHUTBAAT_E_FAQEER_VOL_20,,0,0,0,
NO_COMMON_PAGES,11493,9526,exact_title,KHUTBAAT_E_FAQEER_VOL_21,,0,0,0,
NO_COMMON_PAGES,11494,9527,exact_title,KHUTBAAT_E_FAQEER_VOL_22,,0,0,0,
NO_COMMON_PAGES,11495,9528,exact_title,KHUTBAAT_E_FAQEER_VOL_23,,0,0,0,
NO_COMMON_PAGES,11496,9529,exact_title,KHUTBAAT_E_FAQEER_VOL_24,,0,0,0,
NO_COMMON_PAGES,11497,9530,exact_title,KHUTBAAT_E_FAQEER_VOL_25,,0,0,0,
NO_COMMON_PAGES,11498,9531,exact_title,KHUTBAAT_E_FAQEER_VOL_26,,0,0,0,
NO_COMMON_PAGES,11504,9532,exact_title,KHUTBAAT_E_HAKEEM_UL_UMMAT_VOL_01,,0,0,0,
NO_COMMON_PAGES,11505,9533,exact_title,KHUTBAAT_E_HAKEEM_UL_UMMAT_VOL_02,,0,0,0,
NO_COMMON_PAGES,11506,9534,exact_title,KHUTBAAT_E_HAKEEM_UL_UMMAT_VOL_03,,0,0,0,
NO_COMMON_PAGES,11507,9535,exact_title,KHUTBAAT_E_HAKEEM_UL_UMMAT_VOL_04,,0,0,0,
NO_COMMON_PAGES,11508,9536,exact_title,KHUTBAAT_E_HAKEEM_UL_UMMAT_VOL_05,,0,0,0,
NO_COMMON_PAGES,11509,9537,exact_title,KHUTBAAT_E_HAKEEM_UL_UMMAT_VOL_06,,0,0,0,
NO_COMMON_PAGES,11510,9538,exact_title,KHUTBAAT_E_HAKEEM_UL_UMMAT_VOL_07,,0,0,0,
NO_COMMON_PAGES,11511,9539,exact_title,KHUTBAAT_E_HAKEEM_UL_UMMAT_VOL_08,,0,0,0,
NO_COMMON_PAGES,11512,9540,exact_title,KHUTBAAT_E_HAKEEM_UL_UMMAT_VOL_09,,0,0,0,
NO_COMMON_PAGES,11513,9541,exact_title,KHUTBAAT_E_HAKEEM_UL_UMMAT_VOL_10,,0,0,0,
NO_COMMON_PAGES,11514,9542,exact_title,KHUTBAAT_E_HAKEEM_UL_UMMAT_VOL_11,,0,0,0,
NO_COMMON_PAGES,11515,9543,exact_title,KHUTBAAT_E_HAKEEM_UL_UMMAT_VOL_12,,0,0,0,
NO_COMMON_PAGES,11516,9544,exact_title,KHUTBAAT_E_HAKEEM_UL_UMMAT_VOL_13,,0,0,0,
NO_COMMON_PAGES,11517,9545,exact_title,KHUTBAAT_E_HAKEEM_UL_UMMAT_VOL_14,,0,0,0,
NO_COMMON_PAGES,11518,9546,exact_title,KHUTBAAT_E_HAKEEM_UL_UMMAT_VOL_15,,0,0,0,
NO_COMMON_PAGES,11519,9547,exact_title,KHUTBAAT_E_HAKEEM_UL_UMMAT_VOL_16,,0,0,0,
NO_COMMON_PAGES,11520,9548,exact_title,KHUTBAAT_E_HAKEEM_UL_UMMAT_VOL_17,,0,0,0,
NO_COMMON_PAGES,11521,9549,exact_title,KHUTBAAT_E_HAKEEM_UL_UMMAT_VOL_18,,0,0,0,
NO_COMMON_PAGES,11522,9550,exact_title,KHUTBAAT_E_HAKEEM_UL_UMMAT_VOL_19,,0,0,0,
NO_COMMON_PAGES,11523,9551,exact_title,KHUTBAAT_E_HAKEEM_UL_UMMAT_VOL_20,,0,0,0,
NO_COMMON_PAGES,11524,9552,exact_title,KHUTBAAT_E_HAKEEM_UL_UMMAT_VOL_21,,0,0,0,
NO_COMMON_PAGES,11525,9553,exact_title,KHUTBAAT_E_HAKEEM_UL_UMMAT_VOL_22,,0,0,0,
NO_COMMON_PAGES,11526,9554,exact_title,KHUTBAAT_E_HAKEEM_UL_UMMAT_VOL_23,,0,0,0,
NO_COMMON_PAGES,11527,9555,exact_title,KHUTBAAT_E_HAKEEM_UL_UMMAT_VOL_24,,0,0,0,
NO_COMMON_PAGES,11528,9556,exact_title,KHUTBAAT_E_HAKEEM_UL_UMMAT_VOL_25,,0,0,0,
NO_COMMON_PAGES,11529,9557,exact_title,KHUTBAAT_E_HAKEEM_UL_UMMAT_VOL_26,,0,0,0,
NO_COMMON_PAGES,11530,9558,exact_title,KHUTBAAT_E_HAKEEM_UL_UMMAT_VOL_27,,0,0,0,
NO_COMMON_PAGES,11531,9559,exact_title,KHUTBAAT_E_HAKEEM_UL_UMMAT_VOL_28,,0,0,0,
NO_COMMON_PAGES,11532,9560,exact_title,KHUTBAAT_E_HAKEEM_UL_UMMAT_VOL_29,,0,0,0,
NO_COMMON_PAGES,11533,9561,exact_title,KHUTBAAT_E_HAKEEM_UL_UMMAT_VOL_30,,0,0,0,
NO_COMMON_PAGES,11534,9562,exact_title,KHUTBAAT_E_HAKEEM_UL_UMMAT_VOL_31,,0,0,0,
NO_COMMON_PAGES,11536,9563,exact_title,KHUTBAAT_E_JUMAH_VOL_1,,0,0,0,
NO_COMMON_PAGES,11537,9564,exact_title,KHUTBAAT_E_JUMAH_VOL_2,,0,0,0,
NO_COMMON_PAGES,11538,9565,exact_title,KHUTBAAT_E_MAHMOOD_VOL_1,,0,0,0,
NO_COMMON_PAGES,11539,9566,exact_title,KHUTBAAT_E_MAHMOOD_VOL_2,,0,0,0,
NO_COMMON_PAGES,11540,9567,exact_title,KHUTBAAT_E_MAHMOOD_VOL_3,,0,0,0,
NO_COMMON_PAGES,11541,9568,exact_title,KHUTBAAT_UL_RASHEED_VOL_1,,0,0,0,
NO_COMMON_PAGES,11542,9569,exact_title,KHUTBAAT_UL_RASHEED_VOL_2,,0,0,0,
NO_COMMON_PAGES,11543,9570,exact_title,KHUTBAAT_UL_RASHEED_VOL_3,,0,0,0,
NO_COMMON_PAGES,11544,9571,exact_title,KHUTBAAT_UL_RASHEED_VOL_4,,0,0,0,
NO_COMMON_PAGES,11545,9572,exact_title,KHUTBAAT_UL_RASHEED_VOL_5,,0,0,0,
NO_COMMON_PAGES,11546,9573,exact_title,KHUTBAAT_UL_RASHEED_VOL_6,,0,0,0,
NO_COMMON_PAGES,11547,9574,exact_title,KHUTBAAT_UL_RASHEED_VOL_7,,0,0,0,
NO_COMMON_PAGES,11563,9575,exact_title,KIFAYAT_UL_MUFTI_VOL_1,,0,0,0,
NO_COMMON_PAGES,11564,9576,exact_title,KIFAYAT_UL_MUFTI_VOL_2,,0,0,0,
NO_COMMON_PAGES,11565,9577,exact_title,KIFAYAT_UL_MUFTI_VOL_3,,0,0,0,
NO_COMMON_PAGES,11566,9578,exact_title,KIFAYAT_UL_MUFTI_VOL_4,,0,0,0,
NO_COMMON_PAGES,11567,9579,exact_title,KIFAYAT_UL_MUFTI_VOL_6,,0,0,0,
NO_COMMON_PAGES,11568,9580,exact_title,KIFAYAT_UL_MUFTI_VOL_7,,0,0,0,
NO_COMMON_PAGES,11569,9581,exact_title,KIFAYAT_UL_MUFTI_VOL_8,,0,0,0,
NO_COMMON_PAGES,11570,9582,exact_title,KIFAYAT_UL_MUFTI_VOL_9,,0,0,0,
NO_COMMON_PAGES,11575,9583,exact_title,KITAB_UL_FATAWA_VOL_1,,0,0,0,
NO_COMMON_PAGES,11576,9584,exact_title,KITAB_UL_FATAWA_VOL_2,,0,0,0,
NO_COMMON_PAGES,11577,9585,exact_title,KITAB_UL_FATAWA_VOL_3,,0,0,0,
NO_COMMON_PAGES,11578,9586,exact_title,KITAB_UL_FATAWA_VOL_4,,0,0,0,
NO_COMMON_PAGES,11579,9587,exact_title,KITAB_UL_FATAWA_VOL_5,,0,0,0,
NO_COMMON_PAGES,11580,9588,exact_title,KITAB_UL_FATAWA_VOL_6,,0,0,0,
NO_COMMON_PAGES,11621,9589,exact_title,MAARIF_UL_HADITH_VOL_1,,0,0,0,
NO_COMMON_PAGES,11622,9590,exact_title,MAARIF_UL_HADITH_VOL_2,,0,0,0,
NO_COMMON_PAGES,11623,9591,exact_title,MAARIF_UL_HADITH_VOL_3_4,,0,0,0,
NO_COMMON_PAGES,11624,9592,exact_title,MAARIF_UL_HADITH_VOL_5_6_7,,0,0,0,
NO_COMMON_PAGES,11625,9593,exact_title,MAARIF_UL_HADITH_VOL_8,,0,0,0,
NO_COMMON_PAGES,11627,9594,exact_title,MAARIF_UL_QURAN_KANDHELVI_VOL_1,,0,0,0,
NO_COMMON_PAGES,11628,9595,exact_title,MAARIF_UL_QURAN_KANDHELVI_VOL_2,,0,0,0,
NO_COMMON_PAGES,11629,9596,exact_title,MAARIF_UL_QURAN_KANDHELVI_VOL_3,,0,0,0,
NO_COMMON_PAGES,11630,9597,exact_title,MAARIF_UL_QURAN_KANDHELVI_VOL_4,,0,0,0,
NO_COMMON_PAGES,11631,9598,exact_title,MAARIF_UL_QURAN_KANDHELVI_VOL_5,,0,0,0,
NO_COMMON_PAGES,11632,9599,exact_title,MAARIF_UL_QURAN_KANDHELVI_VOL_6,,0,0,0,
NO_COMMON_PAGES,11633,9600,exact_title,MAARIF_UL_QURAN_KANDHELVI_VOL_7,,0,0,0,
NO_COMMON_PAGES,11634,9601,exact_title,MAARIF_UL_QURAN_KANDHELVI_VOL_8,,0,0,0,
NO_COMMON_PAGES,11635,9602,exact_title,MAARIF_UL_QURAN_VOL_1,,0,0,0,
NO_COMMON_PAGES,11636,9603,exact_title,MAARIF_UL_QURAN_VOL_2,,0,0,0,
NO_COMMON_PAGES,11637,9604,exact_title,MAARIF_UL_QURAN_VOL_3,,0,0,0,
NO_COMMON_PAGES,11638,9605,exact_title,MAARIF_UL_QURAN_VOL_4,,0,0,0,
NO_COMMON_PAGES,11639,9606,exact_title,MAARIF_UL_QURAN_VOL_5,,0,0,0,
NO_COMMON_PAGES,11640,9607,exact_title,MAARIF_UL_QURAN_VOL_6,,0,0,0,
NO_COMMON_PAGES,11641,9608,exact_title,MAARIF_UL_QURAN_VOL_7,,0,0,0,
NO_COMMON_PAGES,11642,9609,exact_title,MAARIF_UL_QURAN_VOL_8,,0,0,0,
NO_COMMON_PAGES,11681,9610,exact_title,MAJMOAH_E_MAQALAAT_VOL_1,,0,0,0,
NO_COMMON_PAGES,11682,9611,exact_title,MAJMOAH_E_MAQALAAT_VOL_2,,0,0,0,
NO_COMMON_PAGES,11683,9612,exact_title,MAJMOAH_E_MAQALAAT_VOL_3,,0,0,0,
NO_COMMON_PAGES,11755,9614,exact_title,MAQALAAT_E_USMANI_VOL_1,,0,0,0,
NO_COMMON_PAGES,11756,9615,exact_title,MAQALAAT_E_USMANI_VOL_2,,0,0,0,
NO_COMMON_PAGES,11792,9616,exact_title,MASAIL_E_RIFAT_QASMI_VOL_1,,0,0,0,
NO_COMMON_PAGES,11793,9617,exact_title,MASAIL_E_RIFAT_QASMI_VOL_2,,0,0,0,
NO_COMMON_PAGES,11794,9618,exact_title,MASAIL_E_RIFAT_QASMI_VOL_3,,0,0,0,
NO_COMMON_PAGES,11795,9619,exact_title,MASAIL_E_RIFAT_QASMI_VOL_4,,0,0,0,
NO_COMMON_PAGES,11796,9620,exact_title,MASAIL_E_RIFAT_QASMI_VOL_5,,0,0,0,
NO_COMMON_PAGES,11798,9621,exact_title,MASAIL_E_RIFAT_QASMI_VOL_7,,0,0,0,
NO_COMMON_PAGES,12029,9628,exact_title,NAJM_UL_FATAWA_VOL_1,,0,0,0,
NO_COMMON_PAGES,12030,9629,exact_title,NAJM_UL_FATAWA_VOL_2,,0,0,0,
NO_COMMON_PAGES,12074,9630,exact_title,NIZAM_UL_FATAWA_VOL_2,,0,0,0,
NO_COMMON_PAGES,12242,9636,exact_title,RAHMAT_TULLAH_HIL_WASIAH_VOL_1,,0,0,0,
NO_COMMON_PAGES,12290,9637,exact_title,RUHAMAA_O_BAINAHUM_VOL_1,,0,0,0,
NO_COMMON_PAGES,12291,9638,exact_title,RUHAMAA_O_BAINAHUM_VOL_2,,0,0,0,
NO_COMMON_PAGES,12292,9639,exact_title,RUHAMAA_O_BAINAHUM_VOL_3,,0,0,0,
NO_COMMON_PAGES,12293,9640,exact_title,RUHAMAA_O_BAINAHUM_VOL_4,,0,0,0,
NO_COMMON_PAGES,12328,9642,exact_title,SAHI_MUSLIM_SHAREEF_VOL_3,,0,0,0,
NO_COMMON_PAGES,12393,9644,exact_title,SEERAT_E_MUSTAFA_(S.A.W)_VOL_1,,0,0,0,
NO_COMMON_PAGES,12394,9645,exact_title,SEERAT_E_MUSTAFA_(S.A.W)_VOL_2,,0,0,0,
NO_COMMON_PAGES,12395,9646,exact_title,SEERAT_E_MUSTAFA_(S.A.W)_VOL_3,,0,0,0,
NO_COMMON_PAGES,12396,9647,exact_title,SEERAT_E_SARWAR_E_KAONAIN_VOL_1,,0,0,0,
NO_COMMON_PAGES,12397,9648,exact_title,SEERAT_E_SARWAR_E_KAONAIN_VOL_2,,0,0,0,
NO_COMMON_PAGES,12399,9649,exact_title,SEERAT_UL_HALBIYAH_VOL_1,,0,0,0,
NO_COMMON_PAGES,12400,9650,exact_title,SEERAT_UL_HALBIYAH_VOL_2,,0,0,0,
NO_COMMON_PAGES,12401,9651,exact_title,SEERAT_UL_HALBIYAH_VOL_3,,0,0,0,
NO_COMMON_PAGES,12402,9652,exact_title,SEERAT_UL_HALBIYAH_VOL_4,,0,0,0,
NO_COMMON_PAGES,12403,9653,exact_title,SEERAT_UL_HALBIYAH_VOL_5,,0,0,0,
NO_COMMON_PAGES,12404,9654,exact_title,SEERAT_UL_HALBIYAH_VOL_6,,0,0,0,
NO_COMMON_PAGES,12405,9655,exact_title,SEERAT_UN_NABI_(S.A.W)_VOL_1,,0,0,0,
NO_COMMON_PAGES,12406,9656,exact_title,SEERAT_UN_NABI_(S.A.W)_VOL_2,,0,0,0,
NO_COMMON_PAGES,12407,9657,exact_title,SEERAT_UN_NABI_(S.A.W)_VOL_3,,0,0,0,
NO_COMMON_PAGES,12408,9658,exact_title,SEERAT_UN_NABI_(S.A.W)_VOL_4,,0,0,0,
NO_COMMON_PAGES,12409,9659,exact_title,SEERAT_UN_NABI_IBN_E_HASHHAM_VOL_1,,0,0,0,
NO_COMMON_PAGES,12410,9660,exact_title,SEERAT_UN_NABI_IBN_E_HASHHAM_VOL_2,,0,0,0,
NO_COMMON_PAGES,12411,9661,exact_title,SEERAT_UN_NABI_IBN_E_HASHHAM_VOL_3,,0,0,0,
NO_COMMON_PAGES,12412,9662,exact_title,SEERAT_UN_NABI_QADAM_BA_QADAM_VOL_1,,0,0,0,
NO_COMMON_PAGES,12413,9663,exact_title,SEERAT_UN_NABI_QADAM_BA_QADAM_VOL_2,,0,0,0,
NO_COMMON_PAGES,12440,9664,exact_title,SHAMAIL_E_KUBRA_VOL_01_02,,0,0,0,
NO_COMMON_PAGES,12441,9665,exact_title,SHAMAIL_E_KUBRA_VOL_03_04,,0,0,0,
NO_COMMON_PAGES,12442,9666,exact_title,SHAMAIL_E_KUBRA_VOL_05_06,,0,0,0,
NO_COMMON_PAGES,12443,9667,exact_title,SHAMAIL_E_KUBRA_VOL_07_08,,0,0,0,
NO_COMMON_PAGES,12444,9668,exact_title,SHAMAIL_E_KUBRA_VOL_09_10,,0,0,0,
NO_COMMON_PAGES,12445,9669,exact_title,SHAMAIL_E_KUBRA_VOL_11,,0,0,0,
NO_COMMON_PAGES,12446,9670,exact_title,SHAMAIL_E_KUBRA_VOL_12,,0,0,0,
NO_COMMON_PAGES,12586,9672,exact_title,SUNAN_E_NASAI_SHAREEF_VOL_1,,0,0,0,
NO_COMMON_PAGES,12587,9673,exact_title,SUNAN_E_NASAI_SHAREEF_VOL_2,,0,0,0,
NO_COMMON_PAGES,12588,9674,exact_title,SUNAN_E_NASAI_SHAREEF_VOL_3,,0,0,0,
NO_COMMON_PAGES,12601,9675,exact_title,TABAQAAT_E_IBN_E_SAAD_VOL_1,,0,0,0,
NO_COMMON_PAGES,12602,9676,exact_title,TABAQAAT_E_IBN_E_SAAD_VOL_2,,0,0,0,
NO_COMMON_PAGES,12603,9677,exact_title,TABAQAAT_E_IBN_E_SAAD_VOL_3,,0,0,0,
NO_COMMON_PAGES,12673,9713,exact_title,TAFSEER_E_BAYAAN_UL_QURAN_VOL_1,,0,0,0,
NO_COMMON_PAGES,12674,9714,exact_title,TAFSEER_E_BAYAAN_UL_QURAN_VOL_2,,0,0,0,
NO_COMMON_PAGES,12675,9715,exact_title,TAFSEER_E_BAYAAN_UL_QURAN_VOL_3,,0,0,0,
NO_COMMON_PAGES,12676,9716,exact_title,TAFSEER_E_FAHM_E_QURAN_VOL_1,,0,0,0,
NO_COMMON_PAGES,12677,9717,exact_title,TAFSEER_E_FAHM_E_QURAN_VOL_2,,0,0,0,
NO_COMMON_PAGES,12678,9718,exact_title,TAFSEER_E_FAHM_E_QURAN_VOL_3,,0,0,0,
NO_COMMON_PAGES,12682,9719,exact_title,TAFSEER_E_IBN_E_KASEER_VOL_1,,0,0,0,
NO_COMMON_PAGES,12683,9720,exact_title,TAFSEER_E_IBN_E_KASEER_VOL_2,,0,0,0,
NO_COMMON_PAGES,12684,9721,exact_title,TAFSEER_E_IBN_E_KASEER_VOL_3,,0,0,0,
NO_COMMON_PAGES,12685,9722,exact_title,TAFSEER_E_IBN_E_KASEER_VOL_4,,0,0,0,
NO_COMMON_PAGES,12686,9723,exact_title,TAFSEER_E_IBN_E_KASEER_VOL_5,,0,0,0,
NO_COMMON_PAGES,12687,9724,exact_title,TAFSEER_E_JAMALAIN_VOL_1,,0,0,0,
NO_COMMON_PAGES,12688,9725,exact_title,TAFSEER_E_JAMALAIN_VOL_2,,0,0,0,
NO_COMMON_PAGES,12689,9726,exact_title,TAFSEER_E_JAMALAIN_VOL_3,,0,0,0,
NO_COMMON_PAGES,12690,9727,exact_title,TAFSEER_E_JAMALAIN_VOL_4,,0,0,0,
NO_COMMON_PAGES,12691,9728,exact_title,TAFSEER_E_JAMALAIN_VOL_5,,0,0,0,
NO_COMMON_PAGES,12692,9729,exact_title,TAFSEER_E_JAMALAIN_VOL_6,,0,0,0,
NO_COMMON_PAGES,12693,9730,exact_title,TAFSEER_E_KAMALAIN_VOL_1,,0,0,0,
NO_COMMON_PAGES,12694,9731,exact_title,TAFSEER_E_KAMALAIN_VOL_2,,0,0,0,
NO_COMMON_PAGES,12695,9732,exact_title,TAFSEER_E_KAMALAIN_VOL_3,,0,0,0,
NO_COMMON_PAGES,12696,9733,exact_title,TAFSEER_E_KAMALAIN_VOL_4,,0,0,0,
NO_COMMON_PAGES,12697,9734,exact_title,TAFSEER_E_KAMALAIN_VOL_5,,0,0,0,
NO_COMMON_PAGES,12698,9735,exact_title,TAFSEER_E_KAMALAIN_VOL_6_7,,0,0,0,
NO_COMMON_PAGES,12699,9736,exact_title,TAFSEER_E_MADARIK_LIN_NASAFI_VOL_1,,0,0,0,
NO_COMMON_PAGES,12700,9737,exact_title,TAFSEER_E_MADARIK_LIN_NASAFI_VOL_2,,0,0,0,
NO_COMMON_PAGES,12701,9738,exact_title,TAFSEER_E_MADARIK_LIN_NASAFI_VOL_3,,0,0,0,
NO_COMMON_PAGES,12702,9739,exact_title,TAFSEER_E_USMANI_VOL_1,,0,0,0,
NO_COMMON_PAGES,12703,9740,exact_title,TAFSEER_E_USMANI_VOL_2,,0,0,0,
NO_COMMON_PAGES,12704,9741,exact_title,TAFSEER_E_USMANI_VOL_3,,0,0,0,
NO_COMMON_PAGES,12742,9746,exact_title,TAJALLIYAAT_E_SAFDAR_VOL_2,,0,0,0,
NO_COMMON_PAGES,12743,9747,exact_title,TAJALLIYAAT_E_SAFDAR_VOL_3,,0,0,0,
NO_COMMON_PAGES,12744,9748,exact_title,TAJALLIYAAT_E_SAFDAR_VOL_4,,0,0,0,
NO_COMMON_PAGES,12745,9749,exact_title,TAJALLIYAAT_E_SAFDAR_VOL_5,,0,0,0,
NO_COMMON_PAGES,12746,9750,exact_title,TAJALLIYAAT_E_SAFDAR_VOL_6,,0,0,0,
NO_COMMON_PAGES,12747,9751,exact_title,TAJALLIYAAT_E_SAFDAR_VOL_7,,0,0,0,
NO_COMMON_PAGES,12801,9752,exact_title,TARBIYAT_E_ASHIQAAN_E_KHUDA,,0,0,0,
NO_COMMON_PAGES,12823,9753,exact_title,TAREEKH_E_DAWAT_O_AZEEMAT_VOL_1,,0,0,0,
NO_COMMON_PAGES,12824,9754,exact_title,TAREEKH_E_DAWAT_O_AZEEMAT_VOL_2,,0,0,0,
NO_COMMON_PAGES,12825,9755,exact_title,TAREEKH_E_DAWAT_O_AZEEMAT_VOL_3,,0,0,0,
NO_COMMON_PAGES,12826,9756,exact_title,TAREEKH_E_DAWAT_O_AZEEMAT_VOL_4,,0,0,0,
NO_COMMON_PAGES,12827,9757,exact_title,TAREEKH_E_DAWAT_O_AZEEMAT_VOL_5,,0,0,0,
NO_COMMON_PAGES,12828,9758,exact_title,Tareekh_e_Dawat_Wa_Azeemat_Vol_6,,0,0,0,
NO_COMMON_PAGES,12829,9759,exact_title,TAREEKH_E_IBN_E_KASEER_VOL_1,,0,0,0,
NO_COMMON_PAGES,12830,9760,exact_title,TAREEKH_E_IBN_E_KASEER_VOL_2,,0,0,0,
NO_COMMON_PAGES,12831,9761,exact_title,TAREEKH_E_IBN_E_KASEER_VOL_3,,0,0,0,
NO_COMMON_PAGES,12832,9762,exact_title,TAREEKH_E_IBN_E_KASEER_VOL_4,,0,0,0,
NO_COMMON_PAGES,12833,9763,exact_title,TAREEKH_E_IBN_E_KASEER_VOL_5,,0,0,0,
NO_COMMON_PAGES,12834,9764,exact_title,TAREEKH_E_IBN_E_KASEER_VOL_6,,0,0,0,
NO_COMMON_PAGES,12835,9765,exact_title,TAREEKH_E_IBN_E_KASEER_VOL_7_8,,0,0,0,
NO_COMMON_PAGES,12836,9766,exact_title,TAREEKH_E_IBN_E_KHALLIDOON_VOL_1,,0,0,0,
NO_COMMON_PAGES,12837,9767,exact_title,TAREEKH_E_IBN_E_KHALLIDOON_VOL_2,,0,0,0,
NO_COMMON_PAGES,12838,9768,exact_title,TAREEKH_E_IBN_E_KHALLIDOON_VOL_3,,0,0,0,
NO_COMMON_PAGES,12839,9769,exact_title,TAREEKH_E_IBN_E_KHALLIDOON_VOL_4,,0,0,0,
NO_COMMON_PAGES,12840,9770,exact_title,TAREEKH_E_IBN_E_KHALLIDOON_VOL_5,,0,0,0,
NO_COMMON_PAGES,12841,9771,exact_title,TAREEKH_E_IBN_E_KHALLIDOON_VOL_6,,0,0,0,
NO_COMMON_PAGES,12842,9772,exact_title,TAREEKH_E_IBN_E_KHALLIDOON_VOL_7,,0,0,0,
NO_COMMON_PAGES,12843,9773,exact_title,TAREEKH_E_IBN_E_KHALLIDOON_VOL_8,,0,0,0,
NO_COMMON_PAGES,12844,9774,exact_title,TAREEKH_E_ISLAAM_VOL_1,,0,0,0,
NO_COMMON_PAGES,12845,9775,exact_title,TAREEKH_E_ISLAAM_VOL_2,,0,0,0,
NO_COMMON_PAGES,12846,9776,exact_title,TAREEKH_E_ISLAAM_VOL_3,,0,0,0,
NO_COMMON_PAGES,12847,9777,exact_title,TAREEKH_E_TIBRI_VOL_1,,0,0,0,
NO_COMMON_PAGES,12848,9778,exact_title,TAREEKH_E_TIBRI_VOL_2,,0,0,0,
NO_COMMON_PAGES,12849,9779,exact_title,TAREEKH_E_TIBRI_VOL_3,,0,0,0,
NO_COMMON_PAGES,12850,9780,exact_title,TAREEKH_E_TIBRI_VOL_4,,0,0,0,
NO_COMMON_PAGES,12851,9781,exact_title,TAREEKH_E_TIBRI_VOL_5,,0,0,0,
NO_COMMON_PAGES,12852,9782,exact_title,TAREEKH_E_TIBRI_VOL_6,,0,0,0,
NO_COMMON_PAGES,12853,9783,exact_title,TAREEKH_E_TIBRI_VOL_7,,0,0,0,
NO_COMMON_PAGES,12881,9786,exact_title,TARJUMAN_US_SUNNAH_VOL_1,,0,0,0,
NO_COMMON_PAGES,12882,9787,exact_title,TARJUMAN_US_SUNNAH_VOL_2,,0,0,0,
NO_COMMON_PAGES,12883,9788,exact_title,TARJUMAN_US_SUNNAH_VOL_3,,0,0,0,
NO_COMMON_PAGES,12884,9789,exact_title,TARJUMAN_US_SUNNAH_VOL_4,,0,0,0,
NO_COMMON_PAGES,12899,9790,exact_title,TASHEEL_E_BAYAAN_UL_QURAN_Part1,,0,0,0,
NO_COMMON_PAGES,12900,9791,exact_title,TASHEEL_E_BAYAAN_UL_QURAN_Part2,,0,0,0,
NO_COMMON_PAGES,12901,9792,exact_title,TASHEEL_E_TARBIYAT_US_SALIK_VOL_1_PART_1,,0,0,0,
NO_COMMON_PAGES,12902,9793,exact_title,TASHEEL_E_TARBIYAT_US_SALIK_VOL_1_PART_2,,0,0,0,
NO_COMMON_PAGES,12903,9794,exact_title,TASHEEL_E_TARBIYAT_US_SALIK_VOL_2,,0,0,0,
NO_COMMON_PAGES,12904,9795,exact_title,TASHEEL_E_TARBIYAT_US_SALIK_VOL_3,,0,0,0,
NO_COMMON_PAGES,12977,9805,exact_title,TUHFA_TUL_MADAARIS_VOL_1,,0,0,0,
NO_COMMON_PAGES,12978,9806,exact_title,TUHFA_TUL_MADAARIS_VOL_2,,0,0,0,
NO_COMMON_PAGES,12980,9807,exact_title,TUHFA_TUL_MUSLIMEEN,,0,0,0,
NO_COMMON_PAGES,12989,9808,exact_title,ULAMA_E_DIOBAND_KAY_AAKHRI_LAMHAT_PART_2,,0,0,0,
NO_COMMON_PAGES,13014,9810,exact_title,USWA_E_RASOOL_E_AKRAM_(S.A.W),,0,0,0,
NO_COMMON_PAGES,13045,9811,exact_title,ZAAD_UL_MAAD_VOL_1_2,,0,0,0,
NO_COMMON_PAGES,13046,9812,exact_title,ZAAD_UL_MAAD_VOL_3_4,,0,0,0,
