Status,Library,BookID,Title,MatchedBookID
REMOVED_DUPLICATE,Maktaba Jibreel (PDF Archive),5251,1,9829
REMOVED_DUPLICATE,Maktaba Jibreel (PDF Archive),5252,12 Masail By SHEIKH MUNEER AHMAD MUNAWWAR,9833
REMOVED_DUPLICATE,Maktaba Jibreel (PDF Archive),5253,3 Aasaan Nekiaan By SHEIKH MUFTI RAFI USMANI,9837
REMOVED_DUPLICATE,Maktaba Jibreel (PDF Archive),5254,40 Salat O Salam By SHEIKH SYED NAFEESUL HUSAINI (R.A),9839
REMOVED_DUPLICATE,Maktaba Jibreel (PDF Archive),5255,5 Masail By SHEIKH MUFTI AHMAD MUMTAZ,9840
REMOVED_DUPLICATE,Maktaba Jibreel (PDF Archive),5256,6 Laakh Inaam by SHEIKH HAQ NAWAZ JHANGVI (RA),9841
REMOVED_DUPLICATE,Maktaba Jibreel (PDF Archive),5257,Aadaab e Dua By Sheikh Abdus Sattaar,9844
REMOVED_DUPLICATE,Maktaba Jibreel (PDF Archive),5258,Aadaab e Mubashirat By Dr Aftab Ahmad,9845
REMOVED_DUPLICATE,Maktaba Jibreel (PDF Archive),5259,Aadaab e Tilawat By SHEIKH MUFTI ABDUR RAHMAN KAUSAR MADNI,9846
REMOVED_DUPLICATE,Maktaba Jibreel (PDF Archive),5260,Aadaab e Zikr By SHEIKH ABDUS SATTAR,9847
REMOVED_DUPLICATE,Maktaba Jibreel (PDF Archive),5261,Aadaab ul Ikhtelaf By SHEIKH MUHAMMAD FAROOQ,9848
REMOVED_DUPLICATE,Maktaba Jibreel (PDF Archive),5262,Aadaab ul Masjid by SHEIKH ASHRAF ALI THANVI (RA),9849
REMOVED_DUPLICATE,Maktaba Jibreel (PDF Archive),5264,Aaina e Eeman By SHEIKH MUFTI MUKHTARUDDIN KARBOGHA SHAREEF,9852
REMOVED_DUPLICATE,Maktaba Jibreel (PDF Archive),5266,Aakhri Chataan By Naseem Hijazi,9854
REMOVED_DUPLICATE,Maktaba Jibreel (PDF Archive),5267,Aamaal e Ramadhan By MUFTI ABDULLAH NOMANI,9856
REMOVED_DUPLICATE,Maktaba Jibreel (PDF Archive),5269,Aameen Bil Jehar Sahih Bukhari Ki Roshni Mein By SHEIKH SYED FAKHRUDDIN AHMAD (R.A),9858
REMOVED_DUPLICATE,Maktaba Jibreel (PDF Archive),5270,Aankh Aur Zaban Ki Hifazat By SHEIKH MUFTI ABDUR RAUF SAKHARVI,9859
REMOVED_DUPLICATE,Maktaba Jibreel (PDF Archive),5271,Aankhon Ki Thandak By SHEIKH SARFRAZ KHAN SAFDAR (R.A),9861
REMOVED_DUPLICATE,Maktaba Jibreel (PDF Archive),5273,Aao Namaz Seekhain,9863
REMOVED_DUPLICATE,Maktaba Jibreel (PDF Archive),5285,Aasaan Namaz By SHEIKH ASHIQ ILAHI MADNI (R.A),9875
REMOVED_DUPLICATE,Maktaba Jibreel (PDF Archive),5286,Aasaan Rizq By Sufi Abdur Rahman,9876
REMOVED_DUPLICATE,Maktaba Jibreel (PDF Archive),5287,Aasaan Tajweed,9877
REMOVED_DUPLICATE,Maktaba Jibreel (PDF Archive),5289,Aasaar ul Hadith Vol 01 By SHEIKH ALLAMA KHALID MEHMOOD,9879
REMOVED_DUPLICATE,Maktaba Jibreel (PDF Archive),5290,Aasaar ul Hadith Vol 02 By SHEIKH ALLAMA KHALID MEHMOOD,9880
REMOVED_DUPLICATE,Maktaba Jibreel (PDF Archive),5291,Aasaar Us Sunan Al Bushra Color,9881
REMOVED_DUPLICATE,Maktaba Jibreel (PDF Archive),5292,Aasaar Us Sunan Al Bushra,9882
REMOVED_DUPLICATE,Maktaba Jibreel (PDF Archive),5293,Aasaar Us Sunan Haqqania,9883
REMOVED_DUPLICATE,Maktaba Jibreel (PDF Archive),5294,Aasaar ut Tanzeel Vol 1of2 By SHEIKH ALLAMA KHALID MEHMOOD,9884
REMOVED_DUPLICATE,Maktaba Jibreel (PDF Archive),5295,Aasaar ut Tanzeel Vol 2of2 By SHEIKH ALLAMA KHALID MEHMOOD,9885
REMOVED_DUPLICATE,Maktaba Jibreel (PDF Archive),5298,Aaza Ki Paiwand Kaari,9890
REMOVED_DUPLICATE,Maktaba Jibreel (PDF Archive),5299,Aazmaishon Ki Haqeeqat By Sheikh Abdus Sattar,9891
REMOVED_DUPLICATE,Maktaba Jibreel (PDF Archive),5300,Abd al-Aziz Farharwi,9892
REMOVED_DUPLICATE,Maktaba Jibreel (PDF Archive),5301,Abu Bakr [r.a] Ke Sarkari Khutoot By Khurshid Ahmad Farooq,9893
REMOVED_DUPLICATE,Maktaba Jibreel (PDF Archive),5302,Abwab e Saadat By SHEIKH MUHAMMAD SUHAIL,9894
REMOVED_DUPLICATE,Maktaba Jibreel (PDF Archive),5303,Ad Dalail Al Qahira By AHMAD RAZA KHAN BARELVI,9895
REMOVED_DUPLICATE,Maktaba Jibreel (PDF Archive),5309,Adilla e Kamila By SHEIKH MEHMOOD HASAN GANGOHI (R.A),9903
REMOVED_DUPLICATE,Maktaba Jibreel (PDF Archive),5311,AFRA-TAFREEH By DR. MUHAMMAD YUNUS BUTT,9905
REMOVED_DUPLICATE,Maktaba Jibreel (PDF Archive),5313,Aftab E Muhammadi Bajawab Shama E Muhammadi By PEER SYED MUSHTAQ ALI SHAH,9908
REMOVED_DUPLICATE,Maktaba Jibreel (PDF Archive),5315,Agha Khaniat Ulama e Ummat Ki Nazar Mein,9911
REMOVED_DUPLICATE,Maktaba Jibreel (PDF Archive),5316,Agha Khaniyon Kay Siyasi Azaim By Zakariyya Razi,9912
REMOVED_DUPLICATE,Maktaba Jibreel (PDF Archive),5317,Aghlat ul Awaam By SHEIKH ASHRAF ALI THANVI (RA),9913
REMOVED_DUPLICATE,Maktaba Jibreel (PDF Archive),5319,Ahkaam e Taharat By Sheikh Mufti Shamsul Haq Azhar,9915
REMOVED_DUPLICATE,Maktaba Jibreel (PDF Archive),5321,Ahkam e Hajj By Sheikh Mufti Muhammad Shafi (RA),9917
REMOVED_DUPLICATE,Maktaba Jibreel (PDF Archive),5322,Ahkam e Mayyat By SHEIKH ABDUL HAI ARIFI (R.A),9918
REMOVED_DUPLICATE,Maktaba Jibreel (PDF Archive),5324,Ahl us Sunnah wal Jamaah By SHEIKH SYED SULEMAN NADVI (R.A),9920
REMOVED_DUPLICATE,Maktaba Jibreel (PDF Archive),5327,Ahle Bayt Ka Mukhtasar Taaruf By SHEIKH ABU REHAN ZIAUR RAHMAN FAROOQI (RA).pdf,9927
REMOVED_DUPLICATE,Maktaba Jibreel (PDF Archive),5328,Ahle Hadith Aur Angraiz By SHEIKH BASHEER AHMAD QADRI,9928
REMOVED_DUPLICATE,Maktaba Jibreel (PDF Archive),5329,Ahle Hadith Ya Shia By SHEIKH FAZLUR RAHMAN DHARAMKOTI,9929
REMOVED_DUPLICATE,Maktaba Jibreel (PDF Archive),5330,Ahle Sunnat o Ahle Biddat Ki Pehchan By Allamah Saeed Qadri,9930
REMOVED_DUPLICATE,Maktaba Jibreel (PDF Archive),5331,Ahmaqon-ke-jannat,9934
REMOVED_DUPLICATE,Maktaba Jibreel (PDF Archive),5333,Ahsan al Itr Fi Tahqeeq Rakatain Baad al Witr By SHEIKH MUFTI ZAR WALI KHAN,9936
REMOVED_DUPLICATE,Maktaba Jibreel (PDF Archive),5334,Ahsan Ul Manasik By SHEIKH MUFTI ZAR WALI KHAN.pdf,9937
REMOVED_DUPLICATE,Maktaba Jibreel (PDF Archive),5335,Ahsan UL Maqal By SHEIKH MUFTI ZAR WALI KHAN.pdf,9938
REMOVED_DUPLICATE,Maktaba Jibreel (PDF Archive),5356,Aik Majlis Ki Teen Talaq By SHEIKH MUHAMMAD JAVED USMAN MEMON,9963
REMOVED_DUPLICATE,Maktaba Jibreel (PDF Archive),5357,Aik Munazra Jo Ho Na Saka By ANWAR MEHMOOD SIDDIQUI,9964
REMOVED_DUPLICATE,Maktaba Jibreel (PDF Archive),5358,Aik Musalman Kis Tarah Zindagi Guzarey By SHEIKH ASHIQ ILAHI BULANDSHEHRI (R.A),9965
REMOVED_DUPLICATE,Maktaba Jibreel (PDF Archive),5359,Aik Tableeghi Jamaat Ki Karguzari,9966
REMOVED_DUPLICATE,Maktaba Jibreel (PDF Archive),5369,Aina Jamal e Nubuwwat (SAW) By SHEIKH IBRAHIM BIN ABDULLAH AL- HAZMI,9976
REMOVED_DUPLICATE,Maktaba Jibreel (PDF Archive),5375,Akabir Ka Sulook o Ehsaan By SHEIKH MUHAMMAD ZAKARIYYA KANDHELVI (R.A),9982
REMOVED_DUPLICATE,Maktaba Jibreel (PDF Archive),5376,Akabir Ki Zahidana Zindagi By SYED HABIBULLAH MARDANI,9983
REMOVED_DUPLICATE,Maktaba Jibreel (PDF Archive),5377,Akabir Ulama e Deoband Itteba e Sunnat Ki Roshni Mein By SHEIKH MUHAMMAD ZAKARIYYA KANDHELVI,9984
REMOVED_DUPLICATE,Maktaba Jibreel (PDF Archive),5379,AKS-BAR-AKS By DR. MUHAMMAD YUNUS BUTT,9986
REMOVED_DUPLICATE,Maktaba Jibreel (PDF Archive),5380,Al Abwab Wal Tarajim Al Sahi Al Bukhari Vol 1 H.M Saeed,9987
REMOVED_DUPLICATE,Maktaba Jibreel (PDF Archive),5381,Al Aqal Wal Naqal By SHEIKH ALLAMA SHABEER AHMAD USMANI (R.A),9989
REMOVED_DUPLICATE,Maktaba Jibreel (PDF Archive),5382,Al Baab by SHEIKH ASHRAF ALI THANVI (RA),9990
REMOVED_DUPLICATE,Maktaba Jibreel (PDF Archive),5383,Al Balaghat Ul Waziha Al Bushra Color,9991
REMOVED_DUPLICATE,Maktaba Jibreel (PDF Archive),5384,Al Basheer Ul Kamil Meer Muhammad,9993
REMOVED_DUPLICATE,Maktaba Jibreel (PDF Archive),5385,Al Dewan Lil Mutanabbi Al Bushra,9995
REMOVED_DUPLICATE,Maktaba Jibreel (PDF Archive),5386,Al Dunya by SHEIKH ASHRAF ALI THANVI (RA),9996
REMOVED_DUPLICATE,Maktaba Jibreel (PDF Archive),5387,Al Faoz Ul Kabeer Al Bushra Color,9997
REMOVED_DUPLICATE,Maktaba Jibreel (PDF Archive),5388,Al Farooq (R.A) By ALLAMA SHIBLI NOMANI (RA),10000
REMOVED_DUPLICATE,Maktaba Jibreel (PDF Archive),5389,Al Hai'At Ul Wusta Idara Al Tasneef,10001
REMOVED_DUPLICATE,Maktaba Jibreel (PDF Archive),5390,Al Haj Al Mabroor by SHEIKH ASHRAF ALI THANVI (RA),10002
REMOVED_DUPLICATE,Maktaba Jibreel (PDF Archive),5391,Al Hashia Li Maulana Muhammad Yaqoob Al Banani Rashedia,10003
REMOVED_DUPLICATE,Maktaba Jibreel (PDF Archive),5392,Al Hidaya Tul Saedia Al Bushra Color,10004
REMOVED_DUPLICATE,Maktaba Jibreel (PDF Archive),5393,Al Hidayah Rahmania Vol 1 Rahmania,10007
REMOVED_DUPLICATE,Maktaba Jibreel (PDF Archive),5394,Al Hidayah Rashedai Vol 1 Rashedia,10008
REMOVED_DUPLICATE,Maktaba Jibreel (PDF Archive),5395,Al Hidayah Vol 1 Al Bushra Color,10009
REMOVED_DUPLICATE,Maktaba Jibreel (PDF Archive),5396,Al Hidayah Vol 1 Al Bushra,10010
REMOVED_DUPLICATE,Maktaba Jibreel (PDF Archive),5397,Al Hidayah Vol 2 Al Bushra Color,10011
REMOVED_DUPLICATE,Maktaba Jibreel (PDF Archive),5398,Al Hidayah Vol 2 Al Bushra,10012
REMOVED_DUPLICATE,Maktaba Jibreel (PDF Archive),5399,Al Hidayah Vol 2 Rahmania,10013
REMOVED_DUPLICATE,Maktaba Jibreel (PDF Archive),5400,Al Hidayah Vol 2 Rashedia,10014
REMOVED_DUPLICATE,Maktaba Jibreel (PDF Archive),5401,Al Hidayah Vol 3 Al Bushra Color,10015
REMOVED_DUPLICATE,Maktaba Jibreel (PDF Archive),5402,Al Hidayah Vol 3 Al Bushra,10016
REMOVED_DUPLICATE,Maktaba Jibreel (PDF Archive),5403,Al Hidayah Vol 3 Rahmania,10017
REMOVED_DUPLICATE,Maktaba Jibreel (PDF Archive),5404,Al Hidayah Vol 3 Rashedia,10018
REMOVED_DUPLICATE,Maktaba Jibreel (PDF Archive),5405,Al Hidayah Vol 4 Al Bushra Color,10019
REMOVED_DUPLICATE,Maktaba Jibreel (PDF Archive),5406,Al Hidayah Vol 4 Al Bushra,10020
REMOVED_DUPLICATE,Maktaba Jibreel (PDF Archive),5407,Al Hidayah Vol 4 Rahmania,10021
REMOVED_DUPLICATE,Maktaba Jibreel (PDF Archive),5408,Al Hidayah Vol 4 Rashedia,10022
REMOVED_DUPLICATE,Maktaba Jibreel (PDF Archive),5409,Al Hidayah Vol 5 Al Bushra Color,10023
REMOVED_DUPLICATE,Maktaba Jibreel (PDF Archive),5410,Al Hidayah Vol 5 Al Bushra,10024
REMOVED_DUPLICATE,Maktaba Jibreel (PDF Archive),5411,Al Hidayah Vol 6 Al Bushra Color,10025
REMOVED_DUPLICATE,Maktaba Jibreel (PDF Archive),5412,Al Hidayah Vol 6 Al Bushra,10026
REMOVED_DUPLICATE,Maktaba Jibreel (PDF Archive),5413,Al Hidayah Vol 7 Al Bushra Color,10027
REMOVED_DUPLICATE,Maktaba Jibreel (PDF Archive),5414,Al Hidayah Vol 7 Al Bushra,10028
REMOVED_DUPLICATE,Maktaba Jibreel (PDF Archive),5415,Al Hidayah Vol 8 Al Bushra Color,10029
REMOVED_DUPLICATE,Maktaba Jibreel (PDF Archive),5416,Al Hidayah Vol 8 Al Bushra,10030
REMOVED_DUPLICATE,Maktaba Jibreel (PDF Archive),5417,Al Hizbul Aazam,10031
REMOVED_DUPLICATE,Maktaba Jibreel (PDF Archive),5418,Al Imam Al Husain (Urdu Translation) By SHEIKH ABDUL WAHID KHAYYARI NADVI,10032
REMOVED_DUPLICATE,Maktaba Jibreel (PDF Archive),5419,Al Imam Al Mehdi By SHEIKH MUHAMMAD BADR E ALAM MUHAJIR MADNI,10033
REMOVED_DUPLICATE,Maktaba Jibreel (PDF Archive),5420,Al Intebahaat Ul Mufedah Al Bushra Color,10035
REMOVED_DUPLICATE,Maktaba Jibreel (PDF Archive),5421,Al Jaohara Tun Naiyyarah Meer Muhammad,10037
REMOVED_DUPLICATE,Maktaba Jibreel (PDF Archive),5422,Al Kalaam ul Haavi By SHEIKH SARFRAZ KHAN SAFDAR (R.A),10038
REMOVED_DUPLICATE,Maktaba Jibreel (PDF Archive),5423,Al Kalam ul Mufeed Fi Asbatit Taqleed By SHEIKH SARFRAZ KHAN SAFDAR (R.A),10040
REMOVED_DUPLICATE,Maktaba Jibreel (PDF Archive),5424,Al Khalat by SHEIKH ASHRAF ALI THANVI (RA),10041
REMOVED_DUPLICATE,Maktaba Jibreel (PDF Archive),5425,Al Khayali Haqqania,10042
REMOVED_DUPLICATE,Maktaba Jibreel (PDF Archive),5426,AL Mamoon By Allamah Shibli Nomani (r.a),10043
REMOVED_DUPLICATE,Maktaba Jibreel (PDF Archive),5427,Al Maqamat Ul Hareriyah Al Bushra Color,10044
REMOVED_DUPLICATE,Maktaba Jibreel (PDF Archive),5428,Al Maree Fi Al Rabee by SHEIKH ASHRAF ALI THANVI (RA),10048
REMOVED_DUPLICATE,Maktaba Jibreel (PDF Archive),5429,Al Maslak Al Mansoor Fi Kitabil Mastoor By SHEIKH SARFRAZ KHAN SAFDAR (R.A),10049
REMOVED_DUPLICATE,Maktaba Jibreel (PDF Archive),5430,Al Minhaaj Al Bushra Color,10050
REMOVED_DUPLICATE,Maktaba Jibreel (PDF Archive),5431,Al Mir'Aat Shah Wali Ullah,10052
REMOVED_DUPLICATE,Maktaba Jibreel (PDF Archive),5432,Al Mirqat Al Bushra,10054
REMOVED_DUPLICATE,Maktaba Jibreel (PDF Archive),5433,Al Muallaqat Ul Saba Al Bushra Color,10056
REMOVED_DUPLICATE,Maktaba Jibreel (PDF Archive),5434,Al Muatta Lil Imam Malik Al Meezan,10058
REMOVED_DUPLICATE,Maktaba Jibreel (PDF Archive),5435,Al Muatta Lil Imam Malik Vol 1 Al Bushra Color,10059
REMOVED_DUPLICATE,Maktaba Jibreel (PDF Archive),5436,Al Muatta Lil Imam Malik Vol 2 Al Bushra Color,10061
REMOVED_DUPLICATE,Maktaba Jibreel (PDF Archive),5437,Al Muatta Lil Imam Malik Vol 2 Al Bushra,10062
REMOVED_DUPLICATE,Maktaba Jibreel (PDF Archive),5438,Al Muatta Lil Imam Malik Vol 3 Al Bushra Color,10063
REMOVED_DUPLICATE,Maktaba Jibreel (PDF Archive),5439,Al Muatta Lil Imam Muhammad Al Meezan,10065
REMOVED_DUPLICATE,Maktaba Jibreel (PDF Archive),5440,Al Muatta Lil Imam Muhammad Vol 1 Al Bushra Color,10066
REMOVED_DUPLICATE,Maktaba Jibreel (PDF Archive),5441,Al Muatta Lil Imam Muhammad Vol 1 Al Bushra,10067
REMOVED_DUPLICATE,Maktaba Jibreel (PDF Archive),5442,Al Muatta Lil Imam Muhammad Vol 2 Al Bushra Color,10068
REMOVED_DUPLICATE,Maktaba Jibreel (PDF Archive),5443,Al Muatta Lil Imam Muhammad Vol 2 Al Bushra,10069
REMOVED_DUPLICATE,Maktaba Jibreel (PDF Archive),5444,Al Muhannad Alal Mufannad & Aqaid Ahlus Sunnah wal Jamaah By SHEIKH KHALEEL AHMAD SAHARANPURI (R.A) & SHEIKH ABDUSH SHAKOOR LAKHNAVI (R.A),10070
REMOVED_DUPLICATE,Maktaba Jibreel (PDF Archive),5446,Al Mukhtasar Ul Qudori Qademi,10072
REMOVED_DUPLICATE,Maktaba Jibreel (PDF Archive),5447,Al Mukhtasar Ul Qudori Rashedia,10073
REMOVED_DUPLICATE,Maktaba Jibreel (PDF Archive),5448,Al Mutawwal Rashedia,10074
REMOVED_DUPLICATE,Maktaba Jibreel (PDF Archive),5449,Al Nahw Ul Wazeh Al Bushra Ibtidaeya,10076
REMOVED_DUPLICATE,Maktaba Jibreel (PDF Archive),5450,Al Nibras Rashedia,10079
REMOVED_DUPLICATE,Maktaba Jibreel (PDF Archive),5451,Al Qadiyaniyyah,10080
REMOVED_DUPLICATE,Maktaba Jibreel (PDF Archive),5452,Al Qaul Al Motabar Fi Hayat e Khairul Bashar By HAFIZ ABDUL JABBAR SALAFI,10081
REMOVED_DUPLICATE,Maktaba Jibreel (PDF Archive),5453,Al Qazi Ameer Hamza,10082
REMOVED_DUPLICATE,Maktaba Jibreel (PDF Archive),5454,Al Qiraat Ul Rashedah Vol 1 Nashriat E Islam,10083
REMOVED_DUPLICATE,Maktaba Jibreel (PDF Archive),5455,Al Qiraat Ul Rashedah Vol 2 Nashriat E Islam,10084
REMOVED_DUPLICATE,Maktaba Jibreel (PDF Archive),5456,Al Qiraat Ul Rashedah Vol 3 Nashriat E Islam,10085
REMOVED_DUPLICATE,Maktaba Jibreel (PDF Archive),5457,Al Qutbi Al Bushra Color,10086
REMOVED_DUPLICATE,Maktaba Jibreel (PDF Archive),5458,Al Qutbi Rashedia,10088
REMOVED_DUPLICATE,Maktaba Jibreel (PDF Archive),5459,Al Sahi Li Muslim Vol 1 Al Bushra Color,10089
REMOVED_DUPLICATE,Maktaba Jibreel (PDF Archive),5460,Al Sahi Li Muslim Vol 1 Al Bushra,10090
REMOVED_DUPLICATE,Maktaba Jibreel (PDF Archive),5461,Al Sahi Li Muslim Vol 1 Qademi,10091
REMOVED_DUPLICATE,Maktaba Jibreel (PDF Archive),5462,Al Sahi Li Muslim Vol 1 Rahmania,10092
REMOVED_DUPLICATE,Maktaba Jibreel (PDF Archive),5463,Al Sahi Li Muslim Vol 2 Al Bushra Color,10093
REMOVED_DUPLICATE,Maktaba Jibreel (PDF Archive),5464,Al Sahi Li Muslim Vol 2 Al Bushra,10094
REMOVED_DUPLICATE,Maktaba Jibreel (PDF Archive),5465,Al Sahi Li Muslim Vol 2 Qademi,10095
REMOVED_DUPLICATE,Maktaba Jibreel (PDF Archive),5466,Al Sahi Li Muslim Vol 2 Rahmania,10096
REMOVED_DUPLICATE,Maktaba Jibreel (PDF Archive),5467,Al Sahi Li Muslim Vol 3 Al Bushra Color,10097
REMOVED_DUPLICATE,Maktaba Jibreel (PDF Archive),5468,Al Sahi Li Muslim Vol 3 Al Bushra,10098
REMOVED_DUPLICATE,Maktaba Jibreel (PDF Archive),5469,Al Sahi Li Muslim Vol 4 Al Bushra Color,10099
REMOVED_DUPLICATE,Maktaba Jibreel (PDF Archive),5470,Al Sahi Li Muslim Vol 4 Al Bushra,10100
REMOVED_DUPLICATE,Maktaba Jibreel (PDF Archive),5471,Al Sahi Li Muslim Vol 5 Al Bushra Color,10101
REMOVED_DUPLICATE,Maktaba Jibreel (PDF Archive),5472,Al Sahi Li Muslim Vol 5 Al Bushra,10102
REMOVED_DUPLICATE,Maktaba Jibreel (PDF Archive),5473,Al Sahi Li Muslim Vol 6 Al Bushra Color,10103
REMOVED_DUPLICATE,Maktaba Jibreel (PDF Archive),5474,Al Sahi Li Muslim Vol 6 Al Bushra,10104
REMOVED_DUPLICATE,Maktaba Jibreel (PDF Archive),5475,Al Sahi Li Muslim Vol 7 Al Bushra Color,10105
REMOVED_DUPLICATE,Maktaba Jibreel (PDF Archive),5476,Al Sahi Li Muslim Vol 7 Al Bushra,10106
REMOVED_DUPLICATE,Maktaba Jibreel (PDF Archive),5477,Al Saum by SHEIKH ASHRAF ALI THANVI (RA),10107
REMOVED_DUPLICATE,Maktaba Jibreel (PDF Archive),5478,Al Sharifi Qademi,10108
REMOVED_DUPLICATE,Maktaba Jibreel (PDF Archive),5479,Al Shukr by SHEIKH ASHRAF ALI THANVI (RA),10110
REMOVED_DUPLICATE,Maktaba Jibreel (PDF Archive),5480,Al Siqayah Vol 1 2 Meer Muhammad,10111
REMOVED_DUPLICATE,Maktaba Jibreel (PDF Archive),5481,Al Siraji Fil Meras Al Bushra,10113
REMOVED_DUPLICATE,Maktaba Jibreel (PDF Archive),5482,Al Siraji Fil Meras Rahmania,10114
REMOVED_DUPLICATE,Maktaba Jibreel (PDF Archive),5483,Al Tahreer Ul Misalia Rashedia,10115
REMOVED_DUPLICATE,Maktaba Jibreel (PDF Archive),5484,Al Taozeeh Maa Al Talweeh Al Misbah,10117
REMOVED_DUPLICATE,Maktaba Jibreel (PDF Archive),5485,Al Taozeeh Maa Al Talweeh Noor Muhammad,10118
REMOVED_DUPLICATE,Maktaba Jibreel (PDF Archive),5486,Al Taozeeh Maa Al Talweeh Vol 1 Qademi,10119
REMOVED_DUPLICATE,Maktaba Jibreel (PDF Archive),5487,Al Taozeeh Maa Al Talweeh Vol 2 Qademi,10120
REMOVED_DUPLICATE,Maktaba Jibreel (PDF Archive),5488,Al Taqreeb Meer Muhammad,10121
REMOVED_DUPLICATE,Maktaba Jibreel (PDF Archive),5489,Al Tareekh Ul Islami Faroqia,10122
REMOVED_DUPLICATE,Maktaba Jibreel (PDF Archive),5490,Al Tareqa Tul Asriyah Vol 1 Islamia,10123
REMOVED_DUPLICATE,Maktaba Jibreel (PDF Archive),5491,Al Tasheel Ul Zarori Al Bushra Color,10124
REMOVED_DUPLICATE,Maktaba Jibreel (PDF Archive),5492,Al Tehzeeb 1 by SHEIKH ASHRAF ALI THANVI (RA),10126
REMOVED_DUPLICATE,Maktaba Jibreel (PDF Archive),5493,Al Tehzeeb 2 by SHEIKH ASHRAF ALI THANVI (RA),10127
REMOVED_DUPLICATE,Maktaba Jibreel (PDF Archive),5494,Al Tehzeeb 3 by SHEIKH ASHRAF ALI THANVI (RA),10128
REMOVED_DUPLICATE,Maktaba Jibreel (PDF Archive),5495,Al Tehzeeb 4 by SHEIKH ASHRAF ALI THANVI (RA),10129
REMOVED_DUPLICATE,Maktaba Jibreel (PDF Archive),5496,Al Tehzeeb 5 by SHEIKH ASHRAF ALI THANVI (RA),10130
REMOVED_DUPLICATE,Maktaba Jibreel (PDF Archive),5497,Al Tehzeeb 6 by SHEIKH ASHRAF ALI THANVI (RA),10131
REMOVED_DUPLICATE,Maktaba Jibreel (PDF Archive),5498,Al Tibyan Al Bushra Color,10132
REMOVED_DUPLICATE,Maktaba Jibreel (PDF Archive),5499,Al Tibyan Qademi,10134
REMOVED_DUPLICATE,Maktaba Jibreel (PDF Archive),5500,Al Waqt by SHEIKH ASHRAF ALI THANVI (RA),10135
REMOVED_DUPLICATE,Maktaba Jibreel (PDF Archive),5501,Al-Huda International Kia Hai By MUFTI ABU SAFWAN,10136
REMOVED_DUPLICATE,Maktaba Jibreel (PDF Archive),5502,Al-Imaamul-Mahdi,10137
REMOVED_DUPLICATE,Maktaba Jibreel (PDF Archive),5503,Al-khalifatul-Mahdi,10138
REMOVED_DUPLICATE,Maktaba Jibreel (PDF Archive),5504,Al-Muqadima fi Tasawwuf,10140
REMOVED_DUPLICATE,Maktaba Jibreel (PDF Archive),5505,Al-Murtaza,10141
REMOVED_DUPLICATE,Maktaba Jibreel (PDF Archive),5506,Al-sarim-al-muslool-Arabic-1,10142
REMOVED_DUPLICATE,Maktaba Jibreel (PDF Archive),5507,Al-sarim-al-muslool-Arabic-3,10144
REMOVED_DUPLICATE,Maktaba Jibreel (PDF Archive),5518,Alam e Islam Pe Amreeka Ki Yalghar Kioon,10176
REMOVED_DUPLICATE,Maktaba Jibreel (PDF Archive),5520,Alamat a Qayamat Aur Aqeeda Zahoor e Mehdi By SHEIKH SUHAIL BAWA,10179
REMOVED_DUPLICATE,Maktaba Jibreel (PDF Archive),5521,Alamat e Qayamat Aur Nuzool e Maseeh (A.S) By SHEIKH MUFTI RAFI USMANI,10180
REMOVED_DUPLICATE,Maktaba Jibreel (PDF Archive),5522,Alfaz ul Quran by SHEIKH ASHRAF ALI THANVI (RA),10181
REMOVED_DUPLICATE,Maktaba Jibreel (PDF Archive),5523,Alfurqan- 21st Century Ka American Quran,10182
REMOVED_DUPLICATE,Maktaba Jibreel (PDF Archive),5524,Allah Ke Liye Jeena Marna By SHEIKH MUFTI TAQI USMANI,10184
REMOVED_DUPLICATE,Maktaba Jibreel (PDF Archive),5525,Allah Ki Panah By SHEIKH MUHAMMAD YUNUS PALANPURI,10185
REMOVED_DUPLICATE,Maktaba Jibreel (PDF Archive),5526,Allah Se Milnay Ki Tamanna by SHEIKH ASHRAF ALI THANVI (RA),10186
REMOVED_DUPLICATE,Maktaba Jibreel (PDF Archive),5527,Allah Walon Ki Maqbuliyat Ka Raaz By Sheikh Mufti Salman Mansoorpuri,10187
REMOVED_DUPLICATE,Maktaba Jibreel (PDF Archive),5532,Almanaqib Alfatimia By SHEIKH AHMAD HASAN SAMBHLI,10194
REMOVED_DUPLICATE,Maktaba Jibreel (PDF Archive),5544,Amama Topi Aur Kurta By SHEIKH FAZLUR RAHMAN AZMI,10197
REMOVED_DUPLICATE,Maktaba Jibreel (PDF Archive),5546,Amilon Say Nijaat Payiye By SHEIKH ABDUS SATTAR,10199
REMOVED_DUPLICATE,Maktaba Jibreel (PDF Archive),5549,An Nabi ul Khatim By SHEIKH MANAZIR AHSAN GAILANI,10202
REMOVED_DUPLICATE,Maktaba Jibreel (PDF Archive),5551,andar-ki-batain,10204
REMOVED_DUPLICATE,Maktaba Jibreel (PDF Archive),5552,Angoothay Choomnay Ka Masala Deoband Ki Adalat Mein By NOMAN MUHAMMAD AMIN,10205
REMOVED_DUPLICATE,Maktaba Jibreel (PDF Archive),5553,Anwaar e Anwary By SHEIKH MUHAMMAD ANWARI,10206
REMOVED_DUPLICATE,Maktaba Jibreel (PDF Archive),5567,aowliyaallah,10227
REMOVED_DUPLICATE,Maktaba Jibreel (PDF Archive),5568,Apnay Imaan Ki Hifazat Karain By SHEIKH ASHRAF ALI THANVI (R.A),10228
REMOVED_DUPLICATE,Maktaba Jibreel (PDF Archive),5569,Aqaid Khair ul Wasail Ila Zabt il Masail By SHEIKH MUHAMMAD ANWAR OKARVI,10230
REMOVED_DUPLICATE,Maktaba Jibreel (PDF Archive),5570,Aqaid o Kamalaat e Ulama e Deoband By SHEIKH ALLAH YAR KHAN (RA),10231
REMOVED_DUPLICATE,Maktaba Jibreel (PDF Archive),5572,Aqaid Ulama e Deoband By SHEIKH KHALEEL AHMAD AMBETHVI,10233
REMOVED_DUPLICATE,Maktaba Jibreel (PDF Archive),5573,Aqal Aur Us Ka Maqam By SHEIKH HAFIDH ABU BAKR IBN E ABI AD-DUNIYA,10234
REMOVED_DUPLICATE,Maktaba Jibreel (PDF Archive),5574,Aqeedah Aur Aqeedat By SHEIKH MUFTI MUKHTARUDDIN KARBOGHA SHAREEF,10238
REMOVED_DUPLICATE,Maktaba Jibreel (PDF Archive),5575,Aqeedah Nuzool e Maseeh (A.S) By SHEIKH MUHAMMAD YUSUF BINORI (RA),10239
REMOVED_DUPLICATE,Maktaba Jibreel (PDF Archive),5576,Aqeedah Zahoor e Mehdi Ahadith Ki Roshni Mein By SHEIKH MUFTI NIZAMUDDIN SHAMZAI (R.A),10240
REMOVED_DUPLICATE,Maktaba Jibreel (PDF Archive),5577,Aqeedatul Ummat Fi Khatam e Nubuwwat By Sheikh Allama Khalid Mehmood,10241
REMOVED_DUPLICATE,Maktaba Jibreel (PDF Archive),5578,Aqeeqah Ke Ahkam By SHEIKH MUHAMMAD YUSUF KHAN,10243
REMOVED_DUPLICATE,Maktaba Jibreel (PDF Archive),5579,Aqwal e Sahabah By HAFIZ MUHAMMD IQBAL SEHR,10244
REMOVED_DUPLICATE,Maktaba Jibreel (PDF Archive),5580,Ar Raheeq Al Makhtum,10245
REMOVED_DUPLICATE,Maktaba Jibreel (PDF Archive),5581,Arabi Bol Chaal By Sheikh Mushtaq Ahmad Charthaoli,10247
REMOVED_DUPLICATE,Maktaba Jibreel (PDF Archive),5582,Arabi Ka Muallim Vol 1 Al Bushra,10249
REMOVED_DUPLICATE,Maktaba Jibreel (PDF Archive),5583,Arabi Ka Muallim Vol 2 Al Bushra Color,10250
REMOVED_DUPLICATE,Maktaba Jibreel (PDF Archive),5584,Arabi Ka Muallim Vol 3 Al Bushra Color,10252
REMOVED_DUPLICATE,Maktaba Jibreel (PDF Archive),5585,Arabi Ka Muallim Vol 4 Al Bushra Color,10254
REMOVED_DUPLICATE,Maktaba Jibreel (PDF Archive),5586,Arabi Zaban Ghair Arab Ko Kaisay Parhaaen ( URDU) By SHEIKH ABDUR RAZZAQ SIKANDAR,10256
REMOVED_DUPLICATE,Maktaba Jibreel (PDF Archive),5587,Arba-Anhar-Urdu,10257
REMOVED_DUPLICATE,Maktaba Jibreel (PDF Archive),5588,Armaghan E Haq VOL 2 By SHEIKH MUHAMMAD ABUBAKR GHAZIPURI,10258
REMOVED_DUPLICATE,Maktaba Jibreel (PDF Archive),5589,Asaan Usool E Fiqh Al Bushra Color,10259
REMOVED_DUPLICATE,Maktaba Jibreel (PDF Archive),5591,asan-rasta,10262
REMOVED_DUPLICATE,Maktaba Jibreel (PDF Archive),5593,Ash Shahab us Saqib By SHEIKH SYED HUSAIN AHMAD MADNI (R.A),10264
REMOVED_DUPLICATE,Maktaba Jibreel (PDF Archive),5594,Ashraf ul Jawaab By SHEIKH ASHRAF ALI THANVI (RA),10265
REMOVED_DUPLICATE,Maktaba Jibreel (PDF Archive),5595,Ashraf Ul Segah Meer Muhammad,10266
REMOVED_DUPLICATE,Maktaba Jibreel (PDF Archive),5620,Ashrafi Namaz Kamil,10291
REMOVED_DUPLICATE,Maktaba Jibreel (PDF Archive),5623,ASMA E BADRAIN By SHEIKH BADR E ALAM MEERTHI,10313
REMOVED_DUPLICATE,Maktaba Jibreel (PDF Archive),5625,Asr e Hazir By SHEIKH MUHAMMAD YUSUF LUDHYANVI (R.A),10315
REMOVED_DUPLICATE,Maktaba Jibreel (PDF Archive),5626,Asr e Hazir Mein Deen Ki Tafheem o Tashreeh By SHEIKH SYED ABUL HASAN ALI NADVI (R.A),10316
REMOVED_DUPLICATE,Maktaba Jibreel (PDF Archive),5628,Asrar e Khudi (Urdu Manzoom Tarjumah) By Allama Muhammad Iqbal (r.a),10319
REMOVED_DUPLICATE,Maktaba Jibreel (PDF Archive),5634,Atyab Ul Kalam By SHEIKH HAFIZ ABDUL MATEEN KHAN ZAHID,10325
REMOVED_DUPLICATE,Maktaba Jibreel (PDF Archive),5636,Aurat aur Islam By SHEIKH MUHAMMAD SHAHABUDDIN NADVI,10327
REMOVED_DUPLICATE,Maktaba Jibreel (PDF Archive),5637,Aurat Ka Bila Mehram Safar e Haj By SHEIKH MUFTI SHAMSUDDIN NOOR,10328
REMOVED_DUPLICATE,Maktaba Jibreel (PDF Archive),5638,Aurat Ki Sarbrahi Ki Shari Hesiat By Sheikh Mufti Rafi Usmani,10329
REMOVED_DUPLICATE,Maktaba Jibreel (PDF Archive),5639,Awamil Un Nahw Al Bushra,10332
REMOVED_DUPLICATE,Maktaba Jibreel (PDF Archive),5640,Awamil un Nahw By SHEIKH MUSHTAQ AHMAD,10333
REMOVED_DUPLICATE,Maktaba Jibreel (PDF Archive),5641,Awlaad e Rasool [SAW] By Sheikh Muhammad Nadeem Qasmi,10334
REMOVED_DUPLICATE,Maktaba Jibreel (PDF Archive),5643,Azan Qabar Ka Tehqeeqi Jaiza By SHEIKH MUHAMMAD MANZOOR NOMANI (R.A),10337
REMOVED_DUPLICATE,Maktaba Jibreel (PDF Archive),5646,Azmat e Quran By Sheikh Ashiq Husain Shujabadi,10341
REMOVED_DUPLICATE,Maktaba Jibreel (PDF Archive),5647,Azmat E Sahaba Par Chahal Ahadith By MUHAMMAD SHOAIB,10342
REMOVED_DUPLICATE,Maktaba Jibreel (PDF Archive),5648,Azmat-E-Ulama,10344
REMOVED_DUPLICATE,Maktaba Jibreel (PDF Archive),5651,Ba Adab Ba Naseeb By Sheikh Zulfiqar Ahmad Naqshbandi,10348
REMOVED_DUPLICATE,Maktaba Jibreel (PDF Archive),5652,Ba Bang -e- Dohul BY Ustad Imam Din Gujrati,10349
REMOVED_DUPLICATE,Maktaba Jibreel (PDF Archive),5653,Bachon Ke Liay Ibtidai Deeni Taleemaat By Sheikh Mufti Ehsanullah Shaiq,10350
REMOVED_DUPLICATE,Maktaba Jibreel (PDF Archive),5659,Badee Ul Meezan Rashedia,10357
REMOVED_DUPLICATE,Maktaba Jibreel (PDF Archive),5661,Badr E Muneer Meer Muhammad,10364
REMOVED_DUPLICATE,Maktaba Jibreel (PDF Archive),5662,Badshagooni Aur Sehr Ki Shari Hesiat By SHEIKH SHAMSUL HAQ,10365
REMOVED_DUPLICATE,Maktaba Jibreel (PDF Archive),5663,Bahishti Zevar By SHEIKH ASHRAF ALI THANVI (RA),10367
REMOVED_DUPLICATE,Maktaba Jibreel (PDF Archive),5666,Bahr Ul Uloom Mujtabaia,10370
REMOVED_DUPLICATE,Maktaba Jibreel (PDF Archive),5667,banam-qad-awam,10371
REMOVED_DUPLICATE,Maktaba Jibreel (PDF Archive),5668,Bani e Darul Uloom Deoband By Sheikh Sarfraz Khan Safdar (r.a),10373
REMOVED_DUPLICATE,Maktaba Jibreel (PDF Archive),5669,Baraat e Usman (RA) by SHEIKH UL HADITH ZAFAR AHMAD USMANI (RA),10375
REMOVED_DUPLICATE,Maktaba Jibreel (PDF Archive),5671,Barelvi Fitnah Ka Nia Roop By SHEIKH MUHAMMAD ARIF SAMBHLI,10378
REMOVED_DUPLICATE,Maktaba Jibreel (PDF Archive),5672,Barelvi Ulama O Mashaikh Ke Liye Lamha e Fikriya By SHEIKH ASHIQ ILAHI MADNI (R.A),10379
REMOVED_DUPLICATE,Maktaba Jibreel (PDF Archive),5673,Barelviat By Allama Ihsan Ilahi Zaheer,10380
REMOVED_DUPLICATE,Maktaba Jibreel (PDF Archive),5674,Barelviat Haqaiq Ke Aainay Mein By Hafiz Ghulam Muhammad Memon,10381
REMOVED_DUPLICATE,Maktaba Jibreel (PDF Archive),5675,Barg e Gul By SHEIKH SYED NAFEES UL HUSAINI (R.A),10382
REMOVED_DUPLICATE,Maktaba Jibreel (PDF Archive),5676,Barkat Wali Zindagi By Sheikh Abdus Sattar,10383
REMOVED_DUPLICATE,Maktaba Jibreel (PDF Archive),5678,Basant Kya Hai by Sheikh Abu Lubabah Shah Mansoor &amp; Others,10385
REMOVED_DUPLICATE,Maktaba Jibreel (PDF Archive),5680,Batlaan e Mazhab e Shia BY Sheikh Muhammad Abdush Shakoor Lakhnavi (RA),10387
REMOVED_DUPLICATE,Maktaba Jibreel (PDF Archive),5682,Bayan Ul Fawaid Part 1 2 Sayyed Ahmed,10389
REMOVED_DUPLICATE,Maktaba Jibreel (PDF Archive),5683,Bayanat e Palanpuri,10390
REMOVED_DUPLICATE,Maktaba Jibreel (PDF Archive),5686,Be Khadima Til Kafia Rashedia,10393
REMOVED_DUPLICATE,Maktaba Jibreel (PDF Archive),5687,Be Masdar Is Suroor Rashedia,10394
REMOVED_DUPLICATE,Maktaba Jibreel (PDF Archive),5689,Behayaee Aghaz Se Anjaam Tak By Naeem Ahmad Abrar,10397
REMOVED_DUPLICATE,Maktaba Jibreel (PDF Archive),5692,Benamazi Maqaam e Ibrat By SHEIKH TARIQ JAMEEL,10400
REMOVED_DUPLICATE,Maktaba Jibreel (PDF Archive),5695,Beti Allah ki Rehmat By SHEIKH MUFTI ABDUR RAUF SAKHARVI,10403
REMOVED_DUPLICATE,Maktaba Jibreel (PDF Archive),5696,Beyat Ki Shari Hesiat By SHEIKH SYED HUSAIN AHMAD MADNI (R.A),10404
REMOVED_DUPLICATE,Maktaba Jibreel (PDF Archive),5697,Bhlai Ki Chabi by SHEIKH ASHRAF ALI THANVI (RA),10405
REMOVED_DUPLICATE,Maktaba Jibreel (PDF Archive),5701,Bidat Aik Ghumrahi By SHEIKH MUFTI TAQI USMANI,10410
REMOVED_DUPLICATE,Maktaba Jibreel (PDF Archive),5703,Bidati Awliya Ki Nazar Mein By SHEIKH GHULAM GHAUS ARBANVI,10412
REMOVED_DUPLICATE,Maktaba Jibreel (PDF Archive),5704,Bidatiyon K Durood-o-Salam Ki Shari Hesiat By Mufti Zar Wali Khan,10413
REMOVED_DUPLICATE,Maktaba Jibreel (PDF Archive),5705,Bikhray Mot (Volume-5) By SHEIKH MUHAMMAD YUNUS PALANPURI,10414
REMOVED_DUPLICATE,Maktaba Jibreel (PDF Archive),5707,Bil Shimmah Haqqania,10416
REMOVED_DUPLICATE,Maktaba Jibreel (PDF Archive),5708,Bis Sadiah Haqqania,10417
REMOVED_DUPLICATE,Maktaba Jibreel (PDF Archive),5709,Bismillah Ke Akham o Khawas By SHEIKH MUFTI MUHAMMAD SHAFI (R.A),10418
REMOVED_DUPLICATE,Maktaba Jibreel (PDF Archive),5710,Bismillah Ki Ehmiat By SHEIKH TAQI USMANI,10419
REMOVED_DUPLICATE,Maktaba Jibreel (PDF Archive),5712,Bostan e Saadi (FARSI),10423
REMOVED_DUPLICATE,Maktaba Jibreel (PDF Archive),5713,Braheen,10424
REMOVED_DUPLICATE,Maktaba Jibreel (PDF Archive),5716,Bunyad e Islah by SHEIKH ASHRAF ALI THANVI (RA),10427
REMOVED_DUPLICATE,Maktaba Jibreel (PDF Archive),5717,Burhan ut Tanzeel By SHEIKH MUHAMMAD MUSLIM USMANI (R.A),10428
REMOVED_DUPLICATE,Maktaba Jibreel (PDF Archive),5719,Butt-Paray By DR. MUHAMMAD YUNUS BUTT,10430
REMOVED_DUPLICATE,Maktaba Jibreel (PDF Archive),5720,Chahal Masala Hazraat e Barelvia By SHEIKH MUHAMMAD KAREEM BAKHSH,10431
REMOVED_DUPLICATE,Maktaba Jibreel (PDF Archive),5721,Chalees Biddatain By SHEIKH MUHAMMAD MUTEE UL HAQ,10432
REMOVED_DUPLICATE,Maktaba Jibreel (PDF Archive),5722,Chand Ahm Islami Aadaab By SHEIKH ABDUL FATTAH ABU GHUDDAH,10433
REMOVED_DUPLICATE,Maktaba Jibreel (PDF Archive),5723,charag-mustafvi-aur-tofan-qad,10434
REMOVED_DUPLICATE,Maktaba Jibreel (PDF Archive),5724,chota-mooh-bari-bat,10435
REMOVED_DUPLICATE,Maktaba Jibreel (PDF Archive),5726,Dajal e Qadiyan By Sheikh Muhammad Ameen Safdar Okarvi (r.a),10439
REMOVED_DUPLICATE,Maktaba Jibreel (PDF Archive),5727,Dajjal E Qadiyan,10440
REMOVED_DUPLICATE,Maktaba Jibreel (PDF Archive),5730,Dajjal,10443
REMOVED_DUPLICATE,Maktaba Jibreel (PDF Archive),5732,Darajaat ul Islam by SHEIKH ASHRAF ALI THANVI (RA),10448
REMOVED_DUPLICATE,Maktaba Jibreel (PDF Archive),5733,Dard e Dil by SHEIKH HAQ NAWAZ JHANGVI (RA),10449
REMOVED_DUPLICATE,Maktaba Jibreel (PDF Archive),5734,Darhi (Beard) By SHEIKH MUFTI UBAID UR RAHMAN,10450
REMOVED_DUPLICATE,Maktaba Jibreel (PDF Archive),5735,Darhi Aik Islami Shuaar By SHEIKH ASHIQ ILAHI MUHAJIR MADNI (R.A),10451
REMOVED_DUPLICATE,Maktaba Jibreel (PDF Archive),5736,Darhi Aur Balon Ke Ahkam By Sheikh Mufti Ehsanullah Shaiq,10452
REMOVED_DUPLICATE,Maktaba Jibreel (PDF Archive),5737,Darhi Aur Balon Ke Shari Ahkaam by Sheikh Mufti Ehsanullah Shaiq,10453
REMOVED_DUPLICATE,Maktaba Jibreel (PDF Archive),5738,Darhi Ka Wujoob By SHEIKH MUHAMMAD ZAKARIYYA (R.A),10454
REMOVED_DUPLICATE,Maktaba Jibreel (PDF Archive),5739,Darhi Moonchh Aur Sar Ke Baal Ke Masail By SHEIKH FAZLUR-RAHMAN AZMI,10455
REMOVED_DUPLICATE,Maktaba Jibreel (PDF Archive),5740,Darhi Mundana Gunah e Kabeera Aur Is Ka Mazak Urana Kufr By SHEIKH ASHRAF ALI THANVI (RA),10456
REMOVED_DUPLICATE,Maktaba Jibreel (PDF Archive),5741,Dars e Ibrat By Mufti Muhammad Shafi (RA),10458
REMOVED_DUPLICATE,Maktaba Jibreel (PDF Archive),5742,Dars E Maqamat Faroqia,10459
REMOVED_DUPLICATE,Maktaba Jibreel (PDF Archive),5767,Darul Uloom Karachi Ka Nisaab e Taleem,10485
REMOVED_DUPLICATE,Maktaba Jibreel (PDF Archive),5768,Dastaan e Mujahid By Naseem Hijazi,10486
REMOVED_DUPLICATE,Maktaba Jibreel (PDF Archive),5769,Dastak,10488
REMOVED_DUPLICATE,Maktaba Jibreel (PDF Archive),5770,Daur e Hazir Ka Faizi - Ghamidi By ABDULLAH QANDAHARI,10490
REMOVED_DUPLICATE,Maktaba Jibreel (PDF Archive),5771,Daur e Hazir Ke Fitnay By SHEIKH ABDUS SATTAR,10491
REMOVED_DUPLICATE,Maktaba Jibreel (PDF Archive),5772,Daur e Hazir Ke Fitnay By SHEIKH MUHAMMAD YUSUF BANORI (R.A),10492
REMOVED_DUPLICATE,Maktaba Jibreel (PDF Archive),5775,Dawat ILaLLah by SHEIKH ASHRAF ALI THANVI (RA),10495
REMOVED_DUPLICATE,Maktaba Jibreel (PDF Archive),5776,Dawat o Tableegh Ki Shari Hesiat By SHEIKH SYED ABDUSH SHAKOOR TIRMIDHI,10496
REMOVED_DUPLICATE,Maktaba Jibreel (PDF Archive),5783,Deen e Haq Aur Ulma e Rabbani By SHEIKH ABUL HASAN ALI NADVI (RA),10504
REMOVED_DUPLICATE,Maktaba Jibreel (PDF Archive),5784,Deen Kya Hai By SHEIKH MUFTI TAQI USMANI,10506
REMOVED_DUPLICATE,Maktaba Jibreel (PDF Archive),5785,Deen Mein Tangi Nahein by SHEIKH ASHRAF ALI THANVI (RA),10507
REMOVED_DUPLICATE,Maktaba Jibreel (PDF Archive),5786,Deeni Madaaris Ki Zaroorat Aur Nisaab o Nizam e Taleem By SHEIKH MUHAMMAD YUSUF BANURI (RA),10512
REMOVED_DUPLICATE,Maktaba Jibreel (PDF Archive),5787,Deeni Umoor Par Ujrat Jaaiz Hai (FARSI) By SHEIKH MUFTI ZAR WALI KHAN,10513
REMOVED_DUPLICATE,Maktaba Jibreel (PDF Archive),5788,Deeni Umoor Par Ujrat Jaaiz Hai By SHEIKH MUFTI ZAR WALI KHAN,10514
REMOVED_DUPLICATE,Maktaba Jibreel (PDF Archive),5789,Deewan -e- Akbar Ilahbadi (Volume - 1),10515
REMOVED_DUPLICATE,Maktaba Jibreel (PDF Archive),5790,Deewan -e- Akbar Ilahbadi (Volume - 2),10516
REMOVED_DUPLICATE,Maktaba Jibreel (PDF Archive),5791,Deewan -e- Akbar Ilahbadi (Volume - 3),10517
REMOVED_DUPLICATE,Maktaba Jibreel (PDF Archive),5792,Deewan -e- Akbar Ilahbadi (Volume - 4),10518
REMOVED_DUPLICATE,Maktaba Jibreel (PDF Archive),5793,Deewan -e- Akbar Ilahbadi (Volume - 5),10519
REMOVED_DUPLICATE,Maktaba Jibreel (PDF Archive),5794,Deewan-e-Haali,10520
REMOVED_DUPLICATE,Maktaba Jibreel (PDF Archive),5795,Dehshat Gardi K adday ya Khari K Marakiz,10521
REMOVED_DUPLICATE,Maktaba Jibreel (PDF Archive),5796,Dekhna Kahein Ghar Toot Na Jaey By SHEIKH ALI ABDUL AAL TAHTAVI,10522
REMOVED_DUPLICATE,Maktaba Jibreel (PDF Archive),5797,Deoband Say Bareli Tak By Sheikh Abul Ausaf Rumi,10523
REMOVED_DUPLICATE,Maktaba Jibreel (PDF Archive),5798,Deobandi Barelvi Ikhtelafaat Ka Hal By Sheikh Abdullah,10524
REMOVED_DUPLICATE,Maktaba Jibreel (PDF Archive),5799,Dewan Ul Hamasah Al Bushra Color,10526
REMOVED_DUPLICATE,Maktaba Jibreel (PDF Archive),5800,Dhamaka Arshad Al Qadri Ki Kitaab Zalzala Ka Jawab,10529
REMOVED_DUPLICATE,Maktaba Jibreel (PDF Archive),5801,Difa E Sahaba Waqat Ki Aham Tareen Zarorat Kioon By SHEIKH MUHAMMAD USMAN KALYANVI,10530
REMOVED_DUPLICATE,Maktaba Jibreel (PDF Archive),5802,difa-KN-Islam,10531
REMOVED_DUPLICATE,Maktaba Jibreel (PDF Archive),5803,difa-KN,10532
REMOVED_DUPLICATE,Maktaba Jibreel (PDF Archive),5804,Difaa e Khatm e Nubuwwat By SHEIKH MANZOOR AHMAD CHINIOTI (RA),10533
REMOVED_DUPLICATE,Maktaba Jibreel (PDF Archive),5805,Digital Camera Ki Tasveer Ki Hurmat Per Mufassal o Mudallal Fatwa,10534
REMOVED_DUPLICATE,Maktaba Jibreel (PDF Archive),5807,Dil Ka Suroor By SHEIKH SARFRAZ KHAN SAFDAR (R.A),10536
REMOVED_DUPLICATE,Maktaba Jibreel (PDF Archive),5808,Dil Ki Duniya By SHEIKH MUFTI MUHAMMAD SHAFI (RA),10537
REMOVED_DUPLICATE,Maktaba Jibreel (PDF Archive),5812,Diraya Tul Nahw Majedia,10546
REMOVED_DUPLICATE,Maktaba Jibreel (PDF Archive),5813,Dr Farhat Hashmi,10548
REMOVED_DUPLICATE,Maktaba Jibreel (PDF Archive),5814,Dr Israr Ahmad By SHEIKH MUFTI ABDUL WAHID,10549
REMOVED_DUPLICATE,Maktaba Jibreel (PDF Archive),5815,Dr Tahirul Qadri by MEMOODUR RASHEED HADOTI,10550
REMOVED_DUPLICATE,Maktaba Jibreel (PDF Archive),5816,Dr. Qadeer Khan Mohsin e Pakistan Ki Debriefing,10551
REMOVED_DUPLICATE,Maktaba Jibreel (PDF Archive),5817,Dua by SHEIKH ASHRAF ALI THANVI (RA),10552
REMOVED_DUPLICATE,Maktaba Jibreel (PDF Archive),5818,Duaain Qubool Na Honay Ki Wujoohat By SHEIK ZULFIQAR AHMAD NAQSHBANDI,10553
REMOVED_DUPLICATE,Maktaba Jibreel (PDF Archive),5819,Dunya K Us Par By Sheikh Mufti Taqi Usmani,10554
REMOVED_DUPLICATE,Maktaba Jibreel (PDF Archive),5820,Dunya Se Dil Lagana by SHEIKH ASHRAF ALI THANVI (RA),10555
REMOVED_DUPLICATE,Maktaba Jibreel (PDF Archive),5822,Durood Shareef Parhnay Ka Shari Tarika By SHEIKH SARFRAZ KHAN SAFDAR (R.A),10557
REMOVED_DUPLICATE,Maktaba Jibreel (PDF Archive),5824,Duros Ul Balagha Al Bushra Color,10560
REMOVED_DUPLICATE,Maktaba Jibreel (PDF Archive),5825,Eemaan Aur Kufr By Mufti Muhammad Shafi (R.A),10563
REMOVED_DUPLICATE,Maktaba Jibreel (PDF Archive),5826,Eemaan Kya Hai By MUHAMMAD MOMIN,10564
REMOVED_DUPLICATE,Maktaba Jibreel (PDF Archive),5827,Eemaan Kya Hai By SHEIKH ABDUL HAQ DEHLVI,10565
REMOVED_DUPLICATE,Maktaba Jibreel (PDF Archive),5828,Eeman K Shobay by SHEIKH ASHRAF ALI THANVI (RA),10567
REMOVED_DUPLICATE,Maktaba Jibreel (PDF Archive),5829,Eesaaiyyat (Talkhees Izhar ul haq),10568
REMOVED_DUPLICATE,Maktaba Jibreel (PDF Archive),5830,Eesaal e Sawab By SHEIKH QARI JAMEELUR RAHMAN AKHTAR,10569
REMOVED_DUPLICATE,Maktaba Jibreel (PDF Archive),5856,Eid e Melaad by SHEIKH MUFTI JAMEEL AHMAD THANVI (RA),10594
REMOVED_DUPLICATE,Maktaba Jibreel (PDF Archive),5857,Eid e Qurban by SHEIKH MUHAMMAD AHMAD THANVI (RA),10595
REMOVED_DUPLICATE,Maktaba Jibreel (PDF Archive),5858,Eid Meelaad by SHEIKH ASHRAF ALI THANVI (RA),10596
REMOVED_DUPLICATE,Maktaba Jibreel (PDF Archive),5859,Eidgah Ki Sunniyat By SHEIKH FAZLUR RAHMAN AZMI,10597
REMOVED_DUPLICATE,Maktaba Jibreel (PDF Archive),5860,Einul Hidaya Jild 1,10598
REMOVED_DUPLICATE,Maktaba Jibreel (PDF Archive),5861,Einul Hidaya Jild 2,10599
REMOVED_DUPLICATE,Maktaba Jibreel (PDF Archive),5862,Einul Hidaya Jild 3,10600
REMOVED_DUPLICATE,Maktaba Jibreel (PDF Archive),5863,Einul Hidaya Jild 5,10601
REMOVED_DUPLICATE,Maktaba Jibreel (PDF Archive),5864,Einul Hidaya Jild 6,10602
REMOVED_DUPLICATE,Maktaba Jibreel (PDF Archive),5865,Einul Hidaya Jild 7,10603
REMOVED_DUPLICATE,Maktaba Jibreel (PDF Archive),5866,Einul Hidaya Jild 8,10604
REMOVED_DUPLICATE,Maktaba Jibreel (PDF Archive),5868,Esa Ghoji Al Bushra Color,10605
REMOVED_DUPLICATE,Maktaba Jibreel (PDF Archive),5869,Esa Ghoji Rashedia,10609
REMOVED_DUPLICATE,Maktaba Jibreel (PDF Archive),5870,Fahm e Quran By SHEIKH SAEED AHMAD AKBARABADI,10610
REMOVED_DUPLICATE,Maktaba Jibreel (PDF Archive),5871,Fahm Ul Falkiat Dar Ul Uloom,10611
REMOVED_DUPLICATE,Maktaba Jibreel (PDF Archive),5872,Faisla Aap Karain by SHEIKH MUHAMMAD AZAM TARIQ (R.A),10612
REMOVED_DUPLICATE,Maktaba Jibreel (PDF Archive),5873,Faisla Kun Munazra By SHEIKH MUHAMMAD MANZOOR NOMANI (R.A),10613
REMOVED_DUPLICATE,Maktaba Jibreel (PDF Archive),5874,Faizan e Rehmat By SHEIKH MUHAMMAD ABDULLAH DARKHUWASTI (RA),10614
REMOVED_DUPLICATE,Maktaba Jibreel (PDF Archive),5875,faizan-e-muhabat,10617
REMOVED_DUPLICATE,Maktaba Jibreel (PDF Archive),5879,Falsafa e Hajj o Qurbani By Sheikh Mufti Taqi Usmani,10621
REMOVED_DUPLICATE,Maktaba Jibreel (PDF Archive),5881,Farsi Zaban Ka Asan Qaidah Al Bushra Color,10623
REMOVED_DUPLICATE,Maktaba Jibreel (PDF Archive),5882,Farz Namaaz Ke Baad Ki Duaain By SHEIKH MUHAMMAD YUNUS PALANPURI,10625
REMOVED_DUPLICATE,Maktaba Jibreel (PDF Archive),5883,Farz Namaz Ke Baad Dua By Sheikh Abdul Hameed Nomani,10626
REMOVED_DUPLICATE,Maktaba Jibreel (PDF Archive),5884,Fasaad Door Karnay Ka Tareeqa by SHEIKH ASHRAF ALI THANVI (RA),10628
REMOVED_DUPLICATE,Maktaba Jibreel (PDF Archive),5885,Fatah Bareli Ka Dil Kash Nizara By SHEIKH MUHAMMAD MANZOOR NOMANI (R.A),10629
REMOVED_DUPLICATE,Maktaba Jibreel (PDF Archive),5886,Fatawa Ala Hazrat By SHEIKH MUHAMMAD ABUL KHAIR,10630
REMOVED_DUPLICATE,Maktaba Jibreel (PDF Archive),5887,Fatawa o Tareeqa Milad Shareef By SHEIKH RASHEED AHMAD GANGOHI (R.A) &amp; SHEIKH ASHRAF ALI THANVI (R.A),10631
REMOVED_DUPLICATE,Maktaba Jibreel (PDF Archive),5992,Fateha Ka Tarika By SHEIKH NOOR MUHAMMAD,10732
REMOVED_DUPLICATE,Maktaba Jibreel (PDF Archive),5994,Fatuhaat E Nomania By SHEIKH MUHAMMAD MANZOOR NOMANI (R.A),10734
REMOVED_DUPLICATE,Maktaba Jibreel (PDF Archive),5995,Fatwa Hayat e Maseeh [A.S] By Sheikh Muhammd Manzoor Chinioti (r.a),10735
REMOVED_DUPLICATE,Maktaba Jibreel (PDF Archive),5996,Fatwa on Beralwis,10736
REMOVED_DUPLICATE,Maktaba Jibreel (PDF Archive),5997,Fawaid E Makkiyah Al Bushra Color,10737
REMOVED_DUPLICATE,Maktaba Jibreel (PDF Archive),5998,Fawaid ul Fawad By SHEIKH AMEER ULA SANJARI (RA),10740
REMOVED_DUPLICATE,Maktaba Jibreel (PDF Archive),6001,Fazael o Ahkam Ramadhan ul Mubarik By SHEIKH QARI FATEH MUHAMMAD PANIPATI,10744
REMOVED_DUPLICATE,Maktaba Jibreel (PDF Archive),6002,Fazail e Aamaal (URDU) By SHEIKH MUHAMMAD ZAKARIYYA KANDHELVI (RA),10745
REMOVED_DUPLICATE,Maktaba Jibreel (PDF Archive),6003,Fazail e Aamaal Par Aitrazaat - Aik Usooli Jaiza By SHEIKH ABDULLAH MAROOFI,10746
REMOVED_DUPLICATE,Maktaba Jibreel (PDF Archive),6004,Fazail e Aamaal Par Aitrazaat Kioon By SHEIKH MUHAMMAD ISMAIL,10747
REMOVED_DUPLICATE,Maktaba Jibreel (PDF Archive),6005,Fazail e Aamaal Par Aytrazat Aur Un Ki Ilmi Hesiat By SHEIKH ILYAS GHUMMAN,10748
REMOVED_DUPLICATE,Maktaba Jibreel (PDF Archive),6006,Fazail e Hajj (URDU) By SHEIKH MUHAMMAD ZAKARIYYA KANDHELVI (RA),10749
REMOVED_DUPLICATE,Maktaba Jibreel (PDF Archive),6007,Fazail e Miswak By SHEIKH ATHAR HUSAIN MAZAHIRI,10750
REMOVED_DUPLICATE,Maktaba Jibreel (PDF Archive),6008,Fazail e Quran By SHEIKH MUHAMMAD ZAKARIYYA KANDHELVI (R.A),10751
REMOVED_DUPLICATE,Maktaba Jibreel (PDF Archive),6009,Fazail e Sadaqat (URDU) By SHEIKH MUHAMMAD ZAKARIYYA KANDHELVI (RA),10752
REMOVED_DUPLICATE,Maktaba Jibreel (PDF Archive),6010,Fazail e Shab e Barat By Sheikh Abdur Rauf Sakharvi,10753
REMOVED_DUPLICATE,Maktaba Jibreel (PDF Archive),6011,Fazail e Siddique e Akbar By SHEIKH ZULFIQAR AHMAD NAQSHBANDI,10754
REMOVED_DUPLICATE,Maktaba Jibreel (PDF Archive),6012,Fazail e Tableegh By SHEIKH MUHAMMAD ZAKARIYYA KANDHELVI (R.A),10755
REMOVED_DUPLICATE,Maktaba Jibreel (PDF Archive),6013,Fazail o Ahkam e Ramadhan al Mubarik By SHEIKH SYED ASGHAR HUSAIN (RA),10756
REMOVED_DUPLICATE,Maktaba Jibreel (PDF Archive),6014,Fazail o Barakaat e Ramadhan Shareef By Sheikh Hafiz Fazlur Raheem,10757
REMOVED_DUPLICATE,Maktaba Jibreel (PDF Archive),6021,Fazial e Jehaad,10767
REMOVED_DUPLICATE,Maktaba Jibreel (PDF Archive),6022,Fazil Brelvi Ka Hafza Aik Tahqeeqi Jaiza By ANWAAR AHMAD,10768
REMOVED_DUPLICATE,Maktaba Jibreel (PDF Archive),6025,Fidya o Qaza By SHEIKH MUFTI JAMEEL AHMAD THANVI (RA),10771
REMOVED_DUPLICATE,Maktaba Jibreel (PDF Archive),6026,Fiqh e Akbar (Imam Abu Hanifa (RA)) Translation By Mufti Rasheed Ahmad Alvi,10773
REMOVED_DUPLICATE,Maktaba Jibreel (PDF Archive),6027,Fiqh Jafariyyah Kia Islami Fiqh Hai,10774
REMOVED_DUPLICATE,Maktaba Jibreel (PDF Archive),6028,Fiqh Mein Ijma Ka Maqaam By SHEIKH MUFTI RAFI USMANI,10775
REMOVED_DUPLICATE,Maktaba Jibreel (PDF Archive),6030,FIRDOS E BAREEN By Abdul Haleem Sharar,10783
REMOVED_DUPLICATE,Maktaba Jibreel (PDF Archive),6031,Firqa Ahl e Hadees (Pak o Hind) By SHEIKH ILYAS GHUMMAN,10784
REMOVED_DUPLICATE,Maktaba Jibreel (PDF Archive),6032,Firqa Jamat Al Muslimeen Tehqeeq Ke Ainay Mein By SHEIKH AMEEN SAFDAR OKARVI (RA),10785
REMOVED_DUPLICATE,Maktaba Jibreel (PDF Archive),6033,Fitna e Ghamdia By Khanqah Sirajia,10786
REMOVED_DUPLICATE,Maktaba Jibreel (PDF Archive),6034,Fitna e Gohar Shahi By Sheikh Abu Tipu Khalid,10787
REMOVED_DUPLICATE,Maktaba Jibreel (PDF Archive),6035,Fitna e Modudiat By SHEIKH MUHAMMAD ZAKARIYYA (R.A),10788
REMOVED_DUPLICATE,Maktaba Jibreel (PDF Archive),6036,Fitna e Sheikh By Sheikh Muhammad Yusuf Ludhyanvi (r.a),10789
REMOVED_DUPLICATE,Maktaba Jibreel (PDF Archive),6037,Fitna e Yusuf Kazzab by Arshad Qureshi,10790
REMOVED_DUPLICATE,Maktaba Jibreel (PDF Archive),6038,Fitna Inkar e Hadith - Perwaiziat (Version 2) by Sheikh Wali Hasan Tonki (r.a),10791
REMOVED_DUPLICATE,Maktaba Jibreel (PDF Archive),6039,Fitna Inkar e Hadith - Perwaiziat By SHEIKH WALI HASAN TONKI (R.A),10792
REMOVED_DUPLICATE,Maktaba Jibreel (PDF Archive),6040,Fitna Inkar E Hadith Aur Us Ka Pas E Manzar By SHEIKH ASHIQ ILAHI BULANDSHEHRI (R.A),10793
REMOVED_DUPLICATE,Maktaba Jibreel (PDF Archive),6041,Fitna Inkar e Hadith By SHEIKH MUFTI RASHEED AHMAD LUDHYANVI (R.A),10794
REMOVED_DUPLICATE,Maktaba Jibreel (PDF Archive),6045,Fun e Asma ur Rijaal By Sheikh Taqiuddin Nadvi,10801
REMOVED_DUPLICATE,Maktaba Jibreel (PDF Archive),6046,Fuqaha e Gujraat (INDIA),10802
REMOVED_DUPLICATE,Maktaba Jibreel (PDF Archive),6047,Fusool E Akbari Al Bushra Color,10803
REMOVED_DUPLICATE,Maktaba Jibreel (PDF Archive),6048,Fusool Ul Hawashi Al Haram,10805
REMOVED_DUPLICATE,Maktaba Jibreel (PDF Archive),6050,Fuyooz al-Haramain,10807
REMOVED_DUPLICATE,Maktaba Jibreel (PDF Archive),6052,Galiyan Kon Deta Hai By SHEIKH MUHAMMAD YUSUF LUDHIANVI (RA),10810
REMOVED_DUPLICATE,Maktaba Jibreel (PDF Archive),6053,Gana Bajana (Haq as Sama) By SHEIKH ASHRAF ALI THANVI (R.A),10811
REMOVED_DUPLICATE,Maktaba Jibreel (PDF Archive),6054,Gana Bajana By SHEIKH MUFTI EHSANULLAH SHAIQ,10812
REMOVED_DUPLICATE,Maktaba Jibreel (PDF Archive),6055,Gana Bajana Sun&#39;na Aur Qawwalli By SHEIKH IBN E TAYMIA (R.A),10813
REMOVED_DUPLICATE,Maktaba Jibreel (PDF Archive),6056,Gana Sunna Aur Sunana By SHEIKH MUFTI ABDUR RAUF SAKHARVI,10814
REMOVED_DUPLICATE,Maktaba Jibreel (PDF Archive),6057,Ganay Bajanay Ki Hurmat By SHEIKH MUFTI RASHEED AHMAD LUDHYANVI,10816
REMOVED_DUPLICATE,Maktaba Jibreel (PDF Archive),6058,Ghaddaar e Pakistan - Dr Abdus Salaam By SHEIKH MUHAMMAD YUSUF LUDHYANVI (R.A),10817
REMOVED_DUPLICATE,Maktaba Jibreel (PDF Archive),6059,Ghaddaar e Pakistan - Dr Abdussalam By MUHAMMAD MATEEN KHALID,10818
REMOVED_DUPLICATE,Maktaba Jibreel (PDF Archive),6060,Ghair Muqallid Ho Kar Taqleed Kioon By SHEIKH MUFTI RAB NAWAZ SALAFI,10819
REMOVED_DUPLICATE,Maktaba Jibreel (PDF Archive),6061,Ghair Muqallideen Imam Bukhari (R.A) Ki Adalat Mein By ANWAAR E KHURSHEED,10820
REMOVED_DUPLICATE,Maktaba Jibreel (PDF Archive),6062,Ghair Muqallideen Ke Aetrazaat Aur Unke Jawabat By SHEIKH AHMAD ALI,10821
REMOVED_DUPLICATE,Maktaba Jibreel (PDF Archive),6063,Ghair Muqallideen Ke Aitrazat Ki Haqeeqat By SHEIKH AMEEN SAFDAR OKARVI (R.A),10822
REMOVED_DUPLICATE,Maktaba Jibreel (PDF Archive),6064,Ghair Muqallideen Ki Diary By SHEIKH MUHAMMAD ABUBAKR GHAZIPURI,10823
REMOVED_DUPLICATE,Maktaba Jibreel (PDF Archive),6065,Ghair Muqallideen Ki Ghair Mustanad Namaz By SHEIKH AMEEN SAFDAR OKARVI (R.A),10824
REMOVED_DUPLICATE,Maktaba Jibreel (PDF Archive),6066,Ghair Soodi Bankari By SHEIKH MUFTI TAQI USMANI,10825
REMOVED_DUPLICATE,Maktaba Jibreel (PDF Archive),6067,Ghalatiyan,10826
REMOVED_DUPLICATE,Maktaba Jibreel (PDF Archive),6068,Gham Na Karein By DR AAIDH ALQARNI,10828
REMOVED_DUPLICATE,Maktaba Jibreel (PDF Archive),6072,Ghayat Ul Tahqeq Meer Muhammad,10833
REMOVED_DUPLICATE,Maktaba Jibreel (PDF Archive),6073,Ghayat Ul Tahqeq Rashedia,10834
REMOVED_DUPLICATE,Maktaba Jibreel (PDF Archive),6074,Ghazwat un Nabi (SAW) In Detail,10835
REMOVED_DUPLICATE,Maktaba Jibreel (PDF Archive),6075,Gilgit Baltistan Ki Dakhli Khudmukhtari Aur Asal Haqaaiq,10837
REMOVED_DUPLICATE,Maktaba Jibreel (PDF Archive),6076,Gosht Khori - Jaiz ya Najaiz By DR. ZAKIR NAIK,10838
REMOVED_DUPLICATE,Maktaba Jibreel (PDF Archive),6085,Gulzar e Abrar By MUHAMMAD GHAUSI SHATTARI MANDVI,10849
REMOVED_DUPLICATE,Maktaba Jibreel (PDF Archive),6087,Gunahon Ka Chorna by SHEIKH ASHRAF ALI THANVI (RA),10851
REMOVED_DUPLICATE,Maktaba Jibreel (PDF Archive),6088,Gunahon Kay Nuqsanaat By Sheikh Abdus Sattar,10852
REMOVED_DUPLICATE,Maktaba Jibreel (PDF Archive),6090,Gustakh e Rasool(S.A.W) By HAFIZ MUHAMMAD IQBAL,10854
REMOVED_DUPLICATE,Maktaba Jibreel (PDF Archive),6091,Haan Main Baghi Hoon By Javed Hashmi,10855
REMOVED_DUPLICATE,Maktaba Jibreel (PDF Archive),6092,Hadi e Aalam (S.A.W) By Sheikh Muhammad Wali Razi,10856
REMOVED_DUPLICATE,Maktaba Jibreel (PDF Archive),6093,Hadith Aur Ahle Hadith By ANWAAR E KHURSHEED,10857
REMOVED_DUPLICATE,Maktaba Jibreel (PDF Archive),6094,Hadith e Arbaeen Aur Arbaeenat Ka Taaruf By SHEIKH RASHEED AHMAD FARIDI,10858
REMOVED_DUPLICATE,Maktaba Jibreel (PDF Archive),6095,Hadith e Rasool (S.A.W) Ka Qurani Mayar By SHEIKH QARI MUHAMMAD TAYYAB (R.A),10859
REMOVED_DUPLICATE,Maktaba Jibreel (PDF Archive),6097,Hadith Ka Bunyadi Kirdar By SHEIKH ABUL HASAN ALI NADVI (R.A),10861
REMOVED_DUPLICATE,Maktaba Jibreel (PDF Archive),6098,Hadith Ke Baray Mein Ghair Muqallideen Ka Mayar E Radd o Qabool By SHEIKH MUHAMMAD ABUBAKR GHAZIPURI,10862
REMOVED_DUPLICATE,Maktaba Jibreel (PDF Archive),6099,Hadith O Sunnat Mein Farq By SHEIKH MUHAMMAD AMEEN SAFDAR OKARVI (RA),10863
REMOVED_DUPLICATE,Maktaba Jibreel (PDF Archive),6100,Hadsa E Karbala Aur Us Ka Pas e Manzar By SHEIKH MUHAMMAD ABDUR RASHEED NOMANI,10864
REMOVED_DUPLICATE,Maktaba Jibreel (PDF Archive),6101,Hadya jawab By Sheikh Mufti Abdul Wahid,10866
REMOVED_DUPLICATE,Maktaba Jibreel (PDF Archive),6102,Hafiz E Quran Aur Uska Maqam By SHEIKH ABDUR RAHMAN KAUSAR,10867
REMOVED_DUPLICATE,Maktaba Jibreel (PDF Archive),6103,Hain Kawakib Kuch Nazar Aatay Hain Kuch By SHEIKH MUFTI SAEED AHMAD JALALPURI,10868
REMOVED_DUPLICATE,Maktaba Jibreel (PDF Archive),6104,Haj e Fardh Mein Jaldi Kijiye By SHEIKH MUFTI ABDUR RAUF SAKHARVI,10869
REMOVED_DUPLICATE,Maktaba Jibreel (PDF Archive),6105,Haj e Mabroor By SHEIKH MUHAMMAD NAJEEB SAMBHLI,10870
REMOVED_DUPLICATE,Maktaba Jibreel (PDF Archive),6106,Haj Ka Tariqa By SHEIKH ABDUR RAUF SAKHARVI,10871
REMOVED_DUPLICATE,Maktaba Jibreel (PDF Archive),6107,Haji ImdadUllah Mahajir Makki Kay Hazrat Sayyid Ahmad Shaheed Say Rohani Rishtay By SHEIKH SYED NAFEES UL HUSAINI,10873
REMOVED_DUPLICATE,Maktaba Jibreel (PDF Archive),6108,Hajj o Umra Ki Masnoon Duaain By SHEIKH MUHAMMAD YUNUS PALANPURI,10874
REMOVED_DUPLICATE,Maktaba Jibreel (PDF Archive),6110,Hakeem Sadiq Sialkoti Ki Kitaab Salatur Rasool Ke Baray Mein By SHEIKH MUHAMMAD ABUBAKR GHAZIPURI,10877
REMOVED_DUPLICATE,Maktaba Jibreel (PDF Archive),6111,Hakeem ul Ummat Ke Syasi Afkar By SHEIKH MUFTI TAQI USMANI,10878
REMOVED_DUPLICATE,Maktaba Jibreel (PDF Archive),6114,Halaat e Jahannam By Sheikh Ashiq Ilahi Madni (r.a),10881
REMOVED_DUPLICATE,Maktaba Jibreel (PDF Archive),6116,Halal Ki Ahmiyat By Shaykh Muhammad Imran,10883
REMOVED_DUPLICATE,Maktaba Jibreel (PDF Archive),6117,Halal Rozi ki Barkat By SHEIKH MUFTI ABDUR RAUF SAKHARVI,10884
REMOVED_DUPLICATE,Maktaba Jibreel (PDF Archive),6118,Hamara Maashi Nizam By Sheikh Mufti Taqi Usmani,10885
REMOVED_DUPLICATE,Maktaba Jibreel (PDF Archive),6119,Hamd Ullah Rashedia,10886
REMOVED_DUPLICATE,Maktaba Jibreel (PDF Archive),6120,Haq Parast Ulama Ki Modudiyat Se Narazgi K Asbab By SHEIKH AHMAD ALI LAHORI (R.A),10887
REMOVED_DUPLICATE,Maktaba Jibreel (PDF Archive),6121,Haqaiq Al Fiqh By PEER SYED MUSHTAQ ALI SHAH,10888
REMOVED_DUPLICATE,Maktaba Jibreel (PDF Archive),6122,Haqeeqat Al Fiqh Par Aik Nazar By SHEIKH MUHAMMAD ABUBAKR GHAZIPURI,10889
REMOVED_DUPLICATE,Maktaba Jibreel (PDF Archive),6123,Haqeeqat e Shia By SHEIKH MUFTI RASHEED AHMAD LUDHYANVI (R.A),10890
REMOVED_DUPLICATE,Maktaba Jibreel (PDF Archive),6127,Haram Khanay Ki Nahoosat By SHEIKH MUFTI ABDUR RAUF SAKHARVI,10897
REMOVED_DUPLICATE,Maktaba Jibreel (PDF Archive),6129,Hasanat Ul Akhbaar - Tareekh Ul Hadith By Sheikh Qazi Abdus Samad Sarim,10901
REMOVED_DUPLICATE,Maktaba Jibreel (PDF Archive),6130,Hashia Dasoqi Vol 2 Rashedia,10903
REMOVED_DUPLICATE,Maktaba Jibreel (PDF Archive),6133,HAWAIYAN By DR. MUHAMMAD YUNUS BUTT,10906
REMOVED_DUPLICATE,Maktaba Jibreel (PDF Archive),6142,Hayat al Ambiya By Imam Bayhaqi (R.A),10916
REMOVED_DUPLICATE,Maktaba Jibreel (PDF Archive),6143,Hayat e Ambiya e Karaam By SHEIKH JALALUDDIN SUYUTI (R.A),10917
REMOVED_DUPLICATE,Maktaba Jibreel (PDF Archive),6144,Hayat e Ameer e Shariat,10918
REMOVED_DUPLICATE,Maktaba Jibreel (PDF Archive),6145,Hayat e Hazrat Eesaa [A.S] By Sheikh Hafiz Muhammad Iqbal Rangooni,10919
REMOVED_DUPLICATE,Maktaba Jibreel (PDF Archive),6146,Hayat e Maseeh [A.S] Ka Suboot By Sheikh Abdur Rahman Bawa,10920
REMOVED_DUPLICATE,Maktaba Jibreel (PDF Archive),6147,Hayat e Saadi By Maulana Altaf Husain Hali (r.a),10921
REMOVED_DUPLICATE,Maktaba Jibreel (PDF Archive),6148,Hayat e Tayyabah Vol 1 Sawaneh of Sheikh Allah Yar Khan (r.a),10922
REMOVED_DUPLICATE,Maktaba Jibreel (PDF Archive),6149,Hayat un Nabi (S.A.W) By SHEIKH ALLAH YAR KHAN,10923
REMOVED_DUPLICATE,Maktaba Jibreel (PDF Archive),6150,Hayya alas Salah By MUHAMMAD NAJEEB SAMBHLI,10928
REMOVED_DUPLICATE,Maktaba Jibreel (PDF Archive),6152,Hazrat Abdullah Ibn e Abbas (R.A) Ke 100 Qissay By SHEIKH MUHAMMD OWAIS SARWAR,10930
REMOVED_DUPLICATE,Maktaba Jibreel (PDF Archive),6153,Hazrat Abu Bakr (RA) By SHEIKH ABU REHAN ZIAUR RAHMAN FAROOQI (RA),10931
REMOVED_DUPLICATE,Maktaba Jibreel (PDF Archive),6154,Hazrat Abu Bakr [r.a] Aur Hazrat Farooq e Azam [r.a] By Dr Taha Yaseen,10932
REMOVED_DUPLICATE,Maktaba Jibreel (PDF Archive),6155,Hazrat Ali (R.A) Ke 100 Qissay By SHEIKH MUHAMMAD SIDDIQUE MANSHAWI,10933
REMOVED_DUPLICATE,Maktaba Jibreel (PDF Archive),6156,Hazrat Ali (RA) By SHEIKH ABU REHAN ZIAUR RAHMAN FAROOQI (RA),10934
REMOVED_DUPLICATE,Maktaba Jibreel (PDF Archive),6157,Hazrat Ayeshah (RA) By SHEIKH ABU REHAN ZIAUR RAHMAN FAROOQI (RA),10935
REMOVED_DUPLICATE,Maktaba Jibreel (PDF Archive),6158,Hazrat Ba Yazeed Bastami (r.a) Ka Aik Yahoodi Se Mukalma By Sheikh Hafiz Muhammad Aslam,10936
REMOVED_DUPLICATE,Maktaba Jibreel (PDF Archive),6159,Hazrat Fatmah (RA) By SHEIKH ABU REHAN ZIAUR RAHMAN FAROOQI (RA),10937
REMOVED_DUPLICATE,Maktaba Jibreel (PDF Archive),6160,Hazrat Hasan (RA) By SHEIKH ABU REHAN ZIAUR RAHMAN FAROOQI (RA),10938
REMOVED_DUPLICATE,Maktaba Jibreel (PDF Archive),6161,Hazrat Husain (RA) By SHEIKH ABU REHAN ZIAUR RAHMAN FAROOQI (RA),10939
REMOVED_DUPLICATE,Maktaba Jibreel (PDF Archive),6162,Hazrat Husain (RA) Ke Qatil Khud Shia Thay By SHEIKH ALLAH YAR KHAN (RA),10940
REMOVED_DUPLICATE,Maktaba Jibreel (PDF Archive),6163,Hazrat Huzaefah Bin Yamaan (R.A) By SHEIKH IMRAN ASHRAF USMANI,10943
REMOVED_DUPLICATE,Maktaba Jibreel (PDF Archive),6164,Hazrat Imam Abu Hanifa (R.A) Par Irja Ki Tohmat By SHEIKH NAIMATULLAH AZAMI,10945
REMOVED_DUPLICATE,Maktaba Jibreel (PDF Archive),6165,Hazrat Khalid bin Waleed (RA) By SHEIKH ABU REHAN ZIAUR RAHMAN FAROOQI (RA),10946
REMOVED_DUPLICATE,Maktaba Jibreel (PDF Archive),6166,Hazrat Khawaja Nizamuddin Awliya (r.a) ke Haalaat o Kamalaat By Sheikh Syed Abul Hasan Ali Nadvi (r.a),10947
REMOVED_DUPLICATE,Maktaba Jibreel (PDF Archive),6167,Hazrat Lahori Fitnon K Taaqub Mein By SHEIKH QAZI MAZHAR HUSAIN (R.A),10948
REMOVED_DUPLICATE,Maktaba Jibreel (PDF Archive),6168,Hazrat Mashaikh e Deoband (R.A)Paer Ittihamaat Ki Haqeeqat By BASHEER AHMAD,10949
REMOVED_DUPLICATE,Maktaba Jibreel (PDF Archive),6170,Hazrat Muawiyah (RA) By SHEIKH ABU REHAN ZIAUR RAHMAN FAROOQI (RA),10951
REMOVED_DUPLICATE,Maktaba Jibreel (PDF Archive),6171,Hazrat Umar (RA) By SHEIKH ABU REHAN ZIAUR RAHMAN FAROOQI (RA),10952
REMOVED_DUPLICATE,Maktaba Jibreel (PDF Archive),6172,Hazrat Usman (R.A) Ke 100 Qissay By SHEIKH KHURRAM YUSUF,10953
REMOVED_DUPLICATE,Maktaba Jibreel (PDF Archive),6173,Hazrat Usman (RA) By SHEIKH ABU REHAN ZIAUR RAHMAN FAROOQI (RA),10954
REMOVED_DUPLICATE,Maktaba Jibreel (PDF Archive),6174,Hazrat Usman [RA] By Dr Taha Yaseen,10955
REMOVED_DUPLICATE,Maktaba Jibreel (PDF Archive),6178,Hidaya Aur Sahib e Hidaya By SHEIKH ABDUL QAYYUM HAQQANI,10959
REMOVED_DUPLICATE,Maktaba Jibreel (PDF Archive),6179,Hidaya Tul Hikmah Al Bushra Color,10960
REMOVED_DUPLICATE,Maktaba Jibreel (PDF Archive),6180,Hidaya Tun Nahw Al Bushra,10964
REMOVED_DUPLICATE,Maktaba Jibreel (PDF Archive),6181,Hidaya tush Shia By SHEIKH MUFTI RASHEED AHMAD GANGOHI (R.A),10968
REMOVED_DUPLICATE,Maktaba Jibreel (PDF Archive),6183,Hifazat e Zaban By SHEIKH MUFTI RASHEED AHMAD LUDHYANVI (R.A),10970
REMOVED_DUPLICATE,Maktaba Jibreel (PDF Archive),6184,Hifz ul Eemaan By SHEIKH ASHRAF ALI THANVI (R.A),10971
REMOVED_DUPLICATE,Maktaba Jibreel (PDF Archive),6187,Hikayat e Mehar o Wafa By SHEIKH SYED NAFEES AL HUSAINI,10974
REMOVED_DUPLICATE,Maktaba Jibreel (PDF Archive),6188,Hikmat e Qasimiya By SHEIKH QARI MUHAMMAD TAYYAB (RA),10975
REMOVED_DUPLICATE,Maktaba Jibreel (PDF Archive),6190,Hizb ul Bahr By Sheikh Haji Imdadullah Mhajir e Makki (r.a),10978
REMOVED_DUPLICATE,Maktaba Jibreel (PDF Archive),6191,Hizbullah Kaun Hai By ALI AS SADIQ,10979
REMOVED_DUPLICATE,Maktaba Jibreel (PDF Archive),6192,Hudood Ordinance Aik Ilmi Jaiza By Sheikh Mufti Taqi Usmani,10982
REMOVED_DUPLICATE,Maktaba Jibreel (PDF Archive),6193,Huffaaz Ke Liay KhushKhabri By Teachers of Madrassah Hifz ul Quran,10983
REMOVED_DUPLICATE,Maktaba Jibreel (PDF Archive),6204,Huzoor Sallallahu Alahi Wasallam Ki Seerat Aur Soorat By SHEIKH ABDUR RAUF SAKHARVI,10999
REMOVED_DUPLICATE,Maktaba Jibreel (PDF Archive),6206,Ibtidai-Suluk-Urdu,11001
REMOVED_DUPLICATE,Maktaba Jibreel (PDF Archive),6207,Ijtehad Aur Mazhab e Hanafi Ki Haqiqat By SHEIKH ALIUR RAHMAN FAROOQI,11010
REMOVED_DUPLICATE,Maktaba Jibreel (PDF Archive),6208,Ijtehad o Taqleed Ka Aakhri Faisla By SHEIKH ASHRAF ALI THANVI (R.A),11011
REMOVED_DUPLICATE,Maktaba Jibreel (PDF Archive),6210,Ikhtelaf ul Aiemma By SHEIKH MUHAMMAD ZAKARIYYA (R.A),11014
REMOVED_DUPLICATE,Maktaba Jibreel (PDF Archive),6211,Ikhtilaf e Ummat Aur Sirat e Mustaqeem By Sheikh Muhammad Yusuf Ludhyanvi (r.a),11015
REMOVED_DUPLICATE,Maktaba Jibreel (PDF Archive),6212,ikhtilafaat-mirza,11016
REMOVED_DUPLICATE,Maktaba Jibreel (PDF Archive),6215,ILhaad o Zindaqah Ka Nia Andaaz By SHEIKH SAEED AHMAD JALALPURI,11021
REMOVED_DUPLICATE,Maktaba Jibreel (PDF Archive),6216,Ilhami Girgit By Sheikh Abul Basheer Irfani,11022
REMOVED_DUPLICATE,Maktaba Jibreel (PDF Archive),6218,Ilm Aur Ulama e Karaam Ki Azmat By SHEIKH SHAH HAKEEM AKHTAR,11025
REMOVED_DUPLICATE,Maktaba Jibreel (PDF Archive),6219,Ilm e Deen Aur Hamaray Bachay By NIZAM EDUCATION SOCIETY,11026
REMOVED_DUPLICATE,Maktaba Jibreel (PDF Archive),6220,Ilm E Hadith May Imam Abu Hanifa RA Ka Maqam o Martaba By SHEIKH HABIBUR RAHMAN AZAMI,11027
REMOVED_DUPLICATE,Maktaba Jibreel (PDF Archive),6221,ILm e Tajweed Aur Qirrat Ka tareekhi Irtiqa by QARI RASHEED AHMAD THANVI (RA),11028
REMOVED_DUPLICATE,Maktaba Jibreel (PDF Archive),6222,Ilm Ki Azmat By Sheikh Ashiq Husain Shujabadi,11029
REMOVED_DUPLICATE,Maktaba Jibreel (PDF Archive),6223,Ilm Par Amal Karen By SHEIKH MUFTI TAQI USMANI,11030
REMOVED_DUPLICATE,Maktaba Jibreel (PDF Archive),6224,Ilm Un Nahw Al Bushra Color,11031
REMOVED_DUPLICATE,Maktaba Jibreel (PDF Archive),6225,Ilm Us Sarf Aakherain Al Bushra Color,11034
REMOVED_DUPLICATE,Maktaba Jibreel (PDF Archive),6226,Ilm Us Sarf Al Bushra,11036
REMOVED_DUPLICATE,Maktaba Jibreel (PDF Archive),6227,Ilm Us Sarf Aowalain Al Bushra Color,11037
REMOVED_DUPLICATE,Maktaba Jibreel (PDF Archive),6228,Ilm Us Segha Al Bushra Color,11040
REMOVED_DUPLICATE,Maktaba Jibreel (PDF Archive),6230,Ilmi Maarqay - SHEIKH AMEEN SAFDAR OKARVI (RA),11045
REMOVED_DUPLICATE,Maktaba Jibreel (PDF Archive),6231,Ilmul Kalam By SHEIKH MUHAMMAD IDREES KANDHELVI (R.A),11046
REMOVED_DUPLICATE,Maktaba Jibreel (PDF Archive),6233,Imam Abu Hanifa (RA) K Hairat Angaiz Waqiat By SHEIKH ABDUL QAYYUM HAQQANI,11048
REMOVED_DUPLICATE,Maktaba Jibreel (PDF Archive),6234,Imam Abu Hanifa - Shaheed-e-Ahl e Bayt By MUFTI ABUL HASAN SHAREEFULLAH AL-KAUSARI,11049
REMOVED_DUPLICATE,Maktaba Jibreel (PDF Archive),6235,Imam Abu Hanifa Aur Mautarizeen By SHEIKH MUFTI SYED MEHDI HASAN SHAHJAHANPURI,11050
REMOVED_DUPLICATE,Maktaba Jibreel (PDF Archive),6236,Imam Abu Hanifa Ki Taabi&#39;iyat Aur Sahaba [R.A] Se Unki Rivayat By Sheikh Abdush Shaheed Nomani,11051
REMOVED_DUPLICATE,Maktaba Jibreel (PDF Archive),6237,Imam e Azam Aur Tasawwuf,11053
REMOVED_DUPLICATE,Maktaba Jibreel (PDF Archive),6238,Imam e Azam ki Wasyyatain Aur Naseehatain By SHEIKH RASHEED AHMAD ALVI,11054
REMOVED_DUPLICATE,Maktaba Jibreel (PDF Archive),6239,Imam Ke Peechay Muqtadi Ki Qirat Ka Hukm By SHEIKH HABIBUR RAHMAN AZAMI,11055
REMOVED_DUPLICATE,Maktaba Jibreel (PDF Archive),6240,Imam Mahdi (r.a) Ka Zahoor Abhi Nahein Huwa By Sheikh Mufti Syed Salman Mansoorpuri,11056
REMOVED_DUPLICATE,Maktaba Jibreel (PDF Archive),6241,Imam Syed Taj Mahmood Amrothi,11057
REMOVED_DUPLICATE,Maktaba Jibreel (PDF Archive),6246,Imdad Ul Fattah Rashedia,11064
REMOVED_DUPLICATE,Maktaba Jibreel (PDF Archive),6277,Inkaar e Hadith Ke Nataaij By SHEIKH MUHAMMAD YUSUF LUDHYANVI (R.A),11085
REMOVED_DUPLICATE,Maktaba Jibreel (PDF Archive),6278,Inkaar e Hadith Ke Nataaij By SHEIKH SARFRAZ KHAN SAFDAR (R.A),11086
REMOVED_DUPLICATE,Maktaba Jibreel (PDF Archive),6279,Inkar e Hadith Kioon By ALLAMA HAFIZ MUHAMMAD AYUB DEHLVI,11087
REMOVED_DUPLICATE,Maktaba Jibreel (PDF Archive),6280,Inkishaf E Haqeeqat BY SHEIKH HAFIZ ABDUL QUDDUS QARAN,11088
REMOVED_DUPLICATE,Maktaba Jibreel (PDF Archive),6284,Iqd Ul Aali Meer Muhammad,11093
REMOVED_DUPLICATE,Maktaba Jibreel (PDF Archive),6285,Iran Se Tehreef Shuda Quran Ki Ishaat By SHEIKH MUHAMMAD YUSUF LUDHYANVI,11095
REMOVED_DUPLICATE,Maktaba Jibreel (PDF Archive),6290,Irfan-e-Muhabbat,11101
REMOVED_DUPLICATE,Maktaba Jibreel (PDF Archive),6293,Irshad Ul Talibeen Dar Ul Nashar,11104
REMOVED_DUPLICATE,Maktaba Jibreel (PDF Archive),6294,Irshad Us Sarf Azeem And Suns,11105
REMOVED_DUPLICATE,Maktaba Jibreel (PDF Archive),6299,irshadat,11110
REMOVED_DUPLICATE,Maktaba Jibreel (PDF Archive),6302,Ishq e Elaahi By By SHEIKH ZULFIQAR AHMAD NAQSHBANDI,11111
REMOVED_DUPLICATE,Maktaba Jibreel (PDF Archive),6336,Islah Ka Aasan Tareeqa by SHEIKH ASHRAF ALI THANVI (RA),11148
REMOVED_DUPLICATE,Maktaba Jibreel (PDF Archive),6341,Islahi Mawaiz (VOL 7) SHEIKH MUHAMMAD YUSUF LUDHYANVI (RA),11154
REMOVED_DUPLICATE,Maktaba Jibreel (PDF Archive),6342,Islam Aur Aaj Ka Musalman By SHEIKH MUFTI MUKHTARUDDIN KARBOGHA SHAREEF,11181
REMOVED_DUPLICATE,Maktaba Jibreel (PDF Archive),6343,Islam Aur Ghamdiyat,11182
REMOVED_DUPLICATE,Maktaba Jibreel (PDF Archive),6345,Islam Ka Qanoon e Talaq By SHEIKH MUHAMMAD SHAHABUDDIN NADVI,11184
REMOVED_DUPLICATE,Maktaba Jibreel (PDF Archive),6346,Islam Ka Qanoon e Zakat o Ushr Aur Nizam e Maliaat Par Shubhat Ka Jawaab By SHEIKH MUHAMMAD YUSUF LUDHYANVI (RA),11185
REMOVED_DUPLICATE,Maktaba Jibreel (PDF Archive),6347,Islam Main Khawateen Ke Huqooq By DR. ZAKIR NAIK,11186
REMOVED_DUPLICATE,Maktaba Jibreel (PDF Archive),6348,Islam Mein Ghulami Ka Tasawwur By Sheikh Mufti Rafi Usmani,11187
REMOVED_DUPLICATE,Maktaba Jibreel (PDF Archive),6349,Islam Mein Imam Mehdi Ka Tasawwur By Sheikh Zafar Iqbal,11188
REMOVED_DUPLICATE,Maktaba Jibreel (PDF Archive),6350,Islam Mein Khula Ki Haqeeqat By SHEIKH MUFTI TAQI USMANI,11189
REMOVED_DUPLICATE,Maktaba Jibreel (PDF Archive),6351,Islam Mein Parda Ki Ahmiat By SHEIKH ASHRAF ALI THANVI (RA),11191
REMOVED_DUPLICATE,Maktaba Jibreel (PDF Archive),6352,Islam Musalman Aur Rushdi Salman By SHEIKH MEHMOOD ASHRAF USMANI,11192
REMOVED_DUPLICATE,Maktaba Jibreel (PDF Archive),6354,Islam-ko-qad-sy-bachaiay,11195
REMOVED_DUPLICATE,Maktaba Jibreel (PDF Archive),6355,Islam-ky-ujalay-qad-ky-undharay,11196
REMOVED_DUPLICATE,Maktaba Jibreel (PDF Archive),6357,Islami Aqaaid By SHEIKH ASHRAF ALI THANVI (R.A),11198
REMOVED_DUPLICATE,Maktaba Jibreel (PDF Archive),6358,Islami Aur Soodi Bankari Mein Farq,11199
REMOVED_DUPLICATE,Maktaba Jibreel (PDF Archive),6359,Islami Bankari Aik Haqeeqat Pasandana Jaiza By SHEIKH EJAZ AHMAD SAMDANI,11200
REMOVED_DUPLICATE,Maktaba Jibreel (PDF Archive),6360,Islami Bankari Aur Sirat e Mustaqeem,11201
REMOVED_DUPLICATE,Maktaba Jibreel (PDF Archive),6361,Islami Kalima By SHEIKH ALI SHER HAIDRI (R.A),11202
REMOVED_DUPLICATE,Maktaba Jibreel (PDF Archive),6362,Islami Kalima By SHEIKH ALI SHER HAIDRI,11203
REMOVED_DUPLICATE,Maktaba Jibreel (PDF Archive),6363,Islami Shariat Ilm Aur Aqal Ki Meezan Mein By SHEIKH MUHAMMAD SHAHABUDDIN NADVI,11204
REMOVED_DUPLICATE,Maktaba Jibreel (PDF Archive),6365,Ismailiyah - Bohriyon Aur Agha Khaniyon Ka Taaruf By Syed Tanzeem Husain,11206
REMOVED_DUPLICATE,Maktaba Jibreel (PDF Archive),6366,Israr ul Haramain,11208
REMOVED_DUPLICATE,Maktaba Jibreel (PDF Archive),6368,Istekharah Kaisay Karain By SHEIKH MUHAMMAD ZAKARIYYA IQBAL,11210
REMOVED_DUPLICATE,Maktaba Jibreel (PDF Archive),6369,Istekharah Sunnat Ke Mutabiq By SHEIKH MUHAMMAD UMAR ANWAR,11211
REMOVED_DUPLICATE,Maktaba Jibreel (PDF Archive),6370,Istikhara Ka Masnoon Tariqa By SHEIKH MUFTI TAQI USMANI,11213
REMOVED_DUPLICATE,Maktaba Jibreel (PDF Archive),6371,Istiqamat by SHEIKH ASHRAF ALI THANVI (RA),11214
REMOVED_DUPLICATE,Maktaba Jibreel (PDF Archive),6372,Izala tush Shak An Masala e Fidak By SHEIKH MUHAMMAD ABDUSSATTAR TONSVI,11216
REMOVED_DUPLICATE,Maktaba Jibreel (PDF Archive),6373,Ja&#39;li Nabi Ke Asli Kahaani,11217
REMOVED_DUPLICATE,Maktaba Jibreel (PDF Archive),6374,Jaar Bardi Rashedia,11218
REMOVED_DUPLICATE,Maktaba Jibreel (PDF Archive),6375,Jadeed Daur Ka Musailma Kazzab Gohar Shahi By SHEIKH SAEED AHMAD JALALPURI,11219
REMOVED_DUPLICATE,Maktaba Jibreel (PDF Archive),6376,Jadeed Masail Ke Shari Ahkam (Version 2) By Sheikh Mufti Muhammad Shafi (r.a),11220
REMOVED_DUPLICATE,Maktaba Jibreel (PDF Archive),6377,Jadeed Masail Shari Ahkam By SHEIKH MUFTI MUHAMMAD SHAFI (RA),11221
REMOVED_DUPLICATE,Maktaba Jibreel (PDF Archive),6378,Jadeed Muashi Masail By Sheikh Mufti Abdul Wahid,11222
REMOVED_DUPLICATE,Maktaba Jibreel (PDF Archive),6424,Jadu se Hifazat (FOLDABLE) By SHEIKH MUHAMMAD YUNUS PALANPURI,11269
REMOVED_DUPLICATE,Maktaba Jibreel (PDF Archive),6425,Jadu Se Hifazat By SHEIKH MUHAMMAD YUNUS PALANPURI,11270
REMOVED_DUPLICATE,Maktaba Jibreel (PDF Archive),6427,Jamaat ul Muslimeen Quran o Sunnat Ki Adalat Mein By SHEIKH SYED IKRAMUR RAHMAN,11272
REMOVED_DUPLICATE,Maktaba Jibreel (PDF Archive),6429,Jamal e Anwar By SHEIKH ABDUL QAYYUM HAQQANI,11274
REMOVED_DUPLICATE,Maktaba Jibreel (PDF Archive),6430,Jamal e Habib (S.A.W) By MUHAMMAD HABIBUR RAHMAN HUSSAMI,11275
REMOVED_DUPLICATE,Maktaba Jibreel (PDF Archive),6431,Jamal Ul Quran Al Bushra Color,11276
REMOVED_DUPLICATE,Maktaba Jibreel (PDF Archive),6432,Jamal ul Quran Maa Hashiya Zeenat Ul Quran By SHEIKH ASHRAF ALI THANVI (RA),11278
REMOVED_DUPLICATE,Maktaba Jibreel (PDF Archive),6433,Jamat e Muslimeen Kya Hai By SHEIKH AMEEN SAFDAR OKARVI (RA),11280
REMOVED_DUPLICATE,Maktaba Jibreel (PDF Archive),6434,Jamat e Tableegh Par Aitrazaat K Jawabat By SHEIKH MUHAMMAD ZAKARIYYA KANDHELVI (R.A),11281
REMOVED_DUPLICATE,Maktaba Jibreel (PDF Archive),6435,Jame Al Tirmezi Vol 1 Altaf And Sons,11282
REMOVED_DUPLICATE,Maktaba Jibreel (PDF Archive),6436,Jame Al Tirmezi Vol 1 Qademi,11283
REMOVED_DUPLICATE,Maktaba Jibreel (PDF Archive),6437,Jame Al Tirmezi Vol 1 Rahmania,11284
REMOVED_DUPLICATE,Maktaba Jibreel (PDF Archive),6438,Jame Al Tirmezi Vol 2 Altaf And Sons,11285
REMOVED_DUPLICATE,Maktaba Jibreel (PDF Archive),6439,Jame Al Tirmezi Vol 2 Qademi,11286
REMOVED_DUPLICATE,Maktaba Jibreel (PDF Archive),6440,Jame Al Tirmezi Vol 2 Rahmania,11287
REMOVED_DUPLICATE,Maktaba Jibreel (PDF Archive),6441,Jame Tirmidhi 1of2 TRANSLATION BY SHEIKH FAZAL AHMAD,11288
REMOVED_DUPLICATE,Maktaba Jibreel (PDF Archive),6442,Jame Tirmidhi 2of2 TRANSLATION BY SHEIKH FAZAL AHMAD,11289
REMOVED_DUPLICATE,Maktaba Jibreel (PDF Archive),6454,Jannat Ka Aasaan Raasta By Sheikh Mufti Rafi Usmani,11302
REMOVED_DUPLICATE,Maktaba Jibreel (PDF Archive),6455,Jannat Ki Hooren By SHEIKH FAZLUR RAHMAN RASHEEDI,11303
REMOVED_DUPLICATE,Maktaba Jibreel (PDF Archive),6458,Javed Ghamdi Aur Inkare Hadith By SHEIKH MUHAMMAD RAFIQ,11306
REMOVED_DUPLICATE,Maktaba Jibreel (PDF Archive),6470,Jawame Ul Kalim Al Bushra Color,11319
REMOVED_DUPLICATE,Maktaba Jibreel (PDF Archive),6471,Jawame Ul Kalim Al Bushra,11320
REMOVED_DUPLICATE,Maktaba Jibreel (PDF Archive),6472,Jawani Ko Zaya Karney K Nuksanaat By SHEIKH MUHAMMAD ARSALAAN,11321
REMOVED_DUPLICATE,Maktaba Jibreel (PDF Archive),6473,jehad-KN-kay-janisar,11322
REMOVED_DUPLICATE,Maktaba Jibreel (PDF Archive),6474,Jhoota Wasiyyat Nama By Sheikh Mufti Shamsul Haq Azhar,11326
REMOVED_DUPLICATE,Maktaba Jibreel (PDF Archive),6477,Jila ul Azhan (1000 QUESTIONS FROM SHIA) By MUHAMMAD QURESHI NAQSHBANDI,11330
REMOVED_DUPLICATE,Maktaba Jibreel (PDF Archive),6478,jinhay-KN-say-ishaq-tha,11331
REMOVED_DUPLICATE,Maktaba Jibreel (PDF Archive),6479,jo-KN-pay-fida-thay,11332
REMOVED_DUPLICATE,Maktaba Jibreel (PDF Archive),6480,Joke-Dar-Joke By DR. MUHAMMAD YUNUS BUTT,11333
REMOVED_DUPLICATE,Maktaba Jibreel (PDF Archive),6481,Kaam Chori ALLAH Ka Aik Azaab By SHEIKH MUFTI RAFI USMANI,11334
REMOVED_DUPLICATE,Maktaba Jibreel (PDF Archive),6482,Kafiah Al Bushra Color,11335
REMOVED_DUPLICATE,Maktaba Jibreel (PDF Archive),6483,Kafiah Al Bushra,11336
REMOVED_DUPLICATE,Maktaba Jibreel (PDF Archive),6484,Kafir Kaho Gay By Nazar ur Rizvi,11339
REMOVED_DUPLICATE,Maktaba Jibreel (PDF Archive),6495,Kalima La Ilaha IlalALLAH By MUFTI MUHAMMD SHAFI RIZVI,11350
REMOVED_DUPLICATE,Maktaba Jibreel (PDF Archive),6496,Kalima Tayyaba Ki Haqeeqat By SHEIKH MUHAMMAD MANZOOR NOMANI (R.A),11351
REMOVED_DUPLICATE,Maktaba Jibreel (PDF Archive),6497,Kalimay,11352
REMOVED_DUPLICATE,Maktaba Jibreel (PDF Archive),6500,Kamil Tareeqa e Namaz by Sheikh Abdur Rauf Sakharvi,11355
REMOVED_DUPLICATE,Maktaba Jibreel (PDF Archive),6501,Kanz Ul Daqaiq Haqqania,11357
REMOVED_DUPLICATE,Maktaba Jibreel (PDF Archive),6502,Kanz Ul Daqaiq Qademi,11358
REMOVED_DUPLICATE,Maktaba Jibreel (PDF Archive),6503,Kanz Ul Daqaiq Rahmania,11359
REMOVED_DUPLICATE,Maktaba Jibreel (PDF Archive),6504,Kanz Ul Daqaiq Vol 1 Al Bushra Color,11360
REMOVED_DUPLICATE,Maktaba Jibreel (PDF Archive),6505,Kanz Ul Daqaiq Vol 1 Al Bushra,11361
REMOVED_DUPLICATE,Maktaba Jibreel (PDF Archive),6506,Kanz Ul Daqaiq Vol 2 Al Bushra Color,11362
REMOVED_DUPLICATE,Maktaba Jibreel (PDF Archive),6507,Kanz Ul Daqaiq Vol 2 Al Bushra,11363
REMOVED_DUPLICATE,Maktaba Jibreel (PDF Archive),6508,Kanz Ul Daqaiq Vol 3 Al Bushra Color,11364
REMOVED_DUPLICATE,Maktaba Jibreel (PDF Archive),6509,Kanz Ul Daqaiq Vol 3 Al Bushra,11365
REMOVED_DUPLICATE,Maktaba Jibreel (PDF Archive),6510,Kanz Un Nawadir Madarsa Tul Uloom,11366
REMOVED_DUPLICATE,Maktaba Jibreel (PDF Archive),6519,Kanzul Eeman Ka Taaqub By SAJID KHAN,11375
REMOVED_DUPLICATE,Maktaba Jibreel (PDF Archive),6521,Karema Sadee Al Bushra Color,11377
REMOVED_DUPLICATE,Maktaba Jibreel (PDF Archive),6522,Karvan e Eeman o Azeemat By SHEIKH ABUL HASAN ALI,11379
REMOVED_DUPLICATE,Maktaba Jibreel (PDF Archive),6523,Karwan-tahreek-KN,11380
REMOVED_DUPLICATE,Maktaba Jibreel (PDF Archive),6524,Kashaf ul Haqaiq By ABU ABDULLAH,11381
REMOVED_DUPLICATE,Maktaba Jibreel (PDF Archive),6537,Khair Ka Rasta By NIZAM EDUCATION SOCIETY,11394
REMOVED_DUPLICATE,Maktaba Jibreel (PDF Archive),6538,Khair Ul Usool Al Bushra Color,11396
REMOVED_DUPLICATE,Maktaba Jibreel (PDF Archive),6547,KHANDA-ZUN By DR. MUHAMMAD YUNUS BUTT,11406
REMOVED_DUPLICATE,Maktaba Jibreel (PDF Archive),6548,Khasail e Nabvi (S.A.W) By SHEIKH ABDUL QAYYUM HAQQANI,11407
REMOVED_DUPLICATE,Maktaba Jibreel (PDF Archive),6549,Khasoof o Kasoof By Sheikh Manzoor Ahmad Chinioti (r.a),11408
REMOVED_DUPLICATE,Maktaba Jibreel (PDF Archive),6550,Khatim Al Nabiyeen By SHEIKH ANWAR SHAH KASHMIRI (R.A),11409
REMOVED_DUPLICATE,Maktaba Jibreel (PDF Archive),6551,Khatm e Nubuwwat By Sheikh Sarfraz Khan Safdar,11410
REMOVED_DUPLICATE,Maktaba Jibreel (PDF Archive),6553,Khauf e Khuda By SHEIKH ZULFIQAR AHMAD NAQSHBANDI,11413
REMOVED_DUPLICATE,Maktaba Jibreel (PDF Archive),6554,Khawateen Ka Parda By Sheikh Abdur Rauf Sakharvi,11416
REMOVED_DUPLICATE,Maktaba Jibreel (PDF Archive),6555,Khawateen Ka Pardah By SHEIKH MUFTI ABDUR RAUF SAKHARVI,11417
REMOVED_DUPLICATE,Maktaba Jibreel (PDF Archive),6556,Khawateen Ka Tareeqa E Namaz By SHEIKH ABDUR RAUF SAKHARVI,11418
REMOVED_DUPLICATE,Maktaba Jibreel (PDF Archive),6557,Khawateen Ki Zaib o Zeenat K Shari Ahkam By SHEIKH MUFTI ZIAUR RAHMAN,11419
REMOVED_DUPLICATE,Maktaba Jibreel (PDF Archive),6561,khazain-e-shariat-o-tariqat,11424
REMOVED_DUPLICATE,Maktaba Jibreel (PDF Archive),6566,Khazainhadith,11429
REMOVED_DUPLICATE,Maktaba Jibreel (PDF Archive),6568,Khel Aur Tafreeh Ki Shari Hudood By Sheikh Mufti Mehmood Ashraf Usmani,11430
REMOVED_DUPLICATE,Maktaba Jibreel (PDF Archive),6570,Khomeini Ke Wasiyyat Namay Ka Jawab By SHEIKH MUHAMMAD YUSUF LUDHYANVI,11433
REMOVED_DUPLICATE,Maktaba Jibreel (PDF Archive),6571,Khomeini Sahab Ka Kehna Hai,11434
REMOVED_DUPLICATE,Maktaba Jibreel (PDF Archive),6572,KHOMEINISM Aur Islam By SHEIKH ABU REHAN ZIAUR RAHMAN FAROOQI (R.A),11435
REMOVED_DUPLICATE,Maktaba Jibreel (PDF Archive),6573,Khomeiniyat Asr e Hazir Ka Azeem Fitna By SHEIKH HABIBUR RAHMAN QASMI,11436
REMOVED_DUPLICATE,Maktaba Jibreel (PDF Archive),6574,Khoobsurat Zindagi By Sheikh Abdus Sattar [0]b,11437
REMOVED_DUPLICATE,Maktaba Jibreel (PDF Archive),6575,Khoobsurat Zindagi By SHEIKH ABDUS SATTAR,11438
REMOVED_DUPLICATE,Maktaba Jibreel (PDF Archive),6576,Khulafa e Hazrat Shaykhul Hadith Muhammad Zakariyya (r.a),11439
REMOVED_DUPLICATE,Maktaba Jibreel (PDF Archive),6578,Khulasa E Kedani Rashedia,11442
REMOVED_DUPLICATE,Maktaba Jibreel (PDF Archive),6579,Khulasa tu Tajweed By SHEIKH IZHAR AHMAD THANVI,11443
REMOVED_DUPLICATE,Maktaba Jibreel (PDF Archive),6580,Khulasa tul Quran By Mufti Atique ur Rahman Shaheed (RA),11444
REMOVED_DUPLICATE,Maktaba Jibreel (PDF Archive),6582,Khulasat ut Tajweed By SHEIKH IZHAR AHMAD THANVI,11446
REMOVED_DUPLICATE,Maktaba Jibreel (PDF Archive),6583,Khush Khabree By Sheikh Ashraf Ali Thanvi (RA),11447
REMOVED_DUPLICATE,Maktaba Jibreel (PDF Archive),6590,Khutba e Juma Ki Miqdaar by DARUL ULOOM DEOBAND,11457
REMOVED_DUPLICATE,Maktaba Jibreel (PDF Archive),6681,Khutbat e Juma By SHEIKH MUFTI MUHAMMAD SHAFI (RA),11548
REMOVED_DUPLICATE,Maktaba Jibreel (PDF Archive),6682,Khutbat e Qasmi 1 By SHEIKH MUHAMMAD ZIA UL QASMI (RA),11549
REMOVED_DUPLICATE,Maktaba Jibreel (PDF Archive),6683,Khutbat e Qasmi 2 By SHEIKH MUHAMMAD ZIA UL QASMI (RA),11550
REMOVED_DUPLICATE,Maktaba Jibreel (PDF Archive),6684,Khutbat e Qasmi 5 By SHEIKH MUHAMMAD ZIA UL QASMI (RA),11551
REMOVED_DUPLICATE,Maktaba Jibreel (PDF Archive),6685,Khutbat e Qasmi 6 By SHEIKH MUHAMMAD ZIA UL QASMI (RA),11552
REMOVED_DUPLICATE,Maktaba Jibreel (PDF Archive),6686,Khutbat e Qasmi 7 By SHEIKH MUHAMMAD ZIA UL QASMI (RA),11553
REMOVED_DUPLICATE,Maktaba Jibreel (PDF Archive),6687,Khutbat e Shamzai By Mufti Nizamuddin Shamzai (RA),11554
REMOVED_DUPLICATE,Maktaba Jibreel (PDF Archive),6688,Khutbat Hajjat Ul Wadaa By Sheikh Fazlur Rahman Azmi,11555
REMOVED_DUPLICATE,Maktaba Jibreel (PDF Archive),6689,Khwateen e Islam Ki Behtareen Masjid By SHEIKH HABIBUR RAHMAN QASMI,11557
REMOVED_DUPLICATE,Maktaba Jibreel (PDF Archive),6690,Kia Ibn e Temiya Ulama E Ahle Sunnat Mein Say Hain By SHEIKH MUHAMMAD ABUBAKR GHAZIPURI,11558
REMOVED_DUPLICATE,Maktaba Jibreel (PDF Archive),6691,Kia Islam Talwar K Zor Say Phaila By SHEIKH ASLAM SHEIKHUPURI,11559
REMOVED_DUPLICATE,Maktaba Jibreel (PDF Archive),6692,Kia Salat o Salam Aur Mehfil E Meelad Bidat Hai By NOMAN MUHAMMAD AMEEN,11560
REMOVED_DUPLICATE,Maktaba Jibreel (PDF Archive),6693,Kibr Ka ILaaj by SHEIKH ASHRAF ALI THANVI (RA),11561
REMOVED_DUPLICATE,Maktaba Jibreel (PDF Archive),6694,Kifayat Ul Nahw Meer Muhammad,11562
REMOVED_DUPLICATE,Maktaba Jibreel (PDF Archive),6703,King Abdul Aziz Aur President Truman Ki Khat o Kitabat,11571
REMOVED_DUPLICATE,Maktaba Jibreel (PDF Archive),6704,Kitaab e Namaz By ABDUR RAHMAN KHAN MEWATI,11572
REMOVED_DUPLICATE,Maktaba Jibreel (PDF Archive),6705,Kitaab ut Tauheed By Sheikh Muhammad Bin Abdul Wahhaab,11573
REMOVED_DUPLICATE,Maktaba Jibreel (PDF Archive),6713,Kitabat e Hadith Ahd e Risalat o Sahabah Mein By Sheikh Mufti Rafi Usmani,11582
REMOVED_DUPLICATE,Maktaba Jibreel (PDF Archive),6714,Kitnay Hoslay Hain Parvardigar Ke By SHEIKH ZULFIQAR AHMAD NAQSHBANDI,11583
REMOVED_DUPLICATE,Maktaba Jibreel (PDF Archive),6715,kizbat-mirza,11584
REMOVED_DUPLICATE,Maktaba Jibreel (PDF Archive),6716,KN-kamil-No,11585
REMOVED_DUPLICATE,Maktaba Jibreel (PDF Archive),6717,KN-kamil,11586
REMOVED_DUPLICATE,Maktaba Jibreel (PDF Archive),6718,KN-kay-muhafiz,11587
REMOVED_DUPLICATE,Maktaba Jibreel (PDF Archive),6719,krishan-mirza,11588
REMOVED_DUPLICATE,Maktaba Jibreel (PDF Archive),6720,Kuch Dair Ghair Muqallideen Ke Saath By SHEIKH MUHAMMAD ABUBAKR GHAZIPURI &amp; SHEIKH IBN UL HASAN ABBASI,11589
REMOVED_DUPLICATE,Maktaba Jibreel (PDF Archive),6721,kufriyat-mirza,11590
REMOVED_DUPLICATE,Maktaba Jibreel (PDF Archive),6722,Kulliyat e Habib Jalib,11591
REMOVED_DUPLICATE,Maktaba Jibreel (PDF Archive),6723,Kulliyat e Iqbal By ALLAMA MUHAMMAD IQBAL (RA),11592
REMOVED_DUPLICATE,Maktaba Jibreel (PDF Archive),6724,Kutub e Fazail Par Aitrazaat K Jawabaat By SHEIKH MUHAMMAD ZAKARIYYA KANDHELVI (R.A),11593
REMOVED_DUPLICATE,Maktaba Jibreel (PDF Archive),6725,Kutub e Fazail Per Ashkalaat Aur Un ke Jawabaat By Sheikh Muhammad Zakariyya (r.a),11594
REMOVED_DUPLICATE,Maktaba Jibreel (PDF Archive),6726,Lamha e Fikriya By Sheikh Azam Tariq,11595
REMOVED_DUPLICATE,Maktaba Jibreel (PDF Archive),6729,Libaas Ke Sharee Usool By SHEIKH MUFTI TAQI USMANI,11600
REMOVED_DUPLICATE,Maktaba Jibreel (PDF Archive),6730,Limutal Aiteqaad By IMAM MOAFFIQUDDIN IBNE QADAMA MUQADDASI (R.A),11602
REMOVED_DUPLICATE,Maktaba Jibreel (PDF Archive),6732,Lo Aap Apnay Daam Mein Sayyaad Aa Gaya By Sheikh Manzoor Ahmad Chinioti (r.a),11604
REMOVED_DUPLICATE,Maktaba Jibreel (PDF Archive),6775,MaarifMasaail,11648
REMOVED_DUPLICATE,Maktaba Jibreel (PDF Archive),6776,Maarka e Eemaan o Maddiyat By SHEIKH ABUL HASAN ALI NADVI (R.A),11654
REMOVED_DUPLICATE,Maktaba Jibreel (PDF Archive),6777,Maarka e Rangoon By Sheikh Abdush Shakoor Lakhnavi (r.a),11655
REMOVED_DUPLICATE,Maktaba Jibreel (PDF Archive),6778,Mabda-Wa-Ma-ad-Farsi-Urdu,11656
REMOVED_DUPLICATE,Maktaba Jibreel (PDF Archive),6780,Madad Sirf Allah Hi Se Kioon By Sheikh Qari Rab Nawaz Hanfi,11657
REMOVED_DUPLICATE,Maktaba Jibreel (PDF Archive),6781,Madah e Sahabah By Muhammad Usman Alori,11658
REMOVED_DUPLICATE,Maktaba Jibreel (PDF Archive),6782,Madarijun Nubuwwat 1of2 By SHEIKH ABDUL HAQ DEHLVI (R.A),11659
REMOVED_DUPLICATE,Maktaba Jibreel (PDF Archive),6783,Madarijun Nubuwwat 2of2 By SHEIKH ABDUL HAQ DEHLVI (R.A),11660
REMOVED_DUPLICATE,Maktaba Jibreel (PDF Archive),6785,Madni Mashra By SHEIKH MUHAMMAD YUNUS PALANPURI,11661
REMOVED_DUPLICATE,Maktaba Jibreel (PDF Archive),6786,Maeeyat e ILahi By SHEIKH ZULFIQAR AHMAD NAQSHBANDI,11662
REMOVED_DUPLICATE,Maktaba Jibreel (PDF Archive),6787,Maghribi Mumalik K Chand Fiqhi Masail By SHEIKH MUFTI TAQI USMANI,11663
REMOVED_DUPLICATE,Maktaba Jibreel (PDF Archive),6788,Maghribi Mumalik Ke Jadeed Fiqhi Masail Aur Un Ka Hal By Sheikh Mufti Taqi Usmani,11664
REMOVED_DUPLICATE,Maktaba Jibreel (PDF Archive),6789,Mah e Rajab Chand Ghalat Fehmiyon Ka Azala By JUSTICE MUFTI MUHAMMAD TAQI USMANI,11665
REMOVED_DUPLICATE,Maktaba Jibreel (PDF Archive),6790,Mah e Rajab K Koonday By SHEIKH HAKEEM ANEES SIDDIQUI,11666
REMOVED_DUPLICATE,Maktaba Jibreel (PDF Archive),6791,Mah e Ramadhan Aur Rozay By Sheikh Muhammad Iqbal Falahi,11667
REMOVED_DUPLICATE,Maktaba Jibreel (PDF Archive),6792,MAH E RAMADHAN BAKHSHISH KA ZARIYA By SHEIKH MUFTI RAFI USMANI,11668
REMOVED_DUPLICATE,Maktaba Jibreel (PDF Archive),6793,MAH E RAMADHAN KE FAZAIL O MASAIL By SHEIKH ABDUR RAUF SAKHARVI,11669
REMOVED_DUPLICATE,Maktaba Jibreel (PDF Archive),6794,Mah e Safar Aur Jahilana Khayalat By SHEIKH MUFTI ABDUR RAUF SAKHARVI,11670
REMOVED_DUPLICATE,Maktaba Jibreel (PDF Archive),6797,Majalis al-Abrar - Shaykh Ahmad al-Rumi,11674
REMOVED_DUPLICATE,Maktaba Jibreel (PDF Archive),6799,Majmoa E Abdul Ghafor Mahmodia,11677
REMOVED_DUPLICATE,Maktaba Jibreel (PDF Archive),6800,Majmoa E Mantiq Shirkat E Ilmiya,11678
REMOVED_DUPLICATE,Maktaba Jibreel (PDF Archive),6801,Majmoa E Meer Zahid Ameer Hamza,11679
REMOVED_DUPLICATE,Maktaba Jibreel (PDF Archive),6802,Majmoah E Panj Ganj Qademi,11680
REMOVED_DUPLICATE,Maktaba Jibreel (PDF Archive),6807,Majmoai Rasial Imaam Ghazali Jild 1,11685
REMOVED_DUPLICATE,Maktaba Jibreel (PDF Archive),6808,Majmoai Rasial Imaam Ghazali Jild 2,11686
REMOVED_DUPLICATE,Maktaba Jibreel (PDF Archive),6809,Majmoai Rasial Imaam Ghazali Jild 3,11687
REMOVED_DUPLICATE,Maktaba Jibreel (PDF Archive),6810,majmooa-rasaiel,11688
REMOVED_DUPLICATE,Maktaba Jibreel (PDF Archive),6811,Majmua e Bayanat (Vol 1) By Sheikh Muhammad Yusuf (r.a),11689
REMOVED_DUPLICATE,Maktaba Jibreel (PDF Archive),6812,Majmua Rasail (VOL 1) By SHEIKH AMEEN SAFDAR OKARVI (RA),11690
REMOVED_DUPLICATE,Maktaba Jibreel (PDF Archive),6813,Makateeb e Rasoolullah [SAW] By Sheikh Hifzur Rahman Seoharvi (r.a),11691
REMOVED_DUPLICATE,Maktaba Jibreel (PDF Archive),6814,Makhsoos Masaail By ATAUR RAHMAN,11692
REMOVED_DUPLICATE,Maktaba Jibreel (PDF Archive),6815,Maktoobaat e Masoomia By Khawaja Muhammad Masoom Sarhindi (r.a) Part 1,11693
REMOVED_DUPLICATE,Maktaba Jibreel (PDF Archive),6816,Maktoobaat e Masoomia By Khawaja Muhammad Masoom Sarhindi (r.a) Part 2,11694
REMOVED_DUPLICATE,Maktaba Jibreel (PDF Archive),6817,Maktoobaat e Masoomia By Khawaja Muhammad Masoom Sarhindi (r.a) Part 3,11695
REMOVED_DUPLICATE,Maktaba Jibreel (PDF Archive),6818,Maktoobaat e Sheikh Mujaddid Alif Thani Shaikh Ahmad Sarhindi (r.a) Part 1,11696
REMOVED_DUPLICATE,Maktaba Jibreel (PDF Archive),6819,Maktoobaat e Sheikh Mujaddid Alif Thani Shaikh Ahmad Sarhindi (r.a) Part 2,11697
REMOVED_DUPLICATE,Maktaba Jibreel (PDF Archive),6820,Maktoobat e Imam Rabbani (r.a) Jild 1 (Farsi),11698
REMOVED_DUPLICATE,Maktaba Jibreel (PDF Archive),6821,Maktoobat e Imam Rabbani (r.a) Jild 2 (Farsi),11699
REMOVED_DUPLICATE,Maktaba Jibreel (PDF Archive),6822,Malfoozat e Imam Abu Hanifa (r.a) By Sheikh Mehmood Ashraf Usmani,11700
REMOVED_DUPLICATE,Maktaba Jibreel (PDF Archive),6823,Malfoozat e Imam Ahmad Bin Hambal (R.A) By SHEIKH MEHMOOD ASHRAF USMANI,11701
REMOVED_DUPLICATE,Maktaba Jibreel (PDF Archive),6824,Malfoozat e Imam Malik (R.A) By SHEIKH MEHMOOD ASHRAF USMANI,11702
REMOVED_DUPLICATE,Maktaba Jibreel (PDF Archive),6825,Malfoozat e Imam Shafiee (r.a) by Sheikh Mahmood Ashraf Usmani,11703
REMOVED_DUPLICATE,Maktaba Jibreel (PDF Archive),6826,Malfoozat e Sheikh Muhammad Ilyas (r.a) By Sheikh Muhammad Manzoor Nomani (r.a),11704
REMOVED_DUPLICATE,Maktaba Jibreel (PDF Archive),6858,Manaqib Ali wa Hussain,11737
REMOVED_DUPLICATE,Maktaba Jibreel (PDF Archive),6859,Manasik e Haj o Umra By Sheikh Shamsulhaq,11738
REMOVED_DUPLICATE,Maktaba Jibreel (PDF Archive),6860,Manazaray,11739
REMOVED_DUPLICATE,Maktaba Jibreel (PDF Archive),6861,Manazra Hayat un Nabi (S.A.W) By SHEIKH ILYAS GHUMMAN,11743
REMOVED_DUPLICATE,Maktaba Jibreel (PDF Archive),6862,Mantiq at Taair By FARIDUDDIN ATTAR,11745
REMOVED_DUPLICATE,Maktaba Jibreel (PDF Archive),6863,Mantiq at tair (Arabic) By FARIDUDDIN ATTAR,11746
REMOVED_DUPLICATE,Maktaba Jibreel (PDF Archive),6864,Manzil By SHEIKH UL HADITH MUHAMMAD ZAKARIYYA (R.A),11747
REMOVED_DUPLICATE,Maktaba Jibreel (PDF Archive),6865,Maqaam e Eesaa (a.s) By SHEIKH AHMAD DEEDAT,11749
REMOVED_DUPLICATE,Maktaba Jibreel (PDF Archive),6868,maqalaat-KN,11752
REMOVED_DUPLICATE,Maktaba Jibreel (PDF Archive),6874,Maqalat Shibli Naumani,11758
REMOVED_DUPLICATE,Maktaba Jibreel (PDF Archive),6875,Maqam e Abi Hanifa (R.A) By SHEIKH SARFRAZ KHAN SAFDAR (R.A),11759
REMOVED_DUPLICATE,Maktaba Jibreel (PDF Archive),6876,Maqam E Hazrat Ameer Muavia (R.A) By SHEIKH ABDUL AZIZ PARHARVI (R.A),11760
REMOVED_DUPLICATE,Maktaba Jibreel (PDF Archive),6877,Maqam e Husain (R.A) o Yazeed By SHEIKH HABIBULLAH AHMAD ALVI,11761
REMOVED_DUPLICATE,Maktaba Jibreel (PDF Archive),6878,Maqami ul Hadeed By SHEIKH MUHAMMAD HANEEF AZAMI,11762
REMOVED_DUPLICATE,Maktaba Jibreel (PDF Archive),6880,Mard Aur Aurat Ki Namaz Mein Farq Ahadith Ki Roshni Mein By SHEIKH ABDUL GHAFOOR SIALKOTI,11765
REMOVED_DUPLICATE,Maktaba Jibreel (PDF Archive),6881,Mardon Ke 300 Fiqhi Masail By MADRASSAH BAIT UL ILM,11766
REMOVED_DUPLICATE,Maktaba Jibreel (PDF Archive),6882,Mardon Ke Libas Aur Balon Ke Shari Ahkam By Sheikh Kamaluddin Ahmad Rashdi,11767
REMOVED_DUPLICATE,Maktaba Jibreel (PDF Archive),6883,marfat-isam-MUHAMMAD-SALAM,11768
REMOVED_DUPLICATE,Maktaba Jibreel (PDF Archive),6884,marg-mirzaiyat,11769
REMOVED_DUPLICATE,Maktaba Jibreel (PDF Archive),6886,Mas&#39;ala e ILaah o Mas&#39;ala e Khilafat By SHEIKH MUHAMMAD ZIA UL QASMI (RA),11771
REMOVED_DUPLICATE,Maktaba Jibreel (PDF Archive),6888,Masail e Arbaa - Ghair Muqallideen Ulama Ki Nazar Mein By Syed Mushtaq Ali Shah,11773
REMOVED_DUPLICATE,Maktaba Jibreel (PDF Archive),6889,Masail e Ghusal By SHEIKH MUFTI ABDUR RAUF SAKHARVI,11774
REMOVED_DUPLICATE,Maktaba Jibreel (PDF Archive),6890,Masail e Ghusal e Mayyat By SYED ATEEQ UL HASAN AL HUSAINI,11775
REMOVED_DUPLICATE,Maktaba Jibreel (PDF Archive),6891,Masail e Namaz By Sheikh Habibur Rahman Azami,11776
REMOVED_DUPLICATE,Maktaba Jibreel (PDF Archive),6892,Masail e Shirk O Biddat By SHEIKH MUHAMMAD RIFAT QASMI,11778
REMOVED_DUPLICATE,Maktaba Jibreel (PDF Archive),6918,Masala e Sood By SHEIKH MUFTI MUHAMMAD SHAFI (R.A),11806
REMOVED_DUPLICATE,Maktaba Jibreel (PDF Archive),6919,Masala e Taqdeer By SHEIKH SHABEER AHMAD USMANI (R.A),11807
REMOVED_DUPLICATE,Maktaba Jibreel (PDF Archive),6920,Masala e Taqleed By SHEIKH MUFTI MUHAMMAD RASHID AZAMI,11808
REMOVED_DUPLICATE,Maktaba Jibreel (PDF Archive),6921,Masala Istimdad By Sheikh Syed Murtaza Hasan Chandpuri,11809
REMOVED_DUPLICATE,Maktaba Jibreel (PDF Archive),6922,Masala Qurbani with Saif e Yazdani By SHEIKH SARFRAZ KHAN SAFDAR (R.A),11810
REMOVED_DUPLICATE,Maktaba Jibreel (PDF Archive),6924,Masharti Bigaar Ka Saddebaab By SHEIKH MUHAMMAD YUSUF LUDHIANVI (RA),11812
REMOVED_DUPLICATE,Maktaba Jibreel (PDF Archive),6925,Masial e Ramazan,11813
REMOVED_DUPLICATE,Maktaba Jibreel (PDF Archive),6927,Masla E Taqleed By SHEIKH MUFTI MUHAMMAD RASHID AZAMI,11815
REMOVED_DUPLICATE,Maktaba Jibreel (PDF Archive),6928,Masla Khatam e Nubuwat Aur Qadiyani Waswasay By Sheikh Saeed Ahmad Palanpuri,11816
REMOVED_DUPLICATE,Maktaba Jibreel (PDF Archive),6929,Masla Khatam e Nubuwwat Aur Salaf as Saliheen By Sheikh Muhammad Naafay,11817
REMOVED_DUPLICATE,Maktaba Jibreel (PDF Archive),6930,Masla Royat e Hilal By SHEIKH MUFTI NIZAMUDDIN SHAMZAI (RA),11818
REMOVED_DUPLICATE,Maktaba Jibreel (PDF Archive),6931,masla-KN-aur-salaf-saliheen,11819
REMOVED_DUPLICATE,Maktaba Jibreel (PDF Archive),6933,Maslak e Deoband Kisi Firqay Ka Naam Nahein By Sheikh Mufti Rafi Usmani,11821
REMOVED_DUPLICATE,Maktaba Jibreel (PDF Archive),6934,Maslak Ulama E Deoband By SHEIKH QARI MUHAMMAD TAYYAB (R.A),11822
REMOVED_DUPLICATE,Maktaba Jibreel (PDF Archive),6939,Masnoon Namaz Ki 40 Hadiths By DR ILYAS FAISAL,11827
REMOVED_DUPLICATE,Maktaba Jibreel (PDF Archive),6940,Mata e Waqt Aur Karvan e Ilm By Ibn ul Hasan Abbasi,11828
REMOVED_DUPLICATE,Maktaba Jibreel (PDF Archive),6941,Matan Ul Aqeda Tit Tahavi Al Bushra,11830
REMOVED_DUPLICATE,Maktaba Jibreel (PDF Archive),6942,Matan Ul Kafi Al Bushra Color,11831
REMOVED_DUPLICATE,Maktaba Jibreel (PDF Archive),6945,Matn Ul Muqaddamah Tal Jazariyah Qademi,11835
REMOVED_DUPLICATE,Maktaba Jibreel (PDF Archive),6947,Maulana-Muhammad-Musa-Ruhani-Bazi-Urdu,11837
REMOVED_DUPLICATE,Maktaba Jibreel (PDF Archive),6993,Maut K Waqt Ki Bidaat By SHEIKH ABDUR RAUF SAKHARVI,11838
REMOVED_DUPLICATE,Maktaba Jibreel (PDF Archive),6994,Maut Ka Zikr by SHEIKH ASHRAF ALI THANVI (RA),11840
REMOVED_DUPLICATE,Maktaba Jibreel (PDF Archive),6995,Maut Ki Tayyari By SHEIKH ZULFIQAR AHMAD NAQSHBANDI,11841
REMOVED_DUPLICATE,Maktaba Jibreel (PDF Archive),7016,Mayous Kiyoon Khara Hai By SHEIKH MUHAMMAD YUNUS PALANPURI,11863
REMOVED_DUPLICATE,Maktaba Jibreel (PDF Archive),7017,Mazahib-e-Alam mein Tasawwur-e-Khuda Aur 20 Jawabaat By DR. ZAKIR NAIK,11864
REMOVED_DUPLICATE,Maktaba Jibreel (PDF Archive),7018,Mebzi Rashedia,11865
REMOVED_DUPLICATE,Maktaba Jibreel (PDF Archive),7019,MEIN HANFI KAISAY HUA By SHEIKH AMEEN SAFDAR OKARVI (RA),11866
REMOVED_DUPLICATE,Maktaba Jibreel (PDF Archive),7021,Meraj Ki Batain By Sheikh Mufti Ashiq Ilahi Madni (r.a),11868
REMOVED_DUPLICATE,Maktaba Jibreel (PDF Archive),7022,Meray Daur K Ulama o Mashaaikh By SHEIKH MUHAMMAD ZIA UL QASMI (RA),11869
REMOVED_DUPLICATE,Maktaba Jibreel (PDF Archive),7023,Meri Sunnaton Per Amal Karo By Sheikh Mufti Abdul Hakeem,11870
REMOVED_DUPLICATE,Maktaba Jibreel (PDF Archive),7025,Mezan O Manshaab Al Bushra Color,11872
REMOVED_DUPLICATE,Maktaba Jibreel (PDF Archive),7026,Mezan O Manshaab Al Bushra,11873
REMOVED_DUPLICATE,Maktaba Jibreel (PDF Archive),7027,Mirah Ul Arwah Rashedia,11874
REMOVED_DUPLICATE,Maktaba Jibreel (PDF Archive),7028,Mirza Masroor Ko Khula Khat By Shaikh Raheel Ahmad,11876
REMOVED_DUPLICATE,Maktaba Jibreel (PDF Archive),7029,Mirza Qadiyani Ki Ilmi Haisiat Uske Baitay Mirza Mehmood Ki Nazar Mein By Sheikh Suhail Bawa,11877
REMOVED_DUPLICATE,Maktaba Jibreel (PDF Archive),7030,Mirza Qadyani Ki 18 Ahm Paishangoiyon Ka Jaiza By HAFIZ MUHAMMAD IQBAL RANGOONI,11878
REMOVED_DUPLICATE,Maktaba Jibreel (PDF Archive),7031,Mirzaiyat Naiy Zawiyon Se By Sheikh Haneef Nadvi (r.a),11879
REMOVED_DUPLICATE,Maktaba Jibreel (PDF Archive),7032,mirzaiyat-aur-Islam,11880
REMOVED_DUPLICATE,Maktaba Jibreel (PDF Archive),7033,Misali Azdawaji Zindagi K Sunehri Usool By SHEIKH ZULFIQAR AHMAD NAQSHBANDI,11881
REMOVED_DUPLICATE,Maktaba Jibreel (PDF Archive),7034,Misbah Ul Awamil Meer Muhammad,11882
REMOVED_DUPLICATE,Maktaba Jibreel (PDF Archive),7035,Mishkar Ul Masabeeh Vol 1 Rahmania,11883
REMOVED_DUPLICATE,Maktaba Jibreel (PDF Archive),7036,Mishkar Ul Masabeeh Vol 2 Rahmania,11884
REMOVED_DUPLICATE,Maktaba Jibreel (PDF Archive),7037,Mishkat Ul Masabeeh Qademi,11885
REMOVED_DUPLICATE,Maktaba Jibreel (PDF Archive),7038,Mishkat Ul Masabeeh Vol 1 Al Bushra Color,11886
REMOVED_DUPLICATE,Maktaba Jibreel (PDF Archive),7039,Mishkat Ul Masabeeh Vol 1 Al Bushra,11887
REMOVED_DUPLICATE,Maktaba Jibreel (PDF Archive),7040,Mishkat Ul Masabeeh Vol 2 Al Bushra Color,11888
REMOVED_DUPLICATE,Maktaba Jibreel (PDF Archive),7041,Mishkat Ul Masabeeh Vol 2 Al Bushra,11889
REMOVED_DUPLICATE,Maktaba Jibreel (PDF Archive),7042,Mishkat Ul Masabeeh Vol 3 Al Bushra Color,11890
REMOVED_DUPLICATE,Maktaba Jibreel (PDF Archive),7043,Mishkat Ul Masabeeh Vol 3 Al Bushra,11891
REMOVED_DUPLICATE,Maktaba Jibreel (PDF Archive),7044,Mishkat Ul Masabeeh Vol 4 Al Bushra Color,11892
REMOVED_DUPLICATE,Maktaba Jibreel (PDF Archive),7045,Mishkat Ul Masabeeh Vol 4 Al Bushra,11893
REMOVED_DUPLICATE,Maktaba Jibreel (PDF Archive),7046,Mishkat Us Siraj Meer Muhammad,11894
REMOVED_DUPLICATE,Maktaba Jibreel (PDF Archive),7048,Modudi Aur Takhreeb e Islam By SHEIKH MUFTI RASHEED AHMAD LUDHYANVI (R.A),11896
REMOVED_DUPLICATE,Maktaba Jibreel (PDF Archive),7049,Modudi Sahab Aur Unki Tehreeraat K Mutalliq Ahm Mazameen By VARIOUS TOP ULAMA,11897
REMOVED_DUPLICATE,Maktaba Jibreel (PDF Archive),7050,Modudi Sahab Ka Aik Ghalat Fatwa By SHEIKH SARFRAZ KHAN SAFDAR (R.A),11898
REMOVED_DUPLICATE,Maktaba Jibreel (PDF Archive),7051,Modudiyat Ka Asli Roop By SHEIKH AHMAD ALI SHAIKH,11899
REMOVED_DUPLICATE,Maktaba Jibreel (PDF Archive),7052,Mojeza Kia Hai By SHEIKH QARI MUHAMMAD TAYYAB (R.A),11900
REMOVED_DUPLICATE,Maktaba Jibreel (PDF Archive),7053,Molvi Ahmad Raza Khan Haqeeqat Ke Aainay Mein By SHEIKH MUHAMMAD JAVED USMAN MEMON,11901
REMOVED_DUPLICATE,Maktaba Jibreel (PDF Archive),7054,Momin Ka Hathiyaar By SHEIKH MUHAMMAD YUNUS PALANPURI,11902
REMOVED_DUPLICATE,Maktaba Jibreel (PDF Archive),7055,Mosooa Fiqhiyyah 001,11904
REMOVED_DUPLICATE,Maktaba Jibreel (PDF Archive),7056,Mosooa Fiqhiyyah 002,11905
REMOVED_DUPLICATE,Maktaba Jibreel (PDF Archive),7057,Moulana Ameen Safdar Owkarvi Rehmatullah Par Ilzamat K Jawabaat,11906
REMOVED_DUPLICATE,Maktaba Jibreel (PDF Archive),7058,Msial Bahisti Zaiwar Jild 1,11907
REMOVED_DUPLICATE,Maktaba Jibreel (PDF Archive),7059,Mualim-Ul-Quran,11908
REMOVED_DUPLICATE,Maktaba Jibreel (PDF Archive),7061,Muallim Ul Insha Vol 1 Nashriat E Islam,11910
REMOVED_DUPLICATE,Maktaba Jibreel (PDF Archive),7062,Muallim Ul Insha Vol 2 Nashriat E Islam,11911
REMOVED_DUPLICATE,Maktaba Jibreel (PDF Archive),7063,Muallim Ul Insha Vol 3,11912
REMOVED_DUPLICATE,Maktaba Jibreel (PDF Archive),7066,Mubadi Ul Falsafa Al Bushra Color,11915
REMOVED_DUPLICATE,Maktaba Jibreel (PDF Archive),7067,Mubadi Ul Usool Al Bushra Color,11917
REMOVED_DUPLICATE,Maktaba Jibreel (PDF Archive),7068,Mubadiat e Hadith By SHEIKH MUFTI AHMAD KHAN,11919
REMOVED_DUPLICATE,Maktaba Jibreel (PDF Archive),7069,Mubarak Duain By Sheikh Muhammad Zuhair Ruhani Bazi,11920
REMOVED_DUPLICATE,Maktaba Jibreel (PDF Archive),7070,Mududi Khumeini 2 Bhai By AALMI MAJLIS TAHAFFUZ E ISLAM,11921
REMOVED_DUPLICATE,Maktaba Jibreel (PDF Archive),7071,Mueen Ul Usool Al Bushra,11925
REMOVED_DUPLICATE,Maktaba Jibreel (PDF Archive),7072,Mufti Mehmood Hasan Aur Jamaat e Tableegh By SHEIKH FALUR RAHMAN AZMI,11926
REMOVED_DUPLICATE,Maktaba Jibreel (PDF Archive),7073,mugalazat-mirza,11927
REMOVED_DUPLICATE,Maktaba Jibreel (PDF Archive),7077,Muhaddiseen Azzam Aur Un Ki Kitabon Ka Taaruf By SHEIKH SALEEMULLAH KHAN,11931
REMOVED_DUPLICATE,Maktaba Jibreel (PDF Archive),7078,Muhaddiseen Ke Haan Fiqh Aur Fuqaha Ki Ahmiat By SHEIKH SYED SALMAN HUSAINI NADVI,11932
REMOVED_DUPLICATE,Maktaba Jibreel (PDF Archive),7080,MUHAMMADIA Pocket Book,11935
REMOVED_DUPLICATE,Maktaba Jibreel (PDF Archive),7081,Muhannad ala al-Mufannad,11936
REMOVED_DUPLICATE,Maktaba Jibreel (PDF Archive),7082,Muharram Aur Aashura Ke Fazail o Masail By Sheikh Fazlur Rahman Azmi,11937
REMOVED_DUPLICATE,Maktaba Jibreel (PDF Archive),7083,muhasra-qad,11938
REMOVED_DUPLICATE,Maktaba Jibreel (PDF Archive),7084,Muheet Ul Dairah Haqqania,11939
REMOVED_DUPLICATE,Maktaba Jibreel (PDF Archive),7085,Muhram E Aafandi Vol 2 Rashedia,11941
REMOVED_DUPLICATE,Maktaba Jibreel (PDF Archive),7086,mujahideen-KN-ki-dastanian,11942
REMOVED_DUPLICATE,Maktaba Jibreel (PDF Archive),7087,Mujam E Abwab Us Sarf Meer Muhammad,11943
REMOVED_DUPLICATE,Maktaba Jibreel (PDF Archive),7091,Mukhtarat Min Adab Il Arab Nashriat E Islam,11947
REMOVED_DUPLICATE,Maktaba Jibreel (PDF Archive),7092,Mukhtasar Ul Maani Al Bushra Vol 1 Al Bushra,11948
REMOVED_DUPLICATE,Maktaba Jibreel (PDF Archive),7093,Mukhtasar Ul Maani Al Bushra Vol 2 Al Bushra,11950
REMOVED_DUPLICATE,Maktaba Jibreel (PDF Archive),7094,Mukhtasar Ul Qudori Al Bushra Color,11954
REMOVED_DUPLICATE,Maktaba Jibreel (PDF Archive),7095,Mukhtasar Ul Qudori Al Bushra,11955
REMOVED_DUPLICATE,Maktaba Jibreel (PDF Archive),7097,Mulla Ali Qari (R.A) Aur Masala Hazir o Nazir Aur Ilm e Ghaib By SHEIKH SARFRAZ KHAN SAFDAR (R.A),11958
REMOVED_DUPLICATE,Maktaba Jibreel (PDF Archive),7098,Munajat e Maqbool (Version 3) by Sheikh Ashraf Ali Thanvi (r.a),11960
REMOVED_DUPLICATE,Maktaba Jibreel (PDF Archive),7099,Munajat e Maqbool By SHEIKH ASHRAF ALI THANVI (R.A),11961
REMOVED_DUPLICATE,Maktaba Jibreel (PDF Archive),7101,Munazra e Norway By Sheikh Manzoor Ahmad Chinioti (r.a),11963
REMOVED_DUPLICATE,Maktaba Jibreel (PDF Archive),7102,Munkar e Quran o Hadith By Sheikh Ikramullah Jan Qasmi,11964
REMOVED_DUPLICATE,Maktaba Jibreel (PDF Archive),7103,Munkiraat e Muharram By SHEIKH RASHEED AHMAD LUDHYANVI (R.A),11966
REMOVED_DUPLICATE,Maktaba Jibreel (PDF Archive),7104,Muntakhab Ul Husami Al Bushra Color,11968
REMOVED_DUPLICATE,Maktaba Jibreel (PDF Archive),7105,Muntakhib Ahadees (Urdu) By SHEIKH MUHAMMAD YUSUF KANDHELVI (RA),11971
REMOVED_DUPLICATE,Maktaba Jibreel (PDF Archive),7107,Muqaddama E Sahi Al Bukhari Altaf And Sons,11973
REMOVED_DUPLICATE,Maktaba Jibreel (PDF Archive),7111,muqadma-qad-mazhab,11977
REMOVED_DUPLICATE,Maktaba Jibreel (PDF Archive),7112,Murawwaja Islami Bankari By Jamia Uloom ul Islamiyyah Banuri Town,11978
REMOVED_DUPLICATE,Maktaba Jibreel (PDF Archive),7113,Murawwaja Qaza e Umri Bidat Hai By SHEIKH HAFIZ ABDUL QUDDUS QARAN,11979
REMOVED_DUPLICATE,Maktaba Jibreel (PDF Archive),7114,Murawwaja Quran Khawani Ki Shari Hesiyat By SHEIKH ABDUR RAUF SAKHARVI,11980
REMOVED_DUPLICATE,Maktaba Jibreel (PDF Archive),7115,Murawwaja Quran Khwani By SHEIKH MUFTI ABDUR RAUF SAKHARVI,11981
REMOVED_DUPLICATE,Maktaba Jibreel (PDF Archive),7117,Murawwajah Mozon (Socks) Per Masah Ka Masla By Sheikh Mufti Taqi Usmani,11983
REMOVED_DUPLICATE,Maktaba Jibreel (PDF Archive),7118,Murawwajah Salat o Salam Ki Shari Hesiat By SHEIKH MUHAMMAD SHAFI (RA),11984
REMOVED_DUPLICATE,Maktaba Jibreel (PDF Archive),7119,Musaddas e Hali,11986
REMOVED_DUPLICATE,Maktaba Jibreel (PDF Archive),7120,Musallam Us Suboot Haqqania,11987
REMOVED_DUPLICATE,Maktaba Jibreel (PDF Archive),7121,Musallam Us Suboot Rashedia,11988
REMOVED_DUPLICATE,Maktaba Jibreel (PDF Archive),7122,Musalmanon K 4 Dushman By SHEIKH MUFTI ABDUR RAUF SAKHARVI,11989
REMOVED_DUPLICATE,Maktaba Jibreel (PDF Archive),7123,Musalmanon K Huqooq By SHEIKH MUFTI NIZAMUDDIN SHAMZAI (RA),11990
REMOVED_DUPLICATE,Maktaba Jibreel (PDF Archive),7124,Musalmanon Ki Firqa Bandiyon Ka Afsana By SHEIKH MANAZIR AHSAN GAILANI,11991
REMOVED_DUPLICATE,Maktaba Jibreel (PDF Archive),7125,Museebat Se Sabaq Hasil Karna by SHEIKH ASHRAF ALI THANVI (RA),11992
REMOVED_DUPLICATE,Maktaba Jibreel (PDF Archive),7126,Museebat Zadon Ki Ghamkhuari by SHEIKH ASHRAF ALI THANVI (RA),11993
REMOVED_DUPLICATE,Maktaba Jibreel (PDF Archive),7127,Muslim League Ki Zareen Bakhia Dari By Muhammad Mian Qadri,11994
REMOVED_DUPLICATE,Maktaba Jibreel (PDF Archive),7128,Musnad Ul Imam Il Aazam Al Bushra,11998
REMOVED_DUPLICATE,Maktaba Jibreel (PDF Archive),7129,Musnad Ul Imam Il Aazam Qademi,11999
REMOVED_DUPLICATE,Maktaba Jibreel (PDF Archive),7143,Mustakhlis Ul Haqaiq Rashedia,12013
REMOVED_DUPLICATE,Maktaba Jibreel (PDF Archive),7144,Mustanad Namaz e Hanafi By SHEIKH IMDADULLAH ANWAR,12014
REMOVED_DUPLICATE,Maktaba Jibreel (PDF Archive),7145,Muta Hargiz Na Kijiye By SHEIKH MUHAMMAD IQBAL RANGOONI,12015
REMOVED_DUPLICATE,Maktaba Jibreel (PDF Archive),7146,Mutalia e Barelviat Vol 06 By SHEIKH ALLAMA KHALID MEHMOOD,12016
REMOVED_DUPLICATE,Maktaba Jibreel (PDF Archive),7147,Mutazila By ABDUL HALEEM SHARAR,12017
REMOVED_DUPLICATE,Maktaba Jibreel (PDF Archive),7148,Naey Masail Aur Ulama e Hind Ke Faislay,12019
REMOVED_DUPLICATE,Maktaba Jibreel (PDF Archive),7150,Nafha Tul Arab Al Bushra Color,12021
REMOVED_DUPLICATE,Maktaba Jibreel (PDF Archive),7151,Nafs Ke Banday By SHEIKH MUFTI RASHEED AHMAD LUDHYANVI (R.A),12023
REMOVED_DUPLICATE,Maktaba Jibreel (PDF Archive),7152,nagmat-KN,12024
REMOVED_DUPLICATE,Maktaba Jibreel (PDF Archive),7153,Nahw Meer Al Bushra,12026
REMOVED_DUPLICATE,Maktaba Jibreel (PDF Archive),7154,Naimatullah Shah Wali&#39;s Predictions (BrassTacks),12027
REMOVED_DUPLICATE,Maktaba Jibreel (PDF Archive),7155,Naimatullah Shah Wali&#39;s Predictions,12028
REMOVED_DUPLICATE,Maktaba Jibreel (PDF Archive),7158,Namaz Ba Mutabiq Sunnat By SHEIKH MUHAMMAD HABIBULLAH MUKHTAR,12031
REMOVED_DUPLICATE,Maktaba Jibreel (PDF Archive),7159,Namaz e Hanafi SHEIKH KHAIR MUHAMMAD JALANDHRI,12032
REMOVED_DUPLICATE,Maktaba Jibreel (PDF Archive),7160,Namaz K Asrar o Ramooz By SHEIKH ZULFIQAR AHMAD NAQSHBANDI,12033
REMOVED_DUPLICATE,Maktaba Jibreel (PDF Archive),7161,Namaz Ke Masail By SHEIKH MUFTI RASHEED AHMAD ALVI,12034
REMOVED_DUPLICATE,Maktaba Jibreel (PDF Archive),7162,Namaz Ki Baaz Eham Kotahiyan By SHEIKH ABDUR RAUF SAKHARVI,12037
REMOVED_DUPLICATE,Maktaba Jibreel (PDF Archive),7163,Namaz Ki Ehmiyat By Sheikh Abdus Sattar,12038
REMOVED_DUPLICATE,Maktaba Jibreel (PDF Archive),7164,Namaz ki Pabandi Aur Us Ki Hifazat By Sheikh Fazlur Rahman Azmi,12039
REMOVED_DUPLICATE,Maktaba Jibreel (PDF Archive),7165,Namaz Mein Dil ki Hifazat By SHEIKH MUFTI ABDUR RAUF SAKHARVI,12040
REMOVED_DUPLICATE,Maktaba Jibreel (PDF Archive),7166,Namaz Mein Khawateen Ki Ghaflatein By SHEIKH RASHEED AHMAD LUDHYANVI,12041
REMOVED_DUPLICATE,Maktaba Jibreel (PDF Archive),7167,Namaz-e-Fajr aur Hamari Kotahi By SHEIKH MUFTI ABDUR RAUF SAKHARVI,12043
REMOVED_DUPLICATE,Maktaba Jibreel (PDF Archive),7174,Namazain Sunnat Ke Mutabiq Parhiye By SHEIKH MUFTI TAQI USMANI,12050
REMOVED_DUPLICATE,Maktaba Jibreel (PDF Archive),7176,namoos-risalat-aur-americi-shazishain,12052
REMOVED_DUPLICATE,Maktaba Jibreel (PDF Archive),7177,namos-MUHAMMAD-kay-pasban,12053
REMOVED_DUPLICATE,Maktaba Jibreel (PDF Archive),7178,Naseehat Hasil Karna by SHEIKH ASHRAF ALI THANVI (RA),12054
REMOVED_DUPLICATE,Maktaba Jibreel (PDF Archive),7179,Nastaleeq Nama By SHEIKH SYED NAFEES UL HUSAINI,12055
REMOVED_DUPLICATE,Maktaba Jibreel (PDF Archive),7188,Nifaaz e Shariat K Masaail By Sheikh Mufti Taqi Usmani,12064
REMOVED_DUPLICATE,Maktaba Jibreel (PDF Archive),7189,Nigah-e-Nabuwat,12065
REMOVED_DUPLICATE,Maktaba Jibreel (PDF Archive),7191,Nikah Ki Chand Baatein By SHEIKH MUFTI ABDUR RAUF SAKHARVI,12067
REMOVED_DUPLICATE,Maktaba Jibreel (PDF Archive),7192,Nikah o Talaaq Ka Shari Nizaam By Sheikh Mufti Ehsanullah Shaiq,12068
REMOVED_DUPLICATE,Maktaba Jibreel (PDF Archive),7198,Noor O Bashar By SHEIKH SARFRAZ KHAN SAFDAR (R.A),12075
REMOVED_DUPLICATE,Maktaba Jibreel (PDF Archive),7199,Noor Ul Anwaar Rahmania,12076
REMOVED_DUPLICATE,Maktaba Jibreel (PDF Archive),7200,Noor Ul Anwaar Vol 1 Al Bushra Color,12077
REMOVED_DUPLICATE,Maktaba Jibreel (PDF Archive),7201,Noor Ul Anwaar Vol 1 Al Bushra,12078
REMOVED_DUPLICATE,Maktaba Jibreel (PDF Archive),7202,Noor Ul Anwaar Vol 2 Al Bushra Color,12079
REMOVED_DUPLICATE,Maktaba Jibreel (PDF Archive),7203,Noor Ul Anwaar Vol 2 Al Bushra,12080
REMOVED_DUPLICATE,Maktaba Jibreel (PDF Archive),7204,Noor Ul Ezah Al Bushra Color,12081
REMOVED_DUPLICATE,Maktaba Jibreel (PDF Archive),7205,Noor Ul Ezah Al Bushra,12082
REMOVED_DUPLICATE,Maktaba Jibreel (PDF Archive),7206,Noor Ul Ezah Rahmania,12083
REMOVED_DUPLICATE,Maktaba Jibreel (PDF Archive),7208,Noorani Qaida,12088
REMOVED_DUPLICATE,Maktaba Jibreel (PDF Archive),7210,Nuqsan e Azeem by SHEIKH QARI KHALEEL AHMAD THANVI,12091
REMOVED_DUPLICATE,Maktaba Jibreel (PDF Archive),7211,Nurus Sabah Fi Tark Rafa ul Yadain Baad al Iftitah By SHEIKH HAFIZ MUHAMMAD HABIBULLAH DAIRVI,12092
REMOVED_DUPLICATE,Maktaba Jibreel (PDF Archive),7212,Paglon Ki Kahani By SHEIKH MUHAMMAD FAZIL (R.A),12093
REMOVED_DUPLICATE,Maktaba Jibreel (PDF Archive),7213,paigam-hidayat,12094
REMOVED_DUPLICATE,Maktaba Jibreel (PDF Archive),7214,Paigham e Hidayat By Sheikh Manzoor Ahmad Chinioti (r.a),12095
REMOVED_DUPLICATE,Maktaba Jibreel (PDF Archive),7215,Paigham e Musarrat By SHEIKH MUFTI ZAR WALI KHAN.pdf,12096
REMOVED_DUPLICATE,Maktaba Jibreel (PDF Archive),7216,Pand Namah Al Bushra Color,12097
REMOVED_DUPLICATE,Maktaba Jibreel (PDF Archive),7217,Pand Namah Al Bushra,12098
REMOVED_DUPLICATE,Maktaba Jibreel (PDF Archive),7218,Parda e Shari Ki Chahal Hadith By SHEIKH NOOR AHMAD,12099
REMOVED_DUPLICATE,Maktaba Jibreel (PDF Archive),7219,Parhta Ja Sharmata Ja By HAFIZ ABDUR RASHEED,12101
REMOVED_DUPLICATE,Maktaba Jibreel (PDF Archive),7220,Parliament Members K Naam By SHEIKH ZIAUR RAHMAN FAROOQI,12102
REMOVED_DUPLICATE,Maktaba Jibreel (PDF Archive),7221,Parosion K Huqooq By SHEIKH MUFTI NIZAMUDDIN SHAMZAI (RA),12103
REMOVED_DUPLICATE,Maktaba Jibreel (PDF Archive),7222,Parosion K Huqooq By SHEIKH MUFTI TAQI USMANI,12104
REMOVED_DUPLICATE,Maktaba Jibreel (PDF Archive),7223,Pursukoon Azdawaji Zindagi By Sheikh Abdus Sattar [0]c,12108
REMOVED_DUPLICATE,Maktaba Jibreel (PDF Archive),7224,Pursukoon Azdawaji Zindagi By SHEIKH ABDUS SATTAR,12109
REMOVED_DUPLICATE,Maktaba Jibreel (PDF Archive),7225,Pyaray Nabi (S.A.W) Ki Pyari Sahabzadiyan By HAFIZ HAQQANI MIAN,12110
REMOVED_DUPLICATE,Maktaba Jibreel (PDF Archive),7227,Qabar Ki Zindagi By SHEIKH MUHAMMAD ABDUL KAREEM NOMANI,12112
REMOVED_DUPLICATE,Maktaba Jibreel (PDF Archive),7229,qad-afsanay,12114
REMOVED_DUPLICATE,Maktaba Jibreel (PDF Archive),7230,qad-dehshatgard-tanzeem,12117
REMOVED_DUPLICATE,Maktaba Jibreel (PDF Archive),7231,qad-gardaron-ki-nishan-dahi,12118
REMOVED_DUPLICATE,Maktaba Jibreel (PDF Archive),7233,qad-Islam-aur-science,12121
REMOVED_DUPLICATE,Maktaba Jibreel (PDF Archive),7234,qad-ka-sayasi-tajzeeya,12122
REMOVED_DUPLICATE,Maktaba Jibreel (PDF Archive),7235,qad-kartoot,12123
REMOVED_DUPLICATE,Maktaba Jibreel (PDF Archive),7236,qad-kay-takub-main,12124
REMOVED_DUPLICATE,Maktaba Jibreel (PDF Archive),7237,qad-ki-uryian-tasveerain,12125
REMOVED_DUPLICATE,Maktaba Jibreel (PDF Archive),7238,qad-kush,12126
REMOVED_DUPLICATE,Maktaba Jibreel (PDF Archive),7239,qad-mazhab-ka-ilmi(orignal)l,12127
REMOVED_DUPLICATE,Maktaba Jibreel (PDF Archive),7240,qad-musla,12129
REMOVED_DUPLICATE,Maktaba Jibreel (PDF Archive),7241,qad-mutalia-jaiza,12130
REMOVED_DUPLICATE,Maktaba Jibreel (PDF Archive),7242,qad-raiza-raiza-hoti-hy,12131
REMOVED_DUPLICATE,Maktaba Jibreel (PDF Archive),7243,qad-raspotino-keiibratnaq-anjam,12132
REMOVED_DUPLICATE,Maktaba Jibreel (PDF Archive),7244,qad-shikan,12133
REMOVED_DUPLICATE,Maktaba Jibreel (PDF Archive),7247,qad-sy-Islam-tak,12136
REMOVED_DUPLICATE,Maktaba Jibreel (PDF Archive),7248,qad-us-bazar-main,12137
REMOVED_DUPLICATE,Maktaba Jibreel (PDF Archive),7249,qadiani-fitna-or-Millat-Islamia,12138
REMOVED_DUPLICATE,Maktaba Jibreel (PDF Archive),7250,Qadiyani BoomNama By Sheikh Muhammad Asaad Farooqi,12139
REMOVED_DUPLICATE,Maktaba Jibreel (PDF Archive),7251,Qadiyaniat By Sheikh Syed Abul Hasan Ali Nadvi (r.a),12140
REMOVED_DUPLICATE,Maktaba Jibreel (PDF Archive),7252,Qadiyaniat Ke 2 Chehray By Sheikh Mushtaq Ahmad Chinioti,12141
REMOVED_DUPLICATE,Maktaba Jibreel (PDF Archive),7254,Qadiyanion Ki Nakamiyon Ki Roedad By Sheikh Mushtaq Ahmad Chinioti,12143
REMOVED_DUPLICATE,Maktaba Jibreel (PDF Archive),7255,Qadiyanion Ki Tadaad - Haqiqat Kya Hai By Sheikh Suhail Bawa,12144
REMOVED_DUPLICATE,Maktaba Jibreel (PDF Archive),7256,Qadiyanion Ko Dawat e Islam By Sheikh Muhammad Yusuf Ludhyanvi (r.a),12145
REMOVED_DUPLICATE,Maktaba Jibreel (PDF Archive),7257,Qadyaniat By SHEIKH SYED ABUL HASAN ALI NADVI (R.A),12146
REMOVED_DUPLICATE,Maktaba Jibreel (PDF Archive),7258,Qadyaniat Ka Zahoor By SHEIKH SYED ABUL HASAN ALI NADVI (R.A),12147
REMOVED_DUPLICATE,Maktaba Jibreel (PDF Archive),7260,Qala Aqolo Rashedia,12151
REMOVED_DUPLICATE,Maktaba Jibreel (PDF Archive),7261,Qalb e Saleem By SHEIKH ZULFIQAR AHMAD NAQSHBANDI,12152
REMOVED_DUPLICATE,Maktaba Jibreel (PDF Archive),7268,Qasaidd-e-Qasmi,12164
REMOVED_DUPLICATE,Maktaba Jibreel (PDF Archive),7269,Qasas ul Ambiya By Ibn e Katheer (RA),12165
REMOVED_DUPLICATE,Maktaba Jibreel (PDF Archive),7270,Qasas Ul Nabiyyen Vol 1 Nashriat E Islam,12166
REMOVED_DUPLICATE,Maktaba Jibreel (PDF Archive),7271,Qasas Ul Nabiyyen Vol 2 Nashriat E Islam,12167
REMOVED_DUPLICATE,Maktaba Jibreel (PDF Archive),7272,Qasas Ul Nabiyyen Vol 3 Nashriat E Islam,12168
REMOVED_DUPLICATE,Maktaba Jibreel (PDF Archive),7273,Qasas Ul Nabiyyen Vol 4 Nashriat E Islam,12169
REMOVED_DUPLICATE,Maktaba Jibreel (PDF Archive),7274,Qasas Ul Nabiyyen Vol 5 Nashriat E Islam,12170
REMOVED_DUPLICATE,Maktaba Jibreel (PDF Archive),7275,Qasas-Ul-Ambiya (Version 2) by-Ibn-e-Katheer-r-a,12171
REMOVED_DUPLICATE,Maktaba Jibreel (PDF Archive),7279,Qasd us Sabeel By Sheikh Ashraf Ali Thanvi,12175
REMOVED_DUPLICATE,Maktaba Jibreel (PDF Archive),7280,Qaseeda Hassan Bin Sabit (r.a),12176
REMOVED_DUPLICATE,Maktaba Jibreel (PDF Archive),7282,Qasidah-Husna,12178
REMOVED_DUPLICATE,Maktaba Jibreel (PDF Archive),7283,Qasim Al Uloom Wal Khairat By SYED NAFEES UL HUSAINI (R.A),12179
REMOVED_DUPLICATE,Maktaba Jibreel (PDF Archive),7284,Qasim bin Qatlubgha,12180
REMOVED_DUPLICATE,Maktaba Jibreel (PDF Archive),7285,Qatraat ul Itr By SHEIKH MUHAMMAD MEHMOOD ALAM SAFDAR,12181
REMOVED_DUPLICATE,Maktaba Jibreel (PDF Archive),7286,qaumi-digest,12182
REMOVED_DUPLICATE,Maktaba Jibreel (PDF Archive),7287,Qawaneen E Zaradi Rashedia,12183
REMOVED_DUPLICATE,Maktaba Jibreel (PDF Archive),7288,Qayamat Kab Aaey Gi By Sheikh Ashiq Ilahi Madni (r.a),12184
REMOVED_DUPLICATE,Maktaba Jibreel (PDF Archive),7289,Qirat Khalaf ul Imam Sahih Bukhari Ki Roshni Mein By SHEIKH SYED FAKHRUDDIN AHMAD (R.A),12186
REMOVED_DUPLICATE,Maktaba Jibreel (PDF Archive),7291,"Quaid e Azam, Nazriyya Pakistan Aur Islami Nizam Modudi Ki Nazar Mein By SHEIKH MUHAMMAD ISHFAQ AHMAD",12189
REMOVED_DUPLICATE,Maktaba Jibreel (PDF Archive),7292,Quaid e Qadiyan By Sheikh Ashraf Ali Thanvi (r.a),12190
REMOVED_DUPLICATE,Maktaba Jibreel (PDF Archive),7293,Qubooliyat Challenge Mubahla By Hafiz Bashir Ahmad Misri,12191
REMOVED_DUPLICATE,Maktaba Jibreel (PDF Archive),7294,Quma Aur Jalsa Main Itminan Ka Wajoob Aur In Dono Main Azkar Ka Saboot By Sheikh Fazlur Rahman Azmi,12192
REMOVED_DUPLICATE,Maktaba Jibreel (PDF Archive),7295,Qunoot e Naazla By Abu Yahya,12193
REMOVED_DUPLICATE,Maktaba Jibreel (PDF Archive),7296,Quran (15 Lines) Full,12194
REMOVED_DUPLICATE,Maktaba Jibreel (PDF Archive),7297,Quran (16 LINES) FULL,12195
REMOVED_DUPLICATE,Maktaba Jibreel (PDF Archive),7299,Quran aur Bible - Science Ki Roshni Mein By DR. ZAKIR NAIK,12197
REMOVED_DUPLICATE,Maktaba Jibreel (PDF Archive),7300,Quran Aur Farooq e Azam By SHEIKH MUFTI ISMATULLAH,12198
REMOVED_DUPLICATE,Maktaba Jibreel (PDF Archive),7301,Quran Ka Mutalea Kaisay By SHEIKH MUHAMMAD OWAIS NADVI,12199
REMOVED_DUPLICATE,Maktaba Jibreel (PDF Archive),7302,Quran Ka Peghaam By SHEIKH MUHAMMAD SHAHABUDDIN NADVI,12200
REMOVED_DUPLICATE,Maktaba Jibreel (PDF Archive),7303,Quran Majeed K Adbi Asrar o Ramooz By SHEIKH ZULFIQAR AHMAD NAQSHBANDI,12202
REMOVED_DUPLICATE,Maktaba Jibreel (PDF Archive),7304,Quran o Hadith Ke Khilaf Ghair Muqallideen Ke 50 Masail By SHEIKH MUFTI SYED MEHDI HASAN SHAHJAHANPURI,12203
REMOVED_DUPLICATE,Maktaba Jibreel (PDF Archive),7305,Quran o Sunnat Ki Roshni Mein Eesaal e Sawab Ka Saboot by SHEIKH MUHAMMAD JAVED USMAN MEMON,12204
REMOVED_DUPLICATE,Maktaba Jibreel (PDF Archive),7306,Quran With Urdu Translation By SHEIKH FATEH MUHAMMAD JALANDHRI,12205
REMOVED_DUPLICATE,Maktaba Jibreel (PDF Archive),7307,Quran Words,12206
REMOVED_DUPLICATE,Maktaba Jibreel (PDF Archive),7312,Qurbani e Kaamil by SHEIKH ASHRAF ALI THANVI (RA),12211
REMOVED_DUPLICATE,Maktaba Jibreel (PDF Archive),7313,Qurbani k Fazail O Masail By SHEIKH ABDUR RAUF SAKHARVI,12212
REMOVED_DUPLICATE,Maktaba Jibreel (PDF Archive),7314,Qurbani Kay Masail By SHEIKH MUHAMMAD YUSUF LUDHYANVI (RA),12213
REMOVED_DUPLICATE,Maktaba Jibreel (PDF Archive),7315,Qurbani Ke Ahkam o Masail By SHEIKH WALI HASAN TONKI (R.A),12214
REMOVED_DUPLICATE,Maktaba Jibreel (PDF Archive),7316,Qurbani o Zulhijjah Ke Fazail o Masail By SHEIKH MUFTI ABDUR RAUF SAKHARVI,12215
REMOVED_DUPLICATE,Maktaba Jibreel (PDF Archive),7319,Qutub e Sawat By SHEIKH SYED NAFEES UL HUSAINI (R.A),12218
REMOVED_DUPLICATE,Maktaba Jibreel (PDF Archive),7320,Quwat Ul Akhyar Vol 1 2 Qademi,12219
REMOVED_DUPLICATE,Maktaba Jibreel (PDF Archive),7323,Rabi Ul Awwal Muhabbat Ke Ainay Mein By Sheikh Mufti Rasheed Ahmad Ludhyanvi (Ra),12222
REMOVED_DUPLICATE,Maktaba Jibreel (PDF Archive),7324,Rabiul Awwal Mein Josh e Muhabbat By SHEIKH RASHEED AHMAD LUDHYANVI (R.A),12223
REMOVED_DUPLICATE,Maktaba Jibreel (PDF Archive),7325,rabwa-aur-qad-jo-hum-ny-daikha,12224
REMOVED_DUPLICATE,Maktaba Jibreel (PDF Archive),7326,rabwa-ki-purisraar-kahanian,12225
REMOVED_DUPLICATE,Maktaba Jibreel (PDF Archive),7328,rad-qad-kay-zareen-asool,12227
REMOVED_DUPLICATE,Maktaba Jibreel (PDF Archive),7329,Radd e Rawaafiz (Mujaddid Alif Sani Shaikh Ahmad Sarhindi),12228
REMOVED_DUPLICATE,Maktaba Jibreel (PDF Archive),7331,raees-qad,12230
REMOVED_DUPLICATE,Maktaba Jibreel (PDF Archive),7332,Rafa e Yadain Sahih Bukhari Ki Roshni Mein By SHEIKH SYED FAKHRUDDIN AHMAD (R.A),12231
REMOVED_DUPLICATE,Maktaba Jibreel (PDF Archive),7333,Rafa Yadain Ki Chaar Rivayaat Ki Tehqeeq,12232
REMOVED_DUPLICATE,Maktaba Jibreel (PDF Archive),7334,Rafzeat By SHEIKH IMAM IBN E TAYMIA,12233
REMOVED_DUPLICATE,Maktaba Jibreel (PDF Archive),7335,Rah e Aafiat By Nizam Education Society,12234
REMOVED_DUPLICATE,Maktaba Jibreel (PDF Archive),7336,Rah e Aitedaal by Sheikh Muhammad Waseem Mewati,12235
REMOVED_DUPLICATE,Maktaba Jibreel (PDF Archive),7337,Rah e Aman By SUFI ABDUR RAHMAN,12236
REMOVED_DUPLICATE,Maktaba Jibreel (PDF Archive),7338,Rah e Hidayat By SHEIKH SARFRAZ KHAN SAFDAR (R.A),12237
REMOVED_DUPLICATE,Maktaba Jibreel (PDF Archive),7339,Rah e Mohabbat By SHEIKH MUFTI MUKHTARUDDIN KARBOGHA SHAREEF,12238
REMOVED_DUPLICATE,Maktaba Jibreel (PDF Archive),7340,Rah E Sunnat By Sheikh Sarfraz Khan Safdar (R.A),12239
REMOVED_DUPLICATE,Maktaba Jibreel (PDF Archive),7346,Rahmatul Lil Aalameen (FULL) QAZI MUHAMMAD SULAIMAN SALMAN MANSOORPURI,12246
REMOVED_DUPLICATE,Maktaba Jibreel (PDF Archive),7347,Rahnuma e Islami Naam (Islamic Names) By Sheikh Mufti Abdush Shakoor Qasmi (r.a),12247
REMOVED_DUPLICATE,Maktaba Jibreel (PDF Archive),7348,Rahnuma e Tableeghi Safar Aur 6 Number,12248
REMOVED_DUPLICATE,Maktaba Jibreel (PDF Archive),7349,Rakaat e Taravih Aik Tahqiqi Jaiza By SHEIKH ZAHOOR AHMAD HUSAINI,12249
REMOVED_DUPLICATE,Maktaba Jibreel (PDF Archive),7351,RAMADHAN FAZAEL O MASAEL By SHEIKH ASHIQ ILAHI BULAND SHEHRI,12250
REMOVED_DUPLICATE,Maktaba Jibreel (PDF Archive),7352,RAMADHAN KA AAKHRI DIN AUR JAHANNUM KA TAZKIRAH By SHEIKH ABDUR RAUF SAKHARVI,12251
REMOVED_DUPLICATE,Maktaba Jibreel (PDF Archive),7353,Ramadhan Ki Teen Ibadatain by SHEIKH ASHRAF ALI THANVI (RA),12252
REMOVED_DUPLICATE,Maktaba Jibreel (PDF Archive),7354,RAMADHAN KIS TARAH GUZARAIN By SHEIKH MUFTI TAQI USMANI,12253
REMOVED_DUPLICATE,Maktaba Jibreel (PDF Archive),7355,Ramooz e Bekhudi (Urdu Manzoom Tarjumah) By Allama Muhammad Iqbal (r.a),12254
REMOVED_DUPLICATE,Maktaba Jibreel (PDF Archive),7356,Ramzan al Mubarik by SHEIKH ASHRAF ALI THANVI (RA).pdf,12255
REMOVED_DUPLICATE,Maktaba Jibreel (PDF Archive),7357,Ramzan Se Qabal by SHEIKH DR ABDULHAI ARIFI (RA),12256
REMOVED_DUPLICATE,Maktaba Jibreel (PDF Archive),7359,Ras ul Rabieen by SHEIKH ASHRAF ALI THANVI (RA),12258
REMOVED_DUPLICATE,Maktaba Jibreel (PDF Archive),7360,Rasaail e Qasmi By SHEIKH MUHAMMAD ZIA UL QASMI (RA),12259
REMOVED_DUPLICATE,Maktaba Jibreel (PDF Archive),7363,Rasool e Akram (SAW) Ba Hesiat e Tajir By HAFIZ MUHAMMAD ARIF GHANJI,12262
REMOVED_DUPLICATE,Maktaba Jibreel (PDF Archive),7366,Raza Khani Mazhab VOL 1 By ALLAMA SAEED AHMAD QADRI,12265
REMOVED_DUPLICATE,Maktaba Jibreel (PDF Archive),7367,Raza Khani Mazhab VOL 2 By ALLAMA SAEED AHMAD QADRI,12266
REMOVED_DUPLICATE,Maktaba Jibreel (PDF Archive),7368,Raza Khani Mazhab VOL 3 By ALLAMA SAEED AHMAD QADRI,12267
REMOVED_DUPLICATE,Maktaba Jibreel (PDF Archive),7369,Raza Khaniyon Ki Kufr Saazian By Sheikh Noor Muhammad Mazahiri (r.a),12268
REMOVED_DUPLICATE,Maktaba Jibreel (PDF Archive),7370,Rehan e Itrat By SHEIKH SYED NAFEES AL HUSAINI (R.A),12270
REMOVED_DUPLICATE,Maktaba Jibreel (PDF Archive),7371,Rehmat e Aalam By SHEIKH SYED SULAIMAN NADVI (R.A),12271
REMOVED_DUPLICATE,Maktaba Jibreel (PDF Archive),7372,Rehzan Ki Pehchan By SHEIKH HAQ NAWAZ JHANGVI (R.A),12272
REMOVED_DUPLICATE,Maktaba Jibreel (PDF Archive),7373,Riaz Ul Saliheen Al Bushra,12273
REMOVED_DUPLICATE,Maktaba Jibreel (PDF Archive),7374,Riaz Ul Saliheen Qademi,12274
REMOVED_DUPLICATE,Maktaba Jibreel (PDF Archive),7377,Rooh e Ala Hazrat Ki Faryad By SYED ZAHEERUDDIN KHAN QADRI,12278
REMOVED_DUPLICATE,Maktaba Jibreel (PDF Archive),7385,Royat e Hilal BY SHEIKH MUFTI MUHAMMAD SHAFI (RA),12286
REMOVED_DUPLICATE,Maktaba Jibreel (PDF Archive),7386,ROZA HAM SE KIA MUTALBA KARTA HAI By SHEIKH MUFTI TAQI USMANI,12287
REMOVED_DUPLICATE,Maktaba Jibreel (PDF Archive),7387,Roza Tut Talibeen Zamzam,12289
REMOVED_DUPLICATE,Maktaba Jibreel (PDF Archive),7392,Saal Bhar Ke Masnoon Aamaal By SHEIKH SHAH ASHRAF ALI THANVI (R.A),12294
REMOVED_DUPLICATE,Maktaba Jibreel (PDF Archive),7393,Saat Masail By SHEIKH MUFTI RASHEED AHMAD LUDHYANVI (R.A),12295
REMOVED_DUPLICATE,Maktaba Jibreel (PDF Archive),7397,Sabeel ur Rashaad Fi Tehqeeq Talafuz iz Zaud By SHEIKH QARI MUHAMMAD SHAREEF,12300
REMOVED_DUPLICATE,Maktaba Jibreel (PDF Archive),7398,saboot,12301
REMOVED_DUPLICATE,Maktaba Jibreel (PDF Archive),7404,Sadr e Awwal Ke Mufassireen e Quran By SHEIKH MUFTI ZAR WALI KHAN,12307
REMOVED_DUPLICATE,Maktaba Jibreel (PDF Archive),7405,Sadra Rashedia,12308
REMOVED_DUPLICATE,Maktaba Jibreel (PDF Archive),7409,Safon Ki Durustgi...Ba Jamaat Namazon Ka Lazmi Taqaza,12312
REMOVED_DUPLICATE,Maktaba Jibreel (PDF Archive),7410,Sahaba E Karam Ke Barey Mein Ghair Muqallideen Ka Nuqta E Nazar By SHEIKH MUHAMMAD ABUBAKR GHAZIPURI,12313
REMOVED_DUPLICATE,Maktaba Jibreel (PDF Archive),7411,Sahaba Karam Aur Un Par Tanqeed By SHEIKH MUHAMMAD ABDULLAH,12314
REMOVED_DUPLICATE,Maktaba Jibreel (PDF Archive),7414,Sahabah (RA) Ka Taaruf By SHEIKH ABU REHAN ZIAUR RAHMAN FAROOQI (RA),12317
REMOVED_DUPLICATE,Maktaba Jibreel (PDF Archive),7415,Sahi Al Bukhari Vol 1 Altaf And Sons,12318
REMOVED_DUPLICATE,Maktaba Jibreel (PDF Archive),7416,Sahi Al Bukhari Vol 1 Qademi,12319
REMOVED_DUPLICATE,Maktaba Jibreel (PDF Archive),7417,Sahi Al Bukhari Vol 1 Rahmania,12320
REMOVED_DUPLICATE,Maktaba Jibreel (PDF Archive),7418,Sahi Al Bukhari Vol 2 Altaf And Sons,12321
REMOVED_DUPLICATE,Maktaba Jibreel (PDF Archive),7419,Sahi Al Bukhari Vol 2 Qademi,12322
REMOVED_DUPLICATE,Maktaba Jibreel (PDF Archive),7420,Sahi Al Bukhari Vol 2 Rahmania,12323
REMOVED_DUPLICATE,Maktaba Jibreel (PDF Archive),7426,Sahih Aur Munasib Musafat e Qasar By Sheikh Fazlur Rahman Azmi,12329
REMOVED_DUPLICATE,Maktaba Jibreel (PDF Archive),7427,Sahih ul Bukhari Vol 01 Part 01 By SHEIKH ZAHOOR UL BARI AZAMI,12330
REMOVED_DUPLICATE,Maktaba Jibreel (PDF Archive),7428,Sahih ul Bukhari Vol 01 Part 02 By SHEIKH ZAHOOR UL BARI AZAMI,12331
REMOVED_DUPLICATE,Maktaba Jibreel (PDF Archive),7429,Sahih ul Bukhari Vol 01 Part 03 By SHEIKH ZAHOOR UL BARI AZAMI,12332
REMOVED_DUPLICATE,Maktaba Jibreel (PDF Archive),7430,Sahih ul Bukhari Vol 01 Part 04 By SHEIKH ZAHOOR UL BARI AZAMI,12333
REMOVED_DUPLICATE,Maktaba Jibreel (PDF Archive),7431,Sahih ul Bukhari Vol 02 Part 01 By SHEIKH ZAHOOR UL BARI AZAMI,12334
REMOVED_DUPLICATE,Maktaba Jibreel (PDF Archive),7432,Sahih ul Bukhari Vol 02 Part 02 By SHEIKH ZAHOOR UL BARI AZAMI,12335
REMOVED_DUPLICATE,Maktaba Jibreel (PDF Archive),7433,Sahih ul Bukhari Vol 02 Part 03 By SHEIKH ZAHOOR UL BARI AZAMI,12336
REMOVED_DUPLICATE,Maktaba Jibreel (PDF Archive),7434,Sahih ul Bukhari Vol 02 Part 04 By SHEIKH ZAHOOR UL BARI AZAMI,12337
REMOVED_DUPLICATE,Maktaba Jibreel (PDF Archive),7435,Sahih ul Bukhari Vol 03 Part 01 By SHEIKH ZAHOOR UL BARI AZAMI,12338
REMOVED_DUPLICATE,Maktaba Jibreel (PDF Archive),7436,Sahih ul Bukhari Vol 03 Part 02 By SHEIKH ZAHOOR UL BARI AZAMI,12339
REMOVED_DUPLICATE,Maktaba Jibreel (PDF Archive),7437,Sahih ul Bukhari Vol 03 Part 03 By SHEIKH ZAHOOR UL BARI AZAMI,12340
REMOVED_DUPLICATE,Maktaba Jibreel (PDF Archive),7438,saif-chistiai,12341
REMOVED_DUPLICATE,Maktaba Jibreel (PDF Archive),7439,Salafi Kon Hanafi Ya Ghair Muqallid By SHEIKH HAFIZ ABDUL JABBAR SALAFI,12343
REMOVED_DUPLICATE,Maktaba Jibreel (PDF Archive),7440,Salat ut Tasbeeh Ke Fazail o Masail By Sheikh Mufti Abdur Rauf Sakharvi,12344
REMOVED_DUPLICATE,Maktaba Jibreel (PDF Archive),7442,Saniha Makkah Mukarrama,12347
REMOVED_DUPLICATE,Maktaba Jibreel (PDF Archive),7443,Sarf E Bahai Qademi,12348
REMOVED_DUPLICATE,Maktaba Jibreel (PDF Archive),7444,Sarf E Meer Al Bushra,12350
REMOVED_DUPLICATE,Maktaba Jibreel (PDF Archive),7445,Sarf E Meer Haqqania,12351
REMOVED_DUPLICATE,Maktaba Jibreel (PDF Archive),7447,Saudia Ki Majlis e Kubbaar Ulama Ka Faisla (Teen Talaq Teen Hoti Hai),12353
REMOVED_DUPLICATE,Maktaba Jibreel (PDF Archive),7448,Sawaiq al-Muhriqah,12354
REMOVED_DUPLICATE,Maktaba Jibreel (PDF Archive),7449,Sawal E Basoli Rashedia,12355
REMOVED_DUPLICATE,Maktaba Jibreel (PDF Archive),7450,Sawal E Kabuli Rashedia,12356
REMOVED_DUPLICATE,Maktaba Jibreel (PDF Archive),7455,Sawaneh Qasmi (r.a) Vol 2 by Sheikh Manazir Ahsan Gilani (r.a),12361
REMOVED_DUPLICATE,Maktaba Jibreel (PDF Archive),7456,Sawaneh Sheikh Abdul Qadir Raipuri (R.A) By SHEIKH ABUL HASAN ALI NADVI (R.A),12362
REMOVED_DUPLICATE,Maktaba Jibreel (PDF Archive),7457,Sawaneh Sheikh-ul-Hadith Molana Abdul Haq By SHEIKH ABDUL QAYYUM HAQQANI,12363
REMOVED_DUPLICATE,Maktaba Jibreel (PDF Archive),7458,Sawaneh Syed Ataullah Shah Bukhari (RA) By Shorish Kashmiri,12364
REMOVED_DUPLICATE,Maktaba Jibreel (PDF Archive),7462,Science Aur Islam By SHEIKH HUSAIN AFANDI TARABLISI (RA),12368
REMOVED_DUPLICATE,Maktaba Jibreel (PDF Archive),7463,Science Aur Technology Ki Taleem Mein Sir Syed Ka Mubayyana Hissa,12369
REMOVED_DUPLICATE,Maktaba Jibreel (PDF Archive),7473,Seerat e Aiemma Arbaa By SHEIKH QAZI ATHAR MUBARIKPURI (R.A),12379
REMOVED_DUPLICATE,Maktaba Jibreel (PDF Archive),7474,Seerat e Hazrat Umar Bin Abdul Aziz (r.a) By Sheikh Muhammad Yusuf Ludhyanvi (r.a),12380
REMOVED_DUPLICATE,Maktaba Jibreel (PDF Archive),7475,Seerat e Pak [SAW] Duaon Ki Roshni Mein By Shaykh Saeedul Zafar Rampuri,12381
REMOVED_DUPLICATE,Maktaba Jibreel (PDF Archive),7476,Seerat Khatim ul Ambiya (S.A.W) By SHEIKH MUFTI MUHAMMD SHAFI (R.A),12382
REMOVED_DUPLICATE,Maktaba Jibreel (PDF Archive),7477,Seerat Khulafa E Rashideen By SHEIKH ABDUSH SHAKOOR LAKHNAVI (R.A),12383
REMOVED_DUPLICATE,Maktaba Jibreel (PDF Archive),7478,Seerat ul Mustafa [S.A.W] Vol 1 By Sheikh Idrees Kandhelvi (r.a),12384
REMOVED_DUPLICATE,Maktaba Jibreel (PDF Archive),7479,Seerat ul Mustafa [S.A.W] Vol 2 By Sheikh Idrees Kandhelvi (r.a),12385
REMOVED_DUPLICATE,Maktaba Jibreel (PDF Archive),7480,Seerat ul Mustafa [S.A.W] Vol 3 By Sheikh Idrees Kandhelvi (r.a),12386
REMOVED_DUPLICATE,Maktaba Jibreel (PDF Archive),7481,Seerat un Nabi Ke Jalsay Juloos By SHEIKH MUFTI TAQI USMANI,12387
REMOVED_DUPLICATE,Maktaba Jibreel (PDF Archive),7482,Seerat Un Numan By Allamah Shibli Nomani (r.a),12389
REMOVED_DUPLICATE,Maktaba Jibreel (PDF Archive),7507,Shaan E Farooq E Azam (R.A) By SHEIKH MUHAMMAD ABDUS SATTAR TONSVI (R.A),12414
REMOVED_DUPLICATE,Maktaba Jibreel (PDF Archive),7508,Shaan E Haidar E Karrar (R.A) By SHEIKH MUHAMMAD ABDUS SATTAR TONSVI (R.A).pdf,12415
REMOVED_DUPLICATE,Maktaba Jibreel (PDF Archive),7509,Shaan E Siddiq E Akbar (R.A) By SHEIKH MUHAMMAD ABDUS SATTAR TONSVI (R.A).pdf,12416
REMOVED_DUPLICATE,Maktaba Jibreel (PDF Archive),7510,Shaan E Usman E Ghani (R.A) By SHEIKH MUHAMMAD ABDUS SATTAR TONSVI (R.A).pdf,12417
REMOVED_DUPLICATE,Maktaba Jibreel (PDF Archive),7511,Shab E Barat K Fazail o Ahkam By SHEIKH MUFTI MUHAMMAD USMAN,12418
REMOVED_DUPLICATE,Maktaba Jibreel (PDF Archive),7512,Shab e Barat Ki Haqiqat By Sheikh Fazlur Rahman Azmi,12419
REMOVED_DUPLICATE,Maktaba Jibreel (PDF Archive),7513,Shab e Qadr By SHEIKH SHAMSULHAQ,12420
REMOVED_DUPLICATE,Maktaba Jibreel (PDF Archive),7514,Shadi Ki Pehli 10 Ratain By SHEIKH ABDUL GHANI TARIQ LUDHYANVI,12421
REMOVED_DUPLICATE,Maktaba Jibreel (PDF Archive),7515,Shahadat e Husain (R.A) Wa Kirdar e Yazeed By SHEIKH MUHAMMAD QASIM NANOTVI (R.A),12422
REMOVED_DUPLICATE,Maktaba Jibreel (PDF Archive),7516,shahar-sadoom,12423
REMOVED_DUPLICATE,Maktaba Jibreel (PDF Archive),7517,Shaheed e Karbala By SHEIKH MUFTI MUHAMMAD SHAFI (R.A),12424
REMOVED_DUPLICATE,Maktaba Jibreel (PDF Archive),7518,shaheedan-namoos-risalat,12426
REMOVED_DUPLICATE,Maktaba Jibreel (PDF Archive),7519,Shaheen By Naseem Hijazi,12427
REMOVED_DUPLICATE,Maktaba Jibreel (PDF Archive),7520,shahrah-ishaq-kay-musafir,12428
REMOVED_DUPLICATE,Maktaba Jibreel (PDF Archive),7522,Shaikh Muhammad Bin Abdul Wahhab Aur Hindustan K Ulama E Haq By SHEIKH MUHAMMAD MANZOOR NOMANI (R.A),12430
REMOVED_DUPLICATE,Maktaba Jibreel (PDF Archive),7523,Shair ul Firaaq By Sheikh Syed Nafees Ul Husaini,12431
REMOVED_DUPLICATE,Maktaba Jibreel (PDF Archive),7524,Shajra Tul Ashraaf By SHEIKH SYED NAFEES UL HUSAINI,12432
REMOVED_DUPLICATE,Maktaba Jibreel (PDF Archive),7525,Shakhsiyat e Maseeh Bible K Aiynay Mein By SHEIKH MUHAMMAD NAWAZ FAISALABADI,12433
REMOVED_DUPLICATE,Maktaba Jibreel (PDF Archive),7526,shama-KN-kay-parwanay,12435
REMOVED_DUPLICATE,Maktaba Jibreel (PDF Archive),7527,Shamail E Tirmezi Al Bushra Color,12436
REMOVED_DUPLICATE,Maktaba Jibreel (PDF Archive),7528,Shamail E Tirmezi Al Bushra,12437
REMOVED_DUPLICATE,Maktaba Jibreel (PDF Archive),7529,Shamail e Tirmidhi (URDU),12438
REMOVED_DUPLICATE,Maktaba Jibreel (PDF Archive),7530,Shamail e Tirmidhi Ma Khasail e Nabvi [SAW] {URDU} By Sheikh Muhammad Zakariyya (r.a),12439
REMOVED_DUPLICATE,Maktaba Jibreel (PDF Archive),7538,Shams Ul Bazighah Haqqania,12447
REMOVED_DUPLICATE,Maktaba Jibreel (PDF Archive),7539,shaoor-KN-aur-qad-shanasi,12448
REMOVED_DUPLICATE,Maktaba Jibreel (PDF Archive),7541,Sharaf ul Mukalmah by SHEIKH ASHRAF ALI THANVI (RA),12450
REMOVED_DUPLICATE,Maktaba Jibreel (PDF Archive),7542,Sharah Faisla Haft Masala,12451
REMOVED_DUPLICATE,Maktaba Jibreel (PDF Archive),7543,Sharah Maani Il Aasaar Vol 1 Rahmania,12452
REMOVED_DUPLICATE,Maktaba Jibreel (PDF Archive),7544,Sharah Maani Il Aasaar Vol 2 Rahmania,12453
REMOVED_DUPLICATE,Maktaba Jibreel (PDF Archive),7545,Sharah Nukhba Tul Fikr Al Bushra Color,12454
REMOVED_DUPLICATE,Maktaba Jibreel (PDF Archive),7546,Sharah Nukhba Tul Fikr Al Bushra,12455
REMOVED_DUPLICATE,Maktaba Jibreel (PDF Archive),7547,Sharah Nukhba Tul Fikr Qademi,12456
REMOVED_DUPLICATE,Maktaba Jibreel (PDF Archive),7548,Sharah Ul Aqaid In Nasafiyah Rashedia,12457
REMOVED_DUPLICATE,Maktaba Jibreel (PDF Archive),7549,Sharah Uqood E Rasm Il Mufti Al Bushra Color,12458
REMOVED_DUPLICATE,Maktaba Jibreel (PDF Archive),7550,Sharah Uqood E Rasm Il Mufti Al Bushra,12459
REMOVED_DUPLICATE,Maktaba Jibreel (PDF Archive),7552,Sharah Uqood E Rasm Il Mufti Al Bushra Color,
REMOVED_DUPLICATE,Maktaba Jibreel (PDF Archive),7553,Sharam Naak Tehreef By Abdur Raheem Minhaj,12461
REMOVED_DUPLICATE,Maktaba Jibreel (PDF Archive),7554,Sharh Matan Ul Kafi Qademi,12462
REMOVED_DUPLICATE,Maktaba Jibreel (PDF Archive),7555,Sharh Miata Amil Al Bushra Color,12463
REMOVED_DUPLICATE,Maktaba Jibreel (PDF Archive),7556,Sharh Miata Amil Al Bushra,12464
REMOVED_DUPLICATE,Maktaba Jibreel (PDF Archive),7557,Sharh Miata Amil Rashedia,12465
REMOVED_DUPLICATE,Maktaba Jibreel (PDF Archive),7558,Sharh Mulla Jami Al Bushra Color,12466
REMOVED_DUPLICATE,Maktaba Jibreel (PDF Archive),7559,Sharh Mulla Jami Al Bushra,12467
REMOVED_DUPLICATE,Maktaba Jibreel (PDF Archive),7560,Sharh Mulla Jami Uloom E Islamia,12468
REMOVED_DUPLICATE,Maktaba Jibreel (PDF Archive),7561,Sharh Sullam Ul Uloom Li Mulla Hasan Qademi,12469
REMOVED_DUPLICATE,Maktaba Jibreel (PDF Archive),7562,Sharh Tahzeeb Al Bushra Color,12470
REMOVED_DUPLICATE,Maktaba Jibreel (PDF Archive),7563,Sharh Tahzeeb Al Bushra,12471
REMOVED_DUPLICATE,Maktaba Jibreel (PDF Archive),7564,Sharh Tahzeeb Al Mezan,12472
REMOVED_DUPLICATE,Maktaba Jibreel (PDF Archive),7565,Sharh Ul Aqaid In Nasafiyah Al Bushra Color,12473
REMOVED_DUPLICATE,Maktaba Jibreel (PDF Archive),7566,Sharh Ul Aqaid In Nasafiyah Al Bushra,12474
REMOVED_DUPLICATE,Maktaba Jibreel (PDF Archive),7567,Sharh Ul Dewan Meer Muhammad,12475
REMOVED_DUPLICATE,Maktaba Jibreel (PDF Archive),7568,Sharh Ul Muqaddama Til Kafiah Fi Ilm Il Aerab Vol 1 Rashedia,12476
REMOVED_DUPLICATE,Maktaba Jibreel (PDF Archive),7569,Sharh Ul Muqaddama Til Kafiah Fi Ilm Il Aerab Vol 2 Rashedia,12477
REMOVED_DUPLICATE,Maktaba Jibreel (PDF Archive),7570,Sharh Ul Wiqayah Aakherain,12478
REMOVED_DUPLICATE,Maktaba Jibreel (PDF Archive),7571,Sharh Ul Wiqayah Aowalain,12479
REMOVED_DUPLICATE,Maktaba Jibreel (PDF Archive),7572,Shari Parda By SHEIKH QARI MUHAMMAD TAYYAB (R.A),12480
REMOVED_DUPLICATE,Maktaba Jibreel (PDF Archive),7573,Shari Parda Ki Haqeeqat By MUFTI ATEEQ UR RAHMAN,12481
REMOVED_DUPLICATE,Maktaba Jibreel (PDF Archive),7574,Shari Parda Kis Se By SHEIKH MUFTI RASHEED AHMAD LUDHYANVI (R.A),12482
REMOVED_DUPLICATE,Maktaba Jibreel (PDF Archive),7575,Shariat O Tareeqat Ka Talazum By SHEIKH MUHAMMAD ZAKARIYYA KANDHELVI (R.A),12483
REMOVED_DUPLICATE,Maktaba Jibreel (PDF Archive),7577,Shauq E Hadith By SHEIKH SARFRAZ KHAN SAFDAR (R.A),12485
REMOVED_DUPLICATE,Maktaba Jibreel (PDF Archive),7578,Shaykh Khalifa Ghulam Muhammad Din Puri,12486
REMOVED_DUPLICATE,Maktaba Jibreel (PDF Archive),7579,Sheikh Ahmad Ali Lahori (R.A),12487
REMOVED_DUPLICATE,Maktaba Jibreel (PDF Archive),7580,Sheikh Ahmadullah Shah Shaheed By SHEIKH MUHAMMAD MIAN,12488
REMOVED_DUPLICATE,Maktaba Jibreel (PDF Archive),7581,Sheikh Hafidh Muhammad Siddiq Bharchondvi,12489
REMOVED_DUPLICATE,Maktaba Jibreel (PDF Archive),7582,Sheikh Haq Nawaz By SHEIKH MUHAMMAD ZIA UL QASMI (RA),12490
REMOVED_DUPLICATE,Maktaba Jibreel (PDF Archive),7583,Sheikh Haq Nawaz Shaheed Ka Wasiyat Nama,12491
REMOVED_DUPLICATE,Maktaba Jibreel (PDF Archive),7584,SHEIKH MUHAMMAD ZIAUL QASMI (RA) By MUHAMMAD ARSHAD QASMI,12492
REMOVED_DUPLICATE,Maktaba Jibreel (PDF Archive),7585,Sheikh Qasim Nanotvi (R.A) Ki Deeni Aur Ilmi Khidmat Ka Tehqeeqi Jaiza By MUHAMMD ASAAD THANVI,12493
REMOVED_DUPLICATE,Maktaba Jibreel (PDF Archive),7586,SHEIKH QASIM NANOTVI K AHWAAL O AASAAR By NOORUL HASAN RASHID KANDHELVI,12494
REMOVED_DUPLICATE,Maktaba Jibreel (PDF Archive),7587,Sheikhul Hadith Muhammad Zakariyya (R.A) Par Lagaye Gaye Etrazaat K Jawabat By SHEIKH ABDUL MANNAN HAZARVI,12495
REMOVED_DUPLICATE,Maktaba Jibreel (PDF Archive),7588,Shia Dharam By Sheikh Muhammad Qaasim Farooqi Jalbani Baloch,12496
REMOVED_DUPLICATE,Maktaba Jibreel (PDF Archive),7589,Shia Ithna Ashari Aur Aqeedah Tehreef E Quran By SHEIKH MUHAMMAD MANZOOR NOMANI (R.A),12497
REMOVED_DUPLICATE,Maktaba Jibreel (PDF Archive),7591,Shia Ki 40 Kufriya Ibaaraat By Sheikh Ataur Rahman Shahbaz Madni (r.a),12499
REMOVED_DUPLICATE,Maktaba Jibreel (PDF Archive),7592,Shia Mazhab By SHEIKH ASHIQ ILAHI MADNI (R.A),12500
REMOVED_DUPLICATE,Maktaba Jibreel (PDF Archive),7593,Shia Mazhab K 40 Masail By SHEIKH ABDUSH SHAKOOR FAROOQI LAKHNAVI (RA),12501
REMOVED_DUPLICATE,Maktaba Jibreel (PDF Archive),7594,Shia Sazish Ka Nya Mansooba By YAHYA NOMANI,12502
REMOVED_DUPLICATE,Maktaba Jibreel (PDF Archive),7595,Shia Shubhaat K Jawabaat,12503
REMOVED_DUPLICATE,Maktaba Jibreel (PDF Archive),7596,Shia Sunni Ikhtelafat By SHEIKH MUHAMMAD MANZOOR NOMANI (R.A),12504
REMOVED_DUPLICATE,Maktaba Jibreel (PDF Archive),7597,Shia Sunni Ikhtilaf Aur Siraat e Mustaqeem by Sheikh Yusuf Ludhianvi (RA),12505
REMOVED_DUPLICATE,Maktaba Jibreel (PDF Archive),7598,Shia Sunni Muttafiqa Tarjuma e Quran Ka Azeem Fitna By SHEIKH QAZI MAZHAR HUSAIN (R.A),12506
REMOVED_DUPLICATE,Maktaba Jibreel (PDF Archive),7607,Signs-B4-Day-of-Judgement,12517
REMOVED_DUPLICATE,Maktaba Jibreel (PDF Archive),7608,signs-of-qayyamt-and-arrival-of-MASEEH,12518
REMOVED_DUPLICATE,Maktaba Jibreel (PDF Archive),7609,simple-way-of-looking-at-qad,12519
REMOVED_DUPLICATE,Maktaba Jibreel (PDF Archive),7610,Sir Syed K Baray Mein Tareekhi Afsanon Ki Haqeeqat By Ziauddin Lahori,12520
REMOVED_DUPLICATE,Maktaba Jibreel (PDF Archive),7611,Siraat e Mustaqeem By SHEIKH ILYAS GHUMMAN,12521
REMOVED_DUPLICATE,Maktaba Jibreel (PDF Archive),7612,Sirf Aik Islam By SHEIKH SARFRAZ KHAN SAFDAR (RA),12522
REMOVED_DUPLICATE,Maktaba Jibreel (PDF Archive),7613,Siyar us Sahabiyat Ma Uswa e Sahabiyat [r.a] By Sheikh Saeed Ansari Nadvi (r.a) &amp; Sheikh Abdus Salam Nadvi (r.a),12523
REMOVED_DUPLICATE,Maktaba Jibreel (PDF Archive),7614,smh13,12524
REMOVED_DUPLICATE,Maktaba Jibreel (PDF Archive),7615,smh14,12525
REMOVED_DUPLICATE,Maktaba Jibreel (PDF Archive),7616,smh15,12526
REMOVED_DUPLICATE,Maktaba Jibreel (PDF Archive),7617,smh17,12527
REMOVED_DUPLICATE,Maktaba Jibreel (PDF Archive),7618,smh18,12528
REMOVED_DUPLICATE,Maktaba Jibreel (PDF Archive),7619,smh19,12529
REMOVED_DUPLICATE,Maktaba Jibreel (PDF Archive),7620,smh20,12530
REMOVED_DUPLICATE,Maktaba Jibreel (PDF Archive),7621,smh21,12531
REMOVED_DUPLICATE,Maktaba Jibreel (PDF Archive),7622,smh22,12532
REMOVED_DUPLICATE,Maktaba Jibreel (PDF Archive),7623,smh23,12533
REMOVED_DUPLICATE,Maktaba Jibreel (PDF Archive),7624,smh24,12534
REMOVED_DUPLICATE,Maktaba Jibreel (PDF Archive),7625,smh25,12535
REMOVED_DUPLICATE,Maktaba Jibreel (PDF Archive),7626,smh27,12536
REMOVED_DUPLICATE,Maktaba Jibreel (PDF Archive),7627,smh28,12537
REMOVED_DUPLICATE,Maktaba Jibreel (PDF Archive),7628,smh29,12538
REMOVED_DUPLICATE,Maktaba Jibreel (PDF Archive),7629,smh31,12539
REMOVED_DUPLICATE,Maktaba Jibreel (PDF Archive),7630,smh32,12540
REMOVED_DUPLICATE,Maktaba Jibreel (PDF Archive),7631,smh35,12541
REMOVED_DUPLICATE,Maktaba Jibreel (PDF Archive),7632,smh36,12542
REMOVED_DUPLICATE,Maktaba Jibreel (PDF Archive),7633,smh37,12543
REMOVED_DUPLICATE,Maktaba Jibreel (PDF Archive),7634,smh38,12544
REMOVED_DUPLICATE,Maktaba Jibreel (PDF Archive),7635,smh39,12545
REMOVED_DUPLICATE,Maktaba Jibreel (PDF Archive),7636,smh40,12546
REMOVED_DUPLICATE,Maktaba Jibreel (PDF Archive),7637,smh41,12547
REMOVED_DUPLICATE,Maktaba Jibreel (PDF Archive),7638,smh42,12548
REMOVED_DUPLICATE,Maktaba Jibreel (PDF Archive),7639,smh43,12549
REMOVED_DUPLICATE,Maktaba Jibreel (PDF Archive),7640,smh44,12550
REMOVED_DUPLICATE,Maktaba Jibreel (PDF Archive),7641,smh45,12551
REMOVED_DUPLICATE,Maktaba Jibreel (PDF Archive),7642,smh46,12552
REMOVED_DUPLICATE,Maktaba Jibreel (PDF Archive),7643,smh47,12553
REMOVED_DUPLICATE,Maktaba Jibreel (PDF Archive),7644,smh48,12554
REMOVED_DUPLICATE,Maktaba Jibreel (PDF Archive),7648,Sood By SHEIKH MUFTI RAFI USMANI,12559
REMOVED_DUPLICATE,Maktaba Jibreel (PDF Archive),7649,Sood Khor Se Allah Rasool Ki Jang By SHEIKH MUFTI RASHEED AHMAD LUDHYANVI (R.A).pdf,12560
REMOVED_DUPLICATE,Maktaba Jibreel (PDF Archive),7652,Subh o Shaam Ki Duwaain SHEIKH ABU MUHAMMAD ZAMZAMI.pdf.no security,12563
REMOVED_DUPLICATE,Maktaba Jibreel (PDF Archive),7654,Sukoon e Qalb By Sheikh Abdus Sattar,12565
REMOVED_DUPLICATE,Maktaba Jibreel (PDF Archive),7656,Sullam Ul Uloom Imdadia,12567
REMOVED_DUPLICATE,Maktaba Jibreel (PDF Archive),7657,Sunan E Abi Dawud Vol 1 2 Meer Muhammad,12568
REMOVED_DUPLICATE,Maktaba Jibreel (PDF Archive),7658,Sunan E Abi Dawud Vol 1 Haqqania,12569
REMOVED_DUPLICATE,Maktaba Jibreel (PDF Archive),7659,Sunan E Abi Dawud Vol 1 Rahmania,12570
REMOVED_DUPLICATE,Maktaba Jibreel (PDF Archive),7660,Sunan E Abi Dawud Vol 2 Haqqania,12571
REMOVED_DUPLICATE,Maktaba Jibreel (PDF Archive),7661,Sunan E Abi Dawud Vol 2 Rahmania,12572
REMOVED_DUPLICATE,Maktaba Jibreel (PDF Archive),7662,Sunan E Ibn E Maja Qademi,12573
REMOVED_DUPLICATE,Maktaba Jibreel (PDF Archive),7663,Sunan E Ibn E Maja Rahmania,12574
REMOVED_DUPLICATE,Maktaba Jibreel (PDF Archive),7664,Sunan E Nasai Vol 1 Qademi,12575
REMOVED_DUPLICATE,Maktaba Jibreel (PDF Archive),7665,Sunan E Nasai Vol 2 Qademi,12576
REMOVED_DUPLICATE,Maktaba Jibreel (PDF Archive),7672,Sunnat e Ibrahim (AS) by SHEIKH ASHRAF ALI THANVI (RA),12589
REMOVED_DUPLICATE,Maktaba Jibreel (PDF Archive),7673,Sunnat ka Mafhoom or Itteba E Sunnat Ki Ahmiyat By SHEIKH MUFTI RAFI USMANI,12590
REMOVED_DUPLICATE,Maktaba Jibreel (PDF Archive),7674,Sunnat Ka Maqam Aur Fitna Inkar e Hadith By SHEIKH MUFTI RAFI USMANI,12591
REMOVED_DUPLICATE,Maktaba Jibreel (PDF Archive),7675,Sunnat o Biddat By Sheikh Mufti Muhammad Shafi (r.a),12592
REMOVED_DUPLICATE,Maktaba Jibreel (PDF Archive),7676,Sunni Mazhab Sacha Hai By SHEIKH HAFIZ MEHR MUHAMMAD MIANWALVI (R.A),12594
REMOVED_DUPLICATE,Maktaba Jibreel (PDF Archive),7677,Sunni Moqaf - Pakistan Supreme Court Main By ULAMA E AHL E SUNNAT,12595
REMOVED_DUPLICATE,Maktaba Jibreel (PDF Archive),7678,Susti ka Elaj Chusti By SHEIKH MUFTI ABDUR RAUF SAKHARVI,12596
REMOVED_DUPLICATE,Maktaba Jibreel (PDF Archive),7679,Syed Ataullah Shah Bukhari (VOL 1) By SHEIKH MUHAMMAD ISMAIL SHUJABADI,12597
REMOVED_DUPLICATE,Maktaba Jibreel (PDF Archive),7680,Syed Ataullah Shah Bukhari (VOL 2) By SHEIKH MUHAMMAD ISMAIL SHUJABADI,12598
REMOVED_DUPLICATE,Maktaba Jibreel (PDF Archive),7681,Syedena Ali (R.A) wa Husain (R.A) By SHEIKH QAZI ATHAR MUBARIKPURI (RA),12599
REMOVED_DUPLICATE,Maktaba Jibreel (PDF Archive),7686,Tableegh e Deen By IMAM GHAZALI,12607
REMOVED_DUPLICATE,Maktaba Jibreel (PDF Archive),7687,Tableegh e Islam By SHEIKH SARFRAZ KHAN SAFDAR (R.A),12608
REMOVED_DUPLICATE,Maktaba Jibreel (PDF Archive),7688,Tableegh Ka Jaiza By SHEIKH ABU BAKR AL JAZAIRI,12609
REMOVED_DUPLICATE,Maktaba Jibreel (PDF Archive),7689,Tableeghi Jamaat By SHEIKH ABDUR RAZZAQ SIKANDAR,12610
REMOVED_DUPLICATE,Maktaba Jibreel (PDF Archive),7690,Tableeghi Jamaat By SHEIKH Dr. ABDUR RAZZAQ SIKANDAR,12611
REMOVED_DUPLICATE,Maktaba Jibreel (PDF Archive),7691,Tadreeb Ul Ravi Qademi,12612
REMOVED_DUPLICATE,Maktaba Jibreel (PDF Archive),7692,Tadreeb Us Sarf,12613
REMOVED_DUPLICATE,Maktaba Jibreel (PDF Archive),7694,Tadween e Quran By SHEIKH MANAZIR AHSAN GAILANI (R.A),12615
REMOVED_DUPLICATE,Maktaba Jibreel (PDF Archive),7697,tafazul il Aamal by SHEIKH ASHRAF ALI THANVI (RA),12618
REMOVED_DUPLICATE,Maktaba Jibreel (PDF Archive),7698,Tafheem-KN,12619
REMOVED_DUPLICATE,Maktaba Jibreel (PDF Archive),7702,Tafseer e Haqqani Jild 3,12623
REMOVED_DUPLICATE,Maktaba Jibreel (PDF Archive),7706,Tafseer e Mazhari Jild 10,12627
REMOVED_DUPLICATE,Maktaba Jibreel (PDF Archive),7708,Tafseer e Mazhari Jild 12,12629
REMOVED_DUPLICATE,Maktaba Jibreel (PDF Archive),7716,Tafseer e Mazhari Jild 9,12637
REMOVED_DUPLICATE,Maktaba Jibreel (PDF Archive),7737,Tafseer Ul Baizawi Al Bushra Color,12660
REMOVED_DUPLICATE,Maktaba Jibreel (PDF Archive),7738,Tafseer Ul Baizawi Al Bushra,12661
REMOVED_DUPLICATE,Maktaba Jibreel (PDF Archive),7739,Tafseer Ul Baizawi Meer Muhammad,12662
REMOVED_DUPLICATE,Maktaba Jibreel (PDF Archive),7740,Tafseer Ul Baizawi Rahmania,12663
REMOVED_DUPLICATE,Maktaba Jibreel (PDF Archive),7741,Tafseer Ul Baizawi Rashedia,12664
REMOVED_DUPLICATE,Maktaba Jibreel (PDF Archive),7742,Tafseer Ul Jalalain Qademi,12665
REMOVED_DUPLICATE,Maktaba Jibreel (PDF Archive),7743,Tafseer Ul Jalalain Rahmania,12666
REMOVED_DUPLICATE,Maktaba Jibreel (PDF Archive),7744,Tafseer Ul Jalalain Vol 1 Al Bushra Color,12667
REMOVED_DUPLICATE,Maktaba Jibreel (PDF Archive),7745,Tafseer Ul Jalalain Vol 1 Al Bushra,12668
REMOVED_DUPLICATE,Maktaba Jibreel (PDF Archive),7746,Tafseer Ul Jalalain Vol 2 Al Bushra Color,12669
REMOVED_DUPLICATE,Maktaba Jibreel (PDF Archive),7747,Tafseer Ul Jalalain Vol 2 Al Bushra,12670
REMOVED_DUPLICATE,Maktaba Jibreel (PDF Archive),7748,Tafseer Ul Jalalain Vol 3 Al Bushra Color,12671
REMOVED_DUPLICATE,Maktaba Jibreel (PDF Archive),7749,Tafseer Ul Jalalain Vol 3 Al Bushra,12672
REMOVED_DUPLICATE,Maktaba Jibreel (PDF Archive),7785,Tahafuz-KN-Ahmiyat-aur-Fazeelat,12710
REMOVED_DUPLICATE,Maktaba Jibreel (PDF Archive),7787,tahafuz-namoos-risalat,12712
REMOVED_DUPLICATE,Maktaba Jibreel (PDF Archive),7788,Tahqeeq Masala e Rafa Yadain By SHEIKH HABIBUR RAHMAN AZAMI,12713
REMOVED_DUPLICATE,Maktaba Jibreel (PDF Archive),7789,Tahreek E Azadi May Akabir Ulama E Deoband Ka Kirdar or Brelviyat Ka Makrooh Chehra By HAFIZ ABDUL HAQ KHAN,12714
REMOVED_DUPLICATE,Maktaba Jibreel (PDF Archive),7790,Tahreek e Pakistan Aur Barelvion Ka Kirdaar By ANWAAR AHMAD,12715
REMOVED_DUPLICATE,Maktaba Jibreel (PDF Archive),7794,tahreek-KN-ki-yadain,12719
REMOVED_DUPLICATE,Maktaba Jibreel (PDF Archive),7795,Tahreek-KN,12720
REMOVED_DUPLICATE,Maktaba Jibreel (PDF Archive),7796,Tahreer E Sanbat Rashedia,12721
REMOVED_DUPLICATE,Maktaba Jibreel (PDF Archive),7797,Tahrer E Kindia Rashedia,12722
REMOVED_DUPLICATE,Maktaba Jibreel (PDF Archive),7798,Tahzeer un Naas (Darul Ishaat) By SHEIKH QASIM NANOTVI (R.A),12723
REMOVED_DUPLICATE,Maktaba Jibreel (PDF Archive),7799,Tahzeer un Naas (Deoband Edition) By SHEIKH QASIM NANOTVI (R.A),12724
REMOVED_DUPLICATE,Maktaba Jibreel (PDF Archive),7800,Tahzeer un Naas (Idara Azizia) By SHEIKH QASIM NANOTVI (R.A),12725
REMOVED_DUPLICATE,Maktaba Jibreel (PDF Archive),7801,Tahzeer Un Naas Aik Tahqeeqi Mutalea By SYED SHUJAAT ALI GAILANI,12726
REMOVED_DUPLICATE,Maktaba Jibreel (PDF Archive),7802,Tahzeer Un Naas Meri Nazar Mein By PEER MUHAMMAD KARAM SHAH AL AZHARI,12727
REMOVED_DUPLICATE,Maktaba Jibreel (PDF Archive),7803,Tahzeer-un-Naas (Darul Ishaat) By SHEIKH QASIM NANOTVI (R.A),12728
REMOVED_DUPLICATE,Maktaba Jibreel (PDF Archive),7804,Tahzeer-un-Naas (Deoband Edition) By SHEIKH QASIM NANOTVI (R.A),12729
REMOVED_DUPLICATE,Maktaba Jibreel (PDF Archive),7805,Tahzeer-un-Naas (idara Azizia) By SHEIKH QASIM NANOTVI (R.A),12730
REMOVED_DUPLICATE,Maktaba Jibreel (PDF Archive),7806,Taifa E Mansoora By SHEIKH SARFRAZ KHAN SAFDAR (R.A),12731
REMOVED_DUPLICATE,Maktaba Jibreel (PDF Archive),7807,Taiseer E Mustalah Ul Hadith Al Bushra Color,12732
REMOVED_DUPLICATE,Maktaba Jibreel (PDF Archive),7808,Taiseer E Mustalah Ul Hadith Al Bushra,12733
REMOVED_DUPLICATE,Maktaba Jibreel (PDF Archive),7809,Taiseer E Qutbi Shaikh Ul Hind,12734
REMOVED_DUPLICATE,Maktaba Jibreel (PDF Archive),7810,Taiseer Ul Abwab Al Bushra Color,12735
REMOVED_DUPLICATE,Maktaba Jibreel (PDF Archive),7811,Taiseer Ul Mantiq Al Bushra,12738
REMOVED_DUPLICATE,Maktaba Jibreel (PDF Archive),7812,Taiseer Ul Mubtadi Al Bushra,12740
REMOVED_DUPLICATE,Maktaba Jibreel (PDF Archive),7821,tajzia-qad,12749
REMOVED_DUPLICATE,Maktaba Jibreel (PDF Archive),7824,Talab ul ILm by SHEIKH ASHRAF ALI THANVI (RA),12753
REMOVED_DUPLICATE,Maktaba Jibreel (PDF Archive),7825,Talaq (Divorce) K Nuqsanat By SHEIKH MUFTI ABDUR RAUF SAKHARVI,12754
REMOVED_DUPLICATE,Maktaba Jibreel (PDF Archive),7826,Talaq e Salaas By SHEIKH HABIB UR RAHMAN QASMI,12755
REMOVED_DUPLICATE,Maktaba Jibreel (PDF Archive),7827,Talazum al-Shariah wa Tariqah By SHEIKH Muhammad Zakariyya Kandhelvi (RA),12756
REMOVED_DUPLICATE,Maktaba Jibreel (PDF Archive),7829,Talbeesat e Kinzul Eemaan By JAMIAT AHLUS SUNNAH WAL JAMAAT RAWALPINDI,12758
REMOVED_DUPLICATE,Maktaba Jibreel (PDF Archive),7830,Taleem e Balghan By QARI ABDUL KHALIQ,12759
REMOVED_DUPLICATE,Maktaba Jibreel (PDF Archive),7831,Taleem Ul Aqaid Al Bushra Color,12760
REMOVED_DUPLICATE,Maktaba Jibreel (PDF Archive),7832,Taleem Ul Aqaid Al Bushra,12761
REMOVED_DUPLICATE,Maktaba Jibreel (PDF Archive),7833,Taleem ul Aqaid By SHEIKH MUFTI TAHIR MEHMOOD,12762
REMOVED_DUPLICATE,Maktaba Jibreel (PDF Archive),7834,Taleem Ul Mutaallim Tareq Ul Taallum Al Bushra Color,12763
REMOVED_DUPLICATE,Maktaba Jibreel (PDF Archive),7835,Taleem Ul Mutaallim Tareq Ul Taallum Rahmania,12765
REMOVED_DUPLICATE,Maktaba Jibreel (PDF Archive),7836,Taleem ul Quran by SHEIKH ASHRAF ALI THANVI (RA),12766
REMOVED_DUPLICATE,Maktaba Jibreel (PDF Archive),7837,Taleem Us Sarf,12767
REMOVED_DUPLICATE,Maktaba Jibreel (PDF Archive),7838,Taleem-o-Tarbiyat (BEGINNER),13087
REMOVED_DUPLICATE,Maktaba Jibreel (PDF Archive),7839,Taleem-o-Tarbiyat (Junior),12769
REMOVED_DUPLICATE,Maktaba Jibreel (PDF Archive),7840,Taleem-o-Tarbiyat (Senior),12770
REMOVED_DUPLICATE,Maktaba Jibreel (PDF Archive),7843,Taleemat e Deen e Islam By Sheikh Hafiz Fazlur Raheem,12774
REMOVED_DUPLICATE,Maktaba Jibreel (PDF Archive),7844,Taleemulislam (Urdu) By MUFTI KIFAYATULLAH,12775
REMOVED_DUPLICATE,Maktaba Jibreel (PDF Archive),7846,Talkhes Ul Miftah Al Bushra Color,12777
REMOVED_DUPLICATE,Maktaba Jibreel (PDF Archive),7850,Tanbeehul Ghafileen Ala Tahreeful Ghaleen By SHEIKH HAFIZ MUHAMMAD HABIBULLAH DAIRVI,12782
REMOVED_DUPLICATE,Maktaba Jibreel (PDF Archive),7851,Tanqeed E Mateen Bar Tafseer E Naeem Ud Deen By SHEIKH SARFRAZ KHAN SAFDAR (R.A),12783
REMOVED_DUPLICATE,Maktaba Jibreel (PDF Archive),7852,Tanqeed or Haq e Tanqeed By SHEIKH MUHAMMAD YUSUF LUDHYANVI (R.A),12784
REMOVED_DUPLICATE,Maktaba Jibreel (PDF Archive),7855,Taqiya Na Kijiye By SHEIKH ALLAMA KHALID MEHMOOD,12787
REMOVED_DUPLICATE,Maktaba Jibreel (PDF Archive),7857,Taqwa Kay Inamaat,12791
REMOVED_DUPLICATE,Maktaba Jibreel (PDF Archive),7858,Taqwiat ul Eeman (Version 1) Translation By Sheikh Abul Hasan Ali Nadvi (RA),12794
REMOVED_DUPLICATE,Maktaba Jibreel (PDF Archive),7859,Taqwiat-Ul-Eemaan (Version 2) By SHEIKH SHAH ISMAIL SHAHEED (R.A),12795
REMOVED_DUPLICATE,Maktaba Jibreel (PDF Archive),7860,Taqwiat-ul-Iman Tarjuma Hawashi,12796
REMOVED_DUPLICATE,Maktaba Jibreel (PDF Archive),7862,Taraweeh Ke Ahm Masail Aur Uskay 20 Rakaat Ka Saboot By SHEIKH ABDUR RAUF SAKHARVI,12798
REMOVED_DUPLICATE,Maktaba Jibreel (PDF Archive),7863,tarbiat-e-ashaqan-e-khuda-ac5,12799
REMOVED_DUPLICATE,Maktaba Jibreel (PDF Archive),7864,Tarbiyat e Aulaad by SHEIKH ASHRAF ALI THANVI (RA),12800
REMOVED_DUPLICATE,Maktaba Jibreel (PDF Archive),7867,Tareekh e Meelad By HAFIZ HAKEEM ABDUSH SHAKOOR MIRZAPURI,12809
REMOVED_DUPLICATE,Maktaba Jibreel (PDF Archive),7868,Tareekh e Shia By SHEIKH HAFIZ MEHR MUHAMMD MIANWALVI,12810
REMOVED_DUPLICATE,Maktaba Jibreel (PDF Archive),7869,Tareekh Habibi wa Tazkhra Murshadee (Life History of Hazrat Khawaja Gesudraz) By SHEIKH ABDUL AZIZ WAIZI,12818
REMOVED_DUPLICATE,Maktaba Jibreel (PDF Archive),7870,Tareekh o Tazkarah e Khanqah Sirajia By Muhammad Nazeer Ranjha,12819
REMOVED_DUPLICATE,Maktaba Jibreel (PDF Archive),7871,Tareekh Tadween e Hadith By SHEIKH ABDUR RASHEED NOMANI,12820
REMOVED_DUPLICATE,Maktaba Jibreel (PDF Archive),7872,Tareekh Ul Quran By Sheikh Qazi Abdus Samad Sarim,12821
REMOVED_DUPLICATE,Maktaba Jibreel (PDF Archive),7873,Tareekh ut Tafseer By Sheikh Qazi Abdus Samad Sarim,12822
REMOVED_DUPLICATE,Maktaba Jibreel (PDF Archive),7906,Tareekhi-dustaveez,12855
REMOVED_DUPLICATE,Maktaba Jibreel (PDF Archive),7913,Tareqah Jadedah Vol 1 Dar Ul Uloom,12863
REMOVED_DUPLICATE,Maktaba Jibreel (PDF Archive),7914,Tareqah Jadedah Vol 2 Dar Ul Uloom,12864
REMOVED_DUPLICATE,Maktaba Jibreel (PDF Archive),7919,Tas&#39;heel Qasdus Sabeel By SHEIKH ASHRAF ALI THANVI (R.A),12885
REMOVED_DUPLICATE,Maktaba Jibreel (PDF Archive),7920,Tasawwuf Kia Hai By SHEIKH MUHAMMAD MANZOOR NOMANI (R.A),12886
REMOVED_DUPLICATE,Maktaba Jibreel (PDF Archive),7921,Tasawwuf wa Sulook By SHEIKH ZULFIQAR AHMAD NAQSHBANDI,12887
REMOVED_DUPLICATE,Maktaba Jibreel (PDF Archive),7922,Tasfia tul Aqaid By SHEIKH MUHAMMAD QASIM NANOTVI (R.A),12888
REMOVED_DUPLICATE,Maktaba Jibreel (PDF Archive),7923,Tasheel Ul Adab Faroqia,12889
REMOVED_DUPLICATE,Maktaba Jibreel (PDF Archive),7924,Tasheel Ul Darasah Meer Muhammad,12890
REMOVED_DUPLICATE,Maktaba Jibreel (PDF Archive),7925,Tasheel ul Islah by SHEIKH ASHRAF ALI THANVI (RA),12891
REMOVED_DUPLICATE,Maktaba Jibreel (PDF Archive),7926,Tasheel Ul Mantiq Bait Ul Ilm,12892
REMOVED_DUPLICATE,Maktaba Jibreel (PDF Archive),7927,Tasheel Ul Mebzi Qademi,12893
REMOVED_DUPLICATE,Maktaba Jibreel (PDF Archive),7928,Tasheel Ul Mubtadi Al Bushra Color,12894
REMOVED_DUPLICATE,Maktaba Jibreel (PDF Archive),7929,Tasheel Ul Mubtadi Al Bushra,12895
REMOVED_DUPLICATE,Maktaba Jibreel (PDF Archive),7930,Tasheel Ul Nahw Qademi,12896
REMOVED_DUPLICATE,Maktaba Jibreel (PDF Archive),7940,Taskeen us Sudoor By SHEIKH SARFRAZ KHAN SAFDAR (R.A),12906
REMOVED_DUPLICATE,Maktaba Jibreel (PDF Archive),7943,Tasveer Bari Saaf Hai Sabhi Jaan Gaye By SHEIKH HAFIZ ABDUL QUDDUS QARAN,12910
REMOVED_DUPLICATE,Maktaba Jibreel (PDF Archive),7945,Tatheer e Ramadhan by SHEIKH ASHRAF ALI THANVI (RA),12912
REMOVED_DUPLICATE,Maktaba Jibreel (PDF Archive),7946,Tauba Ki Haqeeqat Aur Ahmiyat By SHEIKH MUFTI RAFI USMANI,12913
REMOVED_DUPLICATE,Maktaba Jibreel (PDF Archive),7948,Taubah Kaisay Karain By Sheikh Abdus Sattar,12915
REMOVED_DUPLICATE,Maktaba Jibreel (PDF Archive),7949,Tauheen e Risalat Aur Iski Saza By SHEIKH MUFTI JAMEEL AHMAD THANVI (R.A),12917
REMOVED_DUPLICATE,Maktaba Jibreel (PDF Archive),7950,Tauzih ul Maraam Fi Nuzool e Maseeh (A.S) By SHEIKH SARFRAZ KHAN SAFDAR (R.A),12918
REMOVED_DUPLICATE,Maktaba Jibreel (PDF Archive),7951,Tawakkul Ki Ahmiyat By SHEIKH MUFTI TAQI USMANI,12919
REMOVED_DUPLICATE,Maktaba Jibreel (PDF Archive),7952,Tawassul Aur Istaghasa Beghair ALLAH Aur Ghair Muqallideen Ka Mazhab By SHEIKH MUFTI MEHMOOD HASAN BULANDSHEHRI,12920
REMOVED_DUPLICATE,Maktaba Jibreel (PDF Archive),7953,Tawzeeh Ul Mebzi Imdadia,12921
REMOVED_DUPLICATE,Maktaba Jibreel (PDF Archive),7954,Tayamun By SHEIKH MUFTI RASHEED AHMAD FARIDI,12922
REMOVED_DUPLICATE,Maktaba Jibreel (PDF Archive),7955,Tayeed Mazhab Ahle Sunnat (RADD E RAWAFIZ) By SHEIKH MUJADDID ALIF THANI (RA),12923
REMOVED_DUPLICATE,Maktaba Jibreel (PDF Archive),7957,Tazeem ul Shaair by SHEIKH ASHRAF ALI THANVI (RA),12924
REMOVED_DUPLICATE,Maktaba Jibreel (PDF Archive),7958,Tazkar e Mahmood (Collected By) Muhammad Farooq Qureshi,12925
REMOVED_DUPLICATE,Maktaba Jibreel (PDF Archive),7959,tazkara-mujahideen-KN,12926
REMOVED_DUPLICATE,Maktaba Jibreel (PDF Archive),7962,Tazkirah Sheikh Syed Ahmad Shaheed (r.a) By Sheikh Hamza Hasni Nadvi,12930
REMOVED_DUPLICATE,Maktaba Jibreel (PDF Archive),7963,Tazkirat al Rashid By SHEIKH HAKEEM MASOOD AHMAD,12931
REMOVED_DUPLICATE,Maktaba Jibreel (PDF Archive),7965,Teen Talaq Ka Masala By SHEIKH MUFTI MUHAMMAD SALMAN MASOORPURI,12932
REMOVED_DUPLICATE,Maktaba Jibreel (PDF Archive),7966,Teesri Jang e Azeem Aur Dajjal By SHEIKH UMAR ASIM,12934
REMOVED_DUPLICATE,Maktaba Jibreel (PDF Archive),7967,Tehfeez ul Quran by SHEIKH MUSHARRAF ALI THANVI (RA),12935
REMOVED_DUPLICATE,Maktaba Jibreel (PDF Archive),7969,Tipu Sultan Shaheed,12946
REMOVED_DUPLICATE,Maktaba Jibreel (PDF Archive),7970,Tohfa E Ahle Hadith VOL 1 By SHEIKH ABU BILAL MUHAMMAD ISMAIL MUHAMMADI,12947
REMOVED_DUPLICATE,Maktaba Jibreel (PDF Archive),7971,Tohfa E Ahle Hadith VOL 2 By SHEIKH ABU BILAL MUHAMMAD ISMAIL MUHAMMADI,12948
REMOVED_DUPLICATE,Maktaba Jibreel (PDF Archive),7972,Tohfa E Ahle Hadith VOL 3 By SHEIKH ABU BILAL MUHAMMAD ISMAIL MUHAMMADI,12949
REMOVED_DUPLICATE,Maktaba Jibreel (PDF Archive),7973,Tohfa e Ghamdi By SHEIKH MUFTI ABDUL WAHID,12950
REMOVED_DUPLICATE,Maktaba Jibreel (PDF Archive),7975,Tohfa e Naqshbandiyah By Sheikh Muhammad Iqbal Khan,12952
REMOVED_DUPLICATE,Maktaba Jibreel (PDF Archive),7976,Tohfa e Nikah by Sheikh Muhammad Ibrahim Palanpuri,12953
REMOVED_DUPLICATE,Maktaba Jibreel (PDF Archive),7983,Tohfa e Ramadhan Fazail o Masail By SHEIKH ASHRAF ALI THANVI (R.A),12960
REMOVED_DUPLICATE,Maktaba Jibreel (PDF Archive),7984,Tohfa tul Akhyar By SHEIKH HAFIZ MEHR MUHAMMD MIANWALVI,12961
REMOVED_DUPLICATE,Maktaba Jibreel (PDF Archive),7986,Tufha Ithna Ashariyya,12964
REMOVED_DUPLICATE,Maktaba Jibreel (PDF Archive),7988,Tuhfa E Namaz By SHEIKH SYED MUMTAZ AHMAD SHAH,12966
REMOVED_DUPLICATE,Maktaba Jibreel (PDF Archive),8003,Turk E Gunah By SHEIKH MUFTI RASHEED AHMAD LUDHYANVI (R.A).pdf,12981
REMOVED_DUPLICATE,Maktaba Jibreel (PDF Archive),8004,TV Aur Azab e Qabar By SHEIKH MUFTI ABDUR RAUF SAKHARVI,12982
REMOVED_DUPLICATE,Maktaba Jibreel (PDF Archive),8005,Ulama e Deoband Ka Taqwa By SHEIKH MUHAMMAD ZAKARIYYA KANDHELVI,12984
REMOVED_DUPLICATE,Maktaba Jibreel (PDF Archive),8006,Ulama e Deoband Ka Deeni Rukh Aur Maslaki Mizaj By SHEIKH QARI MUHAMMD TAYYAB (R.A),12985
REMOVED_DUPLICATE,Maktaba Jibreel (PDF Archive),8007,Ulama e Deoband Ki Khidmaat Ka Ijmali Jaiza,12986
REMOVED_DUPLICATE,Maktaba Jibreel (PDF Archive),8008,Ulama e Deoband Muaasireen Ki Nazar Mein By SHEIKH JAVED USMAN MEMON,12987
REMOVED_DUPLICATE,Maktaba Jibreel (PDF Archive),8012,Uloom ul Quran By SHEIKH MUFTI MUHAMMAD TAQI USMANI,12992
REMOVED_DUPLICATE,Maktaba Jibreel (PDF Archive),8013,Uloom ul Quran By SHEIKH MUHAMMAD YUSUF BANORI,12993
REMOVED_DUPLICATE,Maktaba Jibreel (PDF Archive),8014,Uloom ul Quran By SHEIKH Shams ul Haq,12994
REMOVED_DUPLICATE,Maktaba Jibreel (PDF Archive),8015,Ulum ul-Quran by Muhaddith Allamah Yusuf Binori,12995
REMOVED_DUPLICATE,Maktaba Jibreel (PDF Archive),8016,Umda tul Asas Fi Hukm e Talaq e Salaas By SHEIKH SARFRAZ KHAN SAFDAR (R.A),12996
REMOVED_DUPLICATE,Maktaba Jibreel (PDF Archive),8017,Umeed-e-Rehmat-o-Maghfirat,12997
REMOVED_DUPLICATE,Maktaba Jibreel (PDF Archive),8019,Undalas Mein Chand Roz By Sheikh Mufti Taqi Usmani,13000
REMOVED_DUPLICATE,Maktaba Jibreel (PDF Archive),8020,Uqood Ul Durar Rashedia,13001
REMOVED_DUPLICATE,Maktaba Jibreel (PDF Archive),8021,Urdu Ka Aasaan Qaida By Sheikh Musa Sulaiman Karmadi,13006
REMOVED_DUPLICATE,Maktaba Jibreel (PDF Archive),8022,Urdu Lateefay (Doctor Mareez Hospital),13007
REMOVED_DUPLICATE,Maktaba Jibreel (PDF Archive),8025,Usool Ul Shashi Al Bushra,13010
REMOVED_DUPLICATE,Maktaba Jibreel (PDF Archive),8026,Usool Ul Shashi Al Mezan,13011
REMOVED_DUPLICATE,Maktaba Jibreel (PDF Archive),8027,Usool Ul Shashi Habebia,13012
REMOVED_DUPLICATE,Maktaba Jibreel (PDF Archive),8028,Uswa e Rasool e Akram (S.A.W) By SHEIKH MUHAMMD ABDUL HAI ARIFI,13013
REMOVED_DUPLICATE,Maktaba Jibreel (PDF Archive),8034,Waqai Hazrat Sheikh Syed Ahmad Shaheed (r.a) upto-page-1000,13021
REMOVED_DUPLICATE,Maktaba Jibreel (PDF Archive),8035,Waqai Hazrat Sheikh Syed Ahmad Shaheed (r.a) upto-page-1500,13022
REMOVED_DUPLICATE,Maktaba Jibreel (PDF Archive),8036,Waqai Hazrat Sheikh Syed Ahmad Shaheed (r.a) upto-page-2000,13023
REMOVED_DUPLICATE,Maktaba Jibreel (PDF Archive),8037,Waqai Hazrat Sheikh Syed Ahmad Shaheed (r.a) upto-page-2477,13024
REMOVED_DUPLICATE,Maktaba Jibreel (PDF Archive),8038,Waqai Hazrat Sheikh Syed Ahmad Shaheed (r.a) upto-page-500,13025
REMOVED_DUPLICATE,Maktaba Jibreel (PDF Archive),8039,Waqiaat o Lataaif By SHEIKH ABDUR RAHMAN RASHID,13026
REMOVED_DUPLICATE,Maktaba Jibreel (PDF Archive),8040,Wirasat Ki Taqseem By SHEIKH MUFTI ABDUR RAUF SAKHARVI,13027
REMOVED_DUPLICATE,Maktaba Jibreel (PDF Archive),8041,Wudoo Durust Kijiyay By SHEIKH ABDUR RAUF SAKHARVI,13028
REMOVED_DUPLICATE,Maktaba Jibreel (PDF Archive),8042,Wuzu Ka Masnoon Tareeqa By SHEIKH HAFIZ ABDUL QUDDUS KHAN QARAN,13029
REMOVED_DUPLICATE,Maktaba Jibreel (PDF Archive),8047,Yadgar e Ghalib By Maulana Altaf Husain Hali,13035
REMOVED_DUPLICATE,Maktaba Jibreel (PDF Archive),8048,Yahoodi Protocols 1,13036
REMOVED_DUPLICATE,Maktaba Jibreel (PDF Archive),8049,Yahoodi Protocols 2,13037
REMOVED_DUPLICATE,Maktaba Jibreel (PDF Archive),8051,Yazeed Ki Shaksiyat Ahl e Sunnat Ki Nazar Mein By SHEIKH MUHAMMAD ABDUR RASHEED NOMANI,13040
REMOVED_DUPLICATE,Maktaba Jibreel (PDF Archive),8052,Yusuf-Kazzab-Aik-Jhoota-Aur-Makkar-Mudiye-Nabuwwat by Brigadier-Aslam-Malik,13042
REMOVED_DUPLICATE,Maktaba Jibreel (PDF Archive),8053,Yusuf-Kazzab-Ka-Anjaam-Nov-2002,13043
REMOVED_DUPLICATE,Maktaba Jibreel (PDF Archive),8054,Zaad As Saeed By SHEIKH FAZLUR RAHEEM,13044
REMOVED_DUPLICATE,Maktaba Jibreel (PDF Archive),8058,Zabda Tul Hawashi Rashedia,13048
REMOVED_DUPLICATE,Maktaba Jibreel (PDF Archive),8059,Zad Ul Talibeen Al Bushra Color,13049
REMOVED_DUPLICATE,Maktaba Jibreel (PDF Archive),8060,Zad Ul Talibeen Al Bushra,13050
REMOVED_DUPLICATE,Maktaba Jibreel (PDF Archive),8061,zaferullahkhan-qad,13051
REMOVED_DUPLICATE,Maktaba Jibreel (PDF Archive),8062,Zaid Hamid Jhoota Hai Ya Poori Pakistani Qaum,13052
REMOVED_DUPLICATE,Maktaba Jibreel (PDF Archive),8063,Zaid Hamid Ki Haqeeqat By SHEIKH SAEED AHMAD JALALPURI,13053
REMOVED_DUPLICATE,Maktaba Jibreel (PDF Archive),8065,Zakat Ke Masaail Ka Encyclopedia By SHEIKH MUHAMMAD INAMUL HAQ QASMI,13055
REMOVED_DUPLICATE,Maktaba Jibreel (PDF Archive),8066,Zakat Ke Mukhtasar Masail By SHEIKH MUFTI ABDULLAH NOMANI,13056
REMOVED_DUPLICATE,Maktaba Jibreel (PDF Archive),8067,Zakat Kis Tarah Ada Karain By SHEIKH MUFTI TAQI USMANI,13057
REMOVED_DUPLICATE,Maktaba Jibreel (PDF Archive),8069,Zakhira e Islami Maloomat Part-1 By SHEIKH MUHAMMAD GHUFRAN KERANVI,13059
REMOVED_DUPLICATE,Maktaba Jibreel (PDF Archive),8070,Zalzala Dar Zalzala By SHEIKH NAJAMUDDIN AHYAI,13060
REMOVED_DUPLICATE,Maktaba Jibreel (PDF Archive),8071,Zanjani Habibia,13061
REMOVED_DUPLICATE,Maktaba Jibreel (PDF Archive),8072,Zanjani Rashedia,13062
REMOVED_DUPLICATE,Maktaba Jibreel (PDF Archive),8073,Zarooriyat e Deen by DARUL ULOOM DEOBAND,13063
REMOVED_DUPLICATE,Maktaba Jibreel (PDF Archive),8074,Zia Ul Nujoom Haqqania,13064
REMOVED_DUPLICATE,Maktaba Jibreel (PDF Archive),8077,Zikri Firqah By SHEIKH RASHEED AHMAD (R.A),13068
REMOVED_DUPLICATE,Maktaba Jibreel (PDF Archive),8078,Zikri Kharij e Islam Hain,13069
REMOVED_DUPLICATE,Maktaba Jibreel (PDF Archive),8079,ZikrULLAH K Fazail By SHEIKH MUFTI TAQI USMANI,13070
REMOVED_DUPLICATE,Maktaba Jibreel (PDF Archive),8081,Zikrullah Ki Kasrat Kijiye By Sheikh Ashiq Ilahi Madni (r.a),13072
REMOVED_DUPLICATE,Maktaba Jibreel (PDF Archive),8082,Zubdat us Sulook By SHEIKH ZULFIQAR AHMAD NAQSHBANDI,13073
REMOVED_DUPLICATE,Maktaba Jibreel (PDF Archive),9144,AAJ_KA_SABAQ,9853
REMOVED_DUPLICATE,Maktaba Jibreel (PDF Archive),9145,AANSUON_KA_SAMANDAR,9862
REMOVED_DUPLICATE,Maktaba Jibreel (PDF Archive),9146,AAP_BITI_VOL_1,9864
REMOVED_DUPLICATE,Maktaba Jibreel (PDF Archive),9147,AAP_BITI_VOL_2,9865
REMOVED_DUPLICATE,Maktaba Jibreel (PDF Archive),9148,AAP_KAY_MASAIL_OR_UNKA_HAL_VOL_3,9868
REMOVED_DUPLICATE,Maktaba Jibreel (PDF Archive),9149,AAP_KAY_MASAIL_OR_UNKA_HAL_VOL_4,9869
REMOVED_DUPLICATE,Maktaba Jibreel (PDF Archive),9150,AAP_KAY_MASAIL_OR_UNKA_HAL_VOL_5,9870
REMOVED_DUPLICATE,Maktaba Jibreel (PDF Archive),9154,ADYAAN_E_BATILAH_OR_SIRAAT_E_MUSTAQEEM,9904
REMOVED_DUPLICATE,Maktaba Jibreel (PDF Archive),9155,AFTAAB_E_NABOWAT,9907
REMOVED_DUPLICATE,Maktaba Jibreel (PDF Archive),9156,AHKAAM_E_ISLAAM_AQAL_KI_NAZAR_MEN,9916
REMOVED_DUPLICATE,Maktaba Jibreel (PDF Archive),9157,AHKAM_E_MAYYAT,9919
REMOVED_DUPLICATE,Maktaba Jibreel (PDF Archive),9158,AHL_E_DIL_KAY_ANMOOL_AQWAAL,9925
REMOVED_DUPLICATE,Maktaba Jibreel (PDF Archive),9160,AHSAN_UL_BAYAAN_VOL_1,9939
REMOVED_DUPLICATE,Maktaba Jibreel (PDF Archive),9161,AHSAN_UL_BAYAAN_VOL_2,9940
REMOVED_DUPLICATE,Maktaba Jibreel (PDF Archive),9162,AHSAN_UL_BAYAAN_VOL_3,9941
REMOVED_DUPLICATE,Maktaba Jibreel (PDF Archive),9163,AHSAN_UL_BAYAAN_VOL_4,9942
REMOVED_DUPLICATE,Maktaba Jibreel (PDF Archive),9164,AHSAN_UL_BAYAAN_VOL_5,9943
REMOVED_DUPLICATE,Maktaba Jibreel (PDF Archive),9165,AHSAN_UL_BAYAAN_VOL_6,9944
REMOVED_DUPLICATE,Maktaba Jibreel (PDF Archive),9166,AHSAN_UL_BAYAAN_VOL_7,9945
REMOVED_DUPLICATE,Maktaba Jibreel (PDF Archive),9167,AHSAN_UL_BAYAAN_VOL_8,9946
REMOVED_DUPLICATE,Maktaba Jibreel (PDF Archive),9168,AHSAN_UL_FATAWA_VOL_01,9947
REMOVED_DUPLICATE,Maktaba Jibreel (PDF Archive),9169,AHSAN_UL_FATAWA_VOL_03,9949
REMOVED_DUPLICATE,Maktaba Jibreel (PDF Archive),9170,AHSAN_UL_FATAWA_VOL_04,9950
REMOVED_DUPLICATE,Maktaba Jibreel (PDF Archive),9171,AHSAN_UL_FATAWA_VOL_05,9951
REMOVED_DUPLICATE,Maktaba Jibreel (PDF Archive),9172,AHSAN_UL_FATAWA_VOL_06,9952
REMOVED_DUPLICATE,Maktaba Jibreel (PDF Archive),9173,AHSAN_UL_FATAWA_VOL_07,9953
REMOVED_DUPLICATE,Maktaba Jibreel (PDF Archive),9174,AHSAN_UL_FATAWA_VOL_09,9955
REMOVED_DUPLICATE,Maktaba Jibreel (PDF Archive),9175,AHSAN_UL_FATAWA_VOL_10,9956
REMOVED_DUPLICATE,Maktaba Jibreel (PDF Archive),9176,AHWAAL_US_SADIQEEN,9962
REMOVED_DUPLICATE,Maktaba Jibreel (PDF Archive),9177,AIK_HAZAR_ANMOL_MOTI_VOL_1,9968
REMOVED_DUPLICATE,Maktaba Jibreel (PDF Archive),9178,AIK_HAZAR_ANMOL_MOTI_VOL_2,9969
REMOVED_DUPLICATE,Maktaba Jibreel (PDF Archive),9179,AIK_HAZAR_ANMOL_MOTI_VOL_3,9970
REMOVED_DUPLICATE,Maktaba Jibreel (PDF Archive),9180,AIK_HAZAR_ANMOL_MOTI_VOL_4,9971
REMOVED_DUPLICATE,Maktaba Jibreel (PDF Archive),9181,AIK_HAZAR_ANMOL_MOTI_VOL_5,9972
REMOVED_DUPLICATE,Maktaba Jibreel (PDF Archive),9182,AIK_HAZAR_ANMOL_MOTI_VOL_6,9973
REMOVED_DUPLICATE,Maktaba Jibreel (PDF Archive),9183,AIYY_EMAAN_KI_FIKAR_KEJIY,9977
REMOVED_DUPLICATE,Maktaba Jibreel (PDF Archive),9184,AIYY_NAMAZ_SEKHEIY,9978
REMOVED_DUPLICATE,Maktaba Jibreel (PDF Archive),9188,AL_KHASAIS_UL_KUBRA_VOL_1,10147
REMOVED_DUPLICATE,Maktaba Jibreel (PDF Archive),9189,AL_KHASAIS_UL_KUBRA_VOL_2,10148
REMOVED_DUPLICATE,Maktaba Jibreel (PDF Archive),9190,ALAMAAT_E_QAYAMAT_OR_NUZOOL_E_MASEEH_(A.S),10178
REMOVED_DUPLICATE,Maktaba Jibreel (PDF Archive),9193,ANWAAR_UL_BARI_VOL_01_02,10208
REMOVED_DUPLICATE,Maktaba Jibreel (PDF Archive),9195,ASAAN_FIQHI_MASAIL,10261
REMOVED_DUPLICATE,Maktaba Jibreel (PDF Archive),9197,ASHRAF_US_SAWANEH_VOL_1,10284
REMOVED_DUPLICATE,Maktaba Jibreel (PDF Archive),9198,ASHRAF_US_SAWANEH_VOL_2,10285
REMOVED_DUPLICATE,Maktaba Jibreel (PDF Archive),9199,ASHRAF_US_SAWANEH_VOL_4,10286
REMOVED_DUPLICATE,Maktaba Jibreel (PDF Archive),9200,ASHRAF_UT_TAFASEER_VOL_1,10287
REMOVED_DUPLICATE,Maktaba Jibreel (PDF Archive),9201,ASHRAF_UT_TAFASEER_VOL_2,10288
REMOVED_DUPLICATE,Maktaba Jibreel (PDF Archive),9202,ASHRAF_UT_TAFASEER_VOL_3,10289
REMOVED_DUPLICATE,Maktaba Jibreel (PDF Archive),9203,ASHRAF_UT_TAFASEER_VOL_4,10290
REMOVED_DUPLICATE,Maktaba Jibreel (PDF Archive),9204,AYAAT_E_MUTAARIZA_OR_UNKA_HAL,10335
REMOVED_DUPLICATE,Maktaba Jibreel (PDF Archive),9206,BIBLE_SAY_QURAN_TAK_VOL_1,10406
REMOVED_DUPLICATE,Maktaba Jibreel (PDF Archive),9207,BIBLE_SAY_QURAN_TAK_VOL_2,10407
REMOVED_DUPLICATE,Maktaba Jibreel (PDF Archive),9208,BIBLE_SAY_QURAN_TAK_VOL_3,10408
REMOVED_DUPLICATE,Maktaba Jibreel (PDF Archive),9212,DARS_E_HADITH_VOL_01,10462
REMOVED_DUPLICATE,Maktaba Jibreel (PDF Archive),9213,DARS_E_HADITH_VOL_02,10463
REMOVED_DUPLICATE,Maktaba Jibreel (PDF Archive),9214,DARS_E_HADITH_VOL_03,10464
REMOVED_DUPLICATE,Maktaba Jibreel (PDF Archive),9215,DARS_E_HADITH_VOL_04,10465
REMOVED_DUPLICATE,Maktaba Jibreel (PDF Archive),9216,DARS_E_HADITH_VOL_05,10466
REMOVED_DUPLICATE,Maktaba Jibreel (PDF Archive),9217,DARS_E_HADITH_VOL_06,10467
REMOVED_DUPLICATE,Maktaba Jibreel (PDF Archive),9218,DARS_E_HADITH_VOL_07,10468
REMOVED_DUPLICATE,Maktaba Jibreel (PDF Archive),9219,DARS_E_HADITH_VOL_08,10469
REMOVED_DUPLICATE,Maktaba Jibreel (PDF Archive),9220,DARS_E_HADITH_VOL_09,10470
REMOVED_DUPLICATE,Maktaba Jibreel (PDF Archive),9221,DARS_E_HADITH_VOL_11,10472
REMOVED_DUPLICATE,Maktaba Jibreel (PDF Archive),9222,DARS_E_HADITH_VOL_12,10473
REMOVED_DUPLICATE,Maktaba Jibreel (PDF Archive),9223,DARS_E_QURAAN_VOL_1,10475
REMOVED_DUPLICATE,Maktaba Jibreel (PDF Archive),9224,DARS_E_QURAAN_VOL_4,10476
REMOVED_DUPLICATE,Maktaba Jibreel (PDF Archive),9225,DARS_E_QURAAN_VOL_5,10477
REMOVED_DUPLICATE,Maktaba Jibreel (PDF Archive),9226,DARS_E_QURAAN_VOL_6,10478
REMOVED_DUPLICATE,Maktaba Jibreel (PDF Archive),9227,DARS_E_TIRMEZI_VOL_1,10479
REMOVED_DUPLICATE,Maktaba Jibreel (PDF Archive),9228,DARS_E_TIRMEZI_VOL_2,10480
REMOVED_DUPLICATE,Maktaba Jibreel (PDF Archive),9229,DARS_E_TIRMEZI_VOL_3,10481
REMOVED_DUPLICATE,Maktaba Jibreel (PDF Archive),9259,FATAWA_ALAMGEERI_VOL_01,10635
REMOVED_DUPLICATE,Maktaba Jibreel (PDF Archive),9260,FATAWA_ALAMGEERI_VOL_02,10636
REMOVED_DUPLICATE,Maktaba Jibreel (PDF Archive),9261,FATAWA_ALAMGEERI_VOL_03,10637
REMOVED_DUPLICATE,Maktaba Jibreel (PDF Archive),9262,FATAWA_ALAMGEERI_VOL_04,10638
REMOVED_DUPLICATE,Maktaba Jibreel (PDF Archive),9263,FATAWA_ALAMGEERI_VOL_05,10639
REMOVED_DUPLICATE,Maktaba Jibreel (PDF Archive),9264,FATAWA_ALAMGEERI_VOL_06,10640
REMOVED_DUPLICATE,Maktaba Jibreel (PDF Archive),9265,FATAWA_ALAMGEERI_VOL_07,10641
REMOVED_DUPLICATE,Maktaba Jibreel (PDF Archive),9266,FATAWA_ALAMGEERI_VOL_08,10642
REMOVED_DUPLICATE,Maktaba Jibreel (PDF Archive),9267,FATAWA_ALAMGEERI_VOL_09,10643
REMOVED_DUPLICATE,Maktaba Jibreel (PDF Archive),9268,FATAWA_ALAMGEERI_VOL_10,10644
REMOVED_DUPLICATE,Maktaba Jibreel (PDF Archive),9269,FATAWA_AZEZE,10645
REMOVED_DUPLICATE,Maktaba Jibreel (PDF Archive),9270,FATAWA_BAIYINAAT_VOL_1,10646
REMOVED_DUPLICATE,Maktaba Jibreel (PDF Archive),9271,FATAWA_BAIYINAAT_VOL_2,10647
REMOVED_DUPLICATE,Maktaba Jibreel (PDF Archive),9272,FATAWA_BAIYINAAT_VOL_3,10648
REMOVED_DUPLICATE,Maktaba Jibreel (PDF Archive),9273,FATAWA_BAIYINAAT_VOL_4,10649
REMOVED_DUPLICATE,Maktaba Jibreel (PDF Archive),9274,FATAWA_DAR_UL_ULOOM_KARACHI_VOL_1,10651
REMOVED_DUPLICATE,Maktaba Jibreel (PDF Archive),9275,FATAWA_DAR_UL_ULOOM_ZAKARIYA_VOL_1,10652
REMOVED_DUPLICATE,Maktaba Jibreel (PDF Archive),9276,FATAWA_DAR_UL_ULOOM_ZAKARIYA_VOL_2,10653
REMOVED_DUPLICATE,Maktaba Jibreel (PDF Archive),9277,FATAWA_DAR_UL_ULOOM_ZAKARIYA_VOL_3,10654
REMOVED_DUPLICATE,Maktaba Jibreel (PDF Archive),9278,FATAWA_DAR_UL_ULOOM_ZAKARIYA_VOL_4,10655
REMOVED_DUPLICATE,Maktaba Jibreel (PDF Archive),9279,Fatawa_Dar_ulloom_Deoband_Vol_03,10656
REMOVED_DUPLICATE,Maktaba Jibreel (PDF Archive),9280,Fatawa_Dar_ulloom_Deoband_Vol_04,10657
REMOVED_DUPLICATE,Maktaba Jibreel (PDF Archive),9281,Fatawa_Dar_ulloom_Deoband_Vol_05,10658
REMOVED_DUPLICATE,Maktaba Jibreel (PDF Archive),9282,Fatawa_Dar_ulloom_Deoband_Vol_06,10659
REMOVED_DUPLICATE,Maktaba Jibreel (PDF Archive),9283,Fatawa_Dar_ulloom_Deoband_Vol_07,10660
REMOVED_DUPLICATE,Maktaba Jibreel (PDF Archive),9284,Fatawa_Dar_ulloom_Deoband_Vol_08,10661
REMOVED_DUPLICATE,Maktaba Jibreel (PDF Archive),9285,Fatawa_Dar_ulloom_Deoband_Vol_09,10662
REMOVED_DUPLICATE,Maktaba Jibreel (PDF Archive),9286,Fatawa_Dar_ulloom_Deoband_Vol_1,10663
REMOVED_DUPLICATE,Maktaba Jibreel (PDF Archive),9287,Fatawa_Dar_ulloom_Deoband_Vol_10,10664
REMOVED_DUPLICATE,Maktaba Jibreel (PDF Archive),9288,Fatawa_Dar_ulloom_Deoband_Vol_11,10665
REMOVED_DUPLICATE,Maktaba Jibreel (PDF Archive),9289,Fatawa_Dar_ulloom_Deoband_Vol_12,10666
REMOVED_DUPLICATE,Maktaba Jibreel (PDF Archive),9290,Fatawa_Dar_ulloom_Deoband_Vol_13,10667
REMOVED_DUPLICATE,Maktaba Jibreel (PDF Archive),9291,Fatawa_Dar_ulloom_Deoband_Vol_2,10668
REMOVED_DUPLICATE,Maktaba Jibreel (PDF Archive),9292,FATAWA_EBAD_UR_RAHMAN_VOL_1,10669
REMOVED_DUPLICATE,Maktaba Jibreel (PDF Archive),9293,FATAWA_FAREDIYAH_VOL_1,10670
REMOVED_DUPLICATE,Maktaba Jibreel (PDF Archive),9294,FATAWA_FAREDIYAH_VOL_2,10671
REMOVED_DUPLICATE,Maktaba Jibreel (PDF Archive),9295,FATAWA_FAREDIYAH_VOL_3,10672
REMOVED_DUPLICATE,Maktaba Jibreel (PDF Archive),9296,FATAWA_FAREDIYAH_VOL_4,10673
REMOVED_DUPLICATE,Maktaba Jibreel (PDF Archive),9297,FATAWA_FAREDIYAH_VOL_5,10674
REMOVED_DUPLICATE,Maktaba Jibreel (PDF Archive),9298,FATAWA_HAQQANIYAH_VOL_1,10675
REMOVED_DUPLICATE,Maktaba Jibreel (PDF Archive),9299,FATAWA_HAQQANIYAH_VOL_2,10676
REMOVED_DUPLICATE,Maktaba Jibreel (PDF Archive),9300,FATAWA_HAQQANIYAH_VOL_3,10677
REMOVED_DUPLICATE,Maktaba Jibreel (PDF Archive),9301,FATAWA_HAQQANIYAH_VOL_4,10678
REMOVED_DUPLICATE,Maktaba Jibreel (PDF Archive),9302,FATAWA_HAQQANIYAH_VOL_5,10679
REMOVED_DUPLICATE,Maktaba Jibreel (PDF Archive),9303,FATAWA_HAQQANIYAH_VOL_6,10680
REMOVED_DUPLICATE,Maktaba Jibreel (PDF Archive),9304,FATAWA_MAHMOODIAH_VOL_01,10681
REMOVED_DUPLICATE,Maktaba Jibreel (PDF Archive),9305,FATAWA_MAHMOODIAH_VOL_02,10682
REMOVED_DUPLICATE,Maktaba Jibreel (PDF Archive),9306,FATAWA_MAHMOODIAH_VOL_03,10683
REMOVED_DUPLICATE,Maktaba Jibreel (PDF Archive),9307,FATAWA_MAHMOODIAH_VOL_04,10684
REMOVED_DUPLICATE,Maktaba Jibreel (PDF Archive),9308,FATAWA_MAHMOODIAH_VOL_05,10685
REMOVED_DUPLICATE,Maktaba Jibreel (PDF Archive),9309,FATAWA_MAHMOODIAH_VOL_06,10686
REMOVED_DUPLICATE,Maktaba Jibreel (PDF Archive),9310,FATAWA_MAHMOODIAH_VOL_07,10687
REMOVED_DUPLICATE,Maktaba Jibreel (PDF Archive),9311,FATAWA_MAHMOODIAH_VOL_08,10688
REMOVED_DUPLICATE,Maktaba Jibreel (PDF Archive),9312,FATAWA_MAHMOODIAH_VOL_09,10689
REMOVED_DUPLICATE,Maktaba Jibreel (PDF Archive),9313,FATAWA_MAHMOODIAH_VOL_10,10690
REMOVED_DUPLICATE,Maktaba Jibreel (PDF Archive),9314,FATAWA_MAHMOODIAH_VOL_11,10691
REMOVED_DUPLICATE,Maktaba Jibreel (PDF Archive),9315,FATAWA_MAHMOODIAH_VOL_12,10692
REMOVED_DUPLICATE,Maktaba Jibreel (PDF Archive),9316,FATAWA_MAHMOODIAH_VOL_13,10693
REMOVED_DUPLICATE,Maktaba Jibreel (PDF Archive),9317,FATAWA_MAHMOODIAH_VOL_14,10694
REMOVED_DUPLICATE,Maktaba Jibreel (PDF Archive),9318,FATAWA_MAHMOODIAH_VOL_15,10695
REMOVED_DUPLICATE,Maktaba Jibreel (PDF Archive),9319,FATAWA_MAHMOODIAH_VOL_16,10696
REMOVED_DUPLICATE,Maktaba Jibreel (PDF Archive),9320,FATAWA_MAHMOODIAH_VOL_17,10697
REMOVED_DUPLICATE,Maktaba Jibreel (PDF Archive),9321,FATAWA_MAHMOODIAH_VOL_18,10698
REMOVED_DUPLICATE,Maktaba Jibreel (PDF Archive),9322,FATAWA_MAHMOODIAH_VOL_19,10699
REMOVED_DUPLICATE,Maktaba Jibreel (PDF Archive),9323,FATAWA_MAHMOODIAH_VOL_20,10700
REMOVED_DUPLICATE,Maktaba Jibreel (PDF Archive),9324,FATAWA_MAHMOODIAH_VOL_21,10701
REMOVED_DUPLICATE,Maktaba Jibreel (PDF Archive),9325,FATAWA_MAHMOODIAH_VOL_22,10702
REMOVED_DUPLICATE,Maktaba Jibreel (PDF Archive),9326,FATAWA_MAHMOODIAH_VOL_23,10703
REMOVED_DUPLICATE,Maktaba Jibreel (PDF Archive),9327,FATAWA_MAHMOODIAH_VOL_24,10704
REMOVED_DUPLICATE,Maktaba Jibreel (PDF Archive),9328,FATAWA_MAZAHIR_E_ULOOM_VOL_1,10706
REMOVED_DUPLICATE,Maktaba Jibreel (PDF Archive),9329,FATAWA_MUFTI_MAHMOOD_VOL_01,10707
REMOVED_DUPLICATE,Maktaba Jibreel (PDF Archive),9330,FATAWA_MUFTI_MAHMOOD_VOL_02,10708
REMOVED_DUPLICATE,Maktaba Jibreel (PDF Archive),9331,FATAWA_MUFTI_MAHMOOD_VOL_03,10709
REMOVED_DUPLICATE,Maktaba Jibreel (PDF Archive),9332,FATAWA_MUFTI_MAHMOOD_VOL_04,10710
REMOVED_DUPLICATE,Maktaba Jibreel (PDF Archive),9333,FATAWA_MUFTI_MAHMOOD_VOL_05,10711
REMOVED_DUPLICATE,Maktaba Jibreel (PDF Archive),9334,FATAWA_MUFTI_MAHMOOD_VOL_06,10712
REMOVED_DUPLICATE,Maktaba Jibreel (PDF Archive),9335,FATAWA_MUFTI_MAHMOOD_VOL_07,10713
REMOVED_DUPLICATE,Maktaba Jibreel (PDF Archive),9336,FATAWA_MUFTI_MAHMOOD_VOL_08,10714
REMOVED_DUPLICATE,Maktaba Jibreel (PDF Archive),9337,FATAWA_MUFTI_MAHMOOD_VOL_09,10715
REMOVED_DUPLICATE,Maktaba Jibreel (PDF Archive),9338,FATAWA_MUFTI_MAHMOOD_VOL_10,10716
REMOVED_DUPLICATE,Maktaba Jibreel (PDF Archive),9339,FATAWA_MUFTI_MAHMOOD_VOL_11,10717
REMOVED_DUPLICATE,Maktaba Jibreel (PDF Archive),9340,FATAWA_RAHEMIAH_VOL_01,10718
REMOVED_DUPLICATE,Maktaba Jibreel (PDF Archive),9341,FATAWA_RAHEMIAH_VOL_02,10719
REMOVED_DUPLICATE,Maktaba Jibreel (PDF Archive),9342,FATAWA_RAHEMIAH_VOL_03,10720
REMOVED_DUPLICATE,Maktaba Jibreel (PDF Archive),9343,FATAWA_RAHEMIAH_VOL_04,10721
REMOVED_DUPLICATE,Maktaba Jibreel (PDF Archive),9344,FATAWA_RAHEMIAH_VOL_05,10722
REMOVED_DUPLICATE,Maktaba Jibreel (PDF Archive),9345,FATAWA_RAHEMIAH_VOL_06,10723
REMOVED_DUPLICATE,Maktaba Jibreel (PDF Archive),9346,FATAWA_RAHEMIAH_VOL_07,10724
REMOVED_DUPLICATE,Maktaba Jibreel (PDF Archive),9347,FATAWA_RAHEMIAH_VOL_08,10725
REMOVED_DUPLICATE,Maktaba Jibreel (PDF Archive),9348,FATAWA_RAHEMIAH_VOL_09,10726
REMOVED_DUPLICATE,Maktaba Jibreel (PDF Archive),9349,FATAWA_RAHEMIAH_VOL_10,10727
REMOVED_DUPLICATE,Maktaba Jibreel (PDF Archive),9350,FATAWA_RASHEDIAH,10728
REMOVED_DUPLICATE,Maktaba Jibreel (PDF Archive),9351,FATAWA_USMANI_VOL_1,10729
REMOVED_DUPLICATE,Maktaba Jibreel (PDF Archive),9352,FATAWA_USMANI_VOL_2,10730
REMOVED_DUPLICATE,Maktaba Jibreel (PDF Archive),9353,FATAWA_USMANI_VOL_3,10731
REMOVED_DUPLICATE,Maktaba Jibreel (PDF Archive),9357,GULDASTA_E_TAFASEER_VOL_1,10842
REMOVED_DUPLICATE,Maktaba Jibreel (PDF Archive),9358,GULDASTA_E_TAFASEER_VOL_2,10843
REMOVED_DUPLICATE,Maktaba Jibreel (PDF Archive),9359,GULDASTA_E_TAFASEER_VOL_3,10844
REMOVED_DUPLICATE,Maktaba Jibreel (PDF Archive),9360,GULDASTA_E_TAFASEER_VOL_7,10847
REMOVED_DUPLICATE,Maktaba Jibreel (PDF Archive),9363,HIKAYAAT_E_AOLIYA,10972
REMOVED_DUPLICATE,Maktaba Jibreel (PDF Archive),9367,IMDAD_UL_AHKAAM_VOL_1_Part1,11065
REMOVED_DUPLICATE,Maktaba Jibreel (PDF Archive),9368,IMDAD_UL_AHKAAM_VOL_1_Part2,11066
REMOVED_DUPLICATE,Maktaba Jibreel (PDF Archive),9369,IMDAD_UL_AHKAAM_VOL_2_Part1,11067
REMOVED_DUPLICATE,Maktaba Jibreel (PDF Archive),9370,IMDAD_UL_AHKAAM_VOL_2_Part2,11068
REMOVED_DUPLICATE,Maktaba Jibreel (PDF Archive),9371,IMDAD_UL_AHKAAM_VOL_3,11069
REMOVED_DUPLICATE,Maktaba Jibreel (PDF Archive),9372,IMDAD_UL_AHKAAM_VOL_4,11070
REMOVED_DUPLICATE,Maktaba Jibreel (PDF Archive),9373,IMDAD_UL_FATAWA_VOL_1,11071
REMOVED_DUPLICATE,Maktaba Jibreel (PDF Archive),9374,IMDAD_UL_FATAWA_VOL_2,11072
REMOVED_DUPLICATE,Maktaba Jibreel (PDF Archive),9375,IMDAD_UL_FATAWA_VOL_3,11073
REMOVED_DUPLICATE,Maktaba Jibreel (PDF Archive),9376,IMDAD_UL_FATAWA_VOL_4,11074
REMOVED_DUPLICATE,Maktaba Jibreel (PDF Archive),9377,IMDAD_UL_FATAWA_VOL_5,11075
REMOVED_DUPLICATE,Maktaba Jibreel (PDF Archive),9378,IMDAD_UL_FATAWA_VOL_6,11076
REMOVED_DUPLICATE,Maktaba Jibreel (PDF Archive),9381,IRFAAN_E_MUHABBAT_VOL_1,11097
REMOVED_DUPLICATE,Maktaba Jibreel (PDF Archive),9382,IRFAAN_E_MUHABBAT_VOL_2,11098
REMOVED_DUPLICATE,Maktaba Jibreel (PDF Archive),9383,IRFAAN_E_MUHABBAT_VOL_3,11099
REMOVED_DUPLICATE,Maktaba Jibreel (PDF Archive),9387,ISLAAM_OR_HAMARI_ZINDAGI_VOL_01,11118
REMOVED_DUPLICATE,Maktaba Jibreel (PDF Archive),9388,ISLAAM_OR_HAMARI_ZINDAGI_VOL_03,11120
REMOVED_DUPLICATE,Maktaba Jibreel (PDF Archive),9389,ISLAAM_OR_HAMARI_ZINDAGI_VOL_04,11121
REMOVED_DUPLICATE,Maktaba Jibreel (PDF Archive),9390,ISLAAM_OR_HAMARI_ZINDAGI_VOL_05,11122
REMOVED_DUPLICATE,Maktaba Jibreel (PDF Archive),9391,ISLAAM_OR_HAMARI_ZINDAGI_VOL_06,11123
REMOVED_DUPLICATE,Maktaba Jibreel (PDF Archive),9392,ISLAAM_OR_HAMARI_ZINDAGI_VOL_07,11124
REMOVED_DUPLICATE,Maktaba Jibreel (PDF Archive),9393,ISLAAM_OR_HAMARI_ZINDAGI_VOL_08,11125
REMOVED_DUPLICATE,Maktaba Jibreel (PDF Archive),9394,ISLAAM_OR_HAMARI_ZINDAGI_VOL_09,11126
REMOVED_DUPLICATE,Maktaba Jibreel (PDF Archive),9395,ISLAAM_OR_HAMARI_ZINDAGI_VOL_10,11127
REMOVED_DUPLICATE,Maktaba Jibreel (PDF Archive),9396,ISLAAM_OR_JADEED_MUASHI_MASAIL_VOL_1,11128
REMOVED_DUPLICATE,Maktaba Jibreel (PDF Archive),9397,ISLAAM_OR_JADEED_MUASHI_MASAIL_VOL_2,11129
REMOVED_DUPLICATE,Maktaba Jibreel (PDF Archive),9398,ISLAAM_OR_JADEED_MUASHI_MASAIL_VOL_3,11130
REMOVED_DUPLICATE,Maktaba Jibreel (PDF Archive),9399,ISLAAM_OR_JADEED_MUASHI_MASAIL_VOL_4,11131
REMOVED_DUPLICATE,Maktaba Jibreel (PDF Archive),9400,ISLAAM_OR_JADEED_MUASHI_MASAIL_VOL_5,11132
REMOVED_DUPLICATE,Maktaba Jibreel (PDF Archive),9401,ISLAAM_OR_JADEED_MUASHI_MASAIL_VOL_6,11133
REMOVED_DUPLICATE,Maktaba Jibreel (PDF Archive),9402,ISLAAM_OR_JADEED_MUASHI_MASAIL_VOL_7,11134
REMOVED_DUPLICATE,Maktaba Jibreel (PDF Archive),9403,ISLAAM_OR_JADEED_MUASHI_MASAIL_VOL_8,11135
REMOVED_DUPLICATE,Maktaba Jibreel (PDF Archive),9404,ISLAAM_OR_MAUSIQI,11136
REMOVED_DUPLICATE,Maktaba Jibreel (PDF Archive),9405,ISLAAM_OR_SIYASAT,11137
REMOVED_DUPLICATE,Maktaba Jibreel (PDF Archive),9406,ISLAAM_OR_SIYASI_NAZARIYAAT,11138
REMOVED_DUPLICATE,Maktaba Jibreel (PDF Archive),9407,ISLAAMI_BANKARI_OR_ULAMA,11144
REMOVED_DUPLICATE,Maktaba Jibreel (PDF Archive),9411,ISLAM_MEN_AORAT_KA_DARJA_OR_USKAY_HUQOOQ_O_FARAIZ,11197
REMOVED_DUPLICATE,Maktaba Jibreel (PDF Archive),9412,ISLAMI_EBATAAD,11205
REMOVED_DUPLICATE,Maktaba Jibreel (PDF Archive),9413,Jadeed_Fiqhi_Mabahis_Vol_1,11224
REMOVED_DUPLICATE,Maktaba Jibreel (PDF Archive),9414,JADEED_FIQHI_MABAHIS_VOL_10,11225
REMOVED_DUPLICATE,Maktaba Jibreel (PDF Archive),9415,Jadeed_Fiqhi_Mabahis_Vol_11,11226
REMOVED_DUPLICATE,Maktaba Jibreel (PDF Archive),9416,Jadeed_Fiqhi_Mabahis_Vol_12,11227
REMOVED_DUPLICATE,Maktaba Jibreel (PDF Archive),9417,Jadeed_Fiqhi_Mabahis_Vol_13,11228
REMOVED_DUPLICATE,Maktaba Jibreel (PDF Archive),9418,Jadeed_Fiqhi_Mabahis_Vol_14,11229
REMOVED_DUPLICATE,Maktaba Jibreel (PDF Archive),9419,Jadeed_Fiqhi_Mabahis_Vol_15,11230
REMOVED_DUPLICATE,Maktaba Jibreel (PDF Archive),9420,Jadeed_Fiqhi_Mabahis_Vol_16,11231
REMOVED_DUPLICATE,Maktaba Jibreel (PDF Archive),9421,Jadeed_Fiqhi_Mabahis_Vol_17,11232
REMOVED_DUPLICATE,Maktaba Jibreel (PDF Archive),9422,Jadeed_Fiqhi_Mabahis_Vol_18,11233
REMOVED_DUPLICATE,Maktaba Jibreel (PDF Archive),9423,Jadeed_Fiqhi_Mabahis_Vol_19,11234
REMOVED_DUPLICATE,Maktaba Jibreel (PDF Archive),9424,Jadeed_Fiqhi_Mabahis_Vol_2,11235
REMOVED_DUPLICATE,Maktaba Jibreel (PDF Archive),9425,Jadeed_Fiqhi_Mabahis_Vol_20,11236
REMOVED_DUPLICATE,Maktaba Jibreel (PDF Archive),9426,Jadeed_Fiqhi_Mabahis_Vol_21,11237
REMOVED_DUPLICATE,Maktaba Jibreel (PDF Archive),9427,Jadeed_Fiqhi_Mabahis_Vol_22_B,11239
REMOVED_DUPLICATE,Maktaba Jibreel (PDF Archive),9428,Jadeed_Fiqhi_Mabahis_Vol_23,11240
REMOVED_DUPLICATE,Maktaba Jibreel (PDF Archive),9429,Jadeed_Fiqhi_Mabahis_Vol_23_A,11241
REMOVED_DUPLICATE,Maktaba Jibreel (PDF Archive),9430,Jadeed_Fiqhi_Mabahis_Vol_24,11243
REMOVED_DUPLICATE,Maktaba Jibreel (PDF Archive),9431,Jadeed_Fiqhi_Mabahis_Vol_25_A,11244
REMOVED_DUPLICATE,Maktaba Jibreel (PDF Archive),9432,Jadeed_Fiqhi_Mabahis_Vol_25_B,11245
REMOVED_DUPLICATE,Maktaba Jibreel (PDF Archive),9433,Jadeed_Fiqhi_Mabahis_Vol_26,11246
REMOVED_DUPLICATE,Maktaba Jibreel (PDF Archive),9434,Jadeed_Fiqhi_Mabahis_Vol_27,11247
REMOVED_DUPLICATE,Maktaba Jibreel (PDF Archive),9435,Jadeed_Fiqhi_Mabahis_Vol_28,11248
REMOVED_DUPLICATE,Maktaba Jibreel (PDF Archive),9436,Jadeed_Fiqhi_Mabahis_Vol_29_A,11249
REMOVED_DUPLICATE,Maktaba Jibreel (PDF Archive),9437,Jadeed_Fiqhi_Mabahis_Vol_29_B,11250
REMOVED_DUPLICATE,Maktaba Jibreel (PDF Archive),9438,Jadeed_Fiqhi_Mabahis_Vol_3,11251
REMOVED_DUPLICATE,Maktaba Jibreel (PDF Archive),9439,Jadeed_Fiqhi_Mabahis_Vol_30,11252
REMOVED_DUPLICATE,Maktaba Jibreel (PDF Archive),9440,Jadeed_Fiqhi_Mabahis_Vol_31,11253
REMOVED_DUPLICATE,Maktaba Jibreel (PDF Archive),9441,Jadeed_Fiqhi_Mabahis_Vol_4,11254
REMOVED_DUPLICATE,Maktaba Jibreel (PDF Archive),9442,Jadeed_Fiqhi_Mabahis_Vol_5,11255
REMOVED_DUPLICATE,Maktaba Jibreel (PDF Archive),9443,Jadeed_Fiqhi_Mabahis_Vol_6,11256
REMOVED_DUPLICATE,Maktaba Jibreel (PDF Archive),9444,Jadeed_Fiqhi_Mabahis_Vol_8,11257
REMOVED_DUPLICATE,Maktaba Jibreel (PDF Archive),9445,Jadeed_Fiqhi_Mabahis_Vol_9,11258
REMOVED_DUPLICATE,Maktaba Jibreel (PDF Archive),9446,JADEED_FIQHI_MASAIL_VOL_1,11259
REMOVED_DUPLICATE,Maktaba Jibreel (PDF Archive),9447,JADEED_FIQHI_MASAIL_VOL_2,11260
REMOVED_DUPLICATE,Maktaba Jibreel (PDF Archive),9448,JADEED_FIQHI_MASAIL_VOL_3,11261
REMOVED_DUPLICATE,Maktaba Jibreel (PDF Archive),9449,JADEED_FIQHI_MASAIL_VOL_4,11262
REMOVED_DUPLICATE,Maktaba Jibreel (PDF Archive),9450,JADEED_FIQHI_MASAIL_VOL_5,11263
REMOVED_DUPLICATE,Maktaba Jibreel (PDF Archive),9451,JADEED_MUAMLAAT_KAY_SHARE_AHKAAM_VOL_1,11264
REMOVED_DUPLICATE,Maktaba Jibreel (PDF Archive),9452,JADEED_MUAMLAAT_KAY_SHARE_AHKAAM_VOL_2,11265
REMOVED_DUPLICATE,Maktaba Jibreel (PDF Archive),9453,JADEED_MUAMLAAT_KAY_SHARE_AHKAAM_VOL_3,11266
REMOVED_DUPLICATE,Maktaba Jibreel (PDF Archive),9454,JAME_UL_FATAWA_VOL_01,11290
REMOVED_DUPLICATE,Maktaba Jibreel (PDF Archive),9455,JAME_UL_FATAWA_VOL_02,11291
REMOVED_DUPLICATE,Maktaba Jibreel (PDF Archive),9456,JAME_UL_FATAWA_VOL_03,11292
REMOVED_DUPLICATE,Maktaba Jibreel (PDF Archive),9457,JAME_UL_FATAWA_VOL_04,11293
REMOVED_DUPLICATE,Maktaba Jibreel (PDF Archive),9458,JAME_UL_FATAWA_VOL_05,11294
REMOVED_DUPLICATE,Maktaba Jibreel (PDF Archive),9459,JAME_UL_FATAWA_VOL_06,11295
REMOVED_DUPLICATE,Maktaba Jibreel (PDF Archive),9460,JAME_UL_FATAWA_VOL_07,11296
REMOVED_DUPLICATE,Maktaba Jibreel (PDF Archive),9461,JAME_UL_FATAWA_VOL_08,11297
REMOVED_DUPLICATE,Maktaba Jibreel (PDF Archive),9462,JAME_UL_FATAWA_VOL_09,11298
REMOVED_DUPLICATE,Maktaba Jibreel (PDF Archive),9463,JAME_UL_FATAWA_VOL_10,11299
REMOVED_DUPLICATE,Maktaba Jibreel (PDF Archive),9464,JAME_UL_FATAWA_VOL_11,11300
REMOVED_DUPLICATE,Maktaba Jibreel (PDF Archive),9466,JAWAHIR_UL_FIQAH_VOL_1,11309
REMOVED_DUPLICATE,Maktaba Jibreel (PDF Archive),9467,JAWAHIR_UL_FIQAH_VOL_2,11310
REMOVED_DUPLICATE,Maktaba Jibreel (PDF Archive),9468,JAWAHIR_UL_FIQAH_VOL_3,11311
REMOVED_DUPLICATE,Maktaba Jibreel (PDF Archive),9469,JAWAHIR_UL_FIQAH_VOL_4,11312
REMOVED_DUPLICATE,Maktaba Jibreel (PDF Archive),9470,JAWAHIR_UL_FIQAH_VOL_6,11313
REMOVED_DUPLICATE,Maktaba Jibreel (PDF Archive),9471,JAWAHIR_UL_FIQAH_VOL_7,11314
REMOVED_DUPLICATE,Maktaba Jibreel (PDF Archive),9473,KANZ_UL_UMMAAL_VOL_01_02,11367
REMOVED_DUPLICATE,Maktaba Jibreel (PDF Archive),9474,KANZ_UL_UMMAAL_VOL_03_04,11368
REMOVED_DUPLICATE,Maktaba Jibreel (PDF Archive),9475,KANZ_UL_UMMAAL_VOL_05_06,11369
REMOVED_DUPLICATE,Maktaba Jibreel (PDF Archive),9476,KANZ_UL_UMMAAL_VOL_07_08,11370
REMOVED_DUPLICATE,Maktaba Jibreel (PDF Archive),9477,KANZ_UL_UMMAAL_VOL_09_10,11371
REMOVED_DUPLICATE,Maktaba Jibreel (PDF Archive),9478,KANZ_UL_UMMAAL_VOL_11_12,11372
REMOVED_DUPLICATE,Maktaba Jibreel (PDF Archive),9479,KANZ_UL_UMMAAL_VOL_13_14,11373
REMOVED_DUPLICATE,Maktaba Jibreel (PDF Archive),9480,KANZ_UL_UMMAAL_VOL_15_16,11374
REMOVED_DUPLICATE,Maktaba Jibreel (PDF Archive),9481,KHAIR_UL_FATAWA_VOL_1,11398
REMOVED_DUPLICATE,Maktaba Jibreel (PDF Archive),9482,KHAIR_UL_FATAWA_VOL_2,11399
REMOVED_DUPLICATE,Maktaba Jibreel (PDF Archive),9483,KHAIR_UL_FATAWA_VOL_3,11400
REMOVED_DUPLICATE,Maktaba Jibreel (PDF Archive),9484,KHAIR_UL_FATAWA_VOL_4,11401
REMOVED_DUPLICATE,Maktaba Jibreel (PDF Archive),9485,KHAIR_UL_FATAWA_VOL_5,11402
REMOVED_DUPLICATE,Maktaba Jibreel (PDF Archive),9486,KHAIR_UL_FATAWA_VOL_6,11403
REMOVED_DUPLICATE,Maktaba Jibreel (PDF Archive),9487,KHUSUSIYAAT_E_MUSTAFA_VOL_1,11453
REMOVED_DUPLICATE,Maktaba Jibreel (PDF Archive),9488,KHUSUSIYAAT_E_MUSTAFA_VOL_2,11454
REMOVED_DUPLICATE,Maktaba Jibreel (PDF Archive),9489,KHUSUSIYAAT_E_MUSTAFA_VOL_3,11455
REMOVED_DUPLICATE,Maktaba Jibreel (PDF Archive),9490,KHUSUSIYAAT_E_MUSTAFA_VOL_4,11456
REMOVED_DUPLICATE,Maktaba Jibreel (PDF Archive),9491,KHUTBAAT_APNY_AKABIR_KAY,11458
REMOVED_DUPLICATE,Maktaba Jibreel (PDF Archive),9492,KHUTBAAT_E_AHTISHAAM_VOL_1,11459
REMOVED_DUPLICATE,Maktaba Jibreel (PDF Archive),9493,KHUTBAAT_E_AHTISHAAM_VOL_2,11460
REMOVED_DUPLICATE,Maktaba Jibreel (PDF Archive),9494,KHUTBAAT_E_AHTISHAAM_VOL_3,11461
REMOVED_DUPLICATE,Maktaba Jibreel (PDF Archive),9495,KHUTBAAT_E_AHTISHAAM_VOL_4,11462
REMOVED_DUPLICATE,Maktaba Jibreel (PDF Archive),9496,KHUTBAAT_E_AHTISHAAM_VOL_5,11463
REMOVED_DUPLICATE,Maktaba Jibreel (PDF Archive),9497,KHUTBAAT_E_AHTISHAAM_VOL_6,11464
REMOVED_DUPLICATE,Maktaba Jibreel (PDF Archive),9498,KHUTBAAT_E_ALI_MIYAN_VOL_1,11465
REMOVED_DUPLICATE,Maktaba Jibreel (PDF Archive),9499,KHUTBAAT_E_ALI_MIYAN_VOL_2,11466
REMOVED_DUPLICATE,Maktaba Jibreel (PDF Archive),9500,KHUTBAAT_E_ALI_MIYAN_VOL_3,11467
REMOVED_DUPLICATE,Maktaba Jibreel (PDF Archive),9501,KHUTBAAT_E_ALI_MIYAN_VOL_4,11468
REMOVED_DUPLICATE,Maktaba Jibreel (PDF Archive),9502,KHUTBAAT_E_ALI_MIYAN_VOL_5,11469
REMOVED_DUPLICATE,Maktaba Jibreel (PDF Archive),9503,KHUTBAAT_E_ALI_MIYAN_VOL_6,11470
REMOVED_DUPLICATE,Maktaba Jibreel (PDF Archive),9504,KHUTBAAT_E_ALI_MIYAN_VOL_7,11471
REMOVED_DUPLICATE,Maktaba Jibreel (PDF Archive),9505,KHUTBAAT_E_ALI_MIYAN_VOL_8,11472
REMOVED_DUPLICATE,Maktaba Jibreel (PDF Archive),9506,KHUTBAAT_E_AMEER_E_SHAREAT,11473
REMOVED_DUPLICATE,Maktaba Jibreel (PDF Archive),9507,KHUTBAAT_E_FAQEER_VOL_01,11474
REMOVED_DUPLICATE,Maktaba Jibreel (PDF Archive),9508,KHUTBAAT_E_FAQEER_VOL_02,11475
REMOVED_DUPLICATE,Maktaba Jibreel (PDF Archive),9509,KHUTBAAT_E_FAQEER_VOL_03,11476
REMOVED_DUPLICATE,Maktaba Jibreel (PDF Archive),9510,KHUTBAAT_E_FAQEER_VOL_04,11477
REMOVED_DUPLICATE,Maktaba Jibreel (PDF Archive),9511,KHUTBAAT_E_FAQEER_VOL_05,11478
REMOVED_DUPLICATE,Maktaba Jibreel (PDF Archive),9512,KHUTBAAT_E_FAQEER_VOL_06,11479
REMOVED_DUPLICATE,Maktaba Jibreel (PDF Archive),9513,KHUTBAAT_E_FAQEER_VOL_07,11480
REMOVED_DUPLICATE,Maktaba Jibreel (PDF Archive),9514,KHUTBAAT_E_FAQEER_VOL_08,11481
REMOVED_DUPLICATE,Maktaba Jibreel (PDF Archive),9515,KHUTBAAT_E_FAQEER_VOL_09,11482
REMOVED_DUPLICATE,Maktaba Jibreel (PDF Archive),9516,KHUTBAAT_E_FAQEER_VOL_10,11483
REMOVED_DUPLICATE,Maktaba Jibreel (PDF Archive),9517,KHUTBAAT_E_FAQEER_VOL_12,11484
REMOVED_DUPLICATE,Maktaba Jibreel (PDF Archive),9518,KHUTBAAT_E_FAQEER_VOL_13,11485
REMOVED_DUPLICATE,Maktaba Jibreel (PDF Archive),9519,KHUTBAAT_E_FAQEER_VOL_14,11486
REMOVED_DUPLICATE,Maktaba Jibreel (PDF Archive),9520,KHUTBAAT_E_FAQEER_VOL_15,11487
REMOVED_DUPLICATE,Maktaba Jibreel (PDF Archive),9521,KHUTBAAT_E_FAQEER_VOL_16,11488
REMOVED_DUPLICATE,Maktaba Jibreel (PDF Archive),9522,KHUTBAAT_E_FAQEER_VOL_17,11489
REMOVED_DUPLICATE,Maktaba Jibreel (PDF Archive),9523,KHUTBAAT_E_FAQEER_VOL_18,11490
REMOVED_DUPLICATE,Maktaba Jibreel (PDF Archive),9524,KHUTBAAT_E_FAQEER_VOL_19,11491
REMOVED_DUPLICATE,Maktaba Jibreel (PDF Archive),9525,KHUTBAAT_E_FAQEER_VOL_20,11492
REMOVED_DUPLICATE,Maktaba Jibreel (PDF Archive),9526,KHUTBAAT_E_FAQEER_VOL_21,11493
REMOVED_DUPLICATE,Maktaba Jibreel (PDF Archive),9527,KHUTBAAT_E_FAQEER_VOL_22,11494
REMOVED_DUPLICATE,Maktaba Jibreel (PDF Archive),9528,KHUTBAAT_E_FAQEER_VOL_23,11495
REMOVED_DUPLICATE,Maktaba Jibreel (PDF Archive),9529,KHUTBAAT_E_FAQEER_VOL_24,11496
REMOVED_DUPLICATE,Maktaba Jibreel (PDF Archive),9530,KHUTBAAT_E_FAQEER_VOL_25,11497
REMOVED_DUPLICATE,Maktaba Jibreel (PDF Archive),9531,KHUTBAAT_E_FAQEER_VOL_26,11498
REMOVED_DUPLICATE,Maktaba Jibreel (PDF Archive),9532,KHUTBAAT_E_HAKEEM_UL_UMMAT_VOL_01,11504
REMOVED_DUPLICATE,Maktaba Jibreel (PDF Archive),9533,KHUTBAAT_E_HAKEEM_UL_UMMAT_VOL_02,11505
REMOVED_DUPLICATE,Maktaba Jibreel (PDF Archive),9534,KHUTBAAT_E_HAKEEM_UL_UMMAT_VOL_03,11506
REMOVED_DUPLICATE,Maktaba Jibreel (PDF Archive),9535,KHUTBAAT_E_HAKEEM_UL_UMMAT_VOL_04,11507
REMOVED_DUPLICATE,Maktaba Jibreel (PDF Archive),9536,KHUTBAAT_E_HAKEEM_UL_UMMAT_VOL_05,11508
REMOVED_DUPLICATE,Maktaba Jibreel (PDF Archive),9537,KHUTBAAT_E_HAKEEM_UL_UMMAT_VOL_06,11509
REMOVED_DUPLICATE,Maktaba Jibreel (PDF Archive),9538,KHUTBAAT_E_HAKEEM_UL_UMMAT_VOL_07,11510
REMOVED_DUPLICATE,Maktaba Jibreel (PDF Archive),9539,KHUTBAAT_E_HAKEEM_UL_UMMAT_VOL_08,11511
REMOVED_DUPLICATE,Maktaba Jibreel (PDF Archive),9540,KHUTBAAT_E_HAKEEM_UL_UMMAT_VOL_09,11512
REMOVED_DUPLICATE,Maktaba Jibreel (PDF Archive),9541,KHUTBAAT_E_HAKEEM_UL_UMMAT_VOL_10,11513
REMOVED_DUPLICATE,Maktaba Jibreel (PDF Archive),9542,KHUTBAAT_E_HAKEEM_UL_UMMAT_VOL_11,11514
REMOVED_DUPLICATE,Maktaba Jibreel (PDF Archive),9543,KHUTBAAT_E_HAKEEM_UL_UMMAT_VOL_12,11515
REMOVED_DUPLICATE,Maktaba Jibreel (PDF Archive),9544,KHUTBAAT_E_HAKEEM_UL_UMMAT_VOL_13,11516
REMOVED_DUPLICATE,Maktaba Jibreel (PDF Archive),9545,KHUTBAAT_E_HAKEEM_UL_UMMAT_VOL_14,11517
REMOVED_DUPLICATE,Maktaba Jibreel (PDF Archive),9546,KHUTBAAT_E_HAKEEM_UL_UMMAT_VOL_15,11518
REMOVED_DUPLICATE,Maktaba Jibreel (PDF Archive),9547,KHUTBAAT_E_HAKEEM_UL_UMMAT_VOL_16,11519
REMOVED_DUPLICATE,Maktaba Jibreel (PDF Archive),9548,KHUTBAAT_E_HAKEEM_UL_UMMAT_VOL_17,11520
REMOVED_DUPLICATE,Maktaba Jibreel (PDF Archive),9549,KHUTBAAT_E_HAKEEM_UL_UMMAT_VOL_18,11521
REMOVED_DUPLICATE,Maktaba Jibreel (PDF Archive),9550,KHUTBAAT_E_HAKEEM_UL_UMMAT_VOL_19,11522
REMOVED_DUPLICATE,Maktaba Jibreel (PDF Archive),9551,KHUTBAAT_E_HAKEEM_UL_UMMAT_VOL_20,11523
REMOVED_DUPLICATE,Maktaba Jibreel (PDF Archive),9552,KHUTBAAT_E_HAKEEM_UL_UMMAT_VOL_21,11524
REMOVED_DUPLICATE,Maktaba Jibreel (PDF Archive),9553,KHUTBAAT_E_HAKEEM_UL_UMMAT_VOL_22,11525
REMOVED_DUPLICATE,Maktaba Jibreel (PDF Archive),9554,KHUTBAAT_E_HAKEEM_UL_UMMAT_VOL_23,11526
REMOVED_DUPLICATE,Maktaba Jibreel (PDF Archive),9555,KHUTBAAT_E_HAKEEM_UL_UMMAT_VOL_24,11527
REMOVED_DUPLICATE,Maktaba Jibreel (PDF Archive),9556,KHUTBAAT_E_HAKEEM_UL_UMMAT_VOL_25,11528
REMOVED_DUPLICATE,Maktaba Jibreel (PDF Archive),9557,KHUTBAAT_E_HAKEEM_UL_UMMAT_VOL_26,11529
REMOVED_DUPLICATE,Maktaba Jibreel (PDF Archive),9558,KHUTBAAT_E_HAKEEM_UL_UMMAT_VOL_27,11530
REMOVED_DUPLICATE,Maktaba Jibreel (PDF Archive),9559,KHUTBAAT_E_HAKEEM_UL_UMMAT_VOL_28,11531
REMOVED_DUPLICATE,Maktaba Jibreel (PDF Archive),9560,KHUTBAAT_E_HAKEEM_UL_UMMAT_VOL_29,11532
REMOVED_DUPLICATE,Maktaba Jibreel (PDF Archive),9561,KHUTBAAT_E_HAKEEM_UL_UMMAT_VOL_30,11533
REMOVED_DUPLICATE,Maktaba Jibreel (PDF Archive),9562,KHUTBAAT_E_HAKEEM_UL_UMMAT_VOL_31,11534
REMOVED_DUPLICATE,Maktaba Jibreel (PDF Archive),9563,KHUTBAAT_E_JUMAH_VOL_1,11536
REMOVED_DUPLICATE,Maktaba Jibreel (PDF Archive),9564,KHUTBAAT_E_JUMAH_VOL_2,11537
REMOVED_DUPLICATE,Maktaba Jibreel (PDF Archive),9565,KHUTBAAT_E_MAHMOOD_VOL_1,11538
REMOVED_DUPLICATE,Maktaba Jibreel (PDF Archive),9566,KHUTBAAT_E_MAHMOOD_VOL_2,11539
REMOVED_DUPLICATE,Maktaba Jibreel (PDF Archive),9567,KHUTBAAT_E_MAHMOOD_VOL_3,11540
REMOVED_DUPLICATE,Maktaba Jibreel (PDF Archive),9568,KHUTBAAT_UL_RASHEED_VOL_1,11541
REMOVED_DUPLICATE,Maktaba Jibreel (PDF Archive),9569,KHUTBAAT_UL_RASHEED_VOL_2,11542
REMOVED_DUPLICATE,Maktaba Jibreel (PDF Archive),9570,KHUTBAAT_UL_RASHEED_VOL_3,11543
REMOVED_DUPLICATE,Maktaba Jibreel (PDF Archive),9571,KHUTBAAT_UL_RASHEED_VOL_4,11544
REMOVED_DUPLICATE,Maktaba Jibreel (PDF Archive),9572,KHUTBAAT_UL_RASHEED_VOL_5,11545
REMOVED_DUPLICATE,Maktaba Jibreel (PDF Archive),9573,KHUTBAAT_UL_RASHEED_VOL_6,11546
REMOVED_DUPLICATE,Maktaba Jibreel (PDF Archive),9574,KHUTBAAT_UL_RASHEED_VOL_7,11547
REMOVED_DUPLICATE,Maktaba Jibreel (PDF Archive),9575,KIFAYAT_UL_MUFTI_VOL_1,11563
REMOVED_DUPLICATE,Maktaba Jibreel (PDF Archive),9576,KIFAYAT_UL_MUFTI_VOL_2,11564
REMOVED_DUPLICATE,Maktaba Jibreel (PDF Archive),9577,KIFAYAT_UL_MUFTI_VOL_3,11565
REMOVED_DUPLICATE,Maktaba Jibreel (PDF Archive),9578,KIFAYAT_UL_MUFTI_VOL_4,11566
REMOVED_DUPLICATE,Maktaba Jibreel (PDF Archive),9579,KIFAYAT_UL_MUFTI_VOL_6,11567
REMOVED_DUPLICATE,Maktaba Jibreel (PDF Archive),9580,KIFAYAT_UL_MUFTI_VOL_7,11568
REMOVED_DUPLICATE,Maktaba Jibreel (PDF Archive),9581,KIFAYAT_UL_MUFTI_VOL_8,11569
REMOVED_DUPLICATE,Maktaba Jibreel (PDF Archive),9582,KIFAYAT_UL_MUFTI_VOL_9,11570
REMOVED_DUPLICATE,Maktaba Jibreel (PDF Archive),9583,KITAB_UL_FATAWA_VOL_1,11575
REMOVED_DUPLICATE,Maktaba Jibreel (PDF Archive),9584,KITAB_UL_FATAWA_VOL_2,11576
REMOVED_DUPLICATE,Maktaba Jibreel (PDF Archive),9585,KITAB_UL_FATAWA_VOL_3,11577
REMOVED_DUPLICATE,Maktaba Jibreel (PDF Archive),9586,KITAB_UL_FATAWA_VOL_4,11578
REMOVED_DUPLICATE,Maktaba Jibreel (PDF Archive),9587,KITAB_UL_FATAWA_VOL_5,11579
REMOVED_DUPLICATE,Maktaba Jibreel (PDF Archive),9588,KITAB_UL_FATAWA_VOL_6,11580
REMOVED_DUPLICATE,Maktaba Jibreel (PDF Archive),9589,MAARIF_UL_HADITH_VOL_1,11621
REMOVED_DUPLICATE,Maktaba Jibreel (PDF Archive),9590,MAARIF_UL_HADITH_VOL_2,11622
REMOVED_DUPLICATE,Maktaba Jibreel (PDF Archive),9591,MAARIF_UL_HADITH_VOL_3_4,11623
REMOVED_DUPLICATE,Maktaba Jibreel (PDF Archive),9592,MAARIF_UL_HADITH_VOL_5_6_7,11624
REMOVED_DUPLICATE,Maktaba Jibreel (PDF Archive),9593,MAARIF_UL_HADITH_VOL_8,11625
REMOVED_DUPLICATE,Maktaba Jibreel (PDF Archive),9594,MAARIF_UL_QURAN_KANDHELVI_VOL_1,11627
REMOVED_DUPLICATE,Maktaba Jibreel (PDF Archive),9595,MAARIF_UL_QURAN_KANDHELVI_VOL_2,11628
REMOVED_DUPLICATE,Maktaba Jibreel (PDF Archive),9596,MAARIF_UL_QURAN_KANDHELVI_VOL_3,11629
REMOVED_DUPLICATE,Maktaba Jibreel (PDF Archive),9597,MAARIF_UL_QURAN_KANDHELVI_VOL_4,11630
REMOVED_DUPLICATE,Maktaba Jibreel (PDF Archive),9598,MAARIF_UL_QURAN_KANDHELVI_VOL_5,11631
REMOVED_DUPLICATE,Maktaba Jibreel (PDF Archive),9599,MAARIF_UL_QURAN_KANDHELVI_VOL_6,11632
REMOVED_DUPLICATE,Maktaba Jibreel (PDF Archive),9600,MAARIF_UL_QURAN_KANDHELVI_VOL_7,11633
REMOVED_DUPLICATE,Maktaba Jibreel (PDF Archive),9601,MAARIF_UL_QURAN_KANDHELVI_VOL_8,11634
REMOVED_DUPLICATE,Maktaba Jibreel (PDF Archive),9602,MAARIF_UL_QURAN_VOL_1,11635
REMOVED_DUPLICATE,Maktaba Jibreel (PDF Archive),9603,MAARIF_UL_QURAN_VOL_2,11636
REMOVED_DUPLICATE,Maktaba Jibreel (PDF Archive),9604,MAARIF_UL_QURAN_VOL_3,11637
REMOVED_DUPLICATE,Maktaba Jibreel (PDF Archive),9605,MAARIF_UL_QURAN_VOL_4,11638
REMOVED_DUPLICATE,Maktaba Jibreel (PDF Archive),9606,MAARIF_UL_QURAN_VOL_5,11639
REMOVED_DUPLICATE,Maktaba Jibreel (PDF Archive),9607,MAARIF_UL_QURAN_VOL_6,11640
REMOVED_DUPLICATE,Maktaba Jibreel (PDF Archive),9608,MAARIF_UL_QURAN_VOL_7,11641
REMOVED_DUPLICATE,Maktaba Jibreel (PDF Archive),9609,MAARIF_UL_QURAN_VOL_8,11642
REMOVED_DUPLICATE,Maktaba Jibreel (PDF Archive),9610,MAJMOAH_E_MAQALAAT_VOL_1,11681
REMOVED_DUPLICATE,Maktaba Jibreel (PDF Archive),9611,MAJMOAH_E_MAQALAAT_VOL_2,11682
REMOVED_DUPLICATE,Maktaba Jibreel (PDF Archive),9612,MAJMOAH_E_MAQALAAT_VOL_3,11683
REMOVED_DUPLICATE,Maktaba Jibreel (PDF Archive),9614,MAQALAAT_E_USMANI_VOL_1,11755
REMOVED_DUPLICATE,Maktaba Jibreel (PDF Archive),9615,MAQALAAT_E_USMANI_VOL_2,11756
REMOVED_DUPLICATE,Maktaba Jibreel (PDF Archive),9616,MASAIL_E_RIFAT_QASMI_VOL_1,11792
REMOVED_DUPLICATE,Maktaba Jibreel (PDF Archive),9617,MASAIL_E_RIFAT_QASMI_VOL_2,11793
REMOVED_DUPLICATE,Maktaba Jibreel (PDF Archive),9618,MASAIL_E_RIFAT_QASMI_VOL_3,11794
REMOVED_DUPLICATE,Maktaba Jibreel (PDF Archive),9619,MASAIL_E_RIFAT_QASMI_VOL_4,11795
REMOVED_DUPLICATE,Maktaba Jibreel (PDF Archive),9620,MASAIL_E_RIFAT_QASMI_VOL_5,11796
REMOVED_DUPLICATE,Maktaba Jibreel (PDF Archive),9621,MASAIL_E_RIFAT_QASMI_VOL_7,11798
REMOVED_DUPLICATE,Maktaba Jibreel (PDF Archive),9628,NAJM_UL_FATAWA_VOL_1,12029
REMOVED_DUPLICATE,Maktaba Jibreel (PDF Archive),9629,NAJM_UL_FATAWA_VOL_2,12030
REMOVED_DUPLICATE,Maktaba Jibreel (PDF Archive),9630,NIZAM_UL_FATAWA_VOL_2,12074
REMOVED_DUPLICATE,Maktaba Jibreel (PDF Archive),9636,RAHMAT_TULLAH_HIL_WASIAH_VOL_1,12242
REMOVED_DUPLICATE,Maktaba Jibreel (PDF Archive),9637,RUHAMAA_O_BAINAHUM_VOL_1,12290
REMOVED_DUPLICATE,Maktaba Jibreel (PDF Archive),9638,RUHAMAA_O_BAINAHUM_VOL_2,12291
REMOVED_DUPLICATE,Maktaba Jibreel (PDF Archive),9639,RUHAMAA_O_BAINAHUM_VOL_3,12292
REMOVED_DUPLICATE,Maktaba Jibreel (PDF Archive),9640,RUHAMAA_O_BAINAHUM_VOL_4,12293
REMOVED_DUPLICATE,Maktaba Jibreel (PDF Archive),9642,SAHI_MUSLIM_SHAREEF_VOL_3,12328
REMOVED_DUPLICATE,Maktaba Jibreel (PDF Archive),9644,SEERAT_E_MUSTAFA_(S.A.W)_VOL_1,12393
REMOVED_DUPLICATE,Maktaba Jibreel (PDF Archive),9645,SEERAT_E_MUSTAFA_(S.A.W)_VOL_2,12394
REMOVED_DUPLICATE,Maktaba Jibreel (PDF Archive),9646,SEERAT_E_MUSTAFA_(S.A.W)_VOL_3,12395
REMOVED_DUPLICATE,Maktaba Jibreel (PDF Archive),9647,SEERAT_E_SARWAR_E_KAONAIN_VOL_1,12396
REMOVED_DUPLICATE,Maktaba Jibreel (PDF Archive),9648,SEERAT_E_SARWAR_E_KAONAIN_VOL_2,12397
REMOVED_DUPLICATE,Maktaba Jibreel (PDF Archive),9649,SEERAT_UL_HALBIYAH_VOL_1,12399
REMOVED_DUPLICATE,Maktaba Jibreel (PDF Archive),9650,SEERAT_UL_HALBIYAH_VOL_2,12400
REMOVED_DUPLICATE,Maktaba Jibreel (PDF Archive),9651,SEERAT_UL_HALBIYAH_VOL_3,12401
REMOVED_DUPLICATE,Maktaba Jibreel (PDF Archive),9652,SEERAT_UL_HALBIYAH_VOL_4,12402
REMOVED_DUPLICATE,Maktaba Jibreel (PDF Archive),9653,SEERAT_UL_HALBIYAH_VOL_5,12403
REMOVED_DUPLICATE,Maktaba Jibreel (PDF Archive),9654,SEERAT_UL_HALBIYAH_VOL_6,12404
REMOVED_DUPLICATE,Maktaba Jibreel (PDF Archive),9655,SEERAT_UN_NABI_(S.A.W)_VOL_1,12405
REMOVED_DUPLICATE,Maktaba Jibreel (PDF Archive),9656,SEERAT_UN_NABI_(S.A.W)_VOL_2,12406
REMOVED_DUPLICATE,Maktaba Jibreel (PDF Archive),9657,SEERAT_UN_NABI_(S.A.W)_VOL_3,12407
REMOVED_DUPLICATE,Maktaba Jibreel (PDF Archive),9658,SEERAT_UN_NABI_(S.A.W)_VOL_4,12408
REMOVED_DUPLICATE,Maktaba Jibreel (PDF Archive),9659,SEERAT_UN_NABI_IBN_E_HASHHAM_VOL_1,12409
REMOVED_DUPLICATE,Maktaba Jibreel (PDF Archive),9660,SEERAT_UN_NABI_IBN_E_HASHHAM_VOL_2,12410
REMOVED_DUPLICATE,Maktaba Jibreel (PDF Archive),9661,SEERAT_UN_NABI_IBN_E_HASHHAM_VOL_3,12411
REMOVED_DUPLICATE,Maktaba Jibreel (PDF Archive),9662,SEERAT_UN_NABI_QADAM_BA_QADAM_VOL_1,12412
REMOVED_DUPLICATE,Maktaba Jibreel (PDF Archive),9663,SEERAT_UN_NABI_QADAM_BA_QADAM_VOL_2,12413
REMOVED_DUPLICATE,Maktaba Jibreel (PDF Archive),9664,SHAMAIL_E_KUBRA_VOL_01_02,12440
REMOVED_DUPLICATE,Maktaba Jibreel (PDF Archive),9665,SHAMAIL_E_KUBRA_VOL_03_04,12441
REMOVED_DUPLICATE,Maktaba Jibreel (PDF Archive),9666,SHAMAIL_E_KUBRA_VOL_05_06,12442
REMOVED_DUPLICATE,Maktaba Jibreel (PDF Archive),9667,SHAMAIL_E_KUBRA_VOL_07_08,12443
REMOVED_DUPLICATE,Maktaba Jibreel (PDF Archive),9668,SHAMAIL_E_KUBRA_VOL_09_10,12444
REMOVED_DUPLICATE,Maktaba Jibreel (PDF Archive),9669,SHAMAIL_E_KUBRA_VOL_11,12445
REMOVED_DUPLICATE,Maktaba Jibreel (PDF Archive),9670,SHAMAIL_E_KUBRA_VOL_12,12446
REMOVED_DUPLICATE,Maktaba Jibreel (PDF Archive),9672,SUNAN_E_NASAI_SHAREEF_VOL_1,12586
REMOVED_DUPLICATE,Maktaba Jibreel (PDF Archive),9673,SUNAN_E_NASAI_SHAREEF_VOL_2,12587
REMOVED_DUPLICATE,Maktaba Jibreel (PDF Archive),9674,SUNAN_E_NASAI_SHAREEF_VOL_3,12588
REMOVED_DUPLICATE,Maktaba Jibreel (PDF Archive),9675,TABAQAAT_E_IBN_E_SAAD_VOL_1,12601
REMOVED_DUPLICATE,Maktaba Jibreel (PDF Archive),9676,TABAQAAT_E_IBN_E_SAAD_VOL_2,12602
REMOVED_DUPLICATE,Maktaba Jibreel (PDF Archive),9677,TABAQAAT_E_IBN_E_SAAD_VOL_3,12603
REMOVED_DUPLICATE,Maktaba Jibreel (PDF Archive),9713,TAFSEER_E_BAYAAN_UL_QURAN_VOL_1,12673
REMOVED_DUPLICATE,Maktaba Jibreel (PDF Archive),9714,TAFSEER_E_BAYAAN_UL_QURAN_VOL_2,12674
REMOVED_DUPLICATE,Maktaba Jibreel (PDF Archive),9715,TAFSEER_E_BAYAAN_UL_QURAN_VOL_3,12675
REMOVED_DUPLICATE,Maktaba Jibreel (PDF Archive),9716,TAFSEER_E_FAHM_E_QURAN_VOL_1,12676
REMOVED_DUPLICATE,Maktaba Jibreel (PDF Archive),9717,TAFSEER_E_FAHM_E_QURAN_VOL_2,12677
REMOVED_DUPLICATE,Maktaba Jibreel (PDF Archive),9718,TAFSEER_E_FAHM_E_QURAN_VOL_3,12678
REMOVED_DUPLICATE,Maktaba Jibreel (PDF Archive),9719,TAFSEER_E_IBN_E_KASEER_VOL_1,12682
REMOVED_DUPLICATE,Maktaba Jibreel (PDF Archive),9720,TAFSEER_E_IBN_E_KASEER_VOL_2,12683
REMOVED_DUPLICATE,Maktaba Jibreel (PDF Archive),9721,TAFSEER_E_IBN_E_KASEER_VOL_3,12684
REMOVED_DUPLICATE,Maktaba Jibreel (PDF Archive),9722,TAFSEER_E_IBN_E_KASEER_VOL_4,12685
REMOVED_DUPLICATE,Maktaba Jibreel (PDF Archive),9723,TAFSEER_E_IBN_E_KASEER_VOL_5,12686
REMOVED_DUPLICATE,Maktaba Jibreel (PDF Archive),9724,TAFSEER_E_JAMALAIN_VOL_1,12687
REMOVED_DUPLICATE,Maktaba Jibreel (PDF Archive),9725,TAFSEER_E_JAMALAIN_VOL_2,12688
REMOVED_DUPLICATE,Maktaba Jibreel (PDF Archive),9726,TAFSEER_E_JAMALAIN_VOL_3,12689
REMOVED_DUPLICATE,Maktaba Jibreel (PDF Archive),9727,TAFSEER_E_JAMALAIN_VOL_4,12690
REMOVED_DUPLICATE,Maktaba Jibreel (PDF Archive),9728,TAFSEER_E_JAMALAIN_VOL_5,12691
REMOVED_DUPLICATE,Maktaba Jibreel (PDF Archive),9729,TAFSEER_E_JAMALAIN_VOL_6,12692
REMOVED_DUPLICATE,Maktaba Jibreel (PDF Archive),9730,TAFSEER_E_KAMALAIN_VOL_1,12693
REMOVED_DUPLICATE,Maktaba Jibreel (PDF Archive),9731,TAFSEER_E_KAMALAIN_VOL_2,12694
REMOVED_DUPLICATE,Maktaba Jibreel (PDF Archive),9732,TAFSEER_E_KAMALAIN_VOL_3,12695
REMOVED_DUPLICATE,Maktaba Jibreel (PDF Archive),9733,TAFSEER_E_KAMALAIN_VOL_4,12696
REMOVED_DUPLICATE,Maktaba Jibreel (PDF Archive),9734,TAFSEER_E_KAMALAIN_VOL_5,12697
REMOVED_DUPLICATE,Maktaba Jibreel (PDF Archive),9735,TAFSEER_E_KAMALAIN_VOL_6_7,12698
REMOVED_DUPLICATE,Maktaba Jibreel (PDF Archive),9736,TAFSEER_E_MADARIK_LIN_NASAFI_VOL_1,12699
REMOVED_DUPLICATE,Maktaba Jibreel (PDF Archive),9737,TAFSEER_E_MADARIK_LIN_NASAFI_VOL_2,12700
REMOVED_DUPLICATE,Maktaba Jibreel (PDF Archive),9738,TAFSEER_E_MADARIK_LIN_NASAFI_VOL_3,12701
REMOVED_DUPLICATE,Maktaba Jibreel (PDF Archive),9739,TAFSEER_E_USMANI_VOL_1,12702
REMOVED_DUPLICATE,Maktaba Jibreel (PDF Archive),9740,TAFSEER_E_USMANI_VOL_2,12703
REMOVED_DUPLICATE,Maktaba Jibreel (PDF Archive),9741,TAFSEER_E_USMANI_VOL_3,12704
REMOVED_DUPLICATE,Maktaba Jibreel (PDF Archive),9746,TAJALLIYAAT_E_SAFDAR_VOL_2,12742
REMOVED_DUPLICATE,Maktaba Jibreel (PDF Archive),9747,TAJALLIYAAT_E_SAFDAR_VOL_3,12743
REMOVED_DUPLICATE,Maktaba Jibreel (PDF Archive),9748,TAJALLIYAAT_E_SAFDAR_VOL_4,12744
REMOVED_DUPLICATE,Maktaba Jibreel (PDF Archive),9749,TAJALLIYAAT_E_SAFDAR_VOL_5,12745
REMOVED_DUPLICATE,Maktaba Jibreel (PDF Archive),9750,TAJALLIYAAT_E_SAFDAR_VOL_6,12746
REMOVED_DUPLICATE,Maktaba Jibreel (PDF Archive),9751,TAJALLIYAAT_E_SAFDAR_VOL_7,12747
REMOVED_DUPLICATE,Maktaba Jibreel (PDF Archive),9752,TARBIYAT_E_ASHIQAAN_E_KHUDA,12801
REMOVED_DUPLICATE,Maktaba Jibreel (PDF Archive),9753,TAREEKH_E_DAWAT_O_AZEEMAT_VOL_1,12823
REMOVED_DUPLICATE,Maktaba Jibreel (PDF Archive),9754,TAREEKH_E_DAWAT_O_AZEEMAT_VOL_2,12824
REMOVED_DUPLICATE,Maktaba Jibreel (PDF Archive),9755,TAREEKH_E_DAWAT_O_AZEEMAT_VOL_3,12825
REMOVED_DUPLICATE,Maktaba Jibreel (PDF Archive),9756,TAREEKH_E_DAWAT_O_AZEEMAT_VOL_4,12826
REMOVED_DUPLICATE,Maktaba Jibreel (PDF Archive),9757,TAREEKH_E_DAWAT_O_AZEEMAT_VOL_5,12827
REMOVED_DUPLICATE,Maktaba Jibreel (PDF Archive),9758,Tareekh_e_Dawat_Wa_Azeemat_Vol_6,12828
REMOVED_DUPLICATE,Maktaba Jibreel (PDF Archive),9759,TAREEKH_E_IBN_E_KASEER_VOL_1,12829
REMOVED_DUPLICATE,Maktaba Jibreel (PDF Archive),9760,TAREEKH_E_IBN_E_KASEER_VOL_2,12830
REMOVED_DUPLICATE,Maktaba Jibreel (PDF Archive),9761,TAREEKH_E_IBN_E_KASEER_VOL_3,12831
REMOVED_DUPLICATE,Maktaba Jibreel (PDF Archive),9762,TAREEKH_E_IBN_E_KASEER_VOL_4,12832
REMOVED_DUPLICATE,Maktaba Jibreel (PDF Archive),9763,TAREEKH_E_IBN_E_KASEER_VOL_5,12833
REMOVED_DUPLICATE,Maktaba Jibreel (PDF Archive),9764,TAREEKH_E_IBN_E_KASEER_VOL_6,12834
REMOVED_DUPLICATE,Maktaba Jibreel (PDF Archive),9765,TAREEKH_E_IBN_E_KASEER_VOL_7_8,12835
REMOVED_DUPLICATE,Maktaba Jibreel (PDF Archive),9766,TAREEKH_E_IBN_E_KHALLIDOON_VOL_1,12836
REMOVED_DUPLICATE,Maktaba Jibreel (PDF Archive),9767,TAREEKH_E_IBN_E_KHALLIDOON_VOL_2,12837
REMOVED_DUPLICATE,Maktaba Jibreel (PDF Archive),9768,TAREEKH_E_IBN_E_KHALLIDOON_VOL_3,12838
REMOVED_DUPLICATE,Maktaba Jibreel (PDF Archive),9769,TAREEKH_E_IBN_E_KHALLIDOON_VOL_4,12839
REMOVED_DUPLICATE,Maktaba Jibreel (PDF Archive),9770,TAREEKH_E_IBN_E_KHALLIDOON_VOL_5,12840
REMOVED_DUPLICATE,Maktaba Jibreel (PDF Archive),9771,TAREEKH_E_IBN_E_KHALLIDOON_VOL_6,12841
REMOVED_DUPLICATE,Maktaba Jibreel (PDF Archive),9772,TAREEKH_E_IBN_E_KHALLIDOON_VOL_7,12842
REMOVED_DUPLICATE,Maktaba Jibreel (PDF Archive),9773,TAREEKH_E_IBN_E_KHALLIDOON_VOL_8,12843
REMOVED_DUPLICATE,Maktaba Jibreel (PDF Archive),9774,TAREEKH_E_ISLAAM_VOL_1,12844
REMOVED_DUPLICATE,Maktaba Jibreel (PDF Archive),9775,TAREEKH_E_ISLAAM_VOL_2,12845
REMOVED_DUPLICATE,Maktaba Jibreel (PDF Archive),9776,TAREEKH_E_ISLAAM_VOL_3,12846
REMOVED_DUPLICATE,Maktaba Jibreel (PDF Archive),9777,TAREEKH_E_TIBRI_VOL_1,12847
REMOVED_DUPLICATE,Maktaba Jibreel (PDF Archive),9778,TAREEKH_E_TIBRI_VOL_2,12848
REMOVED_DUPLICATE,Maktaba Jibreel (PDF Archive),9779,TAREEKH_E_TIBRI_VOL_3,12849
REMOVED_DUPLICATE,Maktaba Jibreel (PDF Archive),9780,TAREEKH_E_TIBRI_VOL_4,12850
REMOVED_DUPLICATE,Maktaba Jibreel (PDF Archive),9781,TAREEKH_E_TIBRI_VOL_5,12851
REMOVED_DUPLICATE,Maktaba Jibreel (PDF Archive),9782,TAREEKH_E_TIBRI_VOL_6,12852
REMOVED_DUPLICATE,Maktaba Jibreel (PDF Archive),9783,TAREEKH_E_TIBRI_VOL_7,12853
REMOVED_DUPLICATE,Maktaba Jibreel (PDF Archive),9786,TARJUMAN_US_SUNNAH_VOL_1,12881
REMOVED_DUPLICATE,Maktaba Jibreel (PDF Archive),9787,TARJUMAN_US_SUNNAH_VOL_2,12882
REMOVED_DUPLICATE,Maktaba Jibreel (PDF Archive),9788,TARJUMAN_US_SUNNAH_VOL_3,12883
REMOVED_DUPLICATE,Maktaba Jibreel (PDF Archive),9789,TARJUMAN_US_SUNNAH_VOL_4,12884
REMOVED_DUPLICATE,Maktaba Jibreel (PDF Archive),9790,TASHEEL_E_BAYAAN_UL_QURAN_Part1,12899
REMOVED_DUPLICATE,Maktaba Jibreel (PDF Archive),9791,TASHEEL_E_BAYAAN_UL_QURAN_Part2,12900
REMOVED_DUPLICATE,Maktaba Jibreel (PDF Archive),9792,TASHEEL_E_TARBIYAT_US_SALIK_VOL_1_PART_1,12901
REMOVED_DUPLICATE,Maktaba Jibreel (PDF Archive),9793,TASHEEL_E_TARBIYAT_US_SALIK_VOL_1_PART_2,12902
REMOVED_DUPLICATE,Maktaba Jibreel (PDF Archive),9794,TASHEEL_E_TARBIYAT_US_SALIK_VOL_2,12903
REMOVED_DUPLICATE,Maktaba Jibreel (PDF Archive),9795,TASHEEL_E_TARBIYAT_US_SALIK_VOL_3,12904
REMOVED_DUPLICATE,Maktaba Jibreel (PDF Archive),9805,TUHFA_TUL_MADAARIS_VOL_1,12977
REMOVED_DUPLICATE,Maktaba Jibreel (PDF Archive),9806,TUHFA_TUL_MADAARIS_VOL_2,12978
REMOVED_DUPLICATE,Maktaba Jibreel (PDF Archive),9807,TUHFA_TUL_MUSLIMEEN,12980
REMOVED_DUPLICATE,Maktaba Jibreel (PDF Archive),9808,ULAMA_E_DIOBAND_KAY_AAKHRI_LAMHAT_PART_2,12989
REMOVED_DUPLICATE,Maktaba Jibreel (PDF Archive),9810,USWA_E_RASOOL_E_AKRAM_(S.A.W),13014
REMOVED_DUPLICATE,Maktaba Jibreel (PDF Archive),9811,ZAAD_UL_MAAD_VOL_1_2,13045
REMOVED_DUPLICATE,Maktaba Jibreel (PDF Archive),9812,ZAAD_UL_MAAD_VOL_3_4,13046
UNIQUE_NO_DUPLICATE,Maktaba Al-Maknoon (PDF Archive),9816,(2) Deewan-e-Haali,
UNIQUE_NO_DUPLICATE,Maktaba Al-Maknoon (PDF Archive),9817,(2) Malfoozat e Sheikh Muhammad Ilyas (r.a) By Sheikh Muhammad Manzoor Nomani (r.a),
UNIQUE_NO_DUPLICATE,Maktaba Al-Maknoon (PDF Archive),9818,(2) Mubarak Duain By Sheikh Muhammad Zuhair Ruhani Bazi,
UNIQUE_NO_DUPLICATE,Maktaba Al-Maknoon (PDF Archive),9819,(2) Shab e Qadr By SHEIKH SHAMSULHAQ,
UNIQUE_NO_DUPLICATE,Maktaba Al-Maknoon (PDF Archive),9820,01-Abu-Bakar-Siddiq-RA,
UNIQUE_NO_DUPLICATE,Maktaba Al-Maknoon (PDF Archive),9821,02-Umar-Farooq-RA,
UNIQUE_NO_DUPLICATE,Maktaba Al-Maknoon (PDF Archive),9822,03-Usman-RA,
UNIQUE_NO_DUPLICATE,Maktaba Al-Maknoon (PDF Archive),9823,04-Ali-RA,
UNIQUE_NO_DUPLICATE,Maktaba Al-Maknoon (PDF Archive),9824,05-Ameer-Muawiya-RA,
UNIQUE_NO_DUPLICATE,Maktaba Al-Maknoon (PDF Archive),9825,06-Hassan-RA,
UNIQUE_NO_DUPLICATE,Maktaba Al-Maknoon (PDF Archive),9826,07-Hussain-RA,
UNIQUE_NO_DUPLICATE,Maktaba Al-Maknoon (PDF Archive),9827,08-Khalid-Bin-Waleed-RA,
UNIQUE_NO_DUPLICATE,Maktaba Al-Maknoon (PDF Archive),9828,09-Mehdi-RA,
KEPT_HAD_JIBREEL_DUPLICATE,Maktaba Al-Maknoon (PDF Archive),9829,1,
UNIQUE_NO_DUPLICATE,Maktaba Al-Maknoon (PDF Archive),9830,10-Ameer-Muawiah-Tareekhi-Haqaiq,
UNIQUE_NO_DUPLICATE,Maktaba Al-Maknoon (PDF Archive),9831,1000 Sawalat,
UNIQUE_NO_DUPLICATE,Maktaba Al-Maknoon (PDF Archive),9832,11-Sahaba-ka-taruf,
KEPT_HAD_JIBREEL_DUPLICATE,Maktaba Al-Maknoon (PDF Archive),9833,12 Masail By SHEIKH MUNEER AHMAD MUNAWWAR,
UNIQUE_NO_DUPLICATE,Maktaba Al-Maknoon (PDF Archive),9834,14_harms,
UNIQUE_NO_DUPLICATE,Maktaba Al-Maknoon (PDF Archive),9835,2 Qomi Nazariyya By Sheikh Mufti Rafi Usmani,
UNIQUE_NO_DUPLICATE,Maktaba Al-Maknoon (PDF Archive),9836,22 Jhootay Nabi By NISAR AHMAD KHAN FATHI,
KEPT_HAD_JIBREEL_DUPLICATE,Maktaba Al-Maknoon (PDF Archive),9837,3 Aasaan Nekiaan By SHEIKH MUFTI RAFI USMANI,
UNIQUE_NO_DUPLICATE,Maktaba Al-Maknoon (PDF Archive),9838,3-aasaan-nekiaan,
KEPT_HAD_JIBREEL_DUPLICATE,Maktaba Al-Maknoon (PDF Archive),9839,40 Salat O Salam By SHEIKH SYED NAFEESUL HUSAINI (R.A),
KEPT_HAD_JIBREEL_DUPLICATE,Maktaba Al-Maknoon (PDF Archive),9840,5 Masail By SHEIKH MUFTI AHMAD MUMTAZ,
KEPT_HAD_JIBREEL_DUPLICATE,Maktaba Al-Maknoon (PDF Archive),9841,6 Laakh Inaam by SHEIKH HAQ NAWAZ JHANGVI (RA),
UNIQUE_NO_DUPLICATE,Maktaba Al-Maknoon (PDF Archive),9842,A Sound Heart,
UNIQUE_NO_DUPLICATE,Maktaba Al-Maknoon (PDF Archive),9843,a_life_of_piety,
KEPT_HAD_JIBREEL_DUPLICATE,Maktaba Al-Maknoon (PDF Archive),9844,Aadaab e Dua By Sheikh Abdus Sattaar,
KEPT_HAD_JIBREEL_DUPLICATE,Maktaba Al-Maknoon (PDF Archive),9845,Aadaab e Mubashirat By Dr Aftab Ahmad,
KEPT_HAD_JIBREEL_DUPLICATE,Maktaba Al-Maknoon (PDF Archive),9846,Aadaab e Tilawat By SHEIKH MUFTI ABDUR RAHMAN KAUSAR MADNI,
KEPT_HAD_JIBREEL_DUPLICATE,Maktaba Al-Maknoon (PDF Archive),9847,Aadaab e Zikr By SHEIKH ABDUS SATTAR,
KEPT_HAD_JIBREEL_DUPLICATE,Maktaba Al-Maknoon (PDF Archive),9848,Aadaab ul Ikhtelaf By SHEIKH MUHAMMAD FAROOQ,
KEPT_HAD_JIBREEL_DUPLICATE,Maktaba Al-Maknoon (PDF Archive),9849,Aadaab ul Masjid by SHEIKH ASHRAF ALI THANVI (RA),
UNIQUE_NO_DUPLICATE,Maktaba Al-Maknoon (PDF Archive),9850,Aadaab-e-Rah-e-Wafa,
UNIQUE_NO_DUPLICATE,Maktaba Al-Maknoon (PDF Archive),9851,AADAB_E_ISHQ_E_RASOOL_SAW,
KEPT_HAD_JIBREEL_DUPLICATE,Maktaba Al-Maknoon (PDF Archive),9852,Aaina e Eeman By SHEIKH MUFTI MUKHTARUDDIN KARBOGHA SHAREEF,
KEPT_HAD_JIBREEL_DUPLICATE,Maktaba Al-Maknoon (PDF Archive),9853,AAJ_KA_SABAQ,
KEPT_HAD_JIBREEL_DUPLICATE,Maktaba Al-Maknoon (PDF Archive),9854,Aakhri Chataan By Naseem Hijazi,
UNIQUE_NO_DUPLICATE,Maktaba Al-Maknoon (PDF Archive),9855,Aam Muslimanon k liyay zaroori asbaaq,
KEPT_HAD_JIBREEL_DUPLICATE,Maktaba Al-Maknoon (PDF Archive),9856,Aamaal e Ramadhan By MUFTI ABDULLAH NOMANI,
UNIQUE_NO_DUPLICATE,Maktaba Al-Maknoon (PDF Archive),9857,AAMAL_E_QURANI,
KEPT_HAD_JIBREEL_DUPLICATE,Maktaba Al-Maknoon (PDF Archive),9858,Aameen Bil Jehar Sahih Bukhari Ki Roshni Mein By SHEIKH SYED FAKHRUDDIN AHMAD (R.A),
KEPT_HAD_JIBREEL_DUPLICATE,Maktaba Al-Maknoon (PDF Archive),9859,Aankh Aur Zaban Ki Hifazat By SHEIKH MUFTI ABDUR RAUF SAKHARVI,
UNIQUE_NO_DUPLICATE,Maktaba Al-Maknoon (PDF Archive),9860,Aankhon Ki Thandak (Tabreed un Nawazir Fi Tehqeeq Hazir wa Nazir) By SHEIKH SARFRAZ KHAN SAFDAR (R.A) fixed,
KEPT_HAD_JIBREEL_DUPLICATE,Maktaba Al-Maknoon (PDF Archive),9861,Aankhon Ki Thandak By SHEIKH SARFRAZ KHAN SAFDAR (R.A),
KEPT_HAD_JIBREEL_DUPLICATE,Maktaba Al-Maknoon (PDF Archive),9862,AANSUON_KA_SAMANDAR,
KEPT_HAD_JIBREEL_DUPLICATE,Maktaba Al-Maknoon (PDF Archive),9863,Aao Namaz Seekhain,
KEPT_HAD_JIBREEL_DUPLICATE,Maktaba Al-Maknoon (PDF Archive),9864,AAP_BITI_VOL_1,
KEPT_HAD_JIBREEL_DUPLICATE,Maktaba Al-Maknoon (PDF Archive),9865,AAP_BITI_VOL_2,
UNIQUE_NO_DUPLICATE,Maktaba Al-Maknoon (PDF Archive),9866,AAP_KAY_MASAIL_OR_UNKA_HAL_VOL_1,
UNIQUE_NO_DUPLICATE,Maktaba Al-Maknoon (PDF Archive),9867,AAP_KAY_MASAIL_OR_UNKA_HAL_VOL_2,
KEPT_HAD_JIBREEL_DUPLICATE,Maktaba Al-Maknoon (PDF Archive),9868,AAP_KAY_MASAIL_OR_UNKA_HAL_VOL_3,
KEPT_HAD_JIBREEL_DUPLICATE,Maktaba Al-Maknoon (PDF Archive),9869,AAP_KAY_MASAIL_OR_UNKA_HAL_VOL_4,
KEPT_HAD_JIBREEL_DUPLICATE,Maktaba Al-Maknoon (PDF Archive),9870,AAP_KAY_MASAIL_OR_UNKA_HAL_VOL_5,
UNIQUE_NO_DUPLICATE,Maktaba Al-Maknoon (PDF Archive),9871,AAP_KAY_MASAIL_OR_UNKA_HAL_VOL_6,
UNIQUE_NO_DUPLICATE,Maktaba Al-Maknoon (PDF Archive),9872,AAP_KAY_MASAIL_OR_UNKA_HAL_VOL_7,
UNIQUE_NO_DUPLICATE,Maktaba Al-Maknoon (PDF Archive),9873,AAP_KAY_MASAIL_OR_UNKA_HAL_VOL_8,
UNIQUE_NO_DUPLICATE,Maktaba Al-Maknoon (PDF Archive),9874,Aaqaid_Ahle_Sunnat_Waljumaat,
KEPT_HAD_JIBREEL_DUPLICATE,Maktaba Al-Maknoon (PDF Archive),9875,Aasaan Namaz By SHEIKH ASHIQ ILAHI MADNI (R.A),
KEPT_HAD_JIBREEL_DUPLICATE,Maktaba Al-Maknoon (PDF Archive),9876,Aasaan Rizq By Sufi Abdur Rahman,
KEPT_HAD_JIBREEL_DUPLICATE,Maktaba Al-Maknoon (PDF Archive),9877,Aasaan Tajweed,
KEPT_HAD_JIBREEL_DUPLICATE,Maktaba Al-Maknoon (PDF Archive),9879,Aasaar ul Hadith Vol 01 By SHEIKH ALLAMA KHALID MEHMOOD,
KEPT_HAD_JIBREEL_DUPLICATE,Maktaba Al-Maknoon (PDF Archive),9880,Aasaar ul Hadith Vol 02 By SHEIKH ALLAMA KHALID MEHMOOD,
KEPT_HAD_JIBREEL_DUPLICATE,Maktaba Al-Maknoon (PDF Archive),9881,AASAAR US SUNAN AL BUSHRA COLOR,
KEPT_HAD_JIBREEL_DUPLICATE,Maktaba Al-Maknoon (PDF Archive),9882,AASAAR US SUNAN AL BUSHRA,
KEPT_HAD_JIBREEL_DUPLICATE,Maktaba Al-Maknoon (PDF Archive),9883,AASAAR US SUNAN HAQQANIA,
KEPT_HAD_JIBREEL_DUPLICATE,Maktaba Al-Maknoon (PDF Archive),9884,Aasaar ut Tanzeel Vol 1of2 By SHEIKH ALLAMA KHALID MEHMOOD,
KEPT_HAD_JIBREEL_DUPLICATE,Maktaba Al-Maknoon (PDF Archive),9885,Aasaar ut Tanzeel Vol 2of2 By SHEIKH ALLAMA KHALID MEHMOOD,
UNIQUE_NO_DUPLICATE,Maktaba Al-Maknoon (PDF Archive),9886,AASAAR_UL_HADEES_VOL_01_DR._KHALID_MEHMOOD,
UNIQUE_NO_DUPLICATE,Maktaba Al-Maknoon (PDF Archive),9887,AASAAR_UL_HADEES_VOL_02_DR._KHALID_MEHMOOD,
UNIQUE_NO_DUPLICATE,Maktaba Al-Maknoon (PDF Archive),9888,AASHIQAAN_E_RASOOL_KO_KHUAB_MEN_ZIYARAT_E_NABI_(S.A.W),
KEPT_HAD_JIBREEL_DUPLICATE,Maktaba Al-Maknoon (PDF Archive),9890,Aaza Ki Paiwand Kaari,
KEPT_HAD_JIBREEL_DUPLICATE,Maktaba Al-Maknoon (PDF Archive),9891,Aazmaishon Ki Haqeeqat By Sheikh Abdus Sattar,
KEPT_HAD_JIBREEL_DUPLICATE,Maktaba Al-Maknoon (PDF Archive),9892,Abd al-Aziz Farharwi,
KEPT_HAD_JIBREEL_DUPLICATE,Maktaba Al-Maknoon (PDF Archive),9893,Abu Bakr [r.a] Ke Sarkari Khutoot By Khurshid Ahmad Farooq,
KEPT_HAD_JIBREEL_DUPLICATE,Maktaba Al-Maknoon (PDF Archive),9894,Abwab e Saadat By SHEIKH MUHAMMAD SUHAIL,
KEPT_HAD_JIBREEL_DUPLICATE,Maktaba Al-Maknoon (PDF Archive),9895,Ad Dalail Al Qahira By AHMAD RAZA KHAN BARELVI,
UNIQUE_NO_DUPLICATE,Maktaba Al-Maknoon (PDF Archive),9896,AD_DAA_WAD_DAWA,
UNIQUE_NO_DUPLICATE,Maktaba Al-Maknoon (PDF Archive),9897,AD_DEEN_UL_QAIYIM,
UNIQUE_NO_DUPLICATE,Maktaba Al-Maknoon (PDF Archive),9898,Adaab-e-Zindagi,
UNIQUE_NO_DUPLICATE,Maktaba Al-Maknoon (PDF Archive),9899,ADAAB_E_RAH_E_WAFA,
UNIQUE_NO_DUPLICATE,Maktaba Al-Maknoon (PDF Archive),9900,ADAB_E_MUHABBAT,
UNIQUE_NO_DUPLICATE,Maktaba Al-Maknoon (PDF Archive),9901,adabe_muhabbat,
KEPT_HAD_JIBREEL_DUPLICATE,Maktaba Al-Maknoon (PDF Archive),9903,Adilla e Kamila By SHEIKH MEHMOOD HASAN GANGOHI (R.A),
KEPT_HAD_JIBREEL_DUPLICATE,Maktaba Al-Maknoon (PDF Archive),9904,ADYAAN_E_BATILAH_OR_SIRAAT_E_MUSTAQEEM,
KEPT_HAD_JIBREEL_DUPLICATE,Maktaba Al-Maknoon (PDF Archive),9905,AFRA-TAFREEH By DR. MUHAMMAD YUNUS BUTT,
UNIQUE_NO_DUPLICATE,Maktaba Al-Maknoon (PDF Archive),9906,AFTAAB_E_BUKHARA,
KEPT_HAD_JIBREEL_DUPLICATE,Maktaba Al-Maknoon (PDF Archive),9907,AFTAAB_E_NABOWAT,
KEPT_HAD_JIBREEL_DUPLICATE,Maktaba Al-Maknoon (PDF Archive),9908,Aftab E Muhammadi Bajawab Shama E Muhammadi By PEER SYED MUSHTAQ ALI SHAH,
UNIQUE_NO_DUPLICATE,Maktaba Al-Maknoon (PDF Archive),9909,AFZAAL_E_RABBANI,
UNIQUE_NO_DUPLICATE,Maktaba Al-Maknoon (PDF Archive),9910,afzal_e_rabbani,
KEPT_HAD_JIBREEL_DUPLICATE,Maktaba Al-Maknoon (PDF Archive),9911,Agha Khaniat Ulama e Ummat Ki Nazar Mein,
KEPT_HAD_JIBREEL_DUPLICATE,Maktaba Al-Maknoon (PDF Archive),9912,Agha Khaniyon Kay Siyasi Azaim By Zakariyya Razi,
KEPT_HAD_JIBREEL_DUPLICATE,Maktaba Al-Maknoon (PDF Archive),9913,Aghlat ul Awaam By SHEIKH ASHRAF ALI THANVI (RA),
UNIQUE_NO_DUPLICATE,Maktaba Al-Maknoon (PDF Archive),9914,AHADITHS_E_QUDSIYAH,
KEPT_HAD_JIBREEL_DUPLICATE,Maktaba Al-Maknoon (PDF Archive),9915,Ahkaam e Taharat By Sheikh Mufti Shamsul Haq Azhar,
KEPT_HAD_JIBREEL_DUPLICATE,Maktaba Al-Maknoon (PDF Archive),9916,AHKAAM_E_ISLAAM_AQAL_KI_NAZAR_MEN,
KEPT_HAD_JIBREEL_DUPLICATE,Maktaba Al-Maknoon (PDF Archive),9917,Ahkam e Hajj By Sheikh Mufti Muhammad Shafi (RA),
KEPT_HAD_JIBREEL_DUPLICATE,Maktaba Al-Maknoon (PDF Archive),9918,Ahkam e Mayyat By SHEIKH ABDUL HAI ARIFI (R.A),
KEPT_HAD_JIBREEL_DUPLICATE,Maktaba Al-Maknoon (PDF Archive),9919,AHKAM_E_MAYYAT,
KEPT_HAD_JIBREEL_DUPLICATE,Maktaba Al-Maknoon (PDF Archive),9920,Ahl us Sunnah wal Jamaah By SHEIKH SYED SULEMAN NADVI (R.A),
UNIQUE_NO_DUPLICATE,Maktaba Al-Maknoon (PDF Archive),9921,Ahl-e-Allah aur Sirat-e-Mustaqeem,
UNIQUE_NO_DUPLICATE,Maktaba Al-Maknoon (PDF Archive),9922,Ahl-e-kufr k sath ta'alloqat wafadari ya bezari,
UNIQUE_NO_DUPLICATE,Maktaba Al-Maknoon (PDF Archive),9923,Ahl-e-sunnat Aur ahl-e-bidat ki pehchaan,
UNIQUE_NO_DUPLICATE,Maktaba Al-Maknoon (PDF Archive),9924,Ahl-e-sunnat say fitnon ko door krna,
KEPT_HAD_JIBREEL_DUPLICATE,Maktaba Al-Maknoon (PDF Archive),9925,AHL_E_DIL_KAY_ANMOOL_AQWAAL,
UNIQUE_NO_DUPLICATE,Maktaba Al-Maknoon (PDF Archive),9926,AHL_ULLAH_AUR_SIRAAT_E_MUSTAQEEM,
KEPT_HAD_JIBREEL_DUPLICATE,Maktaba Al-Maknoon (PDF Archive),9927,Ahle Bayt Ka Mukhtasar Taaruf By SHEIKH ABU REHAN ZIAUR RAHMAN FAROOQI (RA).pdf,
KEPT_HAD_JIBREEL_DUPLICATE,Maktaba Al-Maknoon (PDF Archive),9928,Ahle Hadith Aur Angraiz By SHEIKH BASHEER AHMAD QADRI,
KEPT_HAD_JIBREEL_DUPLICATE,Maktaba Al-Maknoon (PDF Archive),9929,Ahle Hadith Ya Shia By SHEIKH FAZLUR RAHMAN DHARAMKOTI,
KEPT_HAD_JIBREEL_DUPLICATE,Maktaba Al-Maknoon (PDF Archive),9930,Ahle Sunnat o Ahle Biddat Ki Pehchan By Allamah Saeed Qadri,
UNIQUE_NO_DUPLICATE,Maktaba Al-Maknoon (PDF Archive),9931,Ahle Sunnat wal Jamat k asool o qawaid,
UNIQUE_NO_DUPLICATE,Maktaba Al-Maknoon (PDF Archive),9932,Ahm amoor par tanbeeh,
UNIQUE_NO_DUPLICATE,Maktaba Al-Maknoon (PDF Archive),9933,Ahmadiyya-movement,
KEPT_HAD_JIBREEL_DUPLICATE,Maktaba Al-Maknoon (PDF Archive),9934,Ahmaqon-ke-jannat,
KEPT_HAD_JIBREEL_DUPLICATE,Maktaba Al-Maknoon (PDF Archive),9936,Ahsan al Itr Fi Tahqeeq Rakatain Baad al Witr By SHEIKH MUFTI ZAR WALI KHAN,
KEPT_HAD_JIBREEL_DUPLICATE,Maktaba Al-Maknoon (PDF Archive),9937,Ahsan Ul Manasik By SHEIKH MUFTI ZAR WALI KHAN.pdf,
KEPT_HAD_JIBREEL_DUPLICATE,Maktaba Al-Maknoon (PDF Archive),9938,Ahsan UL Maqal By SHEIKH MUFTI ZAR WALI KHAN.pdf,
KEPT_HAD_JIBREEL_DUPLICATE,Maktaba Al-Maknoon (PDF Archive),9939,AHSAN_UL_BAYAAN_VOL_1,
KEPT_HAD_JIBREEL_DUPLICATE,Maktaba Al-Maknoon (PDF Archive),9940,AHSAN_UL_BAYAAN_VOL_2,
KEPT_HAD_JIBREEL_DUPLICATE,Maktaba Al-Maknoon (PDF Archive),9941,AHSAN_UL_BAYAAN_VOL_3,
KEPT_HAD_JIBREEL_DUPLICATE,Maktaba Al-Maknoon (PDF Archive),9942,AHSAN_UL_BAYAAN_VOL_4,
KEPT_HAD_JIBREEL_DUPLICATE,Maktaba Al-Maknoon (PDF Archive),9943,AHSAN_UL_BAYAAN_VOL_5,
KEPT_HAD_JIBREEL_DUPLICATE,Maktaba Al-Maknoon (PDF Archive),9944,AHSAN_UL_BAYAAN_VOL_6,
KEPT_HAD_JIBREEL_DUPLICATE,Maktaba Al-Maknoon (PDF Archive),9945,AHSAN_UL_BAYAAN_VOL_7,
KEPT_HAD_JIBREEL_DUPLICATE,Maktaba Al-Maknoon (PDF Archive),9946,AHSAN_UL_BAYAAN_VOL_8,
KEPT_HAD_JIBREEL_DUPLICATE,Maktaba Al-Maknoon (PDF Archive),9947,AHSAN_UL_FATAWA_VOL_01,
UNIQUE_NO_DUPLICATE,Maktaba Al-Maknoon (PDF Archive),9948,AHSAN_UL_FATAWA_VOL_02,
KEPT_HAD_JIBREEL_DUPLICATE,Maktaba Al-Maknoon (PDF Archive),9949,AHSAN_UL_FATAWA_VOL_03,
KEPT_HAD_JIBREEL_DUPLICATE,Maktaba Al-Maknoon (PDF Archive),9950,AHSAN_UL_FATAWA_VOL_04,
KEPT_HAD_JIBREEL_DUPLICATE,Maktaba Al-Maknoon (PDF Archive),9951,AHSAN_UL_FATAWA_VOL_05,
KEPT_HAD_JIBREEL_DUPLICATE,Maktaba Al-Maknoon (PDF Archive),9952,AHSAN_UL_FATAWA_VOL_06,
KEPT_HAD_JIBREEL_DUPLICATE,Maktaba Al-Maknoon (PDF Archive),9953,AHSAN_UL_FATAWA_VOL_07,
UNIQUE_NO_DUPLICATE,Maktaba Al-Maknoon (PDF Archive),9954,AHSAN_UL_FATAWA_VOL_08,
KEPT_HAD_JIBREEL_DUPLICATE,Maktaba Al-Maknoon (PDF Archive),9955,AHSAN_UL_FATAWA_VOL_09,
KEPT_HAD_JIBREEL_DUPLICATE,Maktaba Al-Maknoon (PDF Archive),9956,AHSAN_UL_FATAWA_VOL_10,
UNIQUE_NO_DUPLICATE,Maktaba Al-Maknoon (PDF Archive),9957,AHTESAAB_E_QADIYANINAT_VOL_24_AZIZ_UR_RAHMAN_JALANDHRI,
UNIQUE_NO_DUPLICATE,Maktaba Al-Maknoon (PDF Archive),9958,AHTESAAB_E_QADIYANINAT_VOL_25_AZIZ_UR_RAHMAN_JALANDHRI,
UNIQUE_NO_DUPLICATE,Maktaba Al-Maknoon (PDF Archive),9959,AHTESAAB_E_QADIYANINAT_VOL_26_AZIZ_UR_RAHMAN_JALANDHRI,
UNIQUE_NO_DUPLICATE,Maktaba Al-Maknoon (PDF Archive),9960,AHTESAAB_E_QADIYANINAT_VOL_27_AZIZ_UR_RAHMAN_JALANDHRI,
UNIQUE_NO_DUPLICATE,Maktaba Al-Maknoon (PDF Archive),9961,AHTESAAB_E_QADIYANINAT_VOL_28_AZIZ_UR_RAHMAN_JALANDHRI,
KEPT_HAD_JIBREEL_DUPLICATE,Maktaba Al-Maknoon (PDF Archive),9962,AHWAAL_US_SADIQEEN,
KEPT_HAD_JIBREEL_DUPLICATE,Maktaba Al-Maknoon (PDF Archive),9963,Aik Majlis Ki Teen Talaq By SHEIKH MUHAMMAD JAVED USMAN MEMON,
KEPT_HAD_JIBREEL_DUPLICATE,Maktaba Al-Maknoon (PDF Archive),9964,Aik Munazra Jo Ho Na Saka By ANWAR MEHMOOD SIDDIQUI,
KEPT_HAD_JIBREEL_DUPLICATE,Maktaba Al-Maknoon (PDF Archive),9965,Aik Musalman Kis Tarah Zindagi Guzarey By SHEIKH ASHIQ ILAHI BULANDSHEHRI (R.A),
KEPT_HAD_JIBREEL_DUPLICATE,Maktaba Al-Maknoon (PDF Archive),9966,Aik Tableeghi Jamaat Ki Karguzari,
UNIQUE_NO_DUPLICATE,Maktaba Al-Maknoon (PDF Archive),9967,AIK_HAZAAR_AHADITH,
KEPT_HAD_JIBREEL_DUPLICATE,Maktaba Al-Maknoon (PDF Archive),9968,AIK_HAZAR_ANMOL_MOTI_VOL_1,
KEPT_HAD_JIBREEL_DUPLICATE,Maktaba Al-Maknoon (PDF Archive),9969,AIK_HAZAR_ANMOL_MOTI_VOL_2,
KEPT_HAD_JIBREEL_DUPLICATE,Maktaba Al-Maknoon (PDF Archive),9970,AIK_HAZAR_ANMOL_MOTI_VOL_3,
KEPT_HAD_JIBREEL_DUPLICATE,Maktaba Al-Maknoon (PDF Archive),9971,AIK_HAZAR_ANMOL_MOTI_VOL_4,
KEPT_HAD_JIBREEL_DUPLICATE,Maktaba Al-Maknoon (PDF Archive),9972,AIK_HAZAR_ANMOL_MOTI_VOL_5,
KEPT_HAD_JIBREEL_DUPLICATE,Maktaba Al-Maknoon (PDF Archive),9973,AIK_HAZAR_ANMOL_MOTI_VOL_6,
UNIQUE_NO_DUPLICATE,Maktaba Al-Maknoon (PDF Archive),9974,aik_mint_madarsa,
UNIQUE_NO_DUPLICATE,Maktaba Al-Maknoon (PDF Archive),9975,AIK_MINUTE_KA_MADRASSA,
KEPT_HAD_JIBREEL_DUPLICATE,Maktaba Al-Maknoon (PDF Archive),9976,Aina Jamal e Nubuwwat (SAW) By SHEIKH IBRAHIM BIN ABDULLAH AL- HAZMI,
KEPT_HAD_JIBREEL_DUPLICATE,Maktaba Al-Maknoon (PDF Archive),9977,AIYY_EMAAN_KI_FIKAR_KEJIY,
KEPT_HAD_JIBREEL_DUPLICATE,Maktaba Al-Maknoon (PDF Archive),9978,AIYY_NAMAZ_SEKHEIY,
UNIQUE_NO_DUPLICATE,Maktaba Al-Maknoon (PDF Archive),9981,AKAABIR_KA_MAQAAM_E_EBAADAT,
KEPT_HAD_JIBREEL_DUPLICATE,Maktaba Al-Maknoon (PDF Archive),9982,Akabir Ka Sulook o Ehsaan By SHEIKH MUHAMMAD ZAKARIYYA KANDHELVI (R.A),
KEPT_HAD_JIBREEL_DUPLICATE,Maktaba Al-Maknoon (PDF Archive),9983,Akabir Ki Zahidana Zindagi By SYED HABIBULLAH MARDANI,
KEPT_HAD_JIBREEL_DUPLICATE,Maktaba Al-Maknoon (PDF Archive),9984,Akabir Ulama e Deoband Itteba e Sunnat Ki Roshni Mein By SHEIKH MUHAMMAD ZAKARIYYA KANDHELVI,
UNIQUE_NO_DUPLICATE,Maktaba Al-Maknoon (PDF Archive),9985,AKABIR_KA_MAQAAM_E_TAWAZU,
KEPT_HAD_JIBREEL_DUPLICATE,Maktaba Al-Maknoon (PDF Archive),9986,AKS-BAR-AKS By DR. MUHAMMAD YUNUS BUTT,
KEPT_HAD_JIBREEL_DUPLICATE,Maktaba Al-Maknoon (PDF Archive),9987,AL ABWAB WAL TARAJIM AL SAHI AL BUKHARI VOL 1 H.M SAEED,
UNIQUE_NO_DUPLICATE,Maktaba Al-Maknoon (PDF Archive),9988,AL ABWAB WAL TARAJIM AL SAHI AL BUKHARI VOL 2 H.M SAEED,
KEPT_HAD_JIBREEL_DUPLICATE,Maktaba Al-Maknoon (PDF Archive),9989,Al Aqal Wal Naqal By SHEIKH ALLAMA SHABEER AHMAD USMANI (R.A),
KEPT_HAD_JIBREEL_DUPLICATE,Maktaba Al-Maknoon (PDF Archive),9990,Al Baab by SHEIKH ASHRAF ALI THANVI (RA),
KEPT_HAD_JIBREEL_DUPLICATE,Maktaba Al-Maknoon (PDF Archive),9991,AL BALAGHAT UL WAZIHA AL BUSHRA COLOR,
UNIQUE_NO_DUPLICATE,Maktaba Al-Maknoon (PDF Archive),9992,AL BALAGHAT UL WAZIHA AL BUSHRA,
KEPT_HAD_JIBREEL_DUPLICATE,Maktaba Al-Maknoon (PDF Archive),9993,AL BASHEER UL KAMIL MEER MUHAMMAD,
UNIQUE_NO_DUPLICATE,Maktaba Al-Maknoon (PDF Archive),9994,AL DEWAN LIL MUTANABBI AL BUSHRA COLOR,
KEPT_HAD_JIBREEL_DUPLICATE,Maktaba Al-Maknoon (PDF Archive),9995,AL DEWAN LIL MUTANABBI AL BUSHRA,
KEPT_HAD_JIBREEL_DUPLICATE,Maktaba Al-Maknoon (PDF Archive),9996,Al Dunya by SHEIKH ASHRAF ALI THANVI (RA),
KEPT_HAD_JIBREEL_DUPLICATE,Maktaba Al-Maknoon (PDF Archive),9997,AL FAOZ UL KABEER AL BUSHRA COLOR,
UNIQUE_NO_DUPLICATE,Maktaba Al-Maknoon (PDF Archive),9998,AL FAOZ UL KABEER AL BUSHRA,
UNIQUE_NO_DUPLICATE,Maktaba Al-Maknoon (PDF Archive),9999,AL FAOZ UL KABEER QADEMI,
KEPT_HAD_JIBREEL_DUPLICATE,Maktaba Al-Maknoon (PDF Archive),10000,Al Farooq (R.A) By ALLAMA SHIBLI NOMANI (RA),
KEPT_HAD_JIBREEL_DUPLICATE,Maktaba Al-Maknoon (PDF Archive),10001,AL HAI'AT UL WUSTA IDARA AL TASNEEF,
KEPT_HAD_JIBREEL_DUPLICATE,Maktaba Al-Maknoon (PDF Archive),10002,Al Haj Al Mabroor by SHEIKH ASHRAF ALI THANVI (RA),
KEPT_HAD_JIBREEL_DUPLICATE,Maktaba Al-Maknoon (PDF Archive),10003,AL HASHIA LI MAULANA MUHAMMAD YAQOOB AL BANANI RASHEDIA,
KEPT_HAD_JIBREEL_DUPLICATE,Maktaba Al-Maknoon (PDF Archive),10004,AL HIDAYA TUL SAEDIA AL BUSHRA COLOR,
UNIQUE_NO_DUPLICATE,Maktaba Al-Maknoon (PDF Archive),10005,AL HIDAYA TUL SAEDIA AL BUSHRA,
UNIQUE_NO_DUPLICATE,Maktaba Al-Maknoon (PDF Archive),10006,AL HIDAYA TUL SAEDIAH MAJEDIA,
KEPT_HAD_JIBREEL_DUPLICATE,Maktaba Al-Maknoon (PDF Archive),10007,AL HIDAYAH RAHMANIA VOL 1 RAHMANIA,
KEPT_HAD_JIBREEL_DUPLICATE,Maktaba Al-Maknoon (PDF Archive),10008,AL HIDAYAH RASHEDAI VOL 1 RASHEDIA,
KEPT_HAD_JIBREEL_DUPLICATE,Maktaba Al-Maknoon (PDF Archive),10009,AL HIDAYAH VOL 1 AL BUSHRA COLOR,
KEPT_HAD_JIBREEL_DUPLICATE,Maktaba Al-Maknoon (PDF Archive),10010,AL HIDAYAH VOL 1 AL BUSHRA,
KEPT_HAD_JIBREEL_DUPLICATE,Maktaba Al-Maknoon (PDF Archive),10011,AL HIDAYAH VOL 2 AL BUSHRA COLOR,
KEPT_HAD_JIBREEL_DUPLICATE,Maktaba Al-Maknoon (PDF Archive),10012,AL HIDAYAH VOL 2 AL BUSHRA,
KEPT_HAD_JIBREEL_DUPLICATE,Maktaba Al-Maknoon (PDF Archive),10013,AL HIDAYAH VOL 2 RAHMANIA,
KEPT_HAD_JIBREEL_DUPLICATE,Maktaba Al-Maknoon (PDF Archive),10014,AL HIDAYAH VOL 2 RASHEDIA,
KEPT_HAD_JIBREEL_DUPLICATE,Maktaba Al-Maknoon (PDF Archive),10015,AL HIDAYAH VOL 3 AL BUSHRA COLOR,
KEPT_HAD_JIBREEL_DUPLICATE,Maktaba Al-Maknoon (PDF Archive),10016,AL HIDAYAH VOL 3 AL BUSHRA,
KEPT_HAD_JIBREEL_DUPLICATE,Maktaba Al-Maknoon (PDF Archive),10017,AL HIDAYAH VOL 3 RAHMANIA,
KEPT_HAD_JIBREEL_DUPLICATE,Maktaba Al-Maknoon (PDF Archive),10018,AL HIDAYAH VOL 3 RASHEDIA,
KEPT_HAD_JIBREEL_DUPLICATE,Maktaba Al-Maknoon (PDF Archive),10019,AL HIDAYAH VOL 4 AL BUSHRA COLOR,
KEPT_HAD_JIBREEL_DUPLICATE,Maktaba Al-Maknoon (PDF Archive),10020,AL HIDAYAH VOL 4 AL BUSHRA,
KEPT_HAD_JIBREEL_DUPLICATE,Maktaba Al-Maknoon (PDF Archive),10021,AL HIDAYAH VOL 4 RAHMANIA,
KEPT_HAD_JIBREEL_DUPLICATE,Maktaba Al-Maknoon (PDF Archive),10022,AL HIDAYAH VOL 4 RASHEDIA,
KEPT_HAD_JIBREEL_DUPLICATE,Maktaba Al-Maknoon (PDF Archive),10023,AL HIDAYAH VOL 5 AL BUSHRA COLOR,
KEPT_HAD_JIBREEL_DUPLICATE,Maktaba Al-Maknoon (PDF Archive),10024,AL HIDAYAH VOL 5 AL BUSHRA,
KEPT_HAD_JIBREEL_DUPLICATE,Maktaba Al-Maknoon (PDF Archive),10025,AL HIDAYAH VOL 6 AL BUSHRA COLOR,
KEPT_HAD_JIBREEL_DUPLICATE,Maktaba Al-Maknoon (PDF Archive),10026,AL HIDAYAH VOL 6 AL BUSHRA,
KEPT_HAD_JIBREEL_DUPLICATE,Maktaba Al-Maknoon (PDF Archive),10027,AL HIDAYAH VOL 7 AL BUSHRA COLOR,
KEPT_HAD_JIBREEL_DUPLICATE,Maktaba Al-Maknoon (PDF Archive),10028,AL HIDAYAH VOL 7 AL BUSHRA,
KEPT_HAD_JIBREEL_DUPLICATE,Maktaba Al-Maknoon (PDF Archive),10029,AL HIDAYAH VOL 8 AL BUSHRA COLOR,
KEPT_HAD_JIBREEL_DUPLICATE,Maktaba Al-Maknoon (PDF Archive),10030,AL HIDAYAH VOL 8 AL BUSHRA,
KEPT_HAD_JIBREEL_DUPLICATE,Maktaba Al-Maknoon (PDF Archive),10031,Al Hizbul Aazam,
KEPT_HAD_JIBREEL_DUPLICATE,Maktaba Al-Maknoon (PDF Archive),10032,Al Imam Al Husain (Urdu Translation) By SHEIKH ABDUL WAHID KHAYYARI NADVI,
KEPT_HAD_JIBREEL_DUPLICATE,Maktaba Al-Maknoon (PDF Archive),10033,Al Imam Al Mehdi By SHEIKH MUHAMMAD BADR E ALAM MUHAJIR MADNI,
UNIQUE_NO_DUPLICATE,Maktaba Al-Maknoon (PDF Archive),10034,Al Imam Husain (ARABIC) By SHEIKH ABDUL WAHID KHAYYARI NADVI.pdf,
KEPT_HAD_JIBREEL_DUPLICATE,Maktaba Al-Maknoon (PDF Archive),10035,AL INTEBAHAAT UL MUFEDAH AL BUSHRA COLOR,
UNIQUE_NO_DUPLICATE,Maktaba Al-Maknoon (PDF Archive),10036,AL INTEBAHAAT UL MUFEDAH AL BUSHRA,
KEPT_HAD_JIBREEL_DUPLICATE,Maktaba Al-Maknoon (PDF Archive),10037,AL JAOHARA TUN NAIYYARAH MEER MUHAMMAD,
KEPT_HAD_JIBREEL_DUPLICATE,Maktaba Al-Maknoon (PDF Archive),10038,Al Kalaam ul Haavi By SHEIKH SARFRAZ KHAN SAFDAR (R.A),
UNIQUE_NO_DUPLICATE,Maktaba Al-Maknoon (PDF Archive),10039,Al Kalam ul Havi By SHEIKH SARFRAZ KHAN SAFDAR (R.A),
KEPT_HAD_JIBREEL_DUPLICATE,Maktaba Al-Maknoon (PDF Archive),10040,Al Kalam ul Mufeed Fi Asbatit Taqleed By SHEIKH SARFRAZ KHAN SAFDAR (R.A),
KEPT_HAD_JIBREEL_DUPLICATE,Maktaba Al-Maknoon (PDF Archive),10041,Al Khalat by SHEIKH ASHRAF ALI THANVI (RA),
KEPT_HAD_JIBREEL_DUPLICATE,Maktaba Al-Maknoon (PDF Archive),10042,AL KHAYALI HAQQANIA,
KEPT_HAD_JIBREEL_DUPLICATE,Maktaba Al-Maknoon (PDF Archive),10043,AL Mamoon By Allamah Shibli Nomani (r.a),
KEPT_HAD_JIBREEL_DUPLICATE,Maktaba Al-Maknoon (PDF Archive),10044,AL MAQAMAT UL HARERIYAH AL BUSHRA COLOR,
UNIQUE_NO_DUPLICATE,Maktaba Al-Maknoon (PDF Archive),10045,AL MAQAMAT UL HARERIYAH AL BUSHRA,
UNIQUE_NO_DUPLICATE,Maktaba Al-Maknoon (PDF Archive),10046,AL MAQAMAT UL HARERIYAH AL HABEB,
UNIQUE_NO_DUPLICATE,Maktaba Al-Maknoon (PDF Archive),10047,AL MAQAMAT UL HARERIYAH RAHMANIA,
KEPT_HAD_JIBREEL_DUPLICATE,Maktaba Al-Maknoon (PDF Archive),10048,Al Maree Fi Al Rabee by SHEIKH ASHRAF ALI THANVI (RA),
KEPT_HAD_JIBREEL_DUPLICATE,Maktaba Al-Maknoon (PDF Archive),10049,Al Maslak Al Mansoor Fi Kitabil Mastoor By SHEIKH SARFRAZ KHAN SAFDAR (R.A),
KEPT_HAD_JIBREEL_DUPLICATE,Maktaba Al-Maknoon (PDF Archive),10050,AL MINHAAJ AL BUSHRA COLOR,
UNIQUE_NO_DUPLICATE,Maktaba Al-Maknoon (PDF Archive),10051,AL MINHAAJ AL BUSHRA,
KEPT_HAD_JIBREEL_DUPLICATE,Maktaba Al-Maknoon (PDF Archive),10052,AL MIR'AAT SHAH WALI ULLAH,
UNIQUE_NO_DUPLICATE,Maktaba Al-Maknoon (PDF Archive),10053,AL MIRQAT AL BUSHRA COLOR,
KEPT_HAD_JIBREEL_DUPLICATE,Maktaba Al-Maknoon (PDF Archive),10054,AL MIRQAT AL BUSHRA,
UNIQUE_NO_DUPLICATE,Maktaba Al-Maknoon (PDF Archive),10055,AL MIRQAT QADEMI,
KEPT_HAD_JIBREEL_DUPLICATE,Maktaba Al-Maknoon (PDF Archive),10056,AL MUALLAQAT UL SABA AL BUSHRA COLOR,
UNIQUE_NO_DUPLICATE,Maktaba Al-Maknoon (PDF Archive),10057,AL MUALLAQAT UL SABA AL BUSHRA,
KEPT_HAD_JIBREEL_DUPLICATE,Maktaba Al-Maknoon (PDF Archive),10058,AL MUATTA LIL IMAM MALIK AL MEEZAN,
KEPT_HAD_JIBREEL_DUPLICATE,Maktaba Al-Maknoon (PDF Archive),10059,AL MUATTA LIL IMAM MALIK VOL 1 AL BUSHRA COLOR,
UNIQUE_NO_DUPLICATE,Maktaba Al-Maknoon (PDF Archive),10060,AL MUATTA LIL IMAM MALIK VOL 1 AL BUSHRA,
KEPT_HAD_JIBREEL_DUPLICATE,Maktaba Al-Maknoon (PDF Archive),10061,AL MUATTA LIL IMAM MALIK VOL 2 AL BUSHRA COLOR,
KEPT_HAD_JIBREEL_DUPLICATE,Maktaba Al-Maknoon (PDF Archive),10062,AL MUATTA LIL IMAM MALIK VOL 2 AL BUSHRA,
KEPT_HAD_JIBREEL_DUPLICATE,Maktaba Al-Maknoon (PDF Archive),10063,AL MUATTA LIL IMAM MALIK VOL 3 AL BUSHRA COLOR,
UNIQUE_NO_DUPLICATE,Maktaba Al-Maknoon (PDF Archive),10064,AL MUATTA LIL IMAM MALIK VOL 3 AL BUSHRA,
KEPT_HAD_JIBREEL_DUPLICATE,Maktaba Al-Maknoon (PDF Archive),10065,AL MUATTA LIL IMAM MUHAMMAD AL MEEZAN,
KEPT_HAD_JIBREEL_DUPLICATE,Maktaba Al-Maknoon (PDF Archive),10066,AL MUATTA LIL IMAM MUHAMMAD VOL 1 AL BUSHRA COLOR,
KEPT_HAD_JIBREEL_DUPLICATE,Maktaba Al-Maknoon (PDF Archive),10067,AL MUATTA LIL IMAM MUHAMMAD VOL 1 AL BUSHRA,
KEPT_HAD_JIBREEL_DUPLICATE,Maktaba Al-Maknoon (PDF Archive),10068,AL MUATTA LIL IMAM MUHAMMAD VOL 2 AL BUSHRA COLOR,
KEPT_HAD_JIBREEL_DUPLICATE,Maktaba Al-Maknoon (PDF Archive),10069,AL MUATTA LIL IMAM MUHAMMAD VOL 2 AL BUSHRA,
KEPT_HAD_JIBREEL_DUPLICATE,Maktaba Al-Maknoon (PDF Archive),10070,Al Muhannad Alal Mufannad & Aqaid Ahlus Sunnah wal Jamaah By SHEIKH KHALEEL AHMAD SAHARANPURI (R.A) & SHEIKH ABDUSH SHAKOOR LAKHNAVI (R.A),
UNIQUE_NO_DUPLICATE,Maktaba Al-Maknoon (PDF Archive),10071,Al Muhannad Alal Mufannad (Ver. 2) By SHEIKH KHALEEL AHMAD SAHARANPURI (R.A)_2,
KEPT_HAD_JIBREEL_DUPLICATE,Maktaba Al-Maknoon (PDF Archive),10072,AL MUKHTASAR UL QUDORI QADEMI,
KEPT_HAD_JIBREEL_DUPLICATE,Maktaba Al-Maknoon (PDF Archive),10073,AL MUKHTASAR UL QUDORI RASHEDIA,
KEPT_HAD_JIBREEL_DUPLICATE,Maktaba Al-Maknoon (PDF Archive),10074,AL MUTAWWAL RASHEDIA,
UNIQUE_NO_DUPLICATE,Maktaba Al-Maknoon (PDF Archive),10075,AL NAHW UL WAZEH AL BUSHRA COLOR IBTIDAEYA,
KEPT_HAD_JIBREEL_DUPLICATE,Maktaba Al-Maknoon (PDF Archive),10076,AL NAHW UL WAZEH AL BUSHRA IBTIDAEYA,
UNIQUE_NO_DUPLICATE,Maktaba Al-Maknoon (PDF Archive),10077,AL NAHW UL WAZEH AL BUSHRA SANVIYA COLOR,
UNIQUE_NO_DUPLICATE,Maktaba Al-Maknoon (PDF Archive),10078,AL NAHW UL WAZEH AL BUSHRA SANVIYA,
KEPT_HAD_JIBREEL_DUPLICATE,Maktaba Al-Maknoon (PDF Archive),10079,AL NIBRAS RASHEDIA,
KEPT_HAD_JIBREEL_DUPLICATE,Maktaba Al-Maknoon (PDF Archive),10080,Al Qadiyaniyyah,
KEPT_HAD_JIBREEL_DUPLICATE,Maktaba Al-Maknoon (PDF Archive),10081,Al Qaul Al Motabar Fi Hayat e Khairul Bashar By HAFIZ ABDUL JABBAR SALAFI,
KEPT_HAD_JIBREEL_DUPLICATE,Maktaba Al-Maknoon (PDF Archive),10082,AL QAZI AMEER HAMZA,
KEPT_HAD_JIBREEL_DUPLICATE,Maktaba Al-Maknoon (PDF Archive),10083,AL QIRAAT UL RASHEDAH VOL 1 NASHRIAT E ISLAM,
KEPT_HAD_JIBREEL_DUPLICATE,Maktaba Al-Maknoon (PDF Archive),10084,AL QIRAAT UL RASHEDAH VOL 2 NASHRIAT E ISLAM,
KEPT_HAD_JIBREEL_DUPLICATE,Maktaba Al-Maknoon (PDF Archive),10085,AL QIRAAT UL RASHEDAH VOL 3 NASHRIAT E ISLAM,
KEPT_HAD_JIBREEL_DUPLICATE,Maktaba Al-Maknoon (PDF Archive),10086,AL QUTBI AL BUSHRA COLOR,
UNIQUE_NO_DUPLICATE,Maktaba Al-Maknoon (PDF Archive),10087,AL QUTBI AL BUSHRA,
KEPT_HAD_JIBREEL_DUPLICATE,Maktaba Al-Maknoon (PDF Archive),10088,AL QUTBI RASHEDIA,
KEPT_HAD_JIBREEL_DUPLICATE,Maktaba Al-Maknoon (PDF Archive),10089,AL SAHI LI MUSLIM VOL 1 AL BUSHRA COLOR,
KEPT_HAD_JIBREEL_DUPLICATE,Maktaba Al-Maknoon (PDF Archive),10090,AL SAHI LI MUSLIM VOL 1 AL BUSHRA,
KEPT_HAD_JIBREEL_DUPLICATE,Maktaba Al-Maknoon (PDF Archive),10091,AL SAHI LI MUSLIM VOL 1 QADEMI,
KEPT_HAD_JIBREEL_DUPLICATE,Maktaba Al-Maknoon (PDF Archive),10092,AL SAHI LI MUSLIM VOL 1 RAHMANIA,
KEPT_HAD_JIBREEL_DUPLICATE,Maktaba Al-Maknoon (PDF Archive),10093,AL SAHI LI MUSLIM VOL 2 AL BUSHRA COLOR,
KEPT_HAD_JIBREEL_DUPLICATE,Maktaba Al-Maknoon (PDF Archive),10094,AL SAHI LI MUSLIM VOL 2 AL BUSHRA,
KEPT_HAD_JIBREEL_DUPLICATE,Maktaba Al-Maknoon (PDF Archive),10095,AL SAHI LI MUSLIM VOL 2 QADEMI,
KEPT_HAD_JIBREEL_DUPLICATE,Maktaba Al-Maknoon (PDF Archive),10096,AL SAHI LI MUSLIM VOL 2 RAHMANIA,
KEPT_HAD_JIBREEL_DUPLICATE,Maktaba Al-Maknoon (PDF Archive),10097,AL SAHI LI MUSLIM VOL 3 AL BUSHRA COLOR,
KEPT_HAD_JIBREEL_DUPLICATE,Maktaba Al-Maknoon (PDF Archive),10098,AL SAHI LI MUSLIM VOL 3 AL BUSHRA,
KEPT_HAD_JIBREEL_DUPLICATE,Maktaba Al-Maknoon (PDF Archive),10099,AL SAHI LI MUSLIM VOL 4 AL BUSHRA COLOR,
KEPT_HAD_JIBREEL_DUPLICATE,Maktaba Al-Maknoon (PDF Archive),10100,AL SAHI LI MUSLIM VOL 4 AL BUSHRA,
KEPT_HAD_JIBREEL_DUPLICATE,Maktaba Al-Maknoon (PDF Archive),10101,AL SAHI LI MUSLIM VOL 5 AL BUSHRA COLOR,
KEPT_HAD_JIBREEL_DUPLICATE,Maktaba Al-Maknoon (PDF Archive),10102,AL SAHI LI MUSLIM VOL 5 AL BUSHRA,
KEPT_HAD_JIBREEL_DUPLICATE,Maktaba Al-Maknoon (PDF Archive),10103,AL SAHI LI MUSLIM VOL 6 AL BUSHRA COLOR,
KEPT_HAD_JIBREEL_DUPLICATE,Maktaba Al-Maknoon (PDF Archive),10104,AL SAHI LI MUSLIM VOL 6 AL BUSHRA,
KEPT_HAD_JIBREEL_DUPLICATE,Maktaba Al-Maknoon (PDF Archive),10105,AL SAHI LI MUSLIM VOL 7 AL BUSHRA COLOR,
KEPT_HAD_JIBREEL_DUPLICATE,Maktaba Al-Maknoon (PDF Archive),10106,AL SAHI LI MUSLIM VOL 7 AL BUSHRA,
KEPT_HAD_JIBREEL_DUPLICATE,Maktaba Al-Maknoon (PDF Archive),10107,Al Saum by SHEIKH ASHRAF ALI THANVI (RA),
KEPT_HAD_JIBREEL_DUPLICATE,Maktaba Al-Maknoon (PDF Archive),10108,AL SHARIFI QADEMI,
UNIQUE_NO_DUPLICATE,Maktaba Al-Maknoon (PDF Archive),10109,al shia wal sunah,
KEPT_HAD_JIBREEL_DUPLICATE,Maktaba Al-Maknoon (PDF Archive),10110,Al Shukr by SHEIKH ASHRAF ALI THANVI (RA),
KEPT_HAD_JIBREEL_DUPLICATE,Maktaba Al-Maknoon (PDF Archive),10111,AL SIQAYAH VOL 1 2 MEER MUHAMMAD,
UNIQUE_NO_DUPLICATE,Maktaba Al-Maknoon (PDF Archive),10112,AL SIRAJI FIL MERAS AL BUSHRA COLOR,
KEPT_HAD_JIBREEL_DUPLICATE,Maktaba Al-Maknoon (PDF Archive),10113,AL SIRAJI FIL MERAS AL BUSHRA,
KEPT_HAD_JIBREEL_DUPLICATE,Maktaba Al-Maknoon (PDF Archive),10114,AL SIRAJI FIL MERAS RAHMANIA,
KEPT_HAD_JIBREEL_DUPLICATE,Maktaba Al-Maknoon (PDF Archive),10115,AL TAHREER UL MISALIA RASHEDIA,
UNIQUE_NO_DUPLICATE,Maktaba Al-Maknoon (PDF Archive),10116,AL TAOSHEHAT ALA SAB IL MUALLAQAT MEER MUHAMMAD,
KEPT_HAD_JIBREEL_DUPLICATE,Maktaba Al-Maknoon (PDF Archive),10117,AL TAOZEEH MAA AL TALWEEH AL MISBAH,
KEPT_HAD_JIBREEL_DUPLICATE,Maktaba Al-Maknoon (PDF Archive),10118,AL TAOZEEH MAA AL TALWEEH NOOR MUHAMMAD,
KEPT_HAD_JIBREEL_DUPLICATE,Maktaba Al-Maknoon (PDF Archive),10119,AL TAOZEEH MAA AL TALWEEH VOL 1 QADEMI,
KEPT_HAD_JIBREEL_DUPLICATE,Maktaba Al-Maknoon (PDF Archive),10120,AL TAOZEEH MAA AL TALWEEH VOL 2 QADEMI,
KEPT_HAD_JIBREEL_DUPLICATE,Maktaba Al-Maknoon (PDF Archive),10121,AL TAQREEB MEER MUHAMMAD,
KEPT_HAD_JIBREEL_DUPLICATE,Maktaba Al-Maknoon (PDF Archive),10122,AL TAREEKH UL ISLAMI FAROQIA,
KEPT_HAD_JIBREEL_DUPLICATE,Maktaba Al-Maknoon (PDF Archive),10123,AL TAREQA TUL ASRIYAH VOL 1 ISLAMIA,
KEPT_HAD_JIBREEL_DUPLICATE,Maktaba Al-Maknoon (PDF Archive),10124,AL TASHEEL UL ZARORI AL BUSHRA COLOR,
UNIQUE_NO_DUPLICATE,Maktaba Al-Maknoon (PDF Archive),10125,AL TASHEEL UL ZARORI AL BUSHRA,
KEPT_HAD_JIBREEL_DUPLICATE,Maktaba Al-Maknoon (PDF Archive),10126,Al Tehzeeb 1 by SHEIKH ASHRAF ALI THANVI (RA),
KEPT_HAD_JIBREEL_DUPLICATE,Maktaba Al-Maknoon (PDF Archive),10127,Al Tehzeeb 2 by SHEIKH ASHRAF ALI THANVI (RA),
KEPT_HAD_JIBREEL_DUPLICATE,Maktaba Al-Maknoon (PDF Archive),10128,Al Tehzeeb 3 by SHEIKH ASHRAF ALI THANVI (RA),
KEPT_HAD_JIBREEL_DUPLICATE,Maktaba Al-Maknoon (PDF Archive),10129,Al Tehzeeb 4 by SHEIKH ASHRAF ALI THANVI (RA),
KEPT_HAD_JIBREEL_DUPLICATE,Maktaba Al-Maknoon (PDF Archive),10130,Al Tehzeeb 5 by SHEIKH ASHRAF ALI THANVI (RA),
KEPT_HAD_JIBREEL_DUPLICATE,Maktaba Al-Maknoon (PDF Archive),10131,Al Tehzeeb 6 by SHEIKH ASHRAF ALI THANVI (RA),
KEPT_HAD_JIBREEL_DUPLICATE,Maktaba Al-Maknoon (PDF Archive),10132,AL TIBYAN AL BUSHRA COLOR,
UNIQUE_NO_DUPLICATE,Maktaba Al-Maknoon (PDF Archive),10133,AL TIBYAN AL BUSHRA,
KEPT_HAD_JIBREEL_DUPLICATE,Maktaba Al-Maknoon (PDF Archive),10134,AL TIBYAN QADEMI,
KEPT_HAD_JIBREEL_DUPLICATE,Maktaba Al-Maknoon (PDF Archive),10135,Al Waqt by SHEIKH ASHRAF ALI THANVI (RA),
KEPT_HAD_JIBREEL_DUPLICATE,Maktaba Al-Maknoon (PDF Archive),10136,Al-Huda International Kia Hai By MUFTI ABU SAFWAN,
KEPT_HAD_JIBREEL_DUPLICATE,Maktaba Al-Maknoon (PDF Archive),10137,Al-Imaamul-Mahdi,
KEPT_HAD_JIBREEL_DUPLICATE,Maktaba Al-Maknoon (PDF Archive),10138,Al-khalifatul-Mahdi,
UNIQUE_NO_DUPLICATE,Maktaba Al-Maknoon (PDF Archive),10139,al-masuniyh,
KEPT_HAD_JIBREEL_DUPLICATE,Maktaba Al-Maknoon (PDF Archive),10140,Al-Muqadima fi Tasawwuf,
KEPT_HAD_JIBREEL_DUPLICATE,Maktaba Al-Maknoon (PDF Archive),10141,Al-Murtaza,
KEPT_HAD_JIBREEL_DUPLICATE,Maktaba Al-Maknoon (PDF Archive),10142,Al-sarim-al-muslool-Arabic-1,
UNIQUE_NO_DUPLICATE,Maktaba Al-Maknoon (PDF Archive),10143,Al-sarim-al-muslool-Arabic-2,
KEPT_HAD_JIBREEL_DUPLICATE,Maktaba Al-Maknoon (PDF Archive),10144,Al-sarim-al-muslool-Arabic-3,
UNIQUE_NO_DUPLICATE,Maktaba Al-Maknoon (PDF Archive),10146,AL_HISN_UL_HASIN,
KEPT_HAD_JIBREEL_DUPLICATE,Maktaba Al-Maknoon (PDF Archive),10147,AL_KHASAIS_UL_KUBRA_VOL_1,
KEPT_HAD_JIBREEL_DUPLICATE,Maktaba Al-Maknoon (PDF Archive),10148,AL_KHASAIS_UL_KUBRA_VOL_2,
UNIQUE_NO_DUPLICATE,Maktaba Al-Maknoon (PDF Archive),10149,AL_LOLO_WAL_MARJAN,
UNIQUE_NO_DUPLICATE,Maktaba Al-Maknoon (PDF Archive),10150,AL_MURTAZA,
UNIQUE_NO_DUPLICATE,Maktaba Al-Maknoon (PDF Archive),10151,AL_QAMOOS_UL_JADEED_ARABIC_URDU,
UNIQUE_NO_DUPLICATE,Maktaba Al-Maknoon (PDF Archive),10152,AL_QAMOOS_UL_WAHEED_Part1,
UNIQUE_NO_DUPLICATE,Maktaba Al-Maknoon (PDF Archive),10153,AL_QAMOOS_UL_WAHEED_Part2,
UNIQUE_NO_DUPLICATE,Maktaba Al-Maknoon (PDF Archive),10154,AL_QAMOOS_UL_WAHEED_Part3,
UNIQUE_NO_DUPLICATE,Maktaba Al-Maknoon (PDF Archive),10155,AL_QURAN_(15_LINES)_COLOR,
UNIQUE_NO_DUPLICATE,Maktaba Al-Maknoon (PDF Archive),10156,AL_QURAN_(16_LINES)_FULL,
UNIQUE_NO_DUPLICATE,Maktaba Al-Maknoon (PDF Archive),10157,AL_QURAN_09_LINES,
UNIQUE_NO_DUPLICATE,Maktaba Al-Maknoon (PDF Archive),10158,AL_QURAN_10_LINES,
UNIQUE_NO_DUPLICATE,Maktaba Al-Maknoon (PDF Archive),10159,AL_QURAN_11_LINES,
UNIQUE_NO_DUPLICATE,Maktaba Al-Maknoon (PDF Archive),10160,AL_QURAN_13_LINES_PAK_COMPANY,
UNIQUE_NO_DUPLICATE,Maktaba Al-Maknoon (PDF Archive),10161,AL_QURAN_13_LINES_QUDRAT_ULLAH_COMPANY,
UNIQUE_NO_DUPLICATE,Maktaba Al-Maknoon (PDF Archive),10162,AL_QURAN_13_LINES_TAJWEDI,
UNIQUE_NO_DUPLICATE,Maktaba Al-Maknoon (PDF Archive),10163,AL_QURAN_14_LINES,
UNIQUE_NO_DUPLICATE,Maktaba Al-Maknoon (PDF Archive),10164,AL_QURAN_15_LINES_MAA_MUTASHABIHAAT,
UNIQUE_NO_DUPLICATE,Maktaba Al-Maknoon (PDF Archive),10165,AL_QURAN_15_LINES_QUDRAT_ULLAH_COMPANY,
UNIQUE_NO_DUPLICATE,Maktaba Al-Maknoon (PDF Archive),10166,AL_QURAN_15_LINES_TAJWEDI,
UNIQUE_NO_DUPLICATE,Maktaba Al-Maknoon (PDF Archive),10167,AL_QURAN_16_LINES,
UNIQUE_NO_DUPLICATE,Maktaba Al-Maknoon (PDF Archive),10168,AL_QURAN_16_LINES_TAJWEDI,
UNIQUE_NO_DUPLICATE,Maktaba Al-Maknoon (PDF Archive),10169,AL_QURAN_17_LINES,
UNIQUE_NO_DUPLICATE,Maktaba Al-Maknoon (PDF Archive),10170,AL_QURAN_18_LINES,
UNIQUE_NO_DUPLICATE,Maktaba Al-Maknoon (PDF Archive),10171,AL_QURAN_21_LINES,
UNIQUE_NO_DUPLICATE,Maktaba Al-Maknoon (PDF Archive),10172,AL_QURAN_MAJEED_15_LINES,
UNIQUE_NO_DUPLICATE,Maktaba Al-Maknoon (PDF Archive),10173,AL_QURAN_TARJAMA_FAIQ_UL_BAYAN_SHAH_RAFI_UDDEEN_DHELVI,
UNIQUE_NO_DUPLICATE,Maktaba Al-Maknoon (PDF Archive),10174,AL_QURAN_TARJAMA_JALANDHARI_FATHE_MUHAMMED_JALANDHRI,
UNIQUE_NO_DUPLICATE,Maktaba Al-Maknoon (PDF Archive),10175,AL_QURAN_TARJAMA_SHAH_RAFI_UL_DEEN_SHAH_RAFI_UDDEEN_DHELVI,
KEPT_HAD_JIBREEL_DUPLICATE,Maktaba Al-Maknoon (PDF Archive),10176,Alam e Islam Pe Amreeka Ki Yalghar Kioon,
UNIQUE_NO_DUPLICATE,Maktaba Al-Maknoon (PDF Archive),10177,Alamaat-e-Ahl-e-Mohabbat,
KEPT_HAD_JIBREEL_DUPLICATE,Maktaba Al-Maknoon (PDF Archive),10178,ALAMAAT_E_QAYAMAT_OR_NUZOOL_E_MASEEH_(A.S),
KEPT_HAD_JIBREEL_DUPLICATE,Maktaba Al-Maknoon (PDF Archive),10179,Alamat a Qayamat Aur Aqeeda Zahoor e Mehdi By SHEIKH SUHAIL BAWA,
KEPT_HAD_JIBREEL_DUPLICATE,Maktaba Al-Maknoon (PDF Archive),10180,Alamat e Qayamat Aur Nuzool e Maseeh (A.S) By SHEIKH MUFTI RAFI USMANI,
KEPT_HAD_JIBREEL_DUPLICATE,Maktaba Al-Maknoon (PDF Archive),10181,Alfaz ul Quran by SHEIKH ASHRAF ALI THANVI (RA),
KEPT_HAD_JIBREEL_DUPLICATE,Maktaba Al-Maknoon (PDF Archive),10182,Alfurqan- 21st Century Ka American Quran,
UNIQUE_NO_DUPLICATE,Maktaba Al-Maknoon (PDF Archive),10183,Allah kay bawafa banday,
KEPT_HAD_JIBREEL_DUPLICATE,Maktaba Al-Maknoon (PDF Archive),10184,Allah Ke Liye Jeena Marna By SHEIKH MUFTI TAQI USMANI,
KEPT_HAD_JIBREEL_DUPLICATE,Maktaba Al-Maknoon (PDF Archive),10185,Allah Ki Panah By SHEIKH MUHAMMAD YUNUS PALANPURI,
KEPT_HAD_JIBREEL_DUPLICATE,Maktaba Al-Maknoon (PDF Archive),10186,Allah Se Milnay Ki Tamanna by SHEIKH ASHRAF ALI THANVI (RA),
KEPT_HAD_JIBREEL_DUPLICATE,Maktaba Al-Maknoon (PDF Archive),10187,Allah Walon Ki Maqbuliyat Ka Raaz By Sheikh Mufti Salman Mansoorpuri,
UNIQUE_NO_DUPLICATE,Maktaba Al-Maknoon (PDF Archive),10188,Allah(t) kay saath ashad mohabbat ki bunyad,
UNIQUE_NO_DUPLICATE,Maktaba Al-Maknoon (PDF Archive),10189,Allah-Ke-Liye-jina-Marna,
UNIQUE_NO_DUPLICATE,Maktaba Al-Maknoon (PDF Archive),10190,ALLAH_KAY_BA_WAFA_BANDAY,
UNIQUE_NO_DUPLICATE,Maktaba Al-Maknoon (PDF Archive),10191,ALLAH_KAY_SAATH_ASHAD_MUHABBAT_KI_BUNYAD,
UNIQUE_NO_DUPLICATE,Maktaba Al-Maknoon (PDF Archive),10193,ALLAMAT_E_AHL_E_MUHABBAT,
KEPT_HAD_JIBREEL_DUPLICATE,Maktaba Al-Maknoon (PDF Archive),10194,Almanaqib Alfatimia By SHEIKH AHMAD HASAN SAMBHLI,
UNIQUE_NO_DUPLICATE,Maktaba Al-Maknoon (PDF Archive),10195,altaf_e_rabbani,
UNIQUE_NO_DUPLICATE,Maktaba Al-Maknoon (PDF Archive),10196,ALTAF_RABBANII,
KEPT_HAD_JIBREEL_DUPLICATE,Maktaba Al-Maknoon (PDF Archive),10197,Amama Topi Aur Kurta By SHEIKH FAZLUR RAHMAN AZMI,
UNIQUE_NO_DUPLICATE,Maktaba Al-Maknoon (PDF Archive),10198,AMAMA_KAY_FAZAIL_OR_MASAIL,
KEPT_HAD_JIBREEL_DUPLICATE,Maktaba Al-Maknoon (PDF Archive),10199,Amilon Say Nijaat Payiye By SHEIKH ABDUS SATTAR,
UNIQUE_NO_DUPLICATE,Maktaba Al-Maknoon (PDF Archive),10201,AMSAAL_E_IBRAT,
KEPT_HAD_JIBREEL_DUPLICATE,Maktaba Al-Maknoon (PDF Archive),10202,An Nabi ul Khatim By SHEIKH MANAZIR AHSAN GAILANI,
UNIQUE_NO_DUPLICATE,Maktaba Al-Maknoon (PDF Archive),10203,ANAAR_KAY_DARAKHT_TALY,
KEPT_HAD_JIBREEL_DUPLICATE,Maktaba Al-Maknoon (PDF Archive),10204,andar-ki-batain,
KEPT_HAD_JIBREEL_DUPLICATE,Maktaba Al-Maknoon (PDF Archive),10205,Angoothay Choomnay Ka Masala Deoband Ki Adalat Mein By NOMAN MUHAMMAD AMIN,
KEPT_HAD_JIBREEL_DUPLICATE,Maktaba Al-Maknoon (PDF Archive),10206,Anwaar e Anwary By SHEIKH MUHAMMAD ANWARI,
UNIQUE_NO_DUPLICATE,Maktaba Al-Maknoon (PDF Archive),10207,Anwaar-e-Haram,
KEPT_HAD_JIBREEL_DUPLICATE,Maktaba Al-Maknoon (PDF Archive),10208,ANWAAR_UL_BARI_VOL_01_02,
UNIQUE_NO_DUPLICATE,Maktaba Al-Maknoon (PDF Archive),10209,ANWAAR_UL_BARI_VOL_03_04,
UNIQUE_NO_DUPLICATE,Maktaba Al-Maknoon (PDF Archive),10210,ANWAAR_UL_BARI_VOL_05_06_07,
UNIQUE_NO_DUPLICATE,Maktaba Al-Maknoon (PDF Archive),10211,ANWAAR_UL_BARI_VOL_08_09_10,
UNIQUE_NO_DUPLICATE,Maktaba Al-Maknoon (PDF Archive),10212,ANWAAR_UL_BARI_VOL_11_12_13,
UNIQUE_NO_DUPLICATE,Maktaba Al-Maknoon (PDF Archive),10213,ANWAAR_UL_BARI_VOL_14_15_16_SYED_AHMED_RAZA_BANJORI,
UNIQUE_NO_DUPLICATE,Maktaba Al-Maknoon (PDF Archive),10214,ANWAAR_UL_BARI_VOL_17_18_19,
UNIQUE_NO_DUPLICATE,Maktaba Al-Maknoon (PDF Archive),10215,ANWAAR_UL_BAYAAN_VOL_1,
UNIQUE_NO_DUPLICATE,Maktaba Al-Maknoon (PDF Archive),10216,ANWAAR_UL_BAYAAN_VOL_1_MUHAMMED_ASHIQ_ILAHI,
UNIQUE_NO_DUPLICATE,Maktaba Al-Maknoon (PDF Archive),10217,ANWAAR_UL_BAYAAN_VOL_2,
UNIQUE_NO_DUPLICATE,Maktaba Al-Maknoon (PDF Archive),10218,ANWAAR_UL_BAYAAN_VOL_2_MUHAMMED_ASHIQ_ILAHI,
UNIQUE_NO_DUPLICATE,Maktaba Al-Maknoon (PDF Archive),10219,ANWAAR_UL_BAYAAN_VOL_3,
UNIQUE_NO_DUPLICATE,Maktaba Al-Maknoon (PDF Archive),10220,ANWAAR_UL_BAYAAN_VOL_3_MUHAMMED_ASHIQ_ILAHI,
UNIQUE_NO_DUPLICATE,Maktaba Al-Maknoon (PDF Archive),10221,ANWAAR_UL_BAYAAN_VOL_4,
UNIQUE_NO_DUPLICATE,Maktaba Al-Maknoon (PDF Archive),10222,ANWAAR_UL_BAYAAN_VOL_4_MUHAMMED_ASHIQ_ILAHI,
UNIQUE_NO_DUPLICATE,Maktaba Al-Maknoon (PDF Archive),10223,ANWAAR_UL_BAYAAN_VOL_5_MUHAMMED_ASHIQ_ILAHI,
UNIQUE_NO_DUPLICATE,Maktaba Al-Maknoon (PDF Archive),10224,ANWAAR_US_SAWANEH,
UNIQUE_NO_DUPLICATE,Maktaba Al-Maknoon (PDF Archive),10225,ANWAR_E_HARAM,
UNIQUE_NO_DUPLICATE,Maktaba Al-Maknoon (PDF Archive),10226,AOLAAD_KI_TARBIYAT_KESY_KAREN,
KEPT_HAD_JIBREEL_DUPLICATE,Maktaba Al-Maknoon (PDF Archive),10227,aowliyaallah,
KEPT_HAD_JIBREEL_DUPLICATE,Maktaba Al-Maknoon (PDF Archive),10228,Apnay Imaan Ki Hifazat Karain By SHEIKH ASHRAF ALI THANVI (R.A),
UNIQUE_NO_DUPLICATE,Maktaba Al-Maknoon (PDF Archive),10229,Aqaid e Ulama e Deoband Ma Hayat un Nabi [SAW] By Sheikh Azizur Rahman Azizi,
KEPT_HAD_JIBREEL_DUPLICATE,Maktaba Al-Maknoon (PDF Archive),10230,Aqaid Khair ul Wasail Ila Zabt il Masail By SHEIKH MUHAMMAD ANWAR OKARVI,
KEPT_HAD_JIBREEL_DUPLICATE,Maktaba Al-Maknoon (PDF Archive),10231,Aqaid o Kamalaat e Ulama e Deoband By SHEIKH ALLAH YAR KHAN (RA),
KEPT_HAD_JIBREEL_DUPLICATE,Maktaba Al-Maknoon (PDF Archive),10233,Aqaid Ulama e Deoband By SHEIKH KHALEEL AHMAD AMBETHVI,
KEPT_HAD_JIBREEL_DUPLICATE,Maktaba Al-Maknoon (PDF Archive),10234,Aqal Aur Us Ka Maqam By SHEIKH HAFIDH ABU BAKR IBN E ABI AD-DUNIYA,
UNIQUE_NO_DUPLICATE,Maktaba Al-Maknoon (PDF Archive),10235,Aqeeda k shakook o shubhat ka izala,
UNIQUE_NO_DUPLICATE,Maktaba Al-Maknoon (PDF Archive),10236,Aqeeda ya Jehalat,
UNIQUE_NO_DUPLICATE,Maktaba Al-Maknoon (PDF Archive),10237,Aqeeda-e-Aima arba,
KEPT_HAD_JIBREEL_DUPLICATE,Maktaba Al-Maknoon (PDF Archive),10238,Aqeedah Aur Aqeedat By SHEIKH MUFTI MUKHTARUDDIN KARBOGHA SHAREEF,
KEPT_HAD_JIBREEL_DUPLICATE,Maktaba Al-Maknoon (PDF Archive),10239,Aqeedah Nuzool e Maseeh (A.S) By SHEIKH MUHAMMAD YUSUF BINORI (RA),
KEPT_HAD_JIBREEL_DUPLICATE,Maktaba Al-Maknoon (PDF Archive),10240,Aqeedah Zahoor e Mehdi Ahadith Ki Roshni Mein By SHEIKH MUFTI NIZAMUDDIN SHAMZAI (R.A),
KEPT_HAD_JIBREEL_DUPLICATE,Maktaba Al-Maknoon (PDF Archive),10241,Aqeedatul Ummat Fi Khatam e Nubuwwat By Sheikh Allama Khalid Mehmood,
UNIQUE_NO_DUPLICATE,Maktaba Al-Maknoon (PDF Archive),10242,aqeedeh-emamat-va-hadith-ghadir-PDF,
KEPT_HAD_JIBREEL_DUPLICATE,Maktaba Al-Maknoon (PDF Archive),10243,Aqeeqah Ke Ahkam By SHEIKH MUHAMMAD YUSUF KHAN,
KEPT_HAD_JIBREEL_DUPLICATE,Maktaba Al-Maknoon (PDF Archive),10244,Aqwal e Sahabah By HAFIZ MUHAMMD IQBAL SEHR,
KEPT_HAD_JIBREEL_DUPLICATE,Maktaba Al-Maknoon (PDF Archive),10245,Ar Raheeq Al Makhtum,
UNIQUE_NO_DUPLICATE,Maktaba Al-Maknoon (PDF Archive),10246,Ar Raheeq-ul-Makhtoom,
KEPT_HAD_JIBREEL_DUPLICATE,Maktaba Al-Maknoon (PDF Archive),10247,Arabi Bol Chaal By Sheikh Mushtaq Ahmad Charthaoli,
UNIQUE_NO_DUPLICATE,Maktaba Al-Maknoon (PDF Archive),10248,ARABI KA MUALLIM VOL 1 AL BUSHRA COLOR,
KEPT_HAD_JIBREEL_DUPLICATE,Maktaba Al-Maknoon (PDF Archive),10249,ARABI KA MUALLIM VOL 1 AL BUSHRA,
KEPT_HAD_JIBREEL_DUPLICATE,Maktaba Al-Maknoon (PDF Archive),10250,ARABI KA MUALLIM VOL 2 AL BUSHRA COLOR,
UNIQUE_NO_DUPLICATE,Maktaba Al-Maknoon (PDF Archive),10251,ARABI KA MUALLIM VOL 2 AL BUSHRA,
KEPT_HAD_JIBREEL_DUPLICATE,Maktaba Al-Maknoon (PDF Archive),10252,ARABI KA MUALLIM VOL 3 AL BUSHRA COLOR,
UNIQUE_NO_DUPLICATE,Maktaba Al-Maknoon (PDF Archive),10253,ARABI KA MUALLIM VOL 3 AL BUSHRA,
KEPT_HAD_JIBREEL_DUPLICATE,Maktaba Al-Maknoon (PDF Archive),10254,ARABI KA MUALLIM VOL 4 AL BUSHRA COLOR,
UNIQUE_NO_DUPLICATE,Maktaba Al-Maknoon (PDF Archive),10255,ARABI KA MUALLIM VOL 4 AL BUSHRA,
KEPT_HAD_JIBREEL_DUPLICATE,Maktaba Al-Maknoon (PDF Archive),10256,Arabi Zaban Ghair Arab Ko Kaisay Parhaaen ( URDU) By SHEIKH ABDUR RAZZAQ SIKANDAR,
KEPT_HAD_JIBREEL_DUPLICATE,Maktaba Al-Maknoon (PDF Archive),10257,Arba-Anhar-Urdu,
KEPT_HAD_JIBREEL_DUPLICATE,Maktaba Al-Maknoon (PDF Archive),10258,Armaghan E Haq VOL 2 By SHEIKH MUHAMMAD ABUBAKR GHAZIPURI,
KEPT_HAD_JIBREEL_DUPLICATE,Maktaba Al-Maknoon (PDF Archive),10259,ASAAN USOOL E FIQH AL BUSHRA COLOR,
UNIQUE_NO_DUPLICATE,Maktaba Al-Maknoon (PDF Archive),10260,ASAAN USOOL E FIQH AL BUSHRA,
KEPT_HAD_JIBREEL_DUPLICATE,Maktaba Al-Maknoon (PDF Archive),10261,ASAAN_FIQHI_MASAIL,
KEPT_HAD_JIBREEL_DUPLICATE,Maktaba Al-Maknoon (PDF Archive),10262,asan-rasta,
KEPT_HAD_JIBREEL_DUPLICATE,Maktaba Al-Maknoon (PDF Archive),10264,Ash Shahab us Saqib By SHEIKH SYED HUSAIN AHMAD MADNI (R.A),
KEPT_HAD_JIBREEL_DUPLICATE,Maktaba Al-Maknoon (PDF Archive),10265,Ashraf ul Jawaab By SHEIKH ASHRAF ALI THANVI (RA),
KEPT_HAD_JIBREEL_DUPLICATE,Maktaba Al-Maknoon (PDF Archive),10266,ASHRAF UL SEGAH MEER MUHAMMAD,
UNIQUE_NO_DUPLICATE,Maktaba Al-Maknoon (PDF Archive),10267,Ashraf_ul_Hadaya-Vol_01,
UNIQUE_NO_DUPLICATE,Maktaba Al-Maknoon (PDF Archive),10268,Ashraf_ul_Hadaya_Vol_02,
UNIQUE_NO_DUPLICATE,Maktaba Al-Maknoon (PDF Archive),10269,Ashraf_ul_Hadaya_Vol_03,
UNIQUE_NO_DUPLICATE,Maktaba Al-Maknoon (PDF Archive),10270,Ashraf_ul_Hadaya_Vol_04,
UNIQUE_NO_DUPLICATE,Maktaba Al-Maknoon (PDF Archive),10271,Ashraf_ul_Hadaya_Vol_07,
UNIQUE_NO_DUPLICATE,Maktaba Al-Maknoon (PDF Archive),10272,Ashraf_ul_Hadaya_Vol_08,
UNIQUE_NO_DUPLICATE,Maktaba Al-Maknoon (PDF Archive),10273,Ashraf_ul_Hadaya_Vol_09,
UNIQUE_NO_DUPLICATE,Maktaba Al-Maknoon (PDF Archive),10274,Ashraf_ul_Hadaya_Vol_10,
UNIQUE_NO_DUPLICATE,Maktaba Al-Maknoon (PDF Archive),10275,Ashraf_ul_Hadaya_Vol_11,
UNIQUE_NO_DUPLICATE,Maktaba Al-Maknoon (PDF Archive),10276,Ashraf_ul_Hadaya_Vol_12,
UNIQUE_NO_DUPLICATE,Maktaba Al-Maknoon (PDF Archive),10277,Ashraf_ul_Hadaya_Vol_13,
UNIQUE_NO_DUPLICATE,Maktaba Al-Maknoon (PDF Archive),10278,Ashraf_ul_Hadaya_Vol_14,
UNIQUE_NO_DUPLICATE,Maktaba Al-Maknoon (PDF Archive),10279,Ashraf_ul_Hadaya_Vol_15,
UNIQUE_NO_DUPLICATE,Maktaba Al-Maknoon (PDF Archive),10280,Ashraf_ul_Hadaya_Vol_16,
UNIQUE_NO_DUPLICATE,Maktaba Al-Maknoon (PDF Archive),10281,Ashraf_ul_Hhadaya_Vol_05,
UNIQUE_NO_DUPLICATE,Maktaba Al-Maknoon (PDF Archive),10282,Ashraf_ul_Hhadaya_Vol_06,
UNIQUE_NO_DUPLICATE,Maktaba Al-Maknoon (PDF Archive),10283,ASHRAF_UL_JAWAB,
KEPT_HAD_JIBREEL_DUPLICATE,Maktaba Al-Maknoon (PDF Archive),10284,ASHRAF_US_SAWANEH_VOL_1,
KEPT_HAD_JIBREEL_DUPLICATE,Maktaba Al-Maknoon (PDF Archive),10285,ASHRAF_US_SAWANEH_VOL_2,
KEPT_HAD_JIBREEL_DUPLICATE,Maktaba Al-Maknoon (PDF Archive),10286,ASHRAF_US_SAWANEH_VOL_4,
KEPT_HAD_JIBREEL_DUPLICATE,Maktaba Al-Maknoon (PDF Archive),10287,ASHRAF_UT_TAFASEER_VOL_1,
KEPT_HAD_JIBREEL_DUPLICATE,Maktaba Al-Maknoon (PDF Archive),10288,ASHRAF_UT_TAFASEER_VOL_2,
KEPT_HAD_JIBREEL_DUPLICATE,Maktaba Al-Maknoon (PDF Archive),10289,ASHRAF_UT_TAFASEER_VOL_3,
KEPT_HAD_JIBREEL_DUPLICATE,Maktaba Al-Maknoon (PDF Archive),10290,ASHRAF_UT_TAFASEER_VOL_4,
KEPT_HAD_JIBREEL_DUPLICATE,Maktaba Al-Maknoon (PDF Archive),10291,Ashrafi Namaz Kamil,
UNIQUE_NO_DUPLICATE,Maktaba Al-Maknoon (PDF Archive),10292,ashraful hidaya Jild 1,
UNIQUE_NO_DUPLICATE,Maktaba Al-Maknoon (PDF Archive),10293,ashraful hidaya Jild 10,
UNIQUE_NO_DUPLICATE,Maktaba Al-Maknoon (PDF Archive),10294,ashraful hidaya Jild 11,
UNIQUE_NO_DUPLICATE,Maktaba Al-Maknoon (PDF Archive),10295,ashraful hidaya Jild 12,
UNIQUE_NO_DUPLICATE,Maktaba Al-Maknoon (PDF Archive),10296,ashraful hidaya Jild 13,
UNIQUE_NO_DUPLICATE,Maktaba Al-Maknoon (PDF Archive),10297,ashraful hidaya Jild 14,
UNIQUE_NO_DUPLICATE,Maktaba Al-Maknoon (PDF Archive),10298,ashraful hidaya Jild 15,
UNIQUE_NO_DUPLICATE,Maktaba Al-Maknoon (PDF Archive),10299,ashraful hidaya Jild 16,
UNIQUE_NO_DUPLICATE,Maktaba Al-Maknoon (PDF Archive),10300,ashraful hidaya Jild 2,
UNIQUE_NO_DUPLICATE,Maktaba Al-Maknoon (PDF Archive),10301,ashraful hidaya Jild 3,
UNIQUE_NO_DUPLICATE,Maktaba Al-Maknoon (PDF Archive),10302,ashraful hidaya Jild 4,
UNIQUE_NO_DUPLICATE,Maktaba Al-Maknoon (PDF Archive),10303,ashraful hidaya Jild 5,
UNIQUE_NO_DUPLICATE,Maktaba Al-Maknoon (PDF Archive),10304,ashraful hidaya Jild 6-1,
UNIQUE_NO_DUPLICATE,Maktaba Al-Maknoon (PDF Archive),10305,ashraful hidaya Jild 6-2,
UNIQUE_NO_DUPLICATE,Maktaba Al-Maknoon (PDF Archive),10306,ashraful hidaya Jild 7-1,
UNIQUE_NO_DUPLICATE,Maktaba Al-Maknoon (PDF Archive),10307,ashraful hidaya Jild 7-2,
UNIQUE_NO_DUPLICATE,Maktaba Al-Maknoon (PDF Archive),10308,ashraful hidaya Jild 8,
UNIQUE_NO_DUPLICATE,Maktaba Al-Maknoon (PDF Archive),10309,ashraful hidaya Jild 9,
UNIQUE_NO_DUPLICATE,Maktaba Al-Maknoon (PDF Archive),10310,ASLAAF_KI_YADEN,
UNIQUE_NO_DUPLICATE,Maktaba Al-Maknoon (PDF Archive),10311,ASLI_PEERI_MOORIDI_KYA_HAI,
UNIQUE_NO_DUPLICATE,Maktaba Al-Maknoon (PDF Archive),10312,asli_peeri_mureedi,
KEPT_HAD_JIBREEL_DUPLICATE,Maktaba Al-Maknoon (PDF Archive),10313,ASMA E BADRAIN By SHEIKH BADR E ALAM MEERTHI,
UNIQUE_NO_DUPLICATE,Maktaba Al-Maknoon (PDF Archive),10314,ASMA_UN_NABI_YIL_KAREEM,
KEPT_HAD_JIBREEL_DUPLICATE,Maktaba Al-Maknoon (PDF Archive),10315,Asr e Hazir By SHEIKH MUHAMMAD YUSUF LUDHYANVI (R.A),
KEPT_HAD_JIBREEL_DUPLICATE,Maktaba Al-Maknoon (PDF Archive),10316,Asr e Hazir Mein Deen Ki Tafheem o Tashreeh By SHEIKH SYED ABUL HASAN ALI NADVI (R.A),
UNIQUE_NO_DUPLICATE,Maktaba Al-Maknoon (PDF Archive),10317,Asr-e-Hazir,
UNIQUE_NO_DUPLICATE,Maktaba Al-Maknoon (PDF Archive),10318,ASR_E_HAZIR_MEN_GHALABA_E_DEEN_KA_NABAVI_TAREQA_E_KAR,
KEPT_HAD_JIBREEL_DUPLICATE,Maktaba Al-Maknoon (PDF Archive),10319,Asrar e Khudi (Urdu Manzoom Tarjumah) By Allama Muhammad Iqbal (r.a),
UNIQUE_NO_DUPLICATE,Maktaba Al-Maknoon (PDF Archive),10320,ASTAFGHAR_KAY_SAMRAAT,
UNIQUE_NO_DUPLICATE,Maktaba Al-Maknoon (PDF Archive),10321,AT_TAKASHUF,
UNIQUE_NO_DUPLICATE,Maktaba Al-Maknoon (PDF Archive),10322,AT_TAREEQ_UL_ASLAM_URDU_SHARAH_MUSNAD_UL_IMAM_IL_AAZAM,
UNIQUE_NO_DUPLICATE,Maktaba Al-Maknoon (PDF Archive),10323,AT_TAREQA_TUS_SAHLAH,
UNIQUE_NO_DUPLICATE,Maktaba Al-Maknoon (PDF Archive),10324,ATA_E_RABBANI,
KEPT_HAD_JIBREEL_DUPLICATE,Maktaba Al-Maknoon (PDF Archive),10325,Atyab Ul Kalam By SHEIKH HAFIZ ABDUL MATEEN KHAN ZAHID,
UNIQUE_NO_DUPLICATE,Maktaba Al-Maknoon (PDF Archive),10326,AULIA_ALLAH_KI_PEHCHAAN,
KEPT_HAD_JIBREEL_DUPLICATE,Maktaba Al-Maknoon (PDF Archive),10327,Aurat aur Islam By SHEIKH MUHAMMAD SHAHABUDDIN NADVI,
KEPT_HAD_JIBREEL_DUPLICATE,Maktaba Al-Maknoon (PDF Archive),10328,Aurat Ka Bila Mehram Safar e Haj By SHEIKH MUFTI SHAMSUDDIN NOOR,
KEPT_HAD_JIBREEL_DUPLICATE,Maktaba Al-Maknoon (PDF Archive),10329,Aurat Ki Sarbrahi Ki Shari Hesiat By Sheikh Mufti Rafi Usmani,
UNIQUE_NO_DUPLICATE,Maktaba Al-Maknoon (PDF Archive),10330,Aurat-Ke-Sarbrahi,
UNIQUE_NO_DUPLICATE,Maktaba Al-Maknoon (PDF Archive),10331,AWAMIL UN NAHW AL BUSHRA COLOR,
KEPT_HAD_JIBREEL_DUPLICATE,Maktaba Al-Maknoon (PDF Archive),10332,AWAMIL UN NAHW AL BUSHRA,
KEPT_HAD_JIBREEL_DUPLICATE,Maktaba Al-Maknoon (PDF Archive),10333,Awamil un Nahw By SHEIKH MUSHTAQ AHMAD,
KEPT_HAD_JIBREEL_DUPLICATE,Maktaba Al-Maknoon (PDF Archive),10334,Awlaad e Rasool [SAW] By Sheikh Muhammad Nadeem Qasmi,
KEPT_HAD_JIBREEL_DUPLICATE,Maktaba Al-Maknoon (PDF Archive),10335,AYAAT_E_MUTAARIZA_OR_UNKA_HAL,
UNIQUE_NO_DUPLICATE,Maktaba Al-Maknoon (PDF Archive),10336,AyatumBayanat,
KEPT_HAD_JIBREEL_DUPLICATE,Maktaba Al-Maknoon (PDF Archive),10337,Azan Qabar Ka Tehqeeqi Jaiza By SHEIKH MUHAMMAD MANZOOR NOMANI (R.A),
UNIQUE_NO_DUPLICATE,Maktaba Al-Maknoon (PDF Archive),10338,AZEEN_O_AQARIB_KAY_HAQOOQ,
UNIQUE_NO_DUPLICATE,Maktaba Al-Maknoon (PDF Archive),10339,azeez_aqarib_huquq,
UNIQUE_NO_DUPLICATE,Maktaba Al-Maknoon (PDF Archive),10340,AZEEZ_UL_FATAWA,
KEPT_HAD_JIBREEL_DUPLICATE,Maktaba Al-Maknoon (PDF Archive),10341,Azmat e Quran By Sheikh Ashiq Husain Shujabadi,
KEPT_HAD_JIBREEL_DUPLICATE,Maktaba Al-Maknoon (PDF Archive),10342,Azmat E Sahaba Par Chahal Ahadith By MUHAMMAD SHOAIB,
UNIQUE_NO_DUPLICATE,Maktaba Al-Maknoon (PDF Archive),10343,Azmat-e-Huffaz-e-Kiraam,
KEPT_HAD_JIBREEL_DUPLICATE,Maktaba Al-Maknoon (PDF Archive),10344,Azmat-E-Ulama,
UNIQUE_NO_DUPLICATE,Maktaba Al-Maknoon (PDF Archive),10345,AZMAT_E_HUFAAZ_KARAAM,
UNIQUE_NO_DUPLICATE,Maktaba Al-Maknoon (PDF Archive),10346,AZMAT_E_SAHABA,
UNIQUE_NO_DUPLICATE,Maktaba Al-Maknoon (PDF Archive),10347,azmat_e_sahba,
KEPT_HAD_JIBREEL_DUPLICATE,Maktaba Al-Maknoon (PDF Archive),10348,Ba Adab Ba Naseeb By Sheikh Zulfiqar Ahmad Naqshbandi,
KEPT_HAD_JIBREEL_DUPLICATE,Maktaba Al-Maknoon (PDF Archive),10349,Ba Bang -e- Dohul BY Ustad Imam Din Gujrati,
KEPT_HAD_JIBREEL_DUPLICATE,Maktaba Al-Maknoon (PDF Archive),10350,Bachon Ke Liay Ibtidai Deeni Taleemaat By Sheikh Mufti Ehsanullah Shaiq,
UNIQUE_NO_DUPLICATE,Maktaba Al-Maknoon (PDF Archive),10351,BACHON_KI_QASAS_UL_AMBIYA_PART_3,
UNIQUE_NO_DUPLICATE,Maktaba Al-Maknoon (PDF Archive),10352,BACHON_KO_IQDAR_KESY_SIKHAEN,
UNIQUE_NO_DUPLICATE,Maktaba Al-Maknoon (PDF Archive),10353,BACHON_KO_ZIMMEDARI_KESY_SIKHAEN,
UNIQUE_NO_DUPLICATE,Maktaba Al-Maknoon (PDF Archive),10354,Bachoun ki tarbiyat,
UNIQUE_NO_DUPLICATE,Maktaba Al-Maknoon (PDF Archive),10355,bad_nigahi_aur_ishq-e-mijazi_ki_tabahkariaan,
UNIQUE_NO_DUPLICATE,Maktaba Al-Maknoon (PDF Archive),10356,bad_nigahi_k_14_nuqsanat,
KEPT_HAD_JIBREEL_DUPLICATE,Maktaba Al-Maknoon (PDF Archive),10357,BADEE UL MEEZAN RASHEDIA,
UNIQUE_NO_DUPLICATE,Maktaba Al-Maknoon (PDF Archive),10358,Badgumani aur uska Ilaj,
UNIQUE_NO_DUPLICATE,Maktaba Al-Maknoon (PDF Archive),10359,BADGUMANI_AUR_US_KA_ILLAJ,
UNIQUE_NO_DUPLICATE,Maktaba Al-Maknoon (PDF Archive),10360,badgumani_ka_ilaj,
UNIQUE_NO_DUPLICATE,Maktaba Al-Maknoon (PDF Archive),10361,Badnazri aur ishq e mijazi ki tabah kariyan aur us ka ilaj,
UNIQUE_NO_DUPLICATE,Maktaba Al-Maknoon (PDF Archive),10362,BADNAZRI_O_ISHQ_E_MIJAZI_KI_TABAHKARIYAN,
UNIQUE_NO_DUPLICATE,Maktaba Al-Maknoon (PDF Archive),10363,BADNUZRI_KAY_14_NUQSANAT,
KEPT_HAD_JIBREEL_DUPLICATE,Maktaba Al-Maknoon (PDF Archive),10364,BADR E MUNEER MEER MUHAMMAD,
KEPT_HAD_JIBREEL_DUPLICATE,Maktaba Al-Maknoon (PDF Archive),10365,Badshagooni Aur Sehr Ki Shari Hesiat By SHEIKH SHAMSUL HAQ,
UNIQUE_NO_DUPLICATE,Maktaba Al-Maknoon (PDF Archive),10366,Badshagooni-Aur-Sehar-kee-Sharaee-Haisiat,
KEPT_HAD_JIBREEL_DUPLICATE,Maktaba Al-Maknoon (PDF Archive),10367,Bahishti Zevar By SHEIKH ASHRAF ALI THANVI (RA),
UNIQUE_NO_DUPLICATE,Maktaba Al-Maknoon (PDF Archive),10368,BAHISHTI_GUHAR,
UNIQUE_NO_DUPLICATE,Maktaba Al-Maknoon (PDF Archive),10369,BAHISHTI_ZAIWAR,
KEPT_HAD_JIBREEL_DUPLICATE,Maktaba Al-Maknoon (PDF Archive),10370,BAHR UL ULOOM MUJTABAIA,
KEPT_HAD_JIBREEL_DUPLICATE,Maktaba Al-Maknoon (PDF Archive),10371,banam-qad-awam,
UNIQUE_NO_DUPLICATE,Maktaba Al-Maknoon (PDF Archive),10372,Banao aur begar,
KEPT_HAD_JIBREEL_DUPLICATE,Maktaba Al-Maknoon (PDF Archive),10373,Bani e Darul Uloom Deoband By Sheikh Sarfraz Khan Safdar (r.a),
UNIQUE_NO_DUPLICATE,Maktaba Al-Maknoon (PDF Archive),10374,Bank ka Sood,
KEPT_HAD_JIBREEL_DUPLICATE,Maktaba Al-Maknoon (PDF Archive),10375,Baraat e Usman (RA) by SHEIKH UL HADITH ZAFAR AHMAD USMANI (RA),
UNIQUE_NO_DUPLICATE,Maktaba Al-Maknoon (PDF Archive),10376,BARAHEEN_E_QATIAAH,
UNIQUE_NO_DUPLICATE,Maktaba Al-Maknoon (PDF Archive),10377,Barailwiyyat,
KEPT_HAD_JIBREEL_DUPLICATE,Maktaba Al-Maknoon (PDF Archive),10378,Barelvi Fitnah Ka Nia Roop By SHEIKH MUHAMMAD ARIF SAMBHLI,
KEPT_HAD_JIBREEL_DUPLICATE,Maktaba Al-Maknoon (PDF Archive),10379,Barelvi Ulama O Mashaikh Ke Liye Lamha e Fikriya By SHEIKH ASHIQ ILAHI MADNI (R.A),
KEPT_HAD_JIBREEL_DUPLICATE,Maktaba Al-Maknoon (PDF Archive),10380,Barelviat By Allama Ihsan Ilahi Zaheer,
KEPT_HAD_JIBREEL_DUPLICATE,Maktaba Al-Maknoon (PDF Archive),10381,Barelviat Haqaiq Ke Aainay Mein By Hafiz Ghulam Muhammad Memon,
KEPT_HAD_JIBREEL_DUPLICATE,Maktaba Al-Maknoon (PDF Archive),10382,Barg e Gul By SHEIKH SYED NAFEES UL HUSAINI (R.A),
KEPT_HAD_JIBREEL_DUPLICATE,Maktaba Al-Maknoon (PDF Archive),10383,Barkat Wali Zindagi By Sheikh Abdus Sattar,
UNIQUE_NO_DUPLICATE,Maktaba Al-Maknoon (PDF Archive),10384,BARON_KA_BACHPAN_QADAM_BA_QADAM,
KEPT_HAD_JIBREEL_DUPLICATE,Maktaba Al-Maknoon (PDF Archive),10385,Basant Kya Hai by Sheikh Abu Lubabah Shah Mansoor &amp; Others,
UNIQUE_NO_DUPLICATE,Maktaba Al-Maknoon (PDF Archive),10386,BATEN_UNKI_YAAD_RAHENGI,
KEPT_HAD_JIBREEL_DUPLICATE,Maktaba Al-Maknoon (PDF Archive),10387,Batlaan e Mazhab e Shia BY Sheikh Muhammad Abdush Shakoor Lakhnavi (RA),
UNIQUE_NO_DUPLICATE,Maktaba Al-Maknoon (PDF Archive),10388,BAWADIR_UN_NAWADIR,
KEPT_HAD_JIBREEL_DUPLICATE,Maktaba Al-Maknoon (PDF Archive),10389,BAYAN UL FAWAID PART 1 2 SAYYED AHMED,
KEPT_HAD_JIBREEL_DUPLICATE,Maktaba Al-Maknoon (PDF Archive),10390,Bayanat e Palanpuri,
UNIQUE_NO_DUPLICATE,Maktaba Al-Maknoon (PDF Archive),10391,BAYPARDAGI_KI_TABAHKARIAN,
UNIQUE_NO_DUPLICATE,Maktaba Al-Maknoon (PDF Archive),10392,BAYSAT_E_NABOOWAT_KAY_MAQAASID,
KEPT_HAD_JIBREEL_DUPLICATE,Maktaba Al-Maknoon (PDF Archive),10393,BE KHADIMA TIL KAFIA RASHEDIA,
KEPT_HAD_JIBREEL_DUPLICATE,Maktaba Al-Maknoon (PDF Archive),10394,BE MASDAR IS SUROOR RASHEDIA,
UNIQUE_NO_DUPLICATE,Maktaba Al-Maknoon (PDF Archive),10395,beautiful_sunnats_of_beloved_nabi_saw,
UNIQUE_NO_DUPLICATE,Maktaba Al-Maknoon (PDF Archive),10396,BEES_ULAMA_E_HAQ,
KEPT_HAD_JIBREEL_DUPLICATE,Maktaba Al-Maknoon (PDF Archive),10397,Behayaee Aghaz Se Anjaam Tak By Naeem Ahmad Abrar,
UNIQUE_NO_DUPLICATE,Maktaba Al-Maknoon (PDF Archive),10398,Behishti_Gohar,
UNIQUE_NO_DUPLICATE,Maktaba Al-Maknoon (PDF Archive),10399,Behshti_Ziwar,
KEPT_HAD_JIBREEL_DUPLICATE,Maktaba Al-Maknoon (PDF Archive),10400,Benamazi Maqaam e Ibrat By SHEIKH TARIQ JAMEEL,
UNIQUE_NO_DUPLICATE,Maktaba Al-Maknoon (PDF Archive),10401,bepardagi_ki_tabah_kariyan,
KEPT_HAD_JIBREEL_DUPLICATE,Maktaba Al-Maknoon (PDF Archive),10403,Beti Allah ki Rehmat By SHEIKH MUFTI ABDUR RAUF SAKHARVI,
KEPT_HAD_JIBREEL_DUPLICATE,Maktaba Al-Maknoon (PDF Archive),10404,Beyat Ki Shari Hesiat By SHEIKH SYED HUSAIN AHMAD MADNI (R.A),
KEPT_HAD_JIBREEL_DUPLICATE,Maktaba Al-Maknoon (PDF Archive),10405,Bhlai Ki Chabi by SHEIKH ASHRAF ALI THANVI (RA),
KEPT_HAD_JIBREEL_DUPLICATE,Maktaba Al-Maknoon (PDF Archive),10406,BIBLE_SAY_QURAN_TAK_VOL_1,
KEPT_HAD_JIBREEL_DUPLICATE,Maktaba Al-Maknoon (PDF Archive),10407,BIBLE_SAY_QURAN_TAK_VOL_2,
KEPT_HAD_JIBREEL_DUPLICATE,Maktaba Al-Maknoon (PDF Archive),10408,BIBLE_SAY_QURAN_TAK_VOL_3,
UNIQUE_NO_DUPLICATE,Maktaba Al-Maknoon (PDF Archive),10409,Bidaat-e-Muharram,
KEPT_HAD_JIBREEL_DUPLICATE,Maktaba Al-Maknoon (PDF Archive),10410,Bidat Aik Ghumrahi By SHEIKH MUFTI TAQI USMANI,
UNIQUE_NO_DUPLICATE,Maktaba Al-Maknoon (PDF Archive),10411,BIDAT_OR_BIDATI,
KEPT_HAD_JIBREEL_DUPLICATE,Maktaba Al-Maknoon (PDF Archive),10412,Bidati Awliya Ki Nazar Mein By SHEIKH GHULAM GHAUS ARBANVI,
KEPT_HAD_JIBREEL_DUPLICATE,Maktaba Al-Maknoon (PDF Archive),10413,Bidatiyon K Durood-o-Salam Ki Shari Hesiat By Mufti Zar Wali Khan,
KEPT_HAD_JIBREEL_DUPLICATE,Maktaba Al-Maknoon (PDF Archive),10414,Bikhray Mot (Volume-5) By SHEIKH MUHAMMAD YUNUS PALANPURI,
UNIQUE_NO_DUPLICATE,Maktaba Al-Maknoon (PDF Archive),10415,BIKHRY_MOTI_VOL_1_TO_8,
KEPT_HAD_JIBREEL_DUPLICATE,Maktaba Al-Maknoon (PDF Archive),10416,BIL SHIMMAH HAQQANIA,
KEPT_HAD_JIBREEL_DUPLICATE,Maktaba Al-Maknoon (PDF Archive),10417,BIS SADIAH HAQQANIA,
KEPT_HAD_JIBREEL_DUPLICATE,Maktaba Al-Maknoon (PDF Archive),10418,Bismillah Ke Akham o Khawas By SHEIKH MUFTI MUHAMMAD SHAFI (R.A) ,
KEPT_HAD_JIBREEL_DUPLICATE,Maktaba Al-Maknoon (PDF Archive),10419,Bismillah Ki Ehmiat By SHEIKH TAQI USMANI,
UNIQUE_NO_DUPLICATE,Maktaba Al-Maknoon (PDF Archive),10420,BOLTY_HAQAIQ,
UNIQUE_NO_DUPLICATE,Maktaba Al-Maknoon (PDF Archive),10421,book_Riba,
UNIQUE_NO_DUPLICATE,Maktaba Al-Maknoon (PDF Archive),10422,Bosat-e-Nabuwwat kay maqaasid,
KEPT_HAD_JIBREEL_DUPLICATE,Maktaba Al-Maknoon (PDF Archive),10423,Bostan e Saadi (FARSI),
KEPT_HAD_JIBREEL_DUPLICATE,Maktaba Al-Maknoon (PDF Archive),10424,BRAHEEN,
UNIQUE_NO_DUPLICATE,Maktaba Al-Maknoon (PDF Archive),10425,BRAHEEN_E_QATIAH,
UNIQUE_NO_DUPLICATE,Maktaba Al-Maknoon (PDF Archive),10426,BUNYAAN_UL_MUSHAIYAD,
KEPT_HAD_JIBREEL_DUPLICATE,Maktaba Al-Maknoon (PDF Archive),10427,Bunyad e Islah by SHEIKH ASHRAF ALI THANVI (RA),
KEPT_HAD_JIBREEL_DUPLICATE,Maktaba Al-Maknoon (PDF Archive),10428,Burhan ut Tanzeel By SHEIKH MUHAMMAD MUSLIM USMANI (R.A),
UNIQUE_NO_DUPLICATE,Maktaba Al-Maknoon (PDF Archive),10429,BUSTAAN_UL_AARIFEEN,
KEPT_HAD_JIBREEL_DUPLICATE,Maktaba Al-Maknoon (PDF Archive),10430,Butt-Paray By DR. MUHAMMAD YUNUS BUTT,
KEPT_HAD_JIBREEL_DUPLICATE,Maktaba Al-Maknoon (PDF Archive),10431,Chahal Masala Hazraat e Barelvia By SHEIKH MUHAMMAD KAREEM BAKHSH,
KEPT_HAD_JIBREEL_DUPLICATE,Maktaba Al-Maknoon (PDF Archive),10432,Chalees Biddatain By SHEIKH MUHAMMAD MUTEE UL HAQ,
KEPT_HAD_JIBREEL_DUPLICATE,Maktaba Al-Maknoon (PDF Archive),10433,Chand Ahm Islami Aadaab By SHEIKH ABDUL FATTAH ABU GHUDDAH,
KEPT_HAD_JIBREEL_DUPLICATE,Maktaba Al-Maknoon (PDF Archive),10434,charag-mustafvi-aur-tofan-qad,
KEPT_HAD_JIBREEL_DUPLICATE,Maktaba Al-Maknoon (PDF Archive),10435,chota-mooh-bari-bat,
UNIQUE_NO_DUPLICATE,Maktaba Al-Maknoon (PDF Archive),10436,Comparison-bw-Islamic-and-qad-views,
UNIQUE_NO_DUPLICATE,Maktaba Al-Maknoon (PDF Archive),10438,Connection_with_Allah,
KEPT_HAD_JIBREEL_DUPLICATE,Maktaba Al-Maknoon (PDF Archive),10439,Dajal e Qadiyan By Sheikh Muhammad Ameen Safdar Okarvi (r.a),
KEPT_HAD_JIBREEL_DUPLICATE,Maktaba Al-Maknoon (PDF Archive),10440,DAJJAL E QADIYAN,
KEPT_HAD_JIBREEL_DUPLICATE,Maktaba Al-Maknoon (PDF Archive),10443,Dajjal,
UNIQUE_NO_DUPLICATE,Maktaba Al-Maknoon (PDF Archive),10444,DALAIL_UL_KHAIRAT,
UNIQUE_NO_DUPLICATE,Maktaba Al-Maknoon (PDF Archive),10445,DALAIL_UN_NUBOWAH_VOL_1,
UNIQUE_NO_DUPLICATE,Maktaba Al-Maknoon (PDF Archive),10446,DALAIL_UN_NUBOWAH_VOL_2,
UNIQUE_NO_DUPLICATE,Maktaba Al-Maknoon (PDF Archive),10447,DALAIL_UN_NUBOWAH_VOL_3,
KEPT_HAD_JIBREEL_DUPLICATE,Maktaba Al-Maknoon (PDF Archive),10448,Darajaat ul Islam by SHEIKH ASHRAF ALI THANVI (RA),
KEPT_HAD_JIBREEL_DUPLICATE,Maktaba Al-Maknoon (PDF Archive),10449,Dard e Dil by SHEIKH HAQ NAWAZ JHANGVI (RA),
KEPT_HAD_JIBREEL_DUPLICATE,Maktaba Al-Maknoon (PDF Archive),10450,Darhi (Beard) By SHEIKH MUFTI UBAID UR RAHMAN,
KEPT_HAD_JIBREEL_DUPLICATE,Maktaba Al-Maknoon (PDF Archive),10451,Darhi Aik Islami Shuaar By SHEIKH ASHIQ ILAHI MUHAJIR MADNI (R.A),
KEPT_HAD_JIBREEL_DUPLICATE,Maktaba Al-Maknoon (PDF Archive),10452,Darhi Aur Balon Ke Ahkam By Sheikh Mufti Ehsanullah Shaiq,
KEPT_HAD_JIBREEL_DUPLICATE,Maktaba Al-Maknoon (PDF Archive),10453,Darhi Aur Balon Ke Shari Ahkaam by Sheikh Mufti Ehsanullah Shaiq,
KEPT_HAD_JIBREEL_DUPLICATE,Maktaba Al-Maknoon (PDF Archive),10454,Darhi Ka Wujoob By SHEIKH MUHAMMAD ZAKARIYYA (R.A),
KEPT_HAD_JIBREEL_DUPLICATE,Maktaba Al-Maknoon (PDF Archive),10455,Darhi Moonchh Aur Sar Ke Baal Ke Masail By SHEIKH FAZLUR-RAHMAN AZMI,
KEPT_HAD_JIBREEL_DUPLICATE,Maktaba Al-Maknoon (PDF Archive),10456,Darhi Mundana Gunah e Kabeera Aur Is Ka Mazak Urana Kufr By SHEIKH ASHRAF ALI THANVI (RA),
UNIQUE_NO_DUPLICATE,Maktaba Al-Maknoon (PDF Archive),10457,Darhi,
KEPT_HAD_JIBREEL_DUPLICATE,Maktaba Al-Maknoon (PDF Archive),10458,Dars e Ibrat By Mufti Muhammad Shafi (RA),
KEPT_HAD_JIBREEL_DUPLICATE,Maktaba Al-Maknoon (PDF Archive),10459,DARS E MAQAMAT FAROQIA,
UNIQUE_NO_DUPLICATE,Maktaba Al-Maknoon (PDF Archive),10460,Dars-e-ibrat,
UNIQUE_NO_DUPLICATE,Maktaba Al-Maknoon (PDF Archive),10461,DARS_E_BUKHARI,
KEPT_HAD_JIBREEL_DUPLICATE,Maktaba Al-Maknoon (PDF Archive),10462,DARS_E_HADITH_VOL_01,
KEPT_HAD_JIBREEL_DUPLICATE,Maktaba Al-Maknoon (PDF Archive),10463,DARS_E_HADITH_VOL_02,
KEPT_HAD_JIBREEL_DUPLICATE,Maktaba Al-Maknoon (PDF Archive),10464,DARS_E_HADITH_VOL_03,
KEPT_HAD_JIBREEL_DUPLICATE,Maktaba Al-Maknoon (PDF Archive),10465,DARS_E_HADITH_VOL_04,
KEPT_HAD_JIBREEL_DUPLICATE,Maktaba Al-Maknoon (PDF Archive),10466,DARS_E_HADITH_VOL_05,
KEPT_HAD_JIBREEL_DUPLICATE,Maktaba Al-Maknoon (PDF Archive),10467,DARS_E_HADITH_VOL_06,
KEPT_HAD_JIBREEL_DUPLICATE,Maktaba Al-Maknoon (PDF Archive),10468,DARS_E_HADITH_VOL_07,
KEPT_HAD_JIBREEL_DUPLICATE,Maktaba Al-Maknoon (PDF Archive),10469,DARS_E_HADITH_VOL_08,
KEPT_HAD_JIBREEL_DUPLICATE,Maktaba Al-Maknoon (PDF Archive),10470,DARS_E_HADITH_VOL_09,
UNIQUE_NO_DUPLICATE,Maktaba Al-Maknoon (PDF Archive),10471,DARS_E_HADITH_VOL_10,
KEPT_HAD_JIBREEL_DUPLICATE,Maktaba Al-Maknoon (PDF Archive),10472,DARS_E_HADITH_VOL_11,
KEPT_HAD_JIBREEL_DUPLICATE,Maktaba Al-Maknoon (PDF Archive),10473,DARS_E_HADITH_VOL_12,
UNIQUE_NO_DUPLICATE,Maktaba Al-Maknoon (PDF Archive),10474,DARS_E_MASNAVI,
KEPT_HAD_JIBREEL_DUPLICATE,Maktaba Al-Maknoon (PDF Archive),10475,DARS_E_QURAAN_VOL_1,
KEPT_HAD_JIBREEL_DUPLICATE,Maktaba Al-Maknoon (PDF Archive),10476,DARS_E_QURAAN_VOL_4,
KEPT_HAD_JIBREEL_DUPLICATE,Maktaba Al-Maknoon (PDF Archive),10477,DARS_E_QURAAN_VOL_5,
KEPT_HAD_JIBREEL_DUPLICATE,Maktaba Al-Maknoon (PDF Archive),10478,DARS_E_QURAAN_VOL_6,
KEPT_HAD_JIBREEL_DUPLICATE,Maktaba Al-Maknoon (PDF Archive),10479,DARS_E_TIRMEZI_VOL_1,
KEPT_HAD_JIBREEL_DUPLICATE,Maktaba Al-Maknoon (PDF Archive),10480,DARS_E_TIRMEZI_VOL_2,
KEPT_HAD_JIBREEL_DUPLICATE,Maktaba Al-Maknoon (PDF Archive),10481,DARS_E_TIRMEZI_VOL_3,
UNIQUE_NO_DUPLICATE,Maktaba Al-Maknoon (PDF Archive),10482,darse_masnavi,
UNIQUE_NO_DUPLICATE,Maktaba Al-Maknoon (PDF Archive),10483,DARSI_BAHISHTI_ZAIWAR,
UNIQUE_NO_DUPLICATE,Maktaba Al-Maknoon (PDF Archive),10484,Darsi_Beshti_Zewar,
KEPT_HAD_JIBREEL_DUPLICATE,Maktaba Al-Maknoon (PDF Archive),10485,Darul Uloom Karachi Ka Nisaab e Taleem,
KEPT_HAD_JIBREEL_DUPLICATE,Maktaba Al-Maknoon (PDF Archive),10486,Dastaan e Mujahid By Naseem Hijazi,
UNIQUE_NO_DUPLICATE,Maktaba Al-Maknoon (PDF Archive),10487,Dastak e Aah o Fughan,
KEPT_HAD_JIBREEL_DUPLICATE,Maktaba Al-Maknoon (PDF Archive),10488,Dastak,
UNIQUE_NO_DUPLICATE,Maktaba Al-Maknoon (PDF Archive),10489,DASTAK_E_AAH_O_FUGHAN,
KEPT_HAD_JIBREEL_DUPLICATE,Maktaba Al-Maknoon (PDF Archive),10490,Daur e Hazir Ka Faizi - Ghamidi By ABDULLAH QANDAHARI,
KEPT_HAD_JIBREEL_DUPLICATE,Maktaba Al-Maknoon (PDF Archive),10491,Daur e Hazir Ke Fitnay By SHEIKH ABDUS SATTAR,
KEPT_HAD_JIBREEL_DUPLICATE,Maktaba Al-Maknoon (PDF Archive),10492,Daur e Hazir Ke Fitnay By SHEIKH MUHAMMAD YUSUF BANORI (R.A),
UNIQUE_NO_DUPLICATE,Maktaba Al-Maknoon (PDF Archive),10494,DAURY_HAZIR_KAY_FITNY_OR_UNKA_ELAAJ,
KEPT_HAD_JIBREEL_DUPLICATE,Maktaba Al-Maknoon (PDF Archive),10495,Dawat ILaLLah by SHEIKH ASHRAF ALI THANVI (RA),
KEPT_HAD_JIBREEL_DUPLICATE,Maktaba Al-Maknoon (PDF Archive),10496,Dawat o Tableegh Ki Shari Hesiat By SHEIKH SYED ABDUSH SHAKOOR TIRMIDHI ,
UNIQUE_NO_DUPLICATE,Maktaba Al-Maknoon (PDF Archive),10497,Dawat_e_Abdiyat_Vol_1,
UNIQUE_NO_DUPLICATE,Maktaba Al-Maknoon (PDF Archive),10498,Dawat_e_Abdiyat_Vol_2,
UNIQUE_NO_DUPLICATE,Maktaba Al-Maknoon (PDF Archive),10499,Dawat_e_Abdiyat_Vol_3,
UNIQUE_NO_DUPLICATE,Maktaba Al-Maknoon (PDF Archive),10500,Dawat_e_Abdiyat_Vol_4,
UNIQUE_NO_DUPLICATE,Maktaba Al-Maknoon (PDF Archive),10501,Dawat_e_Abdiyat_Vol_5,
UNIQUE_NO_DUPLICATE,Maktaba Al-Maknoon (PDF Archive),10502,DAWAT_E_JIHAAD,
UNIQUE_NO_DUPLICATE,Maktaba Al-Maknoon (PDF Archive),10503,decison-of-court,
KEPT_HAD_JIBREEL_DUPLICATE,Maktaba Al-Maknoon (PDF Archive),10504,Deen e Haq Aur Ulma e Rabbani By SHEIKH ABUL HASAN ALI NADVI (RA),
UNIQUE_NO_DUPLICATE,Maktaba Al-Maknoon (PDF Archive),10505,Deen k teen ahm asool,
KEPT_HAD_JIBREEL_DUPLICATE,Maktaba Al-Maknoon (PDF Archive),10506,Deen Kya Hai By SHEIKH MUFTI TAQI USMANI,
KEPT_HAD_JIBREEL_DUPLICATE,Maktaba Al-Maknoon (PDF Archive),10507,Deen Mein Tangi Nahein by SHEIKH ASHRAF ALI THANVI (RA),
UNIQUE_NO_DUPLICATE,Maktaba Al-Maknoon (PDF Archive),10508,Deen-e-Islam,
UNIQUE_NO_DUPLICATE,Maktaba Al-Maknoon (PDF Archive),10509,Deen-kya-hay,
UNIQUE_NO_DUPLICATE,Maktaba Al-Maknoon (PDF Archive),10510,DEEN_O_DANISH_VOL_1_MUHAMMED_ISHAQ_MULTANI,
UNIQUE_NO_DUPLICATE,Maktaba Al-Maknoon (PDF Archive),10511,DEEN_O_DANISH_VOL_2_MUHAMMED_ISHAQ_MULTANI,
KEPT_HAD_JIBREEL_DUPLICATE,Maktaba Al-Maknoon (PDF Archive),10512,Deeni Madaaris Ki Zaroorat Aur Nisaab o Nizam e Taleem By SHEIKH MUHAMMAD YUSUF BANURI (RA),
KEPT_HAD_JIBREEL_DUPLICATE,Maktaba Al-Maknoon (PDF Archive),10513,Deeni Umoor Par Ujrat Jaaiz Hai (FARSI) By SHEIKH MUFTI ZAR WALI KHAN,
KEPT_HAD_JIBREEL_DUPLICATE,Maktaba Al-Maknoon (PDF Archive),10514,Deeni Umoor Par Ujrat Jaaiz Hai By SHEIKH MUFTI ZAR WALI KHAN,
KEPT_HAD_JIBREEL_DUPLICATE,Maktaba Al-Maknoon (PDF Archive),10515,Deewan -e- Akbar Ilahbadi (Volume - 1),
KEPT_HAD_JIBREEL_DUPLICATE,Maktaba Al-Maknoon (PDF Archive),10516,Deewan -e- Akbar Ilahbadi (Volume - 2),
KEPT_HAD_JIBREEL_DUPLICATE,Maktaba Al-Maknoon (PDF Archive),10517,Deewan -e- Akbar Ilahbadi (Volume - 3),
KEPT_HAD_JIBREEL_DUPLICATE,Maktaba Al-Maknoon (PDF Archive),10518,Deewan -e- Akbar Ilahbadi (Volume - 4),
KEPT_HAD_JIBREEL_DUPLICATE,Maktaba Al-Maknoon (PDF Archive),10519,Deewan -e- Akbar Ilahbadi (Volume - 5),
KEPT_HAD_JIBREEL_DUPLICATE,Maktaba Al-Maknoon (PDF Archive),10520,Deewan-e-Haali,
KEPT_HAD_JIBREEL_DUPLICATE,Maktaba Al-Maknoon (PDF Archive),10521,Dehshat Gardi K adday ya Khari K Marakiz,
KEPT_HAD_JIBREEL_DUPLICATE,Maktaba Al-Maknoon (PDF Archive),10522,Dekhna Kahein Ghar Toot Na Jaey By SHEIKH ALI ABDUL AAL TAHTAVI,
KEPT_HAD_JIBREEL_DUPLICATE,Maktaba Al-Maknoon (PDF Archive),10523,Deoband Say Bareli Tak By Sheikh Abul Ausaf Rumi,
KEPT_HAD_JIBREEL_DUPLICATE,Maktaba Al-Maknoon (PDF Archive),10524,Deobandi Barelvi Ikhtelafaat Ka Hal By Sheikh Abdullah,
UNIQUE_NO_DUPLICATE,Maktaba Al-Maknoon (PDF Archive),10525,Destructive_Consequences_of_Not_Observing_Purdah,
KEPT_HAD_JIBREEL_DUPLICATE,Maktaba Al-Maknoon (PDF Archive),10526,DEWAN UL HAMASAH AL BUSHRA COLOR,
UNIQUE_NO_DUPLICATE,Maktaba Al-Maknoon (PDF Archive),10527,DEWAN UL HAMASAH AL BUSHRA,
UNIQUE_NO_DUPLICATE,Maktaba Al-Maknoon (PDF Archive),10528,DEWAN UL MUTANABBI MEER MUHAMMAD,
KEPT_HAD_JIBREEL_DUPLICATE,Maktaba Al-Maknoon (PDF Archive),10529,Dhamaka Arshad Al Qadri Ki Kitaab Zalzala Ka Jawab,
KEPT_HAD_JIBREEL_DUPLICATE,Maktaba Al-Maknoon (PDF Archive),10530,Difa E Sahaba Waqat Ki Aham Tareen Zarorat Kioon By SHEIKH MUHAMMAD USMAN KALYANVI,
KEPT_HAD_JIBREEL_DUPLICATE,Maktaba Al-Maknoon (PDF Archive),10531,difa-KN-Islam,
KEPT_HAD_JIBREEL_DUPLICATE,Maktaba Al-Maknoon (PDF Archive),10532,difa-KN,
KEPT_HAD_JIBREEL_DUPLICATE,Maktaba Al-Maknoon (PDF Archive),10533,Difaa e Khatm e Nubuwwat By SHEIKH MANZOOR AHMAD CHINIOTI (RA),
KEPT_HAD_JIBREEL_DUPLICATE,Maktaba Al-Maknoon (PDF Archive),10534,Digital Camera Ki Tasveer Ki Hurmat Per Mufassal o Mudallal Fatwa,
UNIQUE_NO_DUPLICATE,Maktaba Al-Maknoon (PDF Archive),10535,DIGITAL_TASWER_OR_CD_KY_SHARE_AHKAM,
KEPT_HAD_JIBREEL_DUPLICATE,Maktaba Al-Maknoon (PDF Archive),10536,Dil Ka Suroor By SHEIKH SARFRAZ KHAN SAFDAR (R.A),
KEPT_HAD_JIBREEL_DUPLICATE,Maktaba Al-Maknoon (PDF Archive),10537,Dil Ki Duniya By SHEIKH MUFTI MUHAMMAD SHAFI (RA),
UNIQUE_NO_DUPLICATE,Maktaba Al-Maknoon (PDF Archive),10538,dil-ki-duniya,
UNIQUE_NO_DUPLICATE,Maktaba Al-Maknoon (PDF Archive),10539,DIL_E_SHAKISTA_KI_QEEMAT,
UNIQUE_NO_DUPLICATE,Maktaba Al-Maknoon (PDF Archive),10540,Dil_e_shakista_ki_qimat,
UNIQUE_NO_DUPLICATE,Maktaba Al-Maknoon (PDF Archive),10541,Dil_Ki_Duniya,
UNIQUE_NO_DUPLICATE,Maktaba Al-Maknoon (PDF Archive),10542,DILCHASP_ANOKHY_WAQIYAAT,
UNIQUE_NO_DUPLICATE,Maktaba Al-Maknoon (PDF Archive),10543,DILCHASP_EMAAN_AFROOZ_WAQIYAAT,
UNIQUE_NO_DUPLICATE,Maktaba Al-Maknoon (PDF Archive),10544,DILCHASP_HAIRAT_ANGAIZ_WAQIYAAT,
UNIQUE_NO_DUPLICATE,Maktaba Al-Maknoon (PDF Archive),10545,Dilon key Islah-o-Pakeezgi,
KEPT_HAD_JIBREEL_DUPLICATE,Maktaba Al-Maknoon (PDF Archive),10546,DIRAYA TUL NAHW MAJEDIA,
UNIQUE_NO_DUPLICATE,Maktaba Al-Maknoon (PDF Archive),10547,Disciple-of-Dajjaal,
KEPT_HAD_JIBREEL_DUPLICATE,Maktaba Al-Maknoon (PDF Archive),10548,Dr Farhat Hashmi,
KEPT_HAD_JIBREEL_DUPLICATE,Maktaba Al-Maknoon (PDF Archive),10549,Dr Israr Ahmad By SHEIKH MUFTI ABDUL WAHID,
KEPT_HAD_JIBREEL_DUPLICATE,Maktaba Al-Maknoon (PDF Archive),10550,Dr Tahirul Qadri by MEMOODUR RASHEED HADOTI,
KEPT_HAD_JIBREEL_DUPLICATE,Maktaba Al-Maknoon (PDF Archive),10551,Dr. Qadeer Khan  Mohsin e Pakistan Ki Debriefing,
KEPT_HAD_JIBREEL_DUPLICATE,Maktaba Al-Maknoon (PDF Archive),10552,Dua by SHEIKH ASHRAF ALI THANVI (RA),
KEPT_HAD_JIBREEL_DUPLICATE,Maktaba Al-Maknoon (PDF Archive),10553,Duaain Qubool Na Honay Ki Wujoohat By SHEIK ZULFIQAR AHMAD NAQSHBANDI,
KEPT_HAD_JIBREEL_DUPLICATE,Maktaba Al-Maknoon (PDF Archive),10554,Dunya K Us Par By Sheikh Mufti Taqi Usmani,
KEPT_HAD_JIBREEL_DUPLICATE,Maktaba Al-Maknoon (PDF Archive),10555,Dunya Se Dil Lagana by SHEIKH ASHRAF ALI THANVI (RA),
UNIQUE_NO_DUPLICATE,Maktaba Al-Maknoon (PDF Archive),10556,DUNYA_MERY_AAGY,
KEPT_HAD_JIBREEL_DUPLICATE,Maktaba Al-Maknoon (PDF Archive),10557,Durood Shareef Parhnay Ka Shari Tarika By SHEIKH SARFRAZ KHAN SAFDAR (R.A),
UNIQUE_NO_DUPLICATE,Maktaba Al-Maknoon (PDF Archive),10558,Durood Shareef Parhney Ka Shari Tarika By SHEIKH SARFRAZ KHAN SAFDAR (R.A),
UNIQUE_NO_DUPLICATE,Maktaba Al-Maknoon (PDF Archive),10559,DUROOS_E_MADANIYAH_VOL_1,
KEPT_HAD_JIBREEL_DUPLICATE,Maktaba Al-Maknoon (PDF Archive),10560,DUROS UL BALAGHA AL BUSHRA COLOR,
UNIQUE_NO_DUPLICATE,Maktaba Al-Maknoon (PDF Archive),10561,DUROS UL BALAGHA AL BUSHRA,
UNIQUE_NO_DUPLICATE,Maktaba Al-Maknoon (PDF Archive),10562,DUROS UL BALAGHA MEER MUHAMMAD,
KEPT_HAD_JIBREEL_DUPLICATE,Maktaba Al-Maknoon (PDF Archive),10563,Eemaan Aur Kufr By Mufti Muhammad Shafi (R.A),
KEPT_HAD_JIBREEL_DUPLICATE,Maktaba Al-Maknoon (PDF Archive),10564,Eemaan Kya Hai By MUHAMMAD MOMIN,
KEPT_HAD_JIBREEL_DUPLICATE,Maktaba Al-Maknoon (PDF Archive),10565,Eemaan Kya Hai By SHEIKH ABDUL HAQ DEHLVI,
UNIQUE_NO_DUPLICATE,Maktaba Al-Maknoon (PDF Archive),10566,Eeman k bunyadi asool,
KEPT_HAD_JIBREEL_DUPLICATE,Maktaba Al-Maknoon (PDF Archive),10567,Eeman K Shobay by SHEIKH ASHRAF ALI THANVI (RA),
KEPT_HAD_JIBREEL_DUPLICATE,Maktaba Al-Maknoon (PDF Archive),10568,Eesaaiyyat (Talkhees Izhar ul haq),
KEPT_HAD_JIBREEL_DUPLICATE,Maktaba Al-Maknoon (PDF Archive),10569,Eesaal e Sawab By SHEIKH QARI JAMEELUR RAHMAN AKHTAR,
KEPT_HAD_JIBREEL_DUPLICATE,Maktaba Al-Maknoon (PDF Archive),10594,Eid e Melaad by SHEIKH MUFTI JAMEEL AHMAD THANVI (RA),
KEPT_HAD_JIBREEL_DUPLICATE,Maktaba Al-Maknoon (PDF Archive),10595,Eid e Qurban by SHEIKH MUHAMMAD AHMAD THANVI (RA),
KEPT_HAD_JIBREEL_DUPLICATE,Maktaba Al-Maknoon (PDF Archive),10596,Eid Meelaad by SHEIKH ASHRAF ALI THANVI (RA),
KEPT_HAD_JIBREEL_DUPLICATE,Maktaba Al-Maknoon (PDF Archive),10597,Eidgah Ki Sunniyat By SHEIKH FAZLUR RAHMAN AZMI,
KEPT_HAD_JIBREEL_DUPLICATE,Maktaba Al-Maknoon (PDF Archive),10598,Einul Hidaya Jild 1,
KEPT_HAD_JIBREEL_DUPLICATE,Maktaba Al-Maknoon (PDF Archive),10599,Einul Hidaya Jild 2,
KEPT_HAD_JIBREEL_DUPLICATE,Maktaba Al-Maknoon (PDF Archive),10600,Einul Hidaya Jild 3,
KEPT_HAD_JIBREEL_DUPLICATE,Maktaba Al-Maknoon (PDF Archive),10601,Einul Hidaya Jild 5,
KEPT_HAD_JIBREEL_DUPLICATE,Maktaba Al-Maknoon (PDF Archive),10602,Einul Hidaya Jild 6,
KEPT_HAD_JIBREEL_DUPLICATE,Maktaba Al-Maknoon (PDF Archive),10603,Einul Hidaya Jild 7,
KEPT_HAD_JIBREEL_DUPLICATE,Maktaba Al-Maknoon (PDF Archive),10604,Einul Hidaya Jild 8,
KEPT_HAD_JIBREEL_DUPLICATE,Maktaba Al-Maknoon (PDF Archive),10605,ESA GHOJI AL BUSHRA COLOR,
UNIQUE_NO_DUPLICATE,Maktaba Al-Maknoon (PDF Archive),10606,ESA GHOJI AL BUSHRA,
UNIQUE_NO_DUPLICATE,Maktaba Al-Maknoon (PDF Archive),10607,ESA GHOJI HAQQANIA,
UNIQUE_NO_DUPLICATE,Maktaba Al-Maknoon (PDF Archive),10608,ESA GHOJI MEER MUHAMMAD,
KEPT_HAD_JIBREEL_DUPLICATE,Maktaba Al-Maknoon (PDF Archive),10609,ESA GHOJI RASHEDIA,
KEPT_HAD_JIBREEL_DUPLICATE,Maktaba Al-Maknoon (PDF Archive),10610,Fahm e Quran By SHEIKH SAEED AHMAD AKBARABADI,
KEPT_HAD_JIBREEL_DUPLICATE,Maktaba Al-Maknoon (PDF Archive),10611,FAHM UL FALKIAT DAR UL ULOOM,
KEPT_HAD_JIBREEL_DUPLICATE,Maktaba Al-Maknoon (PDF Archive),10612,Faisla Aap Karain by SHEIKH MUHAMMAD AZAM TARIQ (R.A),
KEPT_HAD_JIBREEL_DUPLICATE,Maktaba Al-Maknoon (PDF Archive),10613,Faisla Kun Munazra By SHEIKH MUHAMMAD MANZOOR NOMANI (R.A),
KEPT_HAD_JIBREEL_DUPLICATE,Maktaba Al-Maknoon (PDF Archive),10614,Faizan e Rehmat By SHEIKH MUHAMMAD ABDULLAH DARKHUWASTI (RA),
UNIQUE_NO_DUPLICATE,Maktaba Al-Maknoon (PDF Archive),10615,Faizan-e-Haram,
UNIQUE_NO_DUPLICATE,Maktaba Al-Maknoon (PDF Archive),10616,Faizan-e-Mohabbat,
KEPT_HAD_JIBREEL_DUPLICATE,Maktaba Al-Maknoon (PDF Archive),10617,faizan-e-muhabat,
UNIQUE_NO_DUPLICATE,Maktaba Al-Maknoon (PDF Archive),10618,FAIZAN_E_HARAM,
UNIQUE_NO_DUPLICATE,Maktaba Al-Maknoon (PDF Archive),10619,FAIZAN_E_MUHABBAT,
UNIQUE_NO_DUPLICATE,Maktaba Al-Maknoon (PDF Archive),10620,FAIZAN_E_REHMAT_E_ILLAHI,
KEPT_HAD_JIBREEL_DUPLICATE,Maktaba Al-Maknoon (PDF Archive),10621,Falsafa e Hajj o Qurbani By Sheikh Mufti Taqi Usmani,
KEPT_HAD_JIBREEL_DUPLICATE,Maktaba Al-Maknoon (PDF Archive),10623,FARSI ZABAN KA ASAN QAIDAH AL BUSHRA COLOR,
UNIQUE_NO_DUPLICATE,Maktaba Al-Maknoon (PDF Archive),10624,FARSI ZABAN KA ASAN QAIDAH AL BUSHRA,
KEPT_HAD_JIBREEL_DUPLICATE,Maktaba Al-Maknoon (PDF Archive),10625,Farz Namaaz Ke Baad Ki Duaain By SHEIKH MUHAMMAD YUNUS PALANPURI,
KEPT_HAD_JIBREEL_DUPLICATE,Maktaba Al-Maknoon (PDF Archive),10626,Farz Namaz Ke Baad Dua By Sheikh Abdul Hameed Nomani,
UNIQUE_NO_DUPLICATE,Maktaba Al-Maknoon (PDF Archive),10627,FARZ_NAMAZON_KAY_BAD_IJTEMAI_DUA,
KEPT_HAD_JIBREEL_DUPLICATE,Maktaba Al-Maknoon (PDF Archive),10628,Fasaad Door Karnay Ka Tareeqa by SHEIKH ASHRAF ALI THANVI (RA),
KEPT_HAD_JIBREEL_DUPLICATE,Maktaba Al-Maknoon (PDF Archive),10629,Fatah Bareli Ka Dil Kash Nizara By SHEIKH MUHAMMAD MANZOOR NOMANI (R.A),
KEPT_HAD_JIBREEL_DUPLICATE,Maktaba Al-Maknoon (PDF Archive),10630,Fatawa Ala Hazrat By SHEIKH MUHAMMAD ABUL KHAIR,
KEPT_HAD_JIBREEL_DUPLICATE,Maktaba Al-Maknoon (PDF Archive),10631,Fatawa o Tareeqa Milad Shareef By SHEIKH RASHEED AHMAD GANGOHI (R.A) &amp; SHEIKH ASHRAF ALI THANVI (R.A),
KEPT_HAD_JIBREEL_DUPLICATE,Maktaba Al-Maknoon (PDF Archive),10635,FATAWA_ALAMGEERI_VOL_01,
KEPT_HAD_JIBREEL_DUPLICATE,Maktaba Al-Maknoon (PDF Archive),10636,FATAWA_ALAMGEERI_VOL_02,
KEPT_HAD_JIBREEL_DUPLICATE,Maktaba Al-Maknoon (PDF Archive),10637,FATAWA_ALAMGEERI_VOL_03,
KEPT_HAD_JIBREEL_DUPLICATE,Maktaba Al-Maknoon (PDF Archive),10638,FATAWA_ALAMGEERI_VOL_04,
KEPT_HAD_JIBREEL_DUPLICATE,Maktaba Al-Maknoon (PDF Archive),10639,FATAWA_ALAMGEERI_VOL_05,
KEPT_HAD_JIBREEL_DUPLICATE,Maktaba Al-Maknoon (PDF Archive),10640,FATAWA_ALAMGEERI_VOL_06,
KEPT_HAD_JIBREEL_DUPLICATE,Maktaba Al-Maknoon (PDF Archive),10641,FATAWA_ALAMGEERI_VOL_07,
KEPT_HAD_JIBREEL_DUPLICATE,Maktaba Al-Maknoon (PDF Archive),10642,FATAWA_ALAMGEERI_VOL_08,
KEPT_HAD_JIBREEL_DUPLICATE,Maktaba Al-Maknoon (PDF Archive),10643,FATAWA_ALAMGEERI_VOL_09,
KEPT_HAD_JIBREEL_DUPLICATE,Maktaba Al-Maknoon (PDF Archive),10644,FATAWA_ALAMGEERI_VOL_10,
KEPT_HAD_JIBREEL_DUPLICATE,Maktaba Al-Maknoon (PDF Archive),10645,FATAWA_AZEZE,
KEPT_HAD_JIBREEL_DUPLICATE,Maktaba Al-Maknoon (PDF Archive),10646,FATAWA_BAIYINAAT_VOL_1,
KEPT_HAD_JIBREEL_DUPLICATE,Maktaba Al-Maknoon (PDF Archive),10647,FATAWA_BAIYINAAT_VOL_2,
KEPT_HAD_JIBREEL_DUPLICATE,Maktaba Al-Maknoon (PDF Archive),10648,FATAWA_BAIYINAAT_VOL_3,
KEPT_HAD_JIBREEL_DUPLICATE,Maktaba Al-Maknoon (PDF Archive),10649,FATAWA_BAIYINAAT_VOL_4,
UNIQUE_NO_DUPLICATE,Maktaba Al-Maknoon (PDF Archive),10650,FATAWA_DAR_UL_ULOOM_DEOBAND_VOL_14_AZIZ_UR_RAHMAN,
KEPT_HAD_JIBREEL_DUPLICATE,Maktaba Al-Maknoon (PDF Archive),10651,FATAWA_DAR_UL_ULOOM_KARACHI_VOL_1,
KEPT_HAD_JIBREEL_DUPLICATE,Maktaba Al-Maknoon (PDF Archive),10652,FATAWA_DAR_UL_ULOOM_ZAKARIYA_VOL_1,
KEPT_HAD_JIBREEL_DUPLICATE,Maktaba Al-Maknoon (PDF Archive),10653,FATAWA_DAR_UL_ULOOM_ZAKARIYA_VOL_2,
KEPT_HAD_JIBREEL_DUPLICATE,Maktaba Al-Maknoon (PDF Archive),10654,FATAWA_DAR_UL_ULOOM_ZAKARIYA_VOL_3,
KEPT_HAD_JIBREEL_DUPLICATE,Maktaba Al-Maknoon (PDF Archive),10655,FATAWA_DAR_UL_ULOOM_ZAKARIYA_VOL_4,
KEPT_HAD_JIBREEL_DUPLICATE,Maktaba Al-Maknoon (PDF Archive),10656,Fatawa_Dar_ulloom_Deoband_Vol_03,
KEPT_HAD_JIBREEL_DUPLICATE,Maktaba Al-Maknoon (PDF Archive),10657,Fatawa_Dar_ulloom_Deoband_Vol_04,
KEPT_HAD_JIBREEL_DUPLICATE,Maktaba Al-Maknoon (PDF Archive),10658,Fatawa_Dar_ulloom_Deoband_Vol_05,
KEPT_HAD_JIBREEL_DUPLICATE,Maktaba Al-Maknoon (PDF Archive),10659,Fatawa_Dar_ulloom_Deoband_Vol_06,
KEPT_HAD_JIBREEL_DUPLICATE,Maktaba Al-Maknoon (PDF Archive),10660,Fatawa_Dar_ulloom_Deoband_Vol_07,
KEPT_HAD_JIBREEL_DUPLICATE,Maktaba Al-Maknoon (PDF Archive),10661,Fatawa_Dar_ulloom_Deoband_Vol_08,
KEPT_HAD_JIBREEL_DUPLICATE,Maktaba Al-Maknoon (PDF Archive),10662,Fatawa_Dar_ulloom_Deoband_Vol_09,
KEPT_HAD_JIBREEL_DUPLICATE,Maktaba Al-Maknoon (PDF Archive),10663,Fatawa_Dar_ulloom_Deoband_Vol_1,
KEPT_HAD_JIBREEL_DUPLICATE,Maktaba Al-Maknoon (PDF Archive),10664,Fatawa_Dar_ulloom_Deoband_Vol_10,
KEPT_HAD_JIBREEL_DUPLICATE,Maktaba Al-Maknoon (PDF Archive),10665,Fatawa_Dar_ulloom_Deoband_Vol_11,
KEPT_HAD_JIBREEL_DUPLICATE,Maktaba Al-Maknoon (PDF Archive),10666,Fatawa_Dar_ulloom_Deoband_Vol_12,
KEPT_HAD_JIBREEL_DUPLICATE,Maktaba Al-Maknoon (PDF Archive),10667,Fatawa_Dar_ulloom_Deoband_Vol_13,
KEPT_HAD_JIBREEL_DUPLICATE,Maktaba Al-Maknoon (PDF Archive),10668,Fatawa_Dar_ulloom_Deoband_Vol_2,
KEPT_HAD_JIBREEL_DUPLICATE,Maktaba Al-Maknoon (PDF Archive),10669,FATAWA_EBAD_UR_RAHMAN_VOL_1,
KEPT_HAD_JIBREEL_DUPLICATE,Maktaba Al-Maknoon (PDF Archive),10670,FATAWA_FAREDIYAH_VOL_1,
KEPT_HAD_JIBREEL_DUPLICATE,Maktaba Al-Maknoon (PDF Archive),10671,FATAWA_FAREDIYAH_VOL_2,
KEPT_HAD_JIBREEL_DUPLICATE,Maktaba Al-Maknoon (PDF Archive),10672,FATAWA_FAREDIYAH_VOL_3,
KEPT_HAD_JIBREEL_DUPLICATE,Maktaba Al-Maknoon (PDF Archive),10673,FATAWA_FAREDIYAH_VOL_4,
KEPT_HAD_JIBREEL_DUPLICATE,Maktaba Al-Maknoon (PDF Archive),10674,FATAWA_FAREDIYAH_VOL_5,
KEPT_HAD_JIBREEL_DUPLICATE,Maktaba Al-Maknoon (PDF Archive),10675,FATAWA_HAQQANIYAH_VOL_1,
KEPT_HAD_JIBREEL_DUPLICATE,Maktaba Al-Maknoon (PDF Archive),10676,FATAWA_HAQQANIYAH_VOL_2,
KEPT_HAD_JIBREEL_DUPLICATE,Maktaba Al-Maknoon (PDF Archive),10677,FATAWA_HAQQANIYAH_VOL_3,
KEPT_HAD_JIBREEL_DUPLICATE,Maktaba Al-Maknoon (PDF Archive),10678,FATAWA_HAQQANIYAH_VOL_4,
KEPT_HAD_JIBREEL_DUPLICATE,Maktaba Al-Maknoon (PDF Archive),10679,FATAWA_HAQQANIYAH_VOL_5,
KEPT_HAD_JIBREEL_DUPLICATE,Maktaba Al-Maknoon (PDF Archive),10680,FATAWA_HAQQANIYAH_VOL_6,
KEPT_HAD_JIBREEL_DUPLICATE,Maktaba Al-Maknoon (PDF Archive),10681,FATAWA_MAHMOODIAH_VOL_01,
KEPT_HAD_JIBREEL_DUPLICATE,Maktaba Al-Maknoon (PDF Archive),10682,FATAWA_MAHMOODIAH_VOL_02,
KEPT_HAD_JIBREEL_DUPLICATE,Maktaba Al-Maknoon (PDF Archive),10683,FATAWA_MAHMOODIAH_VOL_03,
KEPT_HAD_JIBREEL_DUPLICATE,Maktaba Al-Maknoon (PDF Archive),10684,FATAWA_MAHMOODIAH_VOL_04,
KEPT_HAD_JIBREEL_DUPLICATE,Maktaba Al-Maknoon (PDF Archive),10685,FATAWA_MAHMOODIAH_VOL_05,
KEPT_HAD_JIBREEL_DUPLICATE,Maktaba Al-Maknoon (PDF Archive),10686,FATAWA_MAHMOODIAH_VOL_06,
KEPT_HAD_JIBREEL_DUPLICATE,Maktaba Al-Maknoon (PDF Archive),10687,FATAWA_MAHMOODIAH_VOL_07,
KEPT_HAD_JIBREEL_DUPLICATE,Maktaba Al-Maknoon (PDF Archive),10688,FATAWA_MAHMOODIAH_VOL_08,
KEPT_HAD_JIBREEL_DUPLICATE,Maktaba Al-Maknoon (PDF Archive),10689,FATAWA_MAHMOODIAH_VOL_09,
KEPT_HAD_JIBREEL_DUPLICATE,Maktaba Al-Maknoon (PDF Archive),10690,FATAWA_MAHMOODIAH_VOL_10,
KEPT_HAD_JIBREEL_DUPLICATE,Maktaba Al-Maknoon (PDF Archive),10691,FATAWA_MAHMOODIAH_VOL_11,
KEPT_HAD_JIBREEL_DUPLICATE,Maktaba Al-Maknoon (PDF Archive),10692,FATAWA_MAHMOODIAH_VOL_12,
KEPT_HAD_JIBREEL_DUPLICATE,Maktaba Al-Maknoon (PDF Archive),10693,FATAWA_MAHMOODIAH_VOL_13,
KEPT_HAD_JIBREEL_DUPLICATE,Maktaba Al-Maknoon (PDF Archive),10694,FATAWA_MAHMOODIAH_VOL_14,
KEPT_HAD_JIBREEL_DUPLICATE,Maktaba Al-Maknoon (PDF Archive),10695,FATAWA_MAHMOODIAH_VOL_15,
KEPT_HAD_JIBREEL_DUPLICATE,Maktaba Al-Maknoon (PDF Archive),10696,FATAWA_MAHMOODIAH_VOL_16,
KEPT_HAD_JIBREEL_DUPLICATE,Maktaba Al-Maknoon (PDF Archive),10697,FATAWA_MAHMOODIAH_VOL_17,
KEPT_HAD_JIBREEL_DUPLICATE,Maktaba Al-Maknoon (PDF Archive),10698,FATAWA_MAHMOODIAH_VOL_18,
KEPT_HAD_JIBREEL_DUPLICATE,Maktaba Al-Maknoon (PDF Archive),10699,FATAWA_MAHMOODIAH_VOL_19,
KEPT_HAD_JIBREEL_DUPLICATE,Maktaba Al-Maknoon (PDF Archive),10700,FATAWA_MAHMOODIAH_VOL_20,
KEPT_HAD_JIBREEL_DUPLICATE,Maktaba Al-Maknoon (PDF Archive),10701,FATAWA_MAHMOODIAH_VOL_21,
KEPT_HAD_JIBREEL_DUPLICATE,Maktaba Al-Maknoon (PDF Archive),10702,FATAWA_MAHMOODIAH_VOL_22,
KEPT_HAD_JIBREEL_DUPLICATE,Maktaba Al-Maknoon (PDF Archive),10703,FATAWA_MAHMOODIAH_VOL_23,
KEPT_HAD_JIBREEL_DUPLICATE,Maktaba Al-Maknoon (PDF Archive),10704,FATAWA_MAHMOODIAH_VOL_24,
UNIQUE_NO_DUPLICATE,Maktaba Al-Maknoon (PDF Archive),10705,FATAWA_MAHMOODIAH_VOL_25,
KEPT_HAD_JIBREEL_DUPLICATE,Maktaba Al-Maknoon (PDF Archive),10706,FATAWA_MAZAHIR_E_ULOOM_VOL_1,
KEPT_HAD_JIBREEL_DUPLICATE,Maktaba Al-Maknoon (PDF Archive),10707,FATAWA_MUFTI_MAHMOOD_VOL_01,
KEPT_HAD_JIBREEL_DUPLICATE,Maktaba Al-Maknoon (PDF Archive),10708,FATAWA_MUFTI_MAHMOOD_VOL_02,
KEPT_HAD_JIBREEL_DUPLICATE,Maktaba Al-Maknoon (PDF Archive),10709,FATAWA_MUFTI_MAHMOOD_VOL_03,
KEPT_HAD_JIBREEL_DUPLICATE,Maktaba Al-Maknoon (PDF Archive),10710,FATAWA_MUFTI_MAHMOOD_VOL_04,
KEPT_HAD_JIBREEL_DUPLICATE,Maktaba Al-Maknoon (PDF Archive),10711,FATAWA_MUFTI_MAHMOOD_VOL_05,
KEPT_HAD_JIBREEL_DUPLICATE,Maktaba Al-Maknoon (PDF Archive),10712,FATAWA_MUFTI_MAHMOOD_VOL_06,
KEPT_HAD_JIBREEL_DUPLICATE,Maktaba Al-Maknoon (PDF Archive),10713,FATAWA_MUFTI_MAHMOOD_VOL_07,
KEPT_HAD_JIBREEL_DUPLICATE,Maktaba Al-Maknoon (PDF Archive),10714,FATAWA_MUFTI_MAHMOOD_VOL_08,
KEPT_HAD_JIBREEL_DUPLICATE,Maktaba Al-Maknoon (PDF Archive),10715,FATAWA_MUFTI_MAHMOOD_VOL_09,
KEPT_HAD_JIBREEL_DUPLICATE,Maktaba Al-Maknoon (PDF Archive),10716,FATAWA_MUFTI_MAHMOOD_VOL_10,
KEPT_HAD_JIBREEL_DUPLICATE,Maktaba Al-Maknoon (PDF Archive),10717,FATAWA_MUFTI_MAHMOOD_VOL_11,
KEPT_HAD_JIBREEL_DUPLICATE,Maktaba Al-Maknoon (PDF Archive),10718,FATAWA_RAHEMIAH_VOL_01,
KEPT_HAD_JIBREEL_DUPLICATE,Maktaba Al-Maknoon (PDF Archive),10719,FATAWA_RAHEMIAH_VOL_02,
KEPT_HAD_JIBREEL_DUPLICATE,Maktaba Al-Maknoon (PDF Archive),10720,FATAWA_RAHEMIAH_VOL_03,
KEPT_HAD_JIBREEL_DUPLICATE,Maktaba Al-Maknoon (PDF Archive),10721,FATAWA_RAHEMIAH_VOL_04,
KEPT_HAD_JIBREEL_DUPLICATE,Maktaba Al-Maknoon (PDF Archive),10722,FATAWA_RAHEMIAH_VOL_05,
KEPT_HAD_JIBREEL_DUPLICATE,Maktaba Al-Maknoon (PDF Archive),10723,FATAWA_RAHEMIAH_VOL_06,
KEPT_HAD_JIBREEL_DUPLICATE,Maktaba Al-Maknoon (PDF Archive),10724,FATAWA_RAHEMIAH_VOL_07,
KEPT_HAD_JIBREEL_DUPLICATE,Maktaba Al-Maknoon (PDF Archive),10725,FATAWA_RAHEMIAH_VOL_08,
KEPT_HAD_JIBREEL_DUPLICATE,Maktaba Al-Maknoon (PDF Archive),10726,FATAWA_RAHEMIAH_VOL_09,
KEPT_HAD_JIBREEL_DUPLICATE,Maktaba Al-Maknoon (PDF Archive),10727,FATAWA_RAHEMIAH_VOL_10,
KEPT_HAD_JIBREEL_DUPLICATE,Maktaba Al-Maknoon (PDF Archive),10728,FATAWA_RASHEDIAH,
KEPT_HAD_JIBREEL_DUPLICATE,Maktaba Al-Maknoon (PDF Archive),10729,FATAWA_USMANI_VOL_1,
KEPT_HAD_JIBREEL_DUPLICATE,Maktaba Al-Maknoon (PDF Archive),10730,FATAWA_USMANI_VOL_2,
KEPT_HAD_JIBREEL_DUPLICATE,Maktaba Al-Maknoon (PDF Archive),10731,FATAWA_USMANI_VOL_3,
KEPT_HAD_JIBREEL_DUPLICATE,Maktaba Al-Maknoon (PDF Archive),10732,Fateha Ka Tarika By SHEIKH NOOR MUHAMMAD,
KEPT_HAD_JIBREEL_DUPLICATE,Maktaba Al-Maknoon (PDF Archive),10734,Fatuhaat E Nomania By SHEIKH MUHAMMAD MANZOOR  NOMANI (R.A),
KEPT_HAD_JIBREEL_DUPLICATE,Maktaba Al-Maknoon (PDF Archive),10735,Fatwa Hayat e Maseeh [A.S] By Sheikh Muhammd Manzoor Chinioti (r.a),
KEPT_HAD_JIBREEL_DUPLICATE,Maktaba Al-Maknoon (PDF Archive),10736,Fatwa on Beralwis,
KEPT_HAD_JIBREEL_DUPLICATE,Maktaba Al-Maknoon (PDF Archive),10737,FAWAID E MAKKIYAH AL BUSHRA COLOR,
UNIQUE_NO_DUPLICATE,Maktaba Al-Maknoon (PDF Archive),10738,FAWAID E MAKKIYAH AL BUSHRA,
UNIQUE_NO_DUPLICATE,Maktaba Al-Maknoon (PDF Archive),10739,FAWAID E MAKKIYAH QADEMI,
KEPT_HAD_JIBREEL_DUPLICATE,Maktaba Al-Maknoon (PDF Archive),10740,Fawaid ul Fawad By SHEIKH AMEER ULA SANJARI (RA),
UNIQUE_NO_DUPLICATE,Maktaba Al-Maknoon (PDF Archive),10741,FAWAID_UL_QURAN_VOL_1_2_3_Part1,
UNIQUE_NO_DUPLICATE,Maktaba Al-Maknoon (PDF Archive),10742,FAWAID_UL_QURAN_VOL_1_2_3_Part2,
UNIQUE_NO_DUPLICATE,Maktaba Al-Maknoon (PDF Archive),10743,Fazaail-e-Taoubah,
KEPT_HAD_JIBREEL_DUPLICATE,Maktaba Al-Maknoon (PDF Archive),10744,Fazael o Ahkam Ramadhan ul Mubarik By SHEIKH QARI FATEH MUHAMMAD PANIPATI,
KEPT_HAD_JIBREEL_DUPLICATE,Maktaba Al-Maknoon (PDF Archive),10745,Fazail e Aamaal (URDU) By SHEIKH MUHAMMAD ZAKARIYYA KANDHELVI (RA),
KEPT_HAD_JIBREEL_DUPLICATE,Maktaba Al-Maknoon (PDF Archive),10746,Fazail e Aamaal Par Aitrazaat - Aik Usooli Jaiza By SHEIKH ABDULLAH MAROOFI,
KEPT_HAD_JIBREEL_DUPLICATE,Maktaba Al-Maknoon (PDF Archive),10747,Fazail e Aamaal Par Aitrazaat Kioon By SHEIKH MUHAMMAD ISMAIL,
KEPT_HAD_JIBREEL_DUPLICATE,Maktaba Al-Maknoon (PDF Archive),10748,Fazail e Aamaal Par Aytrazat Aur Un Ki Ilmi Hesiat By SHEIKH ILYAS GHUMMAN,
KEPT_HAD_JIBREEL_DUPLICATE,Maktaba Al-Maknoon (PDF Archive),10749,Fazail e Hajj (URDU) By SHEIKH MUHAMMAD ZAKARIYYA KANDHELVI (RA),
KEPT_HAD_JIBREEL_DUPLICATE,Maktaba Al-Maknoon (PDF Archive),10750,Fazail e Miswak By SHEIKH ATHAR HUSAIN MAZAHIRI,
KEPT_HAD_JIBREEL_DUPLICATE,Maktaba Al-Maknoon (PDF Archive),10751,Fazail e Quran By SHEIKH MUHAMMAD ZAKARIYYA KANDHELVI (R.A),
KEPT_HAD_JIBREEL_DUPLICATE,Maktaba Al-Maknoon (PDF Archive),10752,Fazail e Sadaqat (URDU) By SHEIKH MUHAMMAD ZAKARIYYA KANDHELVI (RA),
KEPT_HAD_JIBREEL_DUPLICATE,Maktaba Al-Maknoon (PDF Archive),10753,Fazail e Shab e Barat By Sheikh Abdur Rauf Sakharvi,
KEPT_HAD_JIBREEL_DUPLICATE,Maktaba Al-Maknoon (PDF Archive),10754,Fazail e Siddique e Akbar By SHEIKH ZULFIQAR AHMAD NAQSHBANDI,
KEPT_HAD_JIBREEL_DUPLICATE,Maktaba Al-Maknoon (PDF Archive),10755,Fazail e Tableegh By SHEIKH MUHAMMAD ZAKARIYYA KANDHELVI (R.A),
KEPT_HAD_JIBREEL_DUPLICATE,Maktaba Al-Maknoon (PDF Archive),10756,Fazail o Ahkam e Ramadhan al Mubarik By SHEIKH SYED ASGHAR HUSAIN (RA),
KEPT_HAD_JIBREEL_DUPLICATE,Maktaba Al-Maknoon (PDF Archive),10757,Fazail o Barakaat e Ramadhan Shareef By Sheikh Hafiz Fazlur Raheem,
UNIQUE_NO_DUPLICATE,Maktaba Al-Maknoon (PDF Archive),10758,fazail-e-hajj,
UNIQUE_NO_DUPLICATE,Maktaba Al-Maknoon (PDF Archive),10759,FAZAIL_E_AAMAAL,
UNIQUE_NO_DUPLICATE,Maktaba Al-Maknoon (PDF Archive),10760,FAZAIL_E_AAMAL_ZAKARIA_KANDHELVI,
UNIQUE_NO_DUPLICATE,Maktaba Al-Maknoon (PDF Archive),10761,FAZAIL_E_BETULLAH,
UNIQUE_NO_DUPLICATE,Maktaba Al-Maknoon (PDF Archive),10762,FAZAIL_E_EMAAN,
UNIQUE_NO_DUPLICATE,Maktaba Al-Maknoon (PDF Archive),10763,FAZAIL_E_HIFZ_UL_QURAN,
UNIQUE_NO_DUPLICATE,Maktaba Al-Maknoon (PDF Archive),10764,FAZAIL_E_SADAQAAT,
UNIQUE_NO_DUPLICATE,Maktaba Al-Maknoon (PDF Archive),10765,FAZAIL_E_TAUBA,
UNIQUE_NO_DUPLICATE,Maktaba Al-Maknoon (PDF Archive),10766,fazail_ramzan_by_HFZ,
KEPT_HAD_JIBREEL_DUPLICATE,Maktaba Al-Maknoon (PDF Archive),10767,Fazial e Jehaad,
KEPT_HAD_JIBREEL_DUPLICATE,Maktaba Al-Maknoon (PDF Archive),10768,Fazil Brelvi Ka Hafza Aik Tahqeeqi Jaiza By ANWAAR AHMAD,
UNIQUE_NO_DUPLICATE,Maktaba Al-Maknoon (PDF Archive),10769,FAZILAT_E_MISWAK_OR_HAQIQAT_E_TOOTH_PAST,
UNIQUE_NO_DUPLICATE,Maktaba Al-Maknoon (PDF Archive),10770,FEZANE_REHMATE_ILAHIYA,
KEPT_HAD_JIBREEL_DUPLICATE,Maktaba Al-Maknoon (PDF Archive),10771,Fidya o Qaza By SHEIKH MUFTI JAMEEL AHMAD THANVI (RA),
UNIQUE_NO_DUPLICATE,Maktaba Al-Maknoon (PDF Archive),10772,Finality-of-Prophethood,
KEPT_HAD_JIBREEL_DUPLICATE,Maktaba Al-Maknoon (PDF Archive),10773,Fiqh e Akbar (Imam Abu Hanifa (RA)) Translation By Mufti Rasheed Ahmad Alvi,
KEPT_HAD_JIBREEL_DUPLICATE,Maktaba Al-Maknoon (PDF Archive),10774,FIQH JAFARIYYAH KIA ISLAMI FIQH HAI,
KEPT_HAD_JIBREEL_DUPLICATE,Maktaba Al-Maknoon (PDF Archive),10775,Fiqh Mein Ijma Ka Maqaam By SHEIKH MUFTI RAFI USMANI,
UNIQUE_NO_DUPLICATE,Maktaba Al-Maknoon (PDF Archive),10776,FIQHI_LATAIF,
UNIQUE_NO_DUPLICATE,Maktaba Al-Maknoon (PDF Archive),10777,FIQHI_MAQALAT_VOL_1_MUHAMMED_TAQI_USMANI,
UNIQUE_NO_DUPLICATE,Maktaba Al-Maknoon (PDF Archive),10778,FIQHI_MAQALAT_VOL_2_MUHAMMED_TAQI_USMANI,
UNIQUE_NO_DUPLICATE,Maktaba Al-Maknoon (PDF Archive),10779,FIQHI_MAQALAT_VOL_3_MUHAMMED_TAQI_USMANI,
UNIQUE_NO_DUPLICATE,Maktaba Al-Maknoon (PDF Archive),10780,FIQHI_MAQALAT_VOL_4_MUHAMMED_TAQI_USMANI,
UNIQUE_NO_DUPLICATE,Maktaba Al-Maknoon (PDF Archive),10781,FIQHI_MAQALAT_VOL_5_MUHAMMED_TAQI_USMANI,
UNIQUE_NO_DUPLICATE,Maktaba Al-Maknoon (PDF Archive),10782,FIQHI_MAQALAT_VOL_6_MUHAMMED_TAQI_USMANI,
KEPT_HAD_JIBREEL_DUPLICATE,Maktaba Al-Maknoon (PDF Archive),10783,FIRDOS E BAREEN By Abdul Haleem Sharar,
KEPT_HAD_JIBREEL_DUPLICATE,Maktaba Al-Maknoon (PDF Archive),10784,Firqa Ahl e Hadees (Pak o Hind) By SHEIKH ILYAS GHUMMAN,
KEPT_HAD_JIBREEL_DUPLICATE,Maktaba Al-Maknoon (PDF Archive),10785,Firqa Jamat Al Muslimeen Tehqeeq Ke Ainay Mein By SHEIKH AMEEN SAFDAR OKARVI (RA),
KEPT_HAD_JIBREEL_DUPLICATE,Maktaba Al-Maknoon (PDF Archive),10786,Fitna e Ghamdia By Khanqah Sirajia,
KEPT_HAD_JIBREEL_DUPLICATE,Maktaba Al-Maknoon (PDF Archive),10787,Fitna e Gohar Shahi By Sheikh Abu Tipu Khalid,
KEPT_HAD_JIBREEL_DUPLICATE,Maktaba Al-Maknoon (PDF Archive),10788,Fitna e Modudiat By SHEIKH MUHAMMAD ZAKARIYYA (R.A),
KEPT_HAD_JIBREEL_DUPLICATE,Maktaba Al-Maknoon (PDF Archive),10789,Fitna e Sheikh By Sheikh Muhammad Yusuf Ludhyanvi (r.a),
KEPT_HAD_JIBREEL_DUPLICATE,Maktaba Al-Maknoon (PDF Archive),10790,Fitna e Yusuf Kazzab by Arshad Qureshi,
KEPT_HAD_JIBREEL_DUPLICATE,Maktaba Al-Maknoon (PDF Archive),10791,Fitna Inkar e Hadith - Perwaiziat (Version 2) by Sheikh Wali Hasan Tonki (r.a),
KEPT_HAD_JIBREEL_DUPLICATE,Maktaba Al-Maknoon (PDF Archive),10792,Fitna Inkar e Hadith - Perwaiziat By SHEIKH WALI HASAN TONKI (R.A),
KEPT_HAD_JIBREEL_DUPLICATE,Maktaba Al-Maknoon (PDF Archive),10793,Fitna Inkar E Hadith Aur Us Ka Pas E Manzar By SHEIKH ASHIQ ILAHI BULANDSHEHRI (R.A),
KEPT_HAD_JIBREEL_DUPLICATE,Maktaba Al-Maknoon (PDF Archive),10794,Fitna Inkar e Hadith By SHEIKH MUFTI RASHEED AHMAD LUDHYANVI (R.A),
UNIQUE_NO_DUPLICATE,Maktaba Al-Maknoon (PDF Archive),10796,FITNA_E_GHAMDIYAT_KA_ILMI_MUHASABA,
UNIQUE_NO_DUPLICATE,Maktaba Al-Maknoon (PDF Archive),10797,Fitnon k daur mein kia karna chahiyay,
UNIQUE_NO_DUPLICATE,Maktaba Al-Maknoon (PDF Archive),10798,four_actions,
UNIQUE_NO_DUPLICATE,Maktaba Al-Maknoon (PDF Archive),10799,FUGHAAN_E_ROOMI,
UNIQUE_NO_DUPLICATE,Maktaba Al-Maknoon (PDF Archive),10800,fughan-e-roomi,
KEPT_HAD_JIBREEL_DUPLICATE,Maktaba Al-Maknoon (PDF Archive),10801,Fun e Asma ur Rijaal By Sheikh Taqiuddin Nadvi,
KEPT_HAD_JIBREEL_DUPLICATE,Maktaba Al-Maknoon (PDF Archive),10802,Fuqaha e Gujraat (INDIA),
KEPT_HAD_JIBREEL_DUPLICATE,Maktaba Al-Maknoon (PDF Archive),10803,FUSOOL E AKBARI AL BUSHRA COLOR,
UNIQUE_NO_DUPLICATE,Maktaba Al-Maknoon (PDF Archive),10804,FUSOOL E AKBARI AL BUSHRA,
KEPT_HAD_JIBREEL_DUPLICATE,Maktaba Al-Maknoon (PDF Archive),10805,FUSOOL UL HAWASHI AL HARAM,
UNIQUE_NO_DUPLICATE,Maktaba Al-Maknoon (PDF Archive),10806,FUTOHAAT_E_NUMANIYAH,
KEPT_HAD_JIBREEL_DUPLICATE,Maktaba Al-Maknoon (PDF Archive),10807,Fuyooz al-Haramain,
UNIQUE_NO_DUPLICATE,Maktaba Al-Maknoon (PDF Archive),10808,FUYOOZ_E_RABBANI,
UNIQUE_NO_DUPLICATE,Maktaba Al-Maknoon (PDF Archive),10809,fuyuz_e_rabbani,
KEPT_HAD_JIBREEL_DUPLICATE,Maktaba Al-Maknoon (PDF Archive),10810,Galiyan Kon Deta Hai By SHEIKH MUHAMMAD YUSUF LUDHIANVI (RA),
KEPT_HAD_JIBREEL_DUPLICATE,Maktaba Al-Maknoon (PDF Archive),10811,Gana Bajana (Haq as Sama) By SHEIKH ASHRAF ALI THANVI (R.A),
KEPT_HAD_JIBREEL_DUPLICATE,Maktaba Al-Maknoon (PDF Archive),10812,Gana Bajana By SHEIKH MUFTI EHSANULLAH SHAIQ,
KEPT_HAD_JIBREEL_DUPLICATE,Maktaba Al-Maknoon (PDF Archive),10813,Gana Bajana Sun&#39;na Aur Qawwalli By SHEIKH IBN E TAYMIA (R.A),
KEPT_HAD_JIBREEL_DUPLICATE,Maktaba Al-Maknoon (PDF Archive),10814,Gana Sunna Aur Sunana By SHEIKH MUFTI ABDUR RAUF SAKHARVI,
UNIQUE_NO_DUPLICATE,Maktaba Al-Maknoon (PDF Archive),10815,Ganay Bajanay Ki Hurmat By SHEIKH MUFTI RASHEED AHMAD LUDHYANVI (R.A),
KEPT_HAD_JIBREEL_DUPLICATE,Maktaba Al-Maknoon (PDF Archive),10816,Ganay Bajanay Ki Hurmat By SHEIKH MUFTI RASHEED AHMAD LUDHYANVI,
KEPT_HAD_JIBREEL_DUPLICATE,Maktaba Al-Maknoon (PDF Archive),10817,Ghaddaar e Pakistan - Dr Abdus Salaam By SHEIKH MUHAMMAD YUSUF LUDHYANVI (R.A),
KEPT_HAD_JIBREEL_DUPLICATE,Maktaba Al-Maknoon (PDF Archive),10818,Ghaddaar e Pakistan - Dr Abdussalam By MUHAMMAD MATEEN KHALID,
KEPT_HAD_JIBREEL_DUPLICATE,Maktaba Al-Maknoon (PDF Archive),10819,Ghair Muqallid Ho Kar Taqleed Kioon By SHEIKH MUFTI RAB NAWAZ SALAFI,
KEPT_HAD_JIBREEL_DUPLICATE,Maktaba Al-Maknoon (PDF Archive),10820,Ghair Muqallideen Imam Bukhari (R.A) Ki Adalat Mein By ANWAAR E KHURSHEED,
KEPT_HAD_JIBREEL_DUPLICATE,Maktaba Al-Maknoon (PDF Archive),10821,Ghair Muqallideen Ke Aetrazaat Aur Unke Jawabat By SHEIKH AHMAD ALI,
KEPT_HAD_JIBREEL_DUPLICATE,Maktaba Al-Maknoon (PDF Archive),10822,Ghair Muqallideen Ke Aitrazat Ki Haqeeqat By SHEIKH AMEEN SAFDAR OKARVI (R.A),
KEPT_HAD_JIBREEL_DUPLICATE,Maktaba Al-Maknoon (PDF Archive),10823,Ghair Muqallideen Ki Diary By SHEIKH MUHAMMAD ABUBAKR GHAZIPURI,
KEPT_HAD_JIBREEL_DUPLICATE,Maktaba Al-Maknoon (PDF Archive),10824,Ghair Muqallideen Ki Ghair Mustanad Namaz By SHEIKH AMEEN SAFDAR OKARVI (R.A),
KEPT_HAD_JIBREEL_DUPLICATE,Maktaba Al-Maknoon (PDF Archive),10825,Ghair Soodi Bankari By SHEIKH MUFTI TAQI USMANI,
KEPT_HAD_JIBREEL_DUPLICATE,Maktaba Al-Maknoon (PDF Archive),10826,GHALATIYAN,
UNIQUE_NO_DUPLICATE,Maktaba Al-Maknoon (PDF Archive),10827,Ghaltyon ko Maaf karna,
KEPT_HAD_JIBREEL_DUPLICATE,Maktaba Al-Maknoon (PDF Archive),10828,Gham Na Karein By DR AAIDH ALQARNI,
UNIQUE_NO_DUPLICATE,Maktaba Al-Maknoon (PDF Archive),10829,GHAM_E_HASRAT_KI_AZMAT,
UNIQUE_NO_DUPLICATE,Maktaba Al-Maknoon (PDF Archive),10831,GHAMDI_MAZHAB_KIA_HAY,
UNIQUE_NO_DUPLICATE,Maktaba Al-Maknoon (PDF Archive),10832,GHARAR_KI_SORTEN,
KEPT_HAD_JIBREEL_DUPLICATE,Maktaba Al-Maknoon (PDF Archive),10833,GHAYAT UL TAHQEQ MEER MUHAMMAD,
KEPT_HAD_JIBREEL_DUPLICATE,Maktaba Al-Maknoon (PDF Archive),10834,GHAYAT UL TAHQEQ RASHEDIA,
KEPT_HAD_JIBREEL_DUPLICATE,Maktaba Al-Maknoon (PDF Archive),10835,Ghazwat un Nabi (SAW) In Detail,
UNIQUE_NO_DUPLICATE,Maktaba Al-Maknoon (PDF Archive),10836,gift-for-qadians,
KEPT_HAD_JIBREEL_DUPLICATE,Maktaba Al-Maknoon (PDF Archive),10837,Gilgit Baltistan Ki Dakhli Khudmukhtari Aur Asal Haqaaiq,
KEPT_HAD_JIBREEL_DUPLICATE,Maktaba Al-Maknoon (PDF Archive),10838,Gosht Khori - Jaiz ya Najaiz By DR. ZAKIR NAIK,
UNIQUE_NO_DUPLICATE,Maktaba Al-Maknoon (PDF Archive),10839,Greatness_of_Knowledge_and_Ulama,
UNIQUE_NO_DUPLICATE,Maktaba Al-Maknoon (PDF Archive),10840,guidelines_for_those_performing_hajj_and_umra,
UNIQUE_NO_DUPLICATE,Maktaba Al-Maknoon (PDF Archive),10841,GULDASTA_E_MAGHFIRAT,
KEPT_HAD_JIBREEL_DUPLICATE,Maktaba Al-Maknoon (PDF Archive),10842,GULDASTA_E_TAFASEER_VOL_1,
KEPT_HAD_JIBREEL_DUPLICATE,Maktaba Al-Maknoon (PDF Archive),10843,GULDASTA_E_TAFASEER_VOL_2,
KEPT_HAD_JIBREEL_DUPLICATE,Maktaba Al-Maknoon (PDF Archive),10844,GULDASTA_E_TAFASEER_VOL_3,
UNIQUE_NO_DUPLICATE,Maktaba Al-Maknoon (PDF Archive),10845,GULDASTA_E_TAFASEER_VOL_5_6_Part1,
UNIQUE_NO_DUPLICATE,Maktaba Al-Maknoon (PDF Archive),10846,GULDASTA_E_TAFASEER_VOL_5_6_Part2,
KEPT_HAD_JIBREEL_DUPLICATE,Maktaba Al-Maknoon (PDF Archive),10847,GULDASTA_E_TAFASEER_VOL_7,
UNIQUE_NO_DUPLICATE,Maktaba Al-Maknoon (PDF Archive),10848,Gulistan_ e Saadi (FARSI),
KEPT_HAD_JIBREEL_DUPLICATE,Maktaba Al-Maknoon (PDF Archive),10849,Gulzar e Abrar By MUHAMMAD GHAUSI SHATTARI MANDVI,
UNIQUE_NO_DUPLICATE,Maktaba Al-Maknoon (PDF Archive),10850,GUMRAH_KUN_AQAAID_O_NAZARIYAAT_OR_SIRAAT_E_MUSTAQEEM,
KEPT_HAD_JIBREEL_DUPLICATE,Maktaba Al-Maknoon (PDF Archive),10851,Gunahon Ka Chorna by SHEIKH ASHRAF ALI THANVI (RA),
KEPT_HAD_JIBREEL_DUPLICATE,Maktaba Al-Maknoon (PDF Archive),10852,Gunahon Kay Nuqsanaat By Sheikh Abdus Sattar,
UNIQUE_NO_DUPLICATE,Maktaba Al-Maknoon (PDF Archive),10853,GUNAHON_SAY_TAOBA_KEJIYY,
KEPT_HAD_JIBREEL_DUPLICATE,Maktaba Al-Maknoon (PDF Archive),10854,Gustakh e Rasool(S.A.W) By HAFIZ MUHAMMAD IQBAL ,
KEPT_HAD_JIBREEL_DUPLICATE,Maktaba Al-Maknoon (PDF Archive),10855,Haan Main Baghi Hoon By Javed Hashmi,
KEPT_HAD_JIBREEL_DUPLICATE,Maktaba Al-Maknoon (PDF Archive),10856,Hadi e Aalam (S.A.W) By Sheikh Muhammad Wali Razi,
KEPT_HAD_JIBREEL_DUPLICATE,Maktaba Al-Maknoon (PDF Archive),10857,Hadith Aur Ahle Hadith By ANWAAR E KHURSHEED,
KEPT_HAD_JIBREEL_DUPLICATE,Maktaba Al-Maknoon (PDF Archive),10858,Hadith e Arbaeen Aur Arbaeenat Ka Taaruf By SHEIKH RASHEED AHMAD FARIDI,
KEPT_HAD_JIBREEL_DUPLICATE,Maktaba Al-Maknoon (PDF Archive),10859,Hadith e Rasool (S.A.W) Ka Qurani Mayar By SHEIKH QARI MUHAMMAD TAYYAB (R.A),
KEPT_HAD_JIBREEL_DUPLICATE,Maktaba Al-Maknoon (PDF Archive),10861,Hadith Ka Bunyadi Kirdar By SHEIKH ABUL HASAN ALI NADVI (R.A),
KEPT_HAD_JIBREEL_DUPLICATE,Maktaba Al-Maknoon (PDF Archive),10862,Hadith Ke Baray Mein Ghair Muqallideen Ka Mayar E Radd o Qabool By SHEIKH MUHAMMAD ABUBAKR GHAZIPURI,
KEPT_HAD_JIBREEL_DUPLICATE,Maktaba Al-Maknoon (PDF Archive),10863,Hadith O Sunnat Mein Farq By SHEIKH MUHAMMAD AMEEN SAFDAR OKARVI (RA),
KEPT_HAD_JIBREEL_DUPLICATE,Maktaba Al-Maknoon (PDF Archive),10864,Hadsa E Karbala Aur Us Ka Pas e Manzar By SHEIKH MUHAMMAD ABDUR RASHEED NOMANI,
UNIQUE_NO_DUPLICATE,Maktaba Al-Maknoon (PDF Archive),10865,Hadsa E Karbala Ka Pas e Manzar By SHEIKH ABDUR RASHEED NOMANI,
KEPT_HAD_JIBREEL_DUPLICATE,Maktaba Al-Maknoon (PDF Archive),10866,Hadya jawab By Sheikh Mufti Abdul Wahid,
KEPT_HAD_JIBREEL_DUPLICATE,Maktaba Al-Maknoon (PDF Archive),10867,Hafiz E Quran Aur Uska Maqam By SHEIKH ABDUR RAHMAN KAUSAR,
KEPT_HAD_JIBREEL_DUPLICATE,Maktaba Al-Maknoon (PDF Archive),10868,Hain Kawakib Kuch Nazar Aatay Hain Kuch By SHEIKH MUFTI SAEED AHMAD JALALPURI,
KEPT_HAD_JIBREEL_DUPLICATE,Maktaba Al-Maknoon (PDF Archive),10869,Haj e Fardh Mein Jaldi Kijiye By SHEIKH MUFTI ABDUR RAUF SAKHARVI,
KEPT_HAD_JIBREEL_DUPLICATE,Maktaba Al-Maknoon (PDF Archive),10870,Haj e Mabroor By SHEIKH MUHAMMAD NAJEEB SAMBHLI ,
KEPT_HAD_JIBREEL_DUPLICATE,Maktaba Al-Maknoon (PDF Archive),10871,Haj Ka Tariqa By SHEIKH ABDUR RAUF SAKHARVI,
UNIQUE_NO_DUPLICATE,Maktaba Al-Maknoon (PDF Archive),10872,Haj-Ka-Traiqa,
KEPT_HAD_JIBREEL_DUPLICATE,Maktaba Al-Maknoon (PDF Archive),10873,Haji ImdadUllah Mahajir Makki Kay Hazrat Sayyid Ahmad Shaheed Say Rohani Rishtay By SHEIKH SYED NAFEES UL HUSAINI,
KEPT_HAD_JIBREEL_DUPLICATE,Maktaba Al-Maknoon (PDF Archive),10874,Hajj o Umra Ki Masnoon Duaain By SHEIKH MUHAMMAD YUNUS PALANPURI,
UNIQUE_NO_DUPLICATE,Maktaba Al-Maknoon (PDF Archive),10875,Hajj Umra Aur Ziyarat ke masail ki tehqiq-o-wazahat,
UNIQUE_NO_DUPLICATE,Maktaba Al-Maknoon (PDF Archive),10876,Hajj,
KEPT_HAD_JIBREEL_DUPLICATE,Maktaba Al-Maknoon (PDF Archive),10877,Hakeem Sadiq Sialkoti Ki Kitaab Salatur Rasool Ke Baray Mein By SHEIKH MUHAMMAD ABUBAKR GHAZIPURI,
KEPT_HAD_JIBREEL_DUPLICATE,Maktaba Al-Maknoon (PDF Archive),10878,Hakeem ul Ummat Ke Syasi Afkar By SHEIKH MUFTI TAQI USMANI,
UNIQUE_NO_DUPLICATE,Maktaba Al-Maknoon (PDF Archive),10879,Hakeem-ul-ummat_aur_Ahmed-Raza-Khan,
UNIQUE_NO_DUPLICATE,Maktaba Al-Maknoon (PDF Archive),10880,HALAAL_O_HARAAM,
KEPT_HAD_JIBREEL_DUPLICATE,Maktaba Al-Maknoon (PDF Archive),10881,Halaat e Jahannam By Sheikh Ashiq Ilahi Madni (r.a),
UNIQUE_NO_DUPLICATE,Maktaba Al-Maknoon (PDF Archive),10882,HALAAT_E_MUSANNIFEEN_E_DARS_E_NIZAMI,
KEPT_HAD_JIBREEL_DUPLICATE,Maktaba Al-Maknoon (PDF Archive),10883,Halal Ki Ahmiyat By Shaykh Muhammad Imran,
KEPT_HAD_JIBREEL_DUPLICATE,Maktaba Al-Maknoon (PDF Archive),10884,Halal Rozi ki Barkat By SHEIKH MUFTI ABDUR RAUF SAKHARVI,
KEPT_HAD_JIBREEL_DUPLICATE,Maktaba Al-Maknoon (PDF Archive),10885,Hamara Maashi Nizam By Sheikh Mufti Taqi Usmani,
KEPT_HAD_JIBREEL_DUPLICATE,Maktaba Al-Maknoon (PDF Archive),10886,HAMD ULLAH RASHEDIA,
KEPT_HAD_JIBREEL_DUPLICATE,Maktaba Al-Maknoon (PDF Archive),10887,Haq Parast Ulama Ki Modudiyat Se Narazgi K Asbab By SHEIKH AHMAD ALI LAHORI (R.A),
KEPT_HAD_JIBREEL_DUPLICATE,Maktaba Al-Maknoon (PDF Archive),10888,Haqaiq Al Fiqh By PEER SYED MUSHTAQ ALI SHAH,
KEPT_HAD_JIBREEL_DUPLICATE,Maktaba Al-Maknoon (PDF Archive),10889,Haqeeqat Al Fiqh Par Aik Nazar By SHEIKH MUHAMMAD ABUBAKR GHAZIPURI,
KEPT_HAD_JIBREEL_DUPLICATE,Maktaba Al-Maknoon (PDF Archive),10890,Haqeeqat e Shia By SHEIKH MUFTI RASHEED AHMAD LUDHYANVI (R.A),
UNIQUE_NO_DUPLICATE,Maktaba Al-Maknoon (PDF Archive),10891,Haqeeqat-e-shukar,
UNIQUE_NO_DUPLICATE,Maktaba Al-Maknoon (PDF Archive),10892,Haqeeqat-e-Tauheed,
UNIQUE_NO_DUPLICATE,Maktaba Al-Maknoon (PDF Archive),10893,HAQIQAT_E_SHUKAR,
UNIQUE_NO_DUPLICATE,Maktaba Al-Maknoon (PDF Archive),10894,Haqooq-e-Zoujiyyat,
UNIQUE_NO_DUPLICATE,Maktaba Al-Maknoon (PDF Archive),10895,haqooq_ur_rijal,
UNIQUE_NO_DUPLICATE,Maktaba Al-Maknoon (PDF Archive),10896,HAQQANIAT_E_ISLAM,
KEPT_HAD_JIBREEL_DUPLICATE,Maktaba Al-Maknoon (PDF Archive),10897,Haram Khanay Ki Nahoosat  By SHEIKH MUFTI ABDUR RAUF SAKHARVI,
UNIQUE_NO_DUPLICATE,Maktaba Al-Maknoon (PDF Archive),10898,harmain_sharifain_english,
UNIQUE_NO_DUPLICATE,Maktaba Al-Maknoon (PDF Archive),10899,harmain_sharifain_main_hazri_ke_adaab,
UNIQUE_NO_DUPLICATE,Maktaba Al-Maknoon (PDF Archive),10900,Hasad aur Bughz,
KEPT_HAD_JIBREEL_DUPLICATE,Maktaba Al-Maknoon (PDF Archive),10901,Hasanat Ul Akhbaar - Tareekh Ul Hadith By Sheikh Qazi Abdus Samad Sarim,
UNIQUE_NO_DUPLICATE,Maktaba Al-Maknoon (PDF Archive),10902,HASHIA DASOQI VOL 1 RASHEDIA,
KEPT_HAD_JIBREEL_DUPLICATE,Maktaba Al-Maknoon (PDF Archive),10903,HASHIA DASOQI VOL 2 RASHEDIA,
UNIQUE_NO_DUPLICATE,Maktaba Al-Maknoon (PDF Archive),10904,HASPAHANIYAH_SE_AMRICA_TK,
UNIQUE_NO_DUPLICATE,Maktaba Al-Maknoon (PDF Archive),10905,Haspahaniyah_se_Amrica_Tkb,
KEPT_HAD_JIBREEL_DUPLICATE,Maktaba Al-Maknoon (PDF Archive),10906,HAWAIYAN By DR. MUHAMMAD YUNUS BUTT,
UNIQUE_NO_DUPLICATE,Maktaba Al-Maknoon (PDF Archive),10907,Haya Aur Pakdamni By SHEIKH ZULFIQAR AHMAD NAQSHBANDI,
UNIQUE_NO_DUPLICATE,Maktaba Al-Maknoon (PDF Archive),10908,HAYA_OR_PAK_DAMANI,
UNIQUE_NO_DUPLICATE,Maktaba Al-Maknoon (PDF Archive),10909,HAYAAT_E_NAFEES,
UNIQUE_NO_DUPLICATE,Maktaba Al-Maknoon (PDF Archive),10910,HAYAAT_UL_HAIWAAN_VOL_1,
UNIQUE_NO_DUPLICATE,Maktaba Al-Maknoon (PDF Archive),10911,HAYAAT_UL_HAIWAAN_VOL_2,
UNIQUE_NO_DUPLICATE,Maktaba Al-Maknoon (PDF Archive),10912,HAYAAT_UL_MUSLIMEEN,
UNIQUE_NO_DUPLICATE,Maktaba Al-Maknoon (PDF Archive),10913,HAYAAT_US_SAHABAH_VOL_1,
UNIQUE_NO_DUPLICATE,Maktaba Al-Maknoon (PDF Archive),10914,HAYAAT_US_SAHABAH_VOL_2,
UNIQUE_NO_DUPLICATE,Maktaba Al-Maknoon (PDF Archive),10915,HAYAAT_US_SAHABAH_VOL_3,
KEPT_HAD_JIBREEL_DUPLICATE,Maktaba Al-Maknoon (PDF Archive),10916,Hayat al Ambiya By Imam Bayhaqi (R.A),
KEPT_HAD_JIBREEL_DUPLICATE,Maktaba Al-Maknoon (PDF Archive),10917,Hayat e Ambiya e Karaam By SHEIKH JALALUDDIN SUYUTI (R.A),
KEPT_HAD_JIBREEL_DUPLICATE,Maktaba Al-Maknoon (PDF Archive),10918,Hayat e Ameer e Shariat,
KEPT_HAD_JIBREEL_DUPLICATE,Maktaba Al-Maknoon (PDF Archive),10919,Hayat e Hazrat Eesaa [A.S] By Sheikh Hafiz Muhammad Iqbal Rangooni,
KEPT_HAD_JIBREEL_DUPLICATE,Maktaba Al-Maknoon (PDF Archive),10920,Hayat e Maseeh [A.S] Ka Suboot By Sheikh Abdur Rahman Bawa,
KEPT_HAD_JIBREEL_DUPLICATE,Maktaba Al-Maknoon (PDF Archive),10921,Hayat e Saadi By Maulana Altaf Husain Hali (r.a),
KEPT_HAD_JIBREEL_DUPLICATE,Maktaba Al-Maknoon (PDF Archive),10922,Hayat e Tayyabah Vol 1 Sawaneh of Sheikh Allah Yar Khan (r.a),
KEPT_HAD_JIBREEL_DUPLICATE,Maktaba Al-Maknoon (PDF Archive),10923,Hayat un Nabi (S.A.W) By SHEIKH ALLAH YAR KHAN,
UNIQUE_NO_DUPLICATE,Maktaba Al-Maknoon (PDF Archive),10924,Hayat us Sahaba (URDU)-Part 1 By SHEIKH MUHAMMAD YUSUF KANDHELVI (RA),
UNIQUE_NO_DUPLICATE,Maktaba Al-Maknoon (PDF Archive),10925,Hayat us Sahaba (URDU)-Part 2 By SHEIKH MUHAMMAD YUSUF KANDHELVI (RA),
UNIQUE_NO_DUPLICATE,Maktaba Al-Maknoon (PDF Archive),10926,Hayat us Sahaba (URDU)-Part 3 By SHEIKH MUHAMMAD YUSUF KANDHELVI (RA),
UNIQUE_NO_DUPLICATE,Maktaba Al-Maknoon (PDF Archive),10927,Hayat-e-Taqwa,
KEPT_HAD_JIBREEL_DUPLICATE,Maktaba Al-Maknoon (PDF Archive),10928,Hayya alas Salah By MUHAMMAD NAJEEB SAMBHLI,
UNIQUE_NO_DUPLICATE,Maktaba Al-Maknoon (PDF Archive),10929,HAYYAT_E_TAQWA,
KEPT_HAD_JIBREEL_DUPLICATE,Maktaba Al-Maknoon (PDF Archive),10930,Hazrat Abdullah Ibn e Abbas (R.A) Ke 100 Qissay By SHEIKH MUHAMMD OWAIS SARWAR,
KEPT_HAD_JIBREEL_DUPLICATE,Maktaba Al-Maknoon (PDF Archive),10931,Hazrat Abu Bakr (RA) By SHEIKH ABU REHAN ZIAUR RAHMAN FAROOQI (RA),
KEPT_HAD_JIBREEL_DUPLICATE,Maktaba Al-Maknoon (PDF Archive),10932,Hazrat Abu Bakr [r.a] Aur Hazrat Farooq e Azam [r.a] By Dr Taha Yaseen,
KEPT_HAD_JIBREEL_DUPLICATE,Maktaba Al-Maknoon (PDF Archive),10933,Hazrat Ali (R.A) Ke 100 Qissay By SHEIKH MUHAMMAD SIDDIQUE MANSHAWI,
KEPT_HAD_JIBREEL_DUPLICATE,Maktaba Al-Maknoon (PDF Archive),10934,Hazrat Ali (RA) By SHEIKH ABU REHAN ZIAUR RAHMAN FAROOQI (RA),
KEPT_HAD_JIBREEL_DUPLICATE,Maktaba Al-Maknoon (PDF Archive),10935,Hazrat Ayeshah (RA) By SHEIKH ABU REHAN ZIAUR RAHMAN FAROOQI (RA),
KEPT_HAD_JIBREEL_DUPLICATE,Maktaba Al-Maknoon (PDF Archive),10936,Hazrat Ba Yazeed Bastami (r.a) Ka Aik Yahoodi Se Mukalma By Sheikh Hafiz Muhammad Aslam,
KEPT_HAD_JIBREEL_DUPLICATE,Maktaba Al-Maknoon (PDF Archive),10937,Hazrat Fatmah (RA) By SHEIKH ABU REHAN ZIAUR RAHMAN FAROOQI (RA),
KEPT_HAD_JIBREEL_DUPLICATE,Maktaba Al-Maknoon (PDF Archive),10938,Hazrat Hasan (RA) By SHEIKH ABU REHAN ZIAUR RAHMAN FAROOQI (RA),
KEPT_HAD_JIBREEL_DUPLICATE,Maktaba Al-Maknoon (PDF Archive),10939,Hazrat Husain (RA) By SHEIKH ABU REHAN ZIAUR RAHMAN FAROOQI (RA),
KEPT_HAD_JIBREEL_DUPLICATE,Maktaba Al-Maknoon (PDF Archive),10940,Hazrat Husain (RA) Ke Qatil Khud Shia Thay By SHEIKH ALLAH YAR KHAN (RA),
UNIQUE_NO_DUPLICATE,Maktaba Al-Maknoon (PDF Archive),10941,Hazrat Hussain (www.tauheed-sunnat.com),
UNIQUE_NO_DUPLICATE,Maktaba Al-Maknoon (PDF Archive),10942,Hazrat Hussain aur Yazeed,
KEPT_HAD_JIBREEL_DUPLICATE,Maktaba Al-Maknoon (PDF Archive),10943,Hazrat Huzaefah Bin Yamaan (R.A) By SHEIKH IMRAN ASHRAF USMANI,
UNIQUE_NO_DUPLICATE,Maktaba Al-Maknoon (PDF Archive),10944,Hazrat Huzaifa Bin Yamaan (RA) By SHEIKH DR IMRAN ASHRAF USMANI.pdf.no security,
KEPT_HAD_JIBREEL_DUPLICATE,Maktaba Al-Maknoon (PDF Archive),10945,Hazrat Imam Abu Hanifa (R.A) Par Irja Ki Tohmat By SHEIKH NAIMATULLAH AZAMI,
KEPT_HAD_JIBREEL_DUPLICATE,Maktaba Al-Maknoon (PDF Archive),10946,Hazrat Khalid bin Waleed (RA) By SHEIKH ABU REHAN ZIAUR RAHMAN FAROOQI (RA),
KEPT_HAD_JIBREEL_DUPLICATE,Maktaba Al-Maknoon (PDF Archive),10947,Hazrat Khawaja Nizamuddin Awliya (r.a) ke Haalaat o Kamalaat By Sheikh Syed Abul Hasan Ali Nadvi (r.a),
KEPT_HAD_JIBREEL_DUPLICATE,Maktaba Al-Maknoon (PDF Archive),10948,Hazrat Lahori Fitnon K Taaqub Mein By SHEIKH QAZI MAZHAR HUSAIN (R.A),
KEPT_HAD_JIBREEL_DUPLICATE,Maktaba Al-Maknoon (PDF Archive),10949,Hazrat Mashaikh e Deoband (R.A)Paer Ittihamaat Ki Haqeeqat By BASHEER AHMAD,
KEPT_HAD_JIBREEL_DUPLICATE,Maktaba Al-Maknoon (PDF Archive),10951,Hazrat Muawiyah (RA) By SHEIKH ABU REHAN ZIAUR RAHMAN FAROOQI (RA),
KEPT_HAD_JIBREEL_DUPLICATE,Maktaba Al-Maknoon (PDF Archive),10952,Hazrat Umar (RA) By SHEIKH ABU REHAN ZIAUR RAHMAN FAROOQI (RA),
KEPT_HAD_JIBREEL_DUPLICATE,Maktaba Al-Maknoon (PDF Archive),10953,Hazrat Usman (R.A) Ke 100 Qissay By SHEIKH KHURRAM YUSUF,
KEPT_HAD_JIBREEL_DUPLICATE,Maktaba Al-Maknoon (PDF Archive),10954,Hazrat Usman (RA) By SHEIKH ABU REHAN ZIAUR RAHMAN FAROOQI (RA),
KEPT_HAD_JIBREEL_DUPLICATE,Maktaba Al-Maknoon (PDF Archive),10955,Hazrat Usman [RA] By Dr Taha Yaseen,
UNIQUE_NO_DUPLICATE,Maktaba Al-Maknoon (PDF Archive),10956,HAZRAT_MULANA_ASHRAF_ALI_THANVI_KA TAREQA_E_ISLAH,
UNIQUE_NO_DUPLICATE,Maktaba Al-Maknoon (PDF Archive),10957,HAZRAT_MULANA_ILYAAS_OR_UNKI_DINI_DAWAT,
UNIQUE_NO_DUPLICATE,Maktaba Al-Maknoon (PDF Archive),10958,HAZRAT_THANVI_KY_PASANDIDA_WAQIYAT,
KEPT_HAD_JIBREEL_DUPLICATE,Maktaba Al-Maknoon (PDF Archive),10959,Hidaya Aur Sahib e Hidaya By SHEIKH ABDUL QAYYUM HAQQANI,
KEPT_HAD_JIBREEL_DUPLICATE,Maktaba Al-Maknoon (PDF Archive),10960,HIDAYA TUL HIKMAH AL BUSHRA COLOR,
UNIQUE_NO_DUPLICATE,Maktaba Al-Maknoon (PDF Archive),10961,HIDAYA TUL HIKMAH AL BUSHRA,
UNIQUE_NO_DUPLICATE,Maktaba Al-Maknoon (PDF Archive),10962,HIDAYA TUL HIKMAH RASHEDIA,
UNIQUE_NO_DUPLICATE,Maktaba Al-Maknoon (PDF Archive),10963,HIDAYA TUN NAHW AL BUSHRA COLOR,
KEPT_HAD_JIBREEL_DUPLICATE,Maktaba Al-Maknoon (PDF Archive),10964,HIDAYA TUN NAHW AL BUSHRA,
UNIQUE_NO_DUPLICATE,Maktaba Al-Maknoon (PDF Archive),10965,HIDAYA TUN NAHW ATEEQ,
UNIQUE_NO_DUPLICATE,Maktaba Al-Maknoon (PDF Archive),10966,HIDAYA TUN NAHW BILA HASHIAH QADEMI,
UNIQUE_NO_DUPLICATE,Maktaba Al-Maknoon (PDF Archive),10967,HIDAYA TUN NAHW RASHEDIA,
KEPT_HAD_JIBREEL_DUPLICATE,Maktaba Al-Maknoon (PDF Archive),10968,Hidaya tush Shia By SHEIKH MUFTI RASHEED AHMAD GANGOHI (R.A),
UNIQUE_NO_DUPLICATE,Maktaba Al-Maknoon (PDF Archive),10969,HIDAYAT_YA_GUMRAHI,
KEPT_HAD_JIBREEL_DUPLICATE,Maktaba Al-Maknoon (PDF Archive),10970,Hifazat e Zaban By SHEIKH MUFTI RASHEED AHMAD LUDHYANVI (R.A),
KEPT_HAD_JIBREEL_DUPLICATE,Maktaba Al-Maknoon (PDF Archive),10971,Hifz ul Eemaan By SHEIKH ASHRAF ALI THANVI (R.A),
KEPT_HAD_JIBREEL_DUPLICATE,Maktaba Al-Maknoon (PDF Archive),10972,HIKAYAAT_E_AOLIYA,
UNIQUE_NO_DUPLICATE,Maktaba Al-Maknoon (PDF Archive),10973,HIKAYAAT_E_ILM_O_ULAMA,
KEPT_HAD_JIBREEL_DUPLICATE,Maktaba Al-Maknoon (PDF Archive),10974,Hikayat e Mehar o Wafa By SHEIKH SYED NAFEES AL HUSAINI,
KEPT_HAD_JIBREEL_DUPLICATE,Maktaba Al-Maknoon (PDF Archive),10975,Hikmat e Qasimiya By SHEIKH QARI MUHAMMAD TAYYAB (RA),
UNIQUE_NO_DUPLICATE,Maktaba Al-Maknoon (PDF Archive),10976,Hisn Ul Mslim,
UNIQUE_NO_DUPLICATE,Maktaba Al-Maknoon (PDF Archive),10977,HISN_E_HASEEN,
KEPT_HAD_JIBREEL_DUPLICATE,Maktaba Al-Maknoon (PDF Archive),10978,Hizb ul Bahr By Sheikh Haji Imdadullah Mhajir e Makki (r.a),
KEPT_HAD_JIBREEL_DUPLICATE,Maktaba Al-Maknoon (PDF Archive),10979,Hizbullah  Kaun Hai By ALI AS SADIQ,
UNIQUE_NO_DUPLICATE,Maktaba Al-Maknoon (PDF Archive),10980,Hoququn Nisaa,
UNIQUE_NO_DUPLICATE,Maktaba Al-Maknoon (PDF Archive),10981,Hubb e Dunya,
KEPT_HAD_JIBREEL_DUPLICATE,Maktaba Al-Maknoon (PDF Archive),10982,Hudood Ordinance Aik Ilmi Jaiza By Sheikh Mufti Taqi Usmani,
KEPT_HAD_JIBREEL_DUPLICATE,Maktaba Al-Maknoon (PDF Archive),10983,Huffaaz Ke Liay KhushKhabri By Teachers of Madrassah Hifz ul Quran,
UNIQUE_NO_DUPLICATE,Maktaba Al-Maknoon (PDF Archive),10985,Hum kis ko miltay hain aur hum ko kown paataa hay,
UNIQUE_NO_DUPLICATE,Maktaba Al-Maknoon (PDF Archive),10986,Hum Namaz kasay bahter kerian,
UNIQUE_NO_DUPLICATE,Maktaba Al-Maknoon (PDF Archive),10987,Hum Pakistan Kaisay Banaian gay,
UNIQUE_NO_DUPLICATE,Maktaba Al-Maknoon (PDF Archive),10989,HUM_KIS_KO_MILTAY_HAIN_AUR_HUM_KO_KAUN_PATA_HAI,
UNIQUE_NO_DUPLICATE,Maktaba Al-Maknoon (PDF Archive),10990,HUM_SAY_AHD_LIYA_GAYA,
UNIQUE_NO_DUPLICATE,Maktaba Al-Maknoon (PDF Archive),10991,HUQOOQ_E_RIJAAL,
UNIQUE_NO_DUPLICATE,Maktaba Al-Maknoon (PDF Archive),10992,HUQOOQ_UL_EBAAD,
UNIQUE_NO_DUPLICATE,Maktaba Al-Maknoon (PDF Archive),10993,HUQOOQ_UL_EBAAD_OR_MUAMALAAT,
UNIQUE_NO_DUPLICATE,Maktaba Al-Maknoon (PDF Archive),10994,HUQOOQ_UL_EBAAD_OR_UNKI_AHMIYAT,
UNIQUE_NO_DUPLICATE,Maktaba Al-Maknoon (PDF Archive),10995,HUQOOQ_UN_NISA,
UNIQUE_NO_DUPLICATE,Maktaba Al-Maknoon (PDF Archive),10996,huquq_un_nisa,
UNIQUE_NO_DUPLICATE,Maktaba Al-Maknoon (PDF Archive),10997,HURMAIN_SHARIFAIN_MEIN_HAZRI_KAY_ADAB,
UNIQUE_NO_DUPLICATE,Maktaba Al-Maknoon (PDF Archive),10998,Hussain bin Ali R.A,
KEPT_HAD_JIBREEL_DUPLICATE,Maktaba Al-Maknoon (PDF Archive),10999,Huzoor Sallallahu Alahi Wasallam Ki Seerat Aur Soorat By SHEIKH ABDUR RAUF SAKHARVI,
KEPT_HAD_JIBREEL_DUPLICATE,Maktaba Al-Maknoon (PDF Archive),11001,Ibtidai-Suluk-Urdu,
UNIQUE_NO_DUPLICATE,Maktaba Al-Maknoon (PDF Archive),11002,IFADAAT_E_FAROQI_PART_2_SHAH_MUHAMMAD_FAROOQ,
UNIQUE_NO_DUPLICATE,Maktaba Al-Maknoon (PDF Archive),11003,IFADAAT_E_FAROQI_PART_4_SHAH_MUHAMMAD_FAROOQ,
UNIQUE_NO_DUPLICATE,Maktaba Al-Maknoon (PDF Archive),11004,IFADAAT_E_FAROQI_PART_5_SHAH_MUHAMMAD_FAROOQ,
UNIQUE_NO_DUPLICATE,Maktaba Al-Maknoon (PDF Archive),11005,IFADAAT_E_FAROQI_PART_6_SHAH_MUHAMMAD_FAROOQ,
UNIQUE_NO_DUPLICATE,Maktaba Al-Maknoon (PDF Archive),11006,IFADAAT_E_FAROQI_PART_7_SHAH_MUHAMMAD_FAROOQ,
UNIQUE_NO_DUPLICATE,Maktaba Al-Maknoon (PDF Archive),11007,IFADAAT_E_FAROQI_PART_8_SHAH_MUHAMMAD_FAROOQ,
UNIQUE_NO_DUPLICATE,Maktaba Al-Maknoon (PDF Archive),11008,IFADAAT_E_FAROQI_PART_9_SHAH_MUHAMMAD_FAROOQ,
UNIQUE_NO_DUPLICATE,Maktaba Al-Maknoon (PDF Archive),11009,Iffat,
KEPT_HAD_JIBREEL_DUPLICATE,Maktaba Al-Maknoon (PDF Archive),11010,Ijtehad Aur Mazhab e Hanafi Ki Haqiqat By SHEIKH ALIUR RAHMAN FAROOQI,
KEPT_HAD_JIBREEL_DUPLICATE,Maktaba Al-Maknoon (PDF Archive),11011,Ijtehad o Taqleed Ka Aakhri Faisla By SHEIKH ASHRAF ALI THANVI (R.A),
UNIQUE_NO_DUPLICATE,Maktaba Al-Maknoon (PDF Archive),11012,IKFAAR_UL_MULHIDEEN,
UNIQUE_NO_DUPLICATE,Maktaba Al-Maknoon (PDF Archive),11013,Ikfar al-Mulhidin - Imam Anwar Shah,
KEPT_HAD_JIBREEL_DUPLICATE,Maktaba Al-Maknoon (PDF Archive),11014,Ikhtelaf ul Aiemma By SHEIKH MUHAMMAD ZAKARIYYA (R.A),
KEPT_HAD_JIBREEL_DUPLICATE,Maktaba Al-Maknoon (PDF Archive),11015,Ikhtilaf e Ummat Aur Sirat e Mustaqeem By Sheikh Muhammad Yusuf Ludhyanvi (r.a),
KEPT_HAD_JIBREEL_DUPLICATE,Maktaba Al-Maknoon (PDF Archive),11016,ikhtilafaat-mirza,
UNIQUE_NO_DUPLICATE,Maktaba Al-Maknoon (PDF Archive),11017,Ilaj Ul Ghazb,
UNIQUE_NO_DUPLICATE,Maktaba Al-Maknoon (PDF Archive),11018,Ilaj-e-Kibr,
UNIQUE_NO_DUPLICATE,Maktaba Al-Maknoon (PDF Archive),11019,ilaj_e_kibr,
UNIQUE_NO_DUPLICATE,Maktaba Al-Maknoon (PDF Archive),11020,ilaj_ul_ghazab,
KEPT_HAD_JIBREEL_DUPLICATE,Maktaba Al-Maknoon (PDF Archive),11021,ILhaad o Zindaqah Ka Nia Andaaz By SHEIKH SAEED AHMAD JALALPURI,
KEPT_HAD_JIBREEL_DUPLICATE,Maktaba Al-Maknoon (PDF Archive),11022,Ilhami Girgit By Sheikh Abul Basheer Irfani,
UNIQUE_NO_DUPLICATE,Maktaba Al-Maknoon (PDF Archive),11023,ILLAJ_E_GHAZAB,
UNIQUE_NO_DUPLICATE,Maktaba Al-Maknoon (PDF Archive),11024,ILLAJ_E_KIBR,
KEPT_HAD_JIBREEL_DUPLICATE,Maktaba Al-Maknoon (PDF Archive),11025,Ilm Aur Ulama e Karaam Ki Azmat By SHEIKH SHAH HAKEEM AKHTAR,
KEPT_HAD_JIBREEL_DUPLICATE,Maktaba Al-Maknoon (PDF Archive),11026,Ilm e Deen Aur Hamaray Bachay By NIZAM EDUCATION SOCIETY,
KEPT_HAD_JIBREEL_DUPLICATE,Maktaba Al-Maknoon (PDF Archive),11027,Ilm E Hadith May Imam Abu Hanifa RA Ka Maqam o Martaba By SHEIKH HABIBUR RAHMAN AZAMI,
KEPT_HAD_JIBREEL_DUPLICATE,Maktaba Al-Maknoon (PDF Archive),11028,ILm e Tajweed Aur Qirrat Ka tareekhi Irtiqa by QARI RASHEED AHMAD THANVI (RA),
KEPT_HAD_JIBREEL_DUPLICATE,Maktaba Al-Maknoon (PDF Archive),11029,Ilm Ki Azmat By Sheikh Ashiq Husain Shujabadi,
KEPT_HAD_JIBREEL_DUPLICATE,Maktaba Al-Maknoon (PDF Archive),11030,Ilm Par Amal Karen By SHEIKH MUFTI TAQI USMANI,
KEPT_HAD_JIBREEL_DUPLICATE,Maktaba Al-Maknoon (PDF Archive),11031,ILM UN NAHW AL BUSHRA COLOR,
UNIQUE_NO_DUPLICATE,Maktaba Al-Maknoon (PDF Archive),11032,ILM UN NAHW AL BUSHRA,
UNIQUE_NO_DUPLICATE,Maktaba Al-Maknoon (PDF Archive),11033,ILM UN NAHW QADEMI,
KEPT_HAD_JIBREEL_DUPLICATE,Maktaba Al-Maknoon (PDF Archive),11034,ILM US SARF AAKHERAIN AL BUSHRA COLOR,
UNIQUE_NO_DUPLICATE,Maktaba Al-Maknoon (PDF Archive),11035,ILM US SARF AAKHERAIN AL BUSHRA,
KEPT_HAD_JIBREEL_DUPLICATE,Maktaba Al-Maknoon (PDF Archive),11036,ILM US SARF AL BUSHRA,
KEPT_HAD_JIBREEL_DUPLICATE,Maktaba Al-Maknoon (PDF Archive),11037,ILM US SARF AOWALAIN AL BUSHRA COLOR,
UNIQUE_NO_DUPLICATE,Maktaba Al-Maknoon (PDF Archive),11038,ILM US SARF AOWALAIN AL BUSHRA,
UNIQUE_NO_DUPLICATE,Maktaba Al-Maknoon (PDF Archive),11039,Ilm us Sarf By SHEIKH MUSHTAQ AHMAD,
KEPT_HAD_JIBREEL_DUPLICATE,Maktaba Al-Maknoon (PDF Archive),11040,ILM US SEGHA AL BUSHRA COLOR,
UNIQUE_NO_DUPLICATE,Maktaba Al-Maknoon (PDF Archive),11041,ILM US SEGHA AL BUSHRA,
UNIQUE_NO_DUPLICATE,Maktaba Al-Maknoon (PDF Archive),11042,ILM US SEGHA QADEMI,
UNIQUE_NO_DUPLICATE,Maktaba Al-Maknoon (PDF Archive),11043,Ilm-Par-Amal-Karen,
UNIQUE_NO_DUPLICATE,Maktaba Al-Maknoon (PDF Archive),11044,ILM_AUR_ULLEMA_KARAM_KI_AZMAT,
KEPT_HAD_JIBREEL_DUPLICATE,Maktaba Al-Maknoon (PDF Archive),11045,Ilmi Maarqay - SHEIKH AMEEN SAFDAR OKARVI (RA),
KEPT_HAD_JIBREEL_DUPLICATE,Maktaba Al-Maknoon (PDF Archive),11046,Ilmul Kalam By SHEIKH MUHAMMAD IDREES KANDHELVI (R.A),
UNIQUE_NO_DUPLICATE,Maktaba Al-Maknoon (PDF Archive),11047,imaan_or_amal_e_saleh,
KEPT_HAD_JIBREEL_DUPLICATE,Maktaba Al-Maknoon (PDF Archive),11048,Imam Abu Hanifa (RA) K Hairat Angaiz Waqiat By SHEIKH ABDUL QAYYUM HAQQANI,
KEPT_HAD_JIBREEL_DUPLICATE,Maktaba Al-Maknoon (PDF Archive),11049,Imam Abu Hanifa - Shaheed-e-Ahl e Bayt By MUFTI ABUL HASAN SHAREEFULLAH AL-KAUSARI,
KEPT_HAD_JIBREEL_DUPLICATE,Maktaba Al-Maknoon (PDF Archive),11050,Imam Abu Hanifa Aur Mautarizeen By SHEIKH MUFTI SYED MEHDI HASAN SHAHJAHANPURI,
KEPT_HAD_JIBREEL_DUPLICATE,Maktaba Al-Maknoon (PDF Archive),11051,Imam Abu Hanifa Ki Taabi&#39;iyat Aur Sahaba [R.A] Se Unki Rivayat By Sheikh Abdush Shaheed Nomani,
UNIQUE_NO_DUPLICATE,Maktaba Al-Maknoon (PDF Archive),11052,Imam e Azam aur Ilme Hadees,
KEPT_HAD_JIBREEL_DUPLICATE,Maktaba Al-Maknoon (PDF Archive),11053,Imam e Azam Aur Tasawwuf,
KEPT_HAD_JIBREEL_DUPLICATE,Maktaba Al-Maknoon (PDF Archive),11054,Imam e Azam ki Wasyyatain Aur Naseehatain By SHEIKH RASHEED AHMAD ALVI,
KEPT_HAD_JIBREEL_DUPLICATE,Maktaba Al-Maknoon (PDF Archive),11055,Imam Ke Peechay Muqtadi Ki Qirat Ka Hukm By SHEIKH HABIBUR RAHMAN AZAMI,
KEPT_HAD_JIBREEL_DUPLICATE,Maktaba Al-Maknoon (PDF Archive),11056,Imam Mahdi (r.a) Ka Zahoor Abhi Nahein Huwa By Sheikh Mufti Syed Salman Mansoorpuri,
KEPT_HAD_JIBREEL_DUPLICATE,Maktaba Al-Maknoon (PDF Archive),11057,Imam Syed Taj Mahmood Amrothi,
UNIQUE_NO_DUPLICATE,Maktaba Al-Maknoon (PDF Archive),11058,IMAM_ABU_HANIFAH_KI_MUHADDISANAH_HESIYAT,
UNIQUE_NO_DUPLICATE,Maktaba Al-Maknoon (PDF Archive),11059,IMAM_E_AZAM_OR_ILM_UL_HADITH,
UNIQUE_NO_DUPLICATE,Maktaba Al-Maknoon (PDF Archive),11060,Iman per khatme ke 7 nuskhay,
UNIQUE_NO_DUPLICATE,Maktaba Al-Maknoon (PDF Archive),11061,IMAN_AUR_AMAL_E_SALEH_KA_RABAT,
UNIQUE_NO_DUPLICATE,Maktaba Al-Maknoon (PDF Archive),11062,iman_per_khatma_ke_7_nuskhay,
UNIQUE_NO_DUPLICATE,Maktaba Al-Maknoon (PDF Archive),11063,IMAN_PER_KHATMAY_KAY_LIAY_7_MUDALAL_NUSKHAY,
KEPT_HAD_JIBREEL_DUPLICATE,Maktaba Al-Maknoon (PDF Archive),11064,IMDAD UL FATTAH RASHEDIA,
KEPT_HAD_JIBREEL_DUPLICATE,Maktaba Al-Maknoon (PDF Archive),11065,IMDAD_UL_AHKAAM_VOL_1_Part1,
KEPT_HAD_JIBREEL_DUPLICATE,Maktaba Al-Maknoon (PDF Archive),11066,IMDAD_UL_AHKAAM_VOL_1_Part2,
KEPT_HAD_JIBREEL_DUPLICATE,Maktaba Al-Maknoon (PDF Archive),11067,IMDAD_UL_AHKAAM_VOL_2_Part1,
KEPT_HAD_JIBREEL_DUPLICATE,Maktaba Al-Maknoon (PDF Archive),11068,IMDAD_UL_AHKAAM_VOL_2_Part2,
KEPT_HAD_JIBREEL_DUPLICATE,Maktaba Al-Maknoon (PDF Archive),11069,IMDAD_UL_AHKAAM_VOL_3,
KEPT_HAD_JIBREEL_DUPLICATE,Maktaba Al-Maknoon (PDF Archive),11070,IMDAD_UL_AHKAAM_VOL_4,
KEPT_HAD_JIBREEL_DUPLICATE,Maktaba Al-Maknoon (PDF Archive),11071,IMDAD_UL_FATAWA_VOL_1,
KEPT_HAD_JIBREEL_DUPLICATE,Maktaba Al-Maknoon (PDF Archive),11072,IMDAD_UL_FATAWA_VOL_2,
KEPT_HAD_JIBREEL_DUPLICATE,Maktaba Al-Maknoon (PDF Archive),11073,IMDAD_UL_FATAWA_VOL_3,
KEPT_HAD_JIBREEL_DUPLICATE,Maktaba Al-Maknoon (PDF Archive),11074,IMDAD_UL_FATAWA_VOL_4,
KEPT_HAD_JIBREEL_DUPLICATE,Maktaba Al-Maknoon (PDF Archive),11075,IMDAD_UL_FATAWA_VOL_5,
KEPT_HAD_JIBREEL_DUPLICATE,Maktaba Al-Maknoon (PDF Archive),11076,IMDAD_UL_FATAWA_VOL_6,
UNIQUE_NO_DUPLICATE,Maktaba Al-Maknoon (PDF Archive),11077,IMDAD_UL_MUFTEEN,
UNIQUE_NO_DUPLICATE,Maktaba Al-Maknoon (PDF Archive),11078,In the Hands of TALIBAN_Urdu_,
UNIQUE_NO_DUPLICATE,Maktaba Al-Maknoon (PDF Archive),11079,INAAYAT_E_RABBANI,
UNIQUE_NO_DUPLICATE,Maktaba Al-Maknoon (PDF Archive),11080,INAMAAT_E_RABBANI,
UNIQUE_NO_DUPLICATE,Maktaba Al-Maknoon (PDF Archive),11081,inamat_e_rabbani,
UNIQUE_NO_DUPLICATE,Maktaba Al-Maknoon (PDF Archive),11082,inayat_e_rabbani,
UNIQUE_NO_DUPLICATE,Maktaba Al-Maknoon (PDF Archive),11083,INCICLOPIDIA_SEERAT_UN_NABI,
UNIQUE_NO_DUPLICATE,Maktaba Al-Maknoon (PDF Archive),11084,Inkaar e Hadees,
KEPT_HAD_JIBREEL_DUPLICATE,Maktaba Al-Maknoon (PDF Archive),11085,Inkaar e Hadith Ke Nataaij By SHEIKH MUHAMMAD YUSUF LUDHYANVI (R.A),
KEPT_HAD_JIBREEL_DUPLICATE,Maktaba Al-Maknoon (PDF Archive),11086,Inkaar e Hadith Ke Nataaij By SHEIKH SARFRAZ KHAN SAFDAR (R.A),
KEPT_HAD_JIBREEL_DUPLICATE,Maktaba Al-Maknoon (PDF Archive),11087,Inkar e Hadith Kioon By ALLAMA HAFIZ MUHAMMAD AYUB DEHLVI,
KEPT_HAD_JIBREEL_DUPLICATE,Maktaba Al-Maknoon (PDF Archive),11088,Inkishaf E Haqeeqat BY SHEIKH HAFIZ ABDUL QUDDUS QARAN,
UNIQUE_NO_DUPLICATE,Maktaba Al-Maknoon (PDF Archive),11089,INSANI_DUNYA_PAR_MUSALMANO_KAY_UROOJ_O_ZAWAAL_KA_ASAR,
UNIQUE_NO_DUPLICATE,Maktaba Al-Maknoon (PDF Archive),11090,Insani_Dunya_Par_Musalmano_Ky_Urooj_o_Zawaal_Ka_Asar,
UNIQUE_NO_DUPLICATE,Maktaba Al-Maknoon (PDF Archive),11092,iqbal-aur-qad,
KEPT_HAD_JIBREEL_DUPLICATE,Maktaba Al-Maknoon (PDF Archive),11093,IQD UL AALI MEER MUHAMMAD,
UNIQUE_NO_DUPLICATE,Maktaba Al-Maknoon (PDF Archive),11094,IQNA UL ZAMER QADEMI,
KEPT_HAD_JIBREEL_DUPLICATE,Maktaba Al-Maknoon (PDF Archive),11095,Iran Se Tehreef Shuda Quran Ki Ishaat By SHEIKH MUHAMMAD YUSUF LUDHYANVI,
KEPT_HAD_JIBREEL_DUPLICATE,Maktaba Al-Maknoon (PDF Archive),11097,IRFAAN_E_MUHABBAT_VOL_1,
KEPT_HAD_JIBREEL_DUPLICATE,Maktaba Al-Maknoon (PDF Archive),11098,IRFAAN_E_MUHABBAT_VOL_2,
KEPT_HAD_JIBREEL_DUPLICATE,Maktaba Al-Maknoon (PDF Archive),11099,IRFAAN_E_MUHABBAT_VOL_3,
UNIQUE_NO_DUPLICATE,Maktaba Al-Maknoon (PDF Archive),11100,Irfan-e-Mohabbat,
KEPT_HAD_JIBREEL_DUPLICATE,Maktaba Al-Maknoon (PDF Archive),11101,Irfan-e-Muhabbat,
UNIQUE_NO_DUPLICATE,Maktaba Al-Maknoon (PDF Archive),11102,IRFAN_E_MUHABBAT,
UNIQUE_NO_DUPLICATE,Maktaba Al-Maknoon (PDF Archive),11103,IRSHAADAAT_E_DARD_E_DIL,
KEPT_HAD_JIBREEL_DUPLICATE,Maktaba Al-Maknoon (PDF Archive),11104,IRSHAD UL TALIBEEN DAR UL NASHAR,
KEPT_HAD_JIBREEL_DUPLICATE,Maktaba Al-Maknoon (PDF Archive),11105,IRSHAD US SARF AZEEM AND SUNS,
UNIQUE_NO_DUPLICATE,Maktaba Al-Maknoon (PDF Archive),11107,IRSHADAAT_E_AKABIR,
KEPT_HAD_JIBREEL_DUPLICATE,Maktaba Al-Maknoon (PDF Archive),11110,irshadat,
KEPT_HAD_JIBREEL_DUPLICATE,Maktaba Al-Maknoon (PDF Archive),11111,Ishq e Elaahi By By SHEIKH ZULFIQAR AHMAD NAQSHBANDI,
UNIQUE_NO_DUPLICATE,Maktaba Al-Maknoon (PDF Archive),11112,Ishq E Rasool By SHEIKH ZULFIQAR AHMAD NAQSHBANDI,
UNIQUE_NO_DUPLICATE,Maktaba Al-Maknoon (PDF Archive),11113,Ishq-e-Risalat(s) ka sahee mafhoom,
UNIQUE_NO_DUPLICATE,Maktaba Al-Maknoon (PDF Archive),11114,ISHQ_E_MAJAZI_KI_TABAH_KARIYAN,
UNIQUE_NO_DUPLICATE,Maktaba Al-Maknoon (PDF Archive),11115,ISHQ_E_RASOOL,
UNIQUE_NO_DUPLICATE,Maktaba Al-Maknoon (PDF Archive),11116,ISHQ_E_RASOOL_(S.A.W)_OR_ULAMA_E_DIOBAND,
UNIQUE_NO_DUPLICATE,Maktaba Al-Maknoon (PDF Archive),11117,ISHQ_E_RISAALAT_KA_SAHEEH_MUFHOOM,
KEPT_HAD_JIBREEL_DUPLICATE,Maktaba Al-Maknoon (PDF Archive),11118,ISLAAM_OR_HAMARI_ZINDAGI_VOL_01,
UNIQUE_NO_DUPLICATE,Maktaba Al-Maknoon (PDF Archive),11119,ISLAAM_OR_HAMARI_ZINDAGI_VOL_02,
KEPT_HAD_JIBREEL_DUPLICATE,Maktaba Al-Maknoon (PDF Archive),11120,ISLAAM_OR_HAMARI_ZINDAGI_VOL_03,
KEPT_HAD_JIBREEL_DUPLICATE,Maktaba Al-Maknoon (PDF Archive),11121,ISLAAM_OR_HAMARI_ZINDAGI_VOL_04,
KEPT_HAD_JIBREEL_DUPLICATE,Maktaba Al-Maknoon (PDF Archive),11122,ISLAAM_OR_HAMARI_ZINDAGI_VOL_05,
KEPT_HAD_JIBREEL_DUPLICATE,Maktaba Al-Maknoon (PDF Archive),11123,ISLAAM_OR_HAMARI_ZINDAGI_VOL_06,
KEPT_HAD_JIBREEL_DUPLICATE,Maktaba Al-Maknoon (PDF Archive),11124,ISLAAM_OR_HAMARI_ZINDAGI_VOL_07,
KEPT_HAD_JIBREEL_DUPLICATE,Maktaba Al-Maknoon (PDF Archive),11125,ISLAAM_OR_HAMARI_ZINDAGI_VOL_08,
KEPT_HAD_JIBREEL_DUPLICATE,Maktaba Al-Maknoon (PDF Archive),11126,ISLAAM_OR_HAMARI_ZINDAGI_VOL_09,
KEPT_HAD_JIBREEL_DUPLICATE,Maktaba Al-Maknoon (PDF Archive),11127,ISLAAM_OR_HAMARI_ZINDAGI_VOL_10,
KEPT_HAD_JIBREEL_DUPLICATE,Maktaba Al-Maknoon (PDF Archive),11128,ISLAAM_OR_JADEED_MUASHI_MASAIL_VOL_1,
KEPT_HAD_JIBREEL_DUPLICATE,Maktaba Al-Maknoon (PDF Archive),11129,ISLAAM_OR_JADEED_MUASHI_MASAIL_VOL_2,
KEPT_HAD_JIBREEL_DUPLICATE,Maktaba Al-Maknoon (PDF Archive),11130,ISLAAM_OR_JADEED_MUASHI_MASAIL_VOL_3,
KEPT_HAD_JIBREEL_DUPLICATE,Maktaba Al-Maknoon (PDF Archive),11131,ISLAAM_OR_JADEED_MUASHI_MASAIL_VOL_4,
KEPT_HAD_JIBREEL_DUPLICATE,Maktaba Al-Maknoon (PDF Archive),11132,ISLAAM_OR_JADEED_MUASHI_MASAIL_VOL_5,
KEPT_HAD_JIBREEL_DUPLICATE,Maktaba Al-Maknoon (PDF Archive),11133,ISLAAM_OR_JADEED_MUASHI_MASAIL_VOL_6,
KEPT_HAD_JIBREEL_DUPLICATE,Maktaba Al-Maknoon (PDF Archive),11134,ISLAAM_OR_JADEED_MUASHI_MASAIL_VOL_7,
KEPT_HAD_JIBREEL_DUPLICATE,Maktaba Al-Maknoon (PDF Archive),11135,ISLAAM_OR_JADEED_MUASHI_MASAIL_VOL_8,
KEPT_HAD_JIBREEL_DUPLICATE,Maktaba Al-Maknoon (PDF Archive),11136,ISLAAM_OR_MAUSIQI,
KEPT_HAD_JIBREEL_DUPLICATE,Maktaba Al-Maknoon (PDF Archive),11137,ISLAAM_OR_SIYASAT,
KEPT_HAD_JIBREEL_DUPLICATE,Maktaba Al-Maknoon (PDF Archive),11138,ISLAAM_OR_SIYASI_NAZARIYAAT,
UNIQUE_NO_DUPLICATE,Maktaba Al-Maknoon (PDF Archive),11139,ISLAAM_OR_TARBIYAT_E_AOLAAD_VOL_1,
UNIQUE_NO_DUPLICATE,Maktaba Al-Maknoon (PDF Archive),11140,ISLAAM_OR_TARBIYAT_E_AOLAAD_VOL_2,
UNIQUE_NO_DUPLICATE,Maktaba Al-Maknoon (PDF Archive),11141,ISLAAMI_BANKARI,
UNIQUE_NO_DUPLICATE,Maktaba Al-Maknoon (PDF Archive),11142,ISLAAMI_BANKARI_KI_BUNYADEN,
UNIQUE_NO_DUPLICATE,Maktaba Al-Maknoon (PDF Archive),11143,ISLAAMI_BANKARI_OR_GHARAR,
KEPT_HAD_JIBREEL_DUPLICATE,Maktaba Al-Maknoon (PDF Archive),11144,ISLAAMI_BANKARI_OR_ULAMA,
UNIQUE_NO_DUPLICATE,Maktaba Al-Maknoon (PDF Archive),11145,ISLAAMI_BANKON_MEN_RAIJ_MURABAHA_KA_TAREEQ_KAAR,
UNIQUE_NO_DUPLICATE,Maktaba Al-Maknoon (PDF Archive),11146,ISLAAMI_TAHZEEB,
KEPT_HAD_JIBREEL_DUPLICATE,Maktaba Al-Maknoon (PDF Archive),11148,Islah Ka Aasan Tareeqa by SHEIKH ASHRAF ALI THANVI (RA),
UNIQUE_NO_DUPLICATE,Maktaba Al-Maknoon (PDF Archive),11149,islah_akhlaq,
UNIQUE_NO_DUPLICATE,Maktaba Al-Maknoon (PDF Archive),11150,ISLAH_E_DIL,
UNIQUE_NO_DUPLICATE,Maktaba Al-Maknoon (PDF Archive),11151,ISLAH_E_NAFS_O_ISLAH_E_MUASHRAH,
UNIQUE_NO_DUPLICATE,Maktaba Al-Maknoon (PDF Archive),11152,ISLAH_IL_IKHLAQ,
UNIQUE_NO_DUPLICATE,Maktaba Al-Maknoon (PDF Archive),11153,ISLAH_UL_BUYOOT,
KEPT_HAD_JIBREEL_DUPLICATE,Maktaba Al-Maknoon (PDF Archive),11154,Islahi Mawaiz (VOL 7) SHEIKH MUHAMMAD YUSUF LUDHYANVI (RA),
UNIQUE_NO_DUPLICATE,Maktaba Al-Maknoon (PDF Archive),11155,ISLAHI_MAJALIS_VOL_1_MUHAMMED_TAQI_USMANI,
UNIQUE_NO_DUPLICATE,Maktaba Al-Maknoon (PDF Archive),11156,ISLAHI_MAJALIS_VOL_2_MUHAMMED_TAQI_USMANI,
UNIQUE_NO_DUPLICATE,Maktaba Al-Maknoon (PDF Archive),11157,ISLAHI_MAJALIS_VOL_3_MUHAMMED_TAQI_USMANI,
UNIQUE_NO_DUPLICATE,Maktaba Al-Maknoon (PDF Archive),11158,ISLAHI_MAJALIS_VOL_4_MUHAMMED_TAQI_USMANI,
UNIQUE_NO_DUPLICATE,Maktaba Al-Maknoon (PDF Archive),11159,ISLAHI_MAJALIS_VOL_5_MUHAMMED_TAQI_USMANI,
UNIQUE_NO_DUPLICATE,Maktaba Al-Maknoon (PDF Archive),11160,ISLAHI_MAJALIS_VOL_6_MUHAMMED_TAQI_USMANI,
UNIQUE_NO_DUPLICATE,Maktaba Al-Maknoon (PDF Archive),11161,ISLAHI_MAJALIS_VOL_7_MUHAMMED_TAQI_USMANI,
UNIQUE_NO_DUPLICATE,Maktaba Al-Maknoon (PDF Archive),11162,ISLAHI_MAWAIZ_VOL_1_MUHAMMED_TAQI_USMANI,
UNIQUE_NO_DUPLICATE,Maktaba Al-Maknoon (PDF Archive),11163,ISLAHI_MAWAIZ_VOL_1_YOUSUF_LUDHYANVI,
UNIQUE_NO_DUPLICATE,Maktaba Al-Maknoon (PDF Archive),11164,ISLAHI_MAWAIZ_VOL_2_MUHAMMED_TAQI_USMANI,
UNIQUE_NO_DUPLICATE,Maktaba Al-Maknoon (PDF Archive),11165,ISLAHI_MAWAIZ_VOL_2_YOUSUF_LUDHYANVI,
UNIQUE_NO_DUPLICATE,Maktaba Al-Maknoon (PDF Archive),11166,ISLAHI_MAWAIZ_VOL_3_MUHAMMED_TAQI_USMANI,
UNIQUE_NO_DUPLICATE,Maktaba Al-Maknoon (PDF Archive),11167,ISLAHI_MAWAIZ_VOL_3_YOUSUF_LUDHYANVI,
UNIQUE_NO_DUPLICATE,Maktaba Al-Maknoon (PDF Archive),11168,ISLAHI_MAWAIZ_VOL_4_YOUSUF_LUDHYANVI,
UNIQUE_NO_DUPLICATE,Maktaba Al-Maknoon (PDF Archive),11169,ISLAHI_MAWAIZ_VOL_5_YOUSUF_LUDHYANVI,
UNIQUE_NO_DUPLICATE,Maktaba Al-Maknoon (PDF Archive),11170,ISLAHI_MAWAIZ_VOL_6_YOUSUF_LUDHYANVI,
UNIQUE_NO_DUPLICATE,Maktaba Al-Maknoon (PDF Archive),11171,ISLAHI_MAWAIZ_VOL_7_YOUSUF_LUDHYANVI,
UNIQUE_NO_DUPLICATE,Maktaba Al-Maknoon (PDF Archive),11172,ISLAHI_MAWAIZ_VOL_8_YOUSUF_LUDHYANVI,
UNIQUE_NO_DUPLICATE,Maktaba Al-Maknoon (PDF Archive),11173,ISLAHI_TAQREEREN_VOL_2_MUHAMMED_RAFI_USMANI,
UNIQUE_NO_DUPLICATE,Maktaba Al-Maknoon (PDF Archive),11174,ISLAHI_TAQREEREN_VOL_3_MUHAMMED_RAFI_USMANI,
UNIQUE_NO_DUPLICATE,Maktaba Al-Maknoon (PDF Archive),11175,ISLAHI_TAQREEREN_VOL_4_MUHAMMED_RAFI_USMANI,
UNIQUE_NO_DUPLICATE,Maktaba Al-Maknoon (PDF Archive),11176,ISLAHI_TAQREEREN_VOL_5_MUHAMMED_RAFI_USMANI,
UNIQUE_NO_DUPLICATE,Maktaba Al-Maknoon (PDF Archive),11177,ISLAHI_TAQREEREN_VOL_6_MUHAMMED_RAFI_USMANI,
UNIQUE_NO_DUPLICATE,Maktaba Al-Maknoon (PDF Archive),11178,ISLAHI_TAQREEREN_VOL_7_MUHAMMED_RAFI_USMANI,
UNIQUE_NO_DUPLICATE,Maktaba Al-Maknoon (PDF Archive),11179,ISLAHI_TAQREEREN_VOL_8_MUHAMMED_RAFI_USMANI,
UNIQUE_NO_DUPLICATE,Maktaba Al-Maknoon (PDF Archive),11180,ISLAHI_TAQREEREN_VOL_9_MUHAMMED_RAFI_USMANI,
KEPT_HAD_JIBREEL_DUPLICATE,Maktaba Al-Maknoon (PDF Archive),11181,Islam Aur Aaj Ka Musalman By SHEIKH MUFTI MUKHTARUDDIN KARBOGHA SHAREEF,
KEPT_HAD_JIBREEL_DUPLICATE,Maktaba Al-Maknoon (PDF Archive),11182,Islam Aur Ghamdiyat,
KEPT_HAD_JIBREEL_DUPLICATE,Maktaba Al-Maknoon (PDF Archive),11184,Islam Ka Qanoon e Talaq By SHEIKH MUHAMMAD SHAHABUDDIN NADVI,
KEPT_HAD_JIBREEL_DUPLICATE,Maktaba Al-Maknoon (PDF Archive),11185,Islam Ka Qanoon e Zakat o Ushr Aur Nizam e Maliaat Par Shubhat Ka Jawaab By SHEIKH MUHAMMAD YUSUF LUDHYANVI (RA),
KEPT_HAD_JIBREEL_DUPLICATE,Maktaba Al-Maknoon (PDF Archive),11186,Islam Main Khawateen Ke Huqooq By DR. ZAKIR NAIK,
KEPT_HAD_JIBREEL_DUPLICATE,Maktaba Al-Maknoon (PDF Archive),11187,Islam Mein Ghulami Ka Tasawwur By Sheikh Mufti Rafi Usmani,
KEPT_HAD_JIBREEL_DUPLICATE,Maktaba Al-Maknoon (PDF Archive),11188,Islam Mein Imam Mehdi Ka Tasawwur By Sheikh Zafar Iqbal,
KEPT_HAD_JIBREEL_DUPLICATE,Maktaba Al-Maknoon (PDF Archive),11189,Islam Mein Khula Ki Haqeeqat By SHEIKH MUFTI TAQI USMANI,
UNIQUE_NO_DUPLICATE,Maktaba Al-Maknoon (PDF Archive),11190,Islam mein pakki qabron ki haisiyyat,
KEPT_HAD_JIBREEL_DUPLICATE,Maktaba Al-Maknoon (PDF Archive),11191,Islam Mein Parda Ki Ahmiat By SHEIKH ASHRAF ALI THANVI (RA),
KEPT_HAD_JIBREEL_DUPLICATE,Maktaba Al-Maknoon (PDF Archive),11192,Islam Musalman Aur Rushdi Salman By SHEIKH MEHMOOD ASHRAF USMANI,
UNIQUE_NO_DUPLICATE,Maktaba Al-Maknoon (PDF Archive),11194,Islam-Ki-Sachai-Or-Sicnce-K-Itrafat,
KEPT_HAD_JIBREEL_DUPLICATE,Maktaba Al-Maknoon (PDF Archive),11195,Islam-ko-qad-sy-bachaiay,
KEPT_HAD_JIBREEL_DUPLICATE,Maktaba Al-Maknoon (PDF Archive),11196,Islam-ky-ujalay-qad-ky-undharay,
KEPT_HAD_JIBREEL_DUPLICATE,Maktaba Al-Maknoon (PDF Archive),11197,ISLAM_MEN_AORAT_KA_DARJA_OR_USKAY_HUQOOQ_O_FARAIZ,
KEPT_HAD_JIBREEL_DUPLICATE,Maktaba Al-Maknoon (PDF Archive),11198,Islami Aqaaid By SHEIKH ASHRAF ALI THANVI (R.A),
KEPT_HAD_JIBREEL_DUPLICATE,Maktaba Al-Maknoon (PDF Archive),11199,Islami Aur Soodi Bankari Mein Farq,
KEPT_HAD_JIBREEL_DUPLICATE,Maktaba Al-Maknoon (PDF Archive),11200,Islami Bankari Aik Haqeeqat Pasandana Jaiza By SHEIKH EJAZ AHMAD SAMDANI,
KEPT_HAD_JIBREEL_DUPLICATE,Maktaba Al-Maknoon (PDF Archive),11201,Islami Bankari Aur Sirat e Mustaqeem,
KEPT_HAD_JIBREEL_DUPLICATE,Maktaba Al-Maknoon (PDF Archive),11202,Islami Kalima By SHEIKH ALI SHER HAIDRI (R.A),
KEPT_HAD_JIBREEL_DUPLICATE,Maktaba Al-Maknoon (PDF Archive),11203,Islami Kalima By SHEIKH ALI SHER HAIDRI,
KEPT_HAD_JIBREEL_DUPLICATE,Maktaba Al-Maknoon (PDF Archive),11204,Islami Shariat Ilm Aur Aqal Ki Meezan Mein By SHEIKH MUHAMMAD SHAHABUDDIN NADVI,
KEPT_HAD_JIBREEL_DUPLICATE,Maktaba Al-Maknoon (PDF Archive),11205,ISLAMI_EBATAAD,
KEPT_HAD_JIBREEL_DUPLICATE,Maktaba Al-Maknoon (PDF Archive),11206,Ismailiyah - Bohriyon Aur Agha Khaniyon Ka Taaruf By Syed Tanzeem Husain,
UNIQUE_NO_DUPLICATE,Maktaba Al-Maknoon (PDF Archive),11207,Ismailiyat - Bohriyon Aur Agha Khanion Ka Taaruf By SYED TANZEEM HUSAIN,
KEPT_HAD_JIBREEL_DUPLICATE,Maktaba Al-Maknoon (PDF Archive),11208,Israr ul Haramain,
UNIQUE_NO_DUPLICATE,Maktaba Al-Maknoon (PDF Archive),11209,istaghfar_k_samarat,
KEPT_HAD_JIBREEL_DUPLICATE,Maktaba Al-Maknoon (PDF Archive),11210,Istekharah Kaisay Karain By SHEIKH MUHAMMAD ZAKARIYYA IQBAL,
KEPT_HAD_JIBREEL_DUPLICATE,Maktaba Al-Maknoon (PDF Archive),11211,Istekharah Sunnat Ke Mutabiq By SHEIKH MUHAMMAD UMAR ANWAR,
UNIQUE_NO_DUPLICATE,Maktaba Al-Maknoon (PDF Archive),11212,Istighfar kay Samraat,
KEPT_HAD_JIBREEL_DUPLICATE,Maktaba Al-Maknoon (PDF Archive),11213,Istikhara Ka Masnoon Tariqa By SHEIKH MUFTI TAQI USMANI,
KEPT_HAD_JIBREEL_DUPLICATE,Maktaba Al-Maknoon (PDF Archive),11214,Istiqamat by SHEIKH ASHRAF ALI THANVI (RA),
UNIQUE_NO_DUPLICATE,Maktaba Al-Maknoon (PDF Archive),11215,IT Mag March N April 2012,
KEPT_HAD_JIBREEL_DUPLICATE,Maktaba Al-Maknoon (PDF Archive),11216,Izala tush Shak An Masala e Fidak By SHEIKH MUHAMMAD ABDUSSATTAR TONSVI,
KEPT_HAD_JIBREEL_DUPLICATE,Maktaba Al-Maknoon (PDF Archive),11217,Ja&#39;li Nabi Ke Asli Kahaani,
KEPT_HAD_JIBREEL_DUPLICATE,Maktaba Al-Maknoon (PDF Archive),11218,JAAR BARDI RASHEDIA,
KEPT_HAD_JIBREEL_DUPLICATE,Maktaba Al-Maknoon (PDF Archive),11219,Jadeed Daur Ka Musailma Kazzab Gohar Shahi By SHEIKH SAEED AHMAD JALALPURI,
KEPT_HAD_JIBREEL_DUPLICATE,Maktaba Al-Maknoon (PDF Archive),11220,Jadeed Masail Ke Shari Ahkam (Version 2) By Sheikh Mufti Muhammad Shafi (r.a),
KEPT_HAD_JIBREEL_DUPLICATE,Maktaba Al-Maknoon (PDF Archive),11221,Jadeed Masail Shari Ahkam By SHEIKH MUFTI MUHAMMAD SHAFI (RA),
KEPT_HAD_JIBREEL_DUPLICATE,Maktaba Al-Maknoon (PDF Archive),11222,Jadeed Muashi Masail By Sheikh Mufti Abdul Wahid,
UNIQUE_NO_DUPLICATE,Maktaba Al-Maknoon (PDF Archive),11223,JADEED_ARABIC_OR_ENGLISH_AESY_BOLIEY,
KEPT_HAD_JIBREEL_DUPLICATE,Maktaba Al-Maknoon (PDF Archive),11224,Jadeed_Fiqhi_Mabahis_Vol_1,
KEPT_HAD_JIBREEL_DUPLICATE,Maktaba Al-Maknoon (PDF Archive),11225,JADEED_FIQHI_MABAHIS_VOL_10,
KEPT_HAD_JIBREEL_DUPLICATE,Maktaba Al-Maknoon (PDF Archive),11226,Jadeed_Fiqhi_Mabahis_Vol_11,
KEPT_HAD_JIBREEL_DUPLICATE,Maktaba Al-Maknoon (PDF Archive),11227,Jadeed_Fiqhi_Mabahis_Vol_12,
KEPT_HAD_JIBREEL_DUPLICATE,Maktaba Al-Maknoon (PDF Archive),11228,Jadeed_Fiqhi_Mabahis_Vol_13,
KEPT_HAD_JIBREEL_DUPLICATE,Maktaba Al-Maknoon (PDF Archive),11229,Jadeed_Fiqhi_Mabahis_Vol_14,
KEPT_HAD_JIBREEL_DUPLICATE,Maktaba Al-Maknoon (PDF Archive),11230,Jadeed_Fiqhi_Mabahis_Vol_15,
KEPT_HAD_JIBREEL_DUPLICATE,Maktaba Al-Maknoon (PDF Archive),11231,Jadeed_Fiqhi_Mabahis_Vol_16,
KEPT_HAD_JIBREEL_DUPLICATE,Maktaba Al-Maknoon (PDF Archive),11232,Jadeed_Fiqhi_Mabahis_Vol_17,
KEPT_HAD_JIBREEL_DUPLICATE,Maktaba Al-Maknoon (PDF Archive),11233,Jadeed_Fiqhi_Mabahis_Vol_18,
KEPT_HAD_JIBREEL_DUPLICATE,Maktaba Al-Maknoon (PDF Archive),11234,Jadeed_Fiqhi_Mabahis_Vol_19,
KEPT_HAD_JIBREEL_DUPLICATE,Maktaba Al-Maknoon (PDF Archive),11235,Jadeed_Fiqhi_Mabahis_Vol_2,
KEPT_HAD_JIBREEL_DUPLICATE,Maktaba Al-Maknoon (PDF Archive),11236,Jadeed_Fiqhi_Mabahis_Vol_20,
KEPT_HAD_JIBREEL_DUPLICATE,Maktaba Al-Maknoon (PDF Archive),11237,Jadeed_Fiqhi_Mabahis_Vol_21,
UNIQUE_NO_DUPLICATE,Maktaba Al-Maknoon (PDF Archive),11238,JADEED_FIQHI_MABAHIS_VOL_22_A,
KEPT_HAD_JIBREEL_DUPLICATE,Maktaba Al-Maknoon (PDF Archive),11239,Jadeed_Fiqhi_Mabahis_Vol_22_B,
KEPT_HAD_JIBREEL_DUPLICATE,Maktaba Al-Maknoon (PDF Archive),11240,Jadeed_Fiqhi_Mabahis_Vol_23,
KEPT_HAD_JIBREEL_DUPLICATE,Maktaba Al-Maknoon (PDF Archive),11241,Jadeed_Fiqhi_Mabahis_Vol_23_A,
UNIQUE_NO_DUPLICATE,Maktaba Al-Maknoon (PDF Archive),11242,Jadeed_Fiqhi_Mabahis_Vol_23_B,
KEPT_HAD_JIBREEL_DUPLICATE,Maktaba Al-Maknoon (PDF Archive),11243,Jadeed_Fiqhi_Mabahis_Vol_24,
KEPT_HAD_JIBREEL_DUPLICATE,Maktaba Al-Maknoon (PDF Archive),11244,Jadeed_Fiqhi_Mabahis_Vol_25_A,
KEPT_HAD_JIBREEL_DUPLICATE,Maktaba Al-Maknoon (PDF Archive),11245,Jadeed_Fiqhi_Mabahis_Vol_25_B,
KEPT_HAD_JIBREEL_DUPLICATE,Maktaba Al-Maknoon (PDF Archive),11246,Jadeed_Fiqhi_Mabahis_Vol_26,
KEPT_HAD_JIBREEL_DUPLICATE,Maktaba Al-Maknoon (PDF Archive),11247,Jadeed_Fiqhi_Mabahis_Vol_27,
KEPT_HAD_JIBREEL_DUPLICATE,Maktaba Al-Maknoon (PDF Archive),11248,Jadeed_Fiqhi_Mabahis_Vol_28,
KEPT_HAD_JIBREEL_DUPLICATE,Maktaba Al-Maknoon (PDF Archive),11249,Jadeed_Fiqhi_Mabahis_Vol_29_A,
KEPT_HAD_JIBREEL_DUPLICATE,Maktaba Al-Maknoon (PDF Archive),11250,Jadeed_Fiqhi_Mabahis_Vol_29_B,
KEPT_HAD_JIBREEL_DUPLICATE,Maktaba Al-Maknoon (PDF Archive),11251,Jadeed_Fiqhi_Mabahis_Vol_3,
KEPT_HAD_JIBREEL_DUPLICATE,Maktaba Al-Maknoon (PDF Archive),11252,Jadeed_Fiqhi_Mabahis_Vol_30,
KEPT_HAD_JIBREEL_DUPLICATE,Maktaba Al-Maknoon (PDF Archive),11253,Jadeed_Fiqhi_Mabahis_Vol_31,
KEPT_HAD_JIBREEL_DUPLICATE,Maktaba Al-Maknoon (PDF Archive),11254,Jadeed_Fiqhi_Mabahis_Vol_4,
KEPT_HAD_JIBREEL_DUPLICATE,Maktaba Al-Maknoon (PDF Archive),11255,Jadeed_Fiqhi_Mabahis_Vol_5,
KEPT_HAD_JIBREEL_DUPLICATE,Maktaba Al-Maknoon (PDF Archive),11256,Jadeed_Fiqhi_Mabahis_Vol_6,
KEPT_HAD_JIBREEL_DUPLICATE,Maktaba Al-Maknoon (PDF Archive),11257,Jadeed_Fiqhi_Mabahis_Vol_8,
KEPT_HAD_JIBREEL_DUPLICATE,Maktaba Al-Maknoon (PDF Archive),11258,Jadeed_Fiqhi_Mabahis_Vol_9,
KEPT_HAD_JIBREEL_DUPLICATE,Maktaba Al-Maknoon (PDF Archive),11259,JADEED_FIQHI_MASAIL_VOL_1,
KEPT_HAD_JIBREEL_DUPLICATE,Maktaba Al-Maknoon (PDF Archive),11260,JADEED_FIQHI_MASAIL_VOL_2,
KEPT_HAD_JIBREEL_DUPLICATE,Maktaba Al-Maknoon (PDF Archive),11261,JADEED_FIQHI_MASAIL_VOL_3,
KEPT_HAD_JIBREEL_DUPLICATE,Maktaba Al-Maknoon (PDF Archive),11262,JADEED_FIQHI_MASAIL_VOL_4,
KEPT_HAD_JIBREEL_DUPLICATE,Maktaba Al-Maknoon (PDF Archive),11263,JADEED_FIQHI_MASAIL_VOL_5,
KEPT_HAD_JIBREEL_DUPLICATE,Maktaba Al-Maknoon (PDF Archive),11264,JADEED_MUAMLAAT_KAY_SHARE_AHKAAM_VOL_1,
KEPT_HAD_JIBREEL_DUPLICATE,Maktaba Al-Maknoon (PDF Archive),11265,JADEED_MUAMLAAT_KAY_SHARE_AHKAAM_VOL_2,
KEPT_HAD_JIBREEL_DUPLICATE,Maktaba Al-Maknoon (PDF Archive),11266,JADEED_MUAMLAAT_KAY_SHARE_AHKAAM_VOL_3,
UNIQUE_NO_DUPLICATE,Maktaba Al-Maknoon (PDF Archive),11267,JADEED_SEERAT_UN_NABI_(S.A.W)_VOL_1_2_3,
UNIQUE_NO_DUPLICATE,Maktaba Al-Maknoon (PDF Archive),11268,Jadoo aur kahanat key haisiyyat,
KEPT_HAD_JIBREEL_DUPLICATE,Maktaba Al-Maknoon (PDF Archive),11269,Jadu se Hifazat (FOLDABLE) By SHEIKH MUHAMMAD YUNUS PALANPURI,
KEPT_HAD_JIBREEL_DUPLICATE,Maktaba Al-Maknoon (PDF Archive),11270,Jadu Se Hifazat By SHEIKH MUHAMMAD YUNUS PALANPURI,
UNIQUE_NO_DUPLICATE,Maktaba Al-Maknoon (PDF Archive),11271,JAHAN_E_DEDAH,
KEPT_HAD_JIBREEL_DUPLICATE,Maktaba Al-Maknoon (PDF Archive),11272,Jamaat ul Muslimeen Quran o Sunnat Ki Adalat Mein By SHEIKH SYED IKRAMUR RAHMAN,
UNIQUE_NO_DUPLICATE,Maktaba Al-Maknoon (PDF Archive),11273,JAMAAT_E_TABLEEGH_PAR_AETIRAZAAT_KAY_JAWABAAT,
KEPT_HAD_JIBREEL_DUPLICATE,Maktaba Al-Maknoon (PDF Archive),11274,Jamal e Anwar By SHEIKH ABDUL QAYYUM HAQQANI,
KEPT_HAD_JIBREEL_DUPLICATE,Maktaba Al-Maknoon (PDF Archive),11275,Jamal e Habib (S.A.W) By MUHAMMAD HABIBUR RAHMAN HUSSAMI,
KEPT_HAD_JIBREEL_DUPLICATE,Maktaba Al-Maknoon (PDF Archive),11276,JAMAL UL QURAN AL BUSHRA COLOR,
UNIQUE_NO_DUPLICATE,Maktaba Al-Maknoon (PDF Archive),11277,JAMAL UL QURAN AL BUSHRA,
KEPT_HAD_JIBREEL_DUPLICATE,Maktaba Al-Maknoon (PDF Archive),11278,Jamal ul Quran Maa Hashiya Zeenat Ul Quran By SHEIKH ASHRAF ALI THANVI (RA),
UNIQUE_NO_DUPLICATE,Maktaba Al-Maknoon (PDF Archive),11279,JAMAL UL QURAN QADEMI,
KEPT_HAD_JIBREEL_DUPLICATE,Maktaba Al-Maknoon (PDF Archive),11280,Jamat e Muslimeen Kya Hai By SHEIKH AMEEN SAFDAR OKARVI (RA),
KEPT_HAD_JIBREEL_DUPLICATE,Maktaba Al-Maknoon (PDF Archive),11281,Jamat e Tableegh Par Aitrazaat K Jawabat By SHEIKH MUHAMMAD ZAKARIYYA KANDHELVI (R.A),
KEPT_HAD_JIBREEL_DUPLICATE,Maktaba Al-Maknoon (PDF Archive),11282,JAME AL TIRMEZI VOL 1 ALTAF AND SONS,
KEPT_HAD_JIBREEL_DUPLICATE,Maktaba Al-Maknoon (PDF Archive),11283,JAME AL TIRMEZI VOL 1 QADEMI,
KEPT_HAD_JIBREEL_DUPLICATE,Maktaba Al-Maknoon (PDF Archive),11284,JAME AL TIRMEZI VOL 1 RAHMANIA,
KEPT_HAD_JIBREEL_DUPLICATE,Maktaba Al-Maknoon (PDF Archive),11285,JAME AL TIRMEZI VOL 2 ALTAF AND SONS,
KEPT_HAD_JIBREEL_DUPLICATE,Maktaba Al-Maknoon (PDF Archive),11286,JAME AL TIRMEZI VOL 2 QADEMI,
KEPT_HAD_JIBREEL_DUPLICATE,Maktaba Al-Maknoon (PDF Archive),11287,JAME AL TIRMEZI VOL 2 RAHMANIA,
KEPT_HAD_JIBREEL_DUPLICATE,Maktaba Al-Maknoon (PDF Archive),11288,Jame Tirmidhi 1of2 TRANSLATION BY SHEIKH FAZAL AHMAD,
KEPT_HAD_JIBREEL_DUPLICATE,Maktaba Al-Maknoon (PDF Archive),11289,Jame Tirmidhi 2of2 TRANSLATION BY SHEIKH FAZAL AHMAD,
KEPT_HAD_JIBREEL_DUPLICATE,Maktaba Al-Maknoon (PDF Archive),11290,JAME_UL_FATAWA_VOL_01,
KEPT_HAD_JIBREEL_DUPLICATE,Maktaba Al-Maknoon (PDF Archive),11291,JAME_UL_FATAWA_VOL_02,
KEPT_HAD_JIBREEL_DUPLICATE,Maktaba Al-Maknoon (PDF Archive),11292,JAME_UL_FATAWA_VOL_03,
KEPT_HAD_JIBREEL_DUPLICATE,Maktaba Al-Maknoon (PDF Archive),11293,JAME_UL_FATAWA_VOL_04,
KEPT_HAD_JIBREEL_DUPLICATE,Maktaba Al-Maknoon (PDF Archive),11294,JAME_UL_FATAWA_VOL_05,
KEPT_HAD_JIBREEL_DUPLICATE,Maktaba Al-Maknoon (PDF Archive),11295,JAME_UL_FATAWA_VOL_06,
KEPT_HAD_JIBREEL_DUPLICATE,Maktaba Al-Maknoon (PDF Archive),11296,JAME_UL_FATAWA_VOL_07,
KEPT_HAD_JIBREEL_DUPLICATE,Maktaba Al-Maknoon (PDF Archive),11297,JAME_UL_FATAWA_VOL_08,
KEPT_HAD_JIBREEL_DUPLICATE,Maktaba Al-Maknoon (PDF Archive),11298,JAME_UL_FATAWA_VOL_09,
KEPT_HAD_JIBREEL_DUPLICATE,Maktaba Al-Maknoon (PDF Archive),11299,JAME_UL_FATAWA_VOL_10,
KEPT_HAD_JIBREEL_DUPLICATE,Maktaba Al-Maknoon (PDF Archive),11300,JAME_UL_FATAWA_VOL_11,
UNIQUE_NO_DUPLICATE,Maktaba Al-Maknoon (PDF Archive),11301,JAME_UL_FATAWA_VOL_11_MIHROBAN_ALI,
KEPT_HAD_JIBREEL_DUPLICATE,Maktaba Al-Maknoon (PDF Archive),11302,Jannat Ka Aasaan Raasta By Sheikh Mufti Rafi Usmani,
KEPT_HAD_JIBREEL_DUPLICATE,Maktaba Al-Maknoon (PDF Archive),11303,Jannat Ki Hooren By SHEIKH FAZLUR RAHMAN RASHEEDI,
UNIQUE_NO_DUPLICATE,Maktaba Al-Maknoon (PDF Archive),11304,JANNAT_KAY_HASEEN_MANAZIR,
UNIQUE_NO_DUPLICATE,Maktaba Al-Maknoon (PDF Archive),11305,JANNAT_UL_BAQI_MEN_MADFOON_SAHABA,
KEPT_HAD_JIBREEL_DUPLICATE,Maktaba Al-Maknoon (PDF Archive),11306,Javed Ghamdi Aur Inkare Hadith By SHEIKH MUHAMMAD RAFIQ,
UNIQUE_NO_DUPLICATE,Maktaba Al-Maknoon (PDF Archive),11307,Javed-Ahmed-Ghamidi,
KEPT_HAD_JIBREEL_DUPLICATE,Maktaba Al-Maknoon (PDF Archive),11309,JAWAHIR_UL_FIQAH_VOL_1,
KEPT_HAD_JIBREEL_DUPLICATE,Maktaba Al-Maknoon (PDF Archive),11310,JAWAHIR_UL_FIQAH_VOL_2,
KEPT_HAD_JIBREEL_DUPLICATE,Maktaba Al-Maknoon (PDF Archive),11311,JAWAHIR_UL_FIQAH_VOL_3,
KEPT_HAD_JIBREEL_DUPLICATE,Maktaba Al-Maknoon (PDF Archive),11312,JAWAHIR_UL_FIQAH_VOL_4,
KEPT_HAD_JIBREEL_DUPLICATE,Maktaba Al-Maknoon (PDF Archive),11313,JAWAHIR_UL_FIQAH_VOL_6,
KEPT_HAD_JIBREEL_DUPLICATE,Maktaba Al-Maknoon (PDF Archive),11314,JAWAHIR_UL_FIQAH_VOL_7,
UNIQUE_NO_DUPLICATE,Maktaba Al-Maknoon (PDF Archive),11315,JAWAHIRAAT_E_HAKEEM_UL_UMMAT_VOL_01,
UNIQUE_NO_DUPLICATE,Maktaba Al-Maknoon (PDF Archive),11316,JAWAHIRAAT_E_HAKEEM_UL_UMMAT_VOL_02,
UNIQUE_NO_DUPLICATE,Maktaba Al-Maknoon (PDF Archive),11317,JAWAHIRAAT_E_HAKEEM_UL_UMMAT_VOL_03,
UNIQUE_NO_DUPLICATE,Maktaba Al-Maknoon (PDF Archive),11318,JAWAHIRAAT_E_HAKEEM_UL_UMMAT_VOL_04,
KEPT_HAD_JIBREEL_DUPLICATE,Maktaba Al-Maknoon (PDF Archive),11319,JAWAME UL KALIM AL BUSHRA COLOR,
KEPT_HAD_JIBREEL_DUPLICATE,Maktaba Al-Maknoon (PDF Archive),11320,JAWAME UL KALIM AL BUSHRA,
KEPT_HAD_JIBREEL_DUPLICATE,Maktaba Al-Maknoon (PDF Archive),11321,Jawani Ko Zaya Karney K Nuksanaat By SHEIKH MUHAMMAD ARSALAAN,
KEPT_HAD_JIBREEL_DUPLICATE,Maktaba Al-Maknoon (PDF Archive),11322,jehad-KN-kay-janisar,
UNIQUE_NO_DUPLICATE,Maktaba Al-Maknoon (PDF Archive),11323,JESUS-and-Ahmadiyya-Movement,
UNIQUE_NO_DUPLICATE,Maktaba Al-Maknoon (PDF Archive),11324,Jesus-The-Massiah,
UNIQUE_NO_DUPLICATE,Maktaba Al-Maknoon (PDF Archive),11325,JESUS-will-return,
KEPT_HAD_JIBREEL_DUPLICATE,Maktaba Al-Maknoon (PDF Archive),11326,Jhoota Wasiyyat Nama By Sheikh Mufti Shamsul Haq Azhar,
UNIQUE_NO_DUPLICATE,Maktaba Al-Maknoon (PDF Archive),11328,jihad ka azeem sawab,
UNIQUE_NO_DUPLICATE,Maktaba Al-Maknoon (PDF Archive),11329,JIHAD_E_HIND_KA_SHAHBAZ_JARNAIL,
KEPT_HAD_JIBREEL_DUPLICATE,Maktaba Al-Maknoon (PDF Archive),11330,Jila ul Azhan (1000 QUESTIONS FROM SHIA) By MUHAMMAD QURESHI NAQSHBANDI ,
KEPT_HAD_JIBREEL_DUPLICATE,Maktaba Al-Maknoon (PDF Archive),11331,jinhay-KN-say-ishaq-tha,
KEPT_HAD_JIBREEL_DUPLICATE,Maktaba Al-Maknoon (PDF Archive),11332,jo-KN-pay-fida-thay,
KEPT_HAD_JIBREEL_DUPLICATE,Maktaba Al-Maknoon (PDF Archive),11333,Joke-Dar-Joke By DR. MUHAMMAD YUNUS BUTT,
KEPT_HAD_JIBREEL_DUPLICATE,Maktaba Al-Maknoon (PDF Archive),11334,Kaam Chori ALLAH Ka Aik Azaab By SHEIKH MUFTI RAFI USMANI,
KEPT_HAD_JIBREEL_DUPLICATE,Maktaba Al-Maknoon (PDF Archive),11335,KAFIAH AL BUSHRA COLOR,
KEPT_HAD_JIBREEL_DUPLICATE,Maktaba Al-Maknoon (PDF Archive),11336,KAFIAH AL BUSHRA,
UNIQUE_NO_DUPLICATE,Maktaba Al-Maknoon (PDF Archive),11337,KAFIAH BILA HASHIAH QADEMI,
UNIQUE_NO_DUPLICATE,Maktaba Al-Maknoon (PDF Archive),11338,KAFIAH RASHEDIA,
KEPT_HAD_JIBREEL_DUPLICATE,Maktaba Al-Maknoon (PDF Archive),11339,Kafir Kaho Gay By Nazar ur Rizvi,
UNIQUE_NO_DUPLICATE,Maktaba Al-Maknoon (PDF Archive),11340,KALEED_E_MASNAVI_VOL_01,
UNIQUE_NO_DUPLICATE,Maktaba Al-Maknoon (PDF Archive),11341,KALEED_E_MASNAVI_VOL_02,
UNIQUE_NO_DUPLICATE,Maktaba Al-Maknoon (PDF Archive),11342,KALEED_E_MASNAVI_VOL_03_04,
UNIQUE_NO_DUPLICATE,Maktaba Al-Maknoon (PDF Archive),11343,KALEED_E_MASNAVI_VOL_05_06,
UNIQUE_NO_DUPLICATE,Maktaba Al-Maknoon (PDF Archive),11344,KALEED_E_MASNAVI_VOL_07_08_09_10,
UNIQUE_NO_DUPLICATE,Maktaba Al-Maknoon (PDF Archive),11345,KALEED_E_MASNAVI_VOL_11_12,
UNIQUE_NO_DUPLICATE,Maktaba Al-Maknoon (PDF Archive),11346,KALEED_E_MASNAVI_VOL_13_14_15_16,
UNIQUE_NO_DUPLICATE,Maktaba Al-Maknoon (PDF Archive),11347,KALEED_E_MASNAVI_VOL_17_18_19_20,
UNIQUE_NO_DUPLICATE,Maktaba Al-Maknoon (PDF Archive),11348,KALEED_E_MASNAVI_VOL_21_22,
UNIQUE_NO_DUPLICATE,Maktaba Al-Maknoon (PDF Archive),11349,KALEED_E_MASNAVI_VOL_23_24,
KEPT_HAD_JIBREEL_DUPLICATE,Maktaba Al-Maknoon (PDF Archive),11350,Kalima La Ilaha IlalALLAH By MUFTI MUHAMMD SHAFI RIZVI,
KEPT_HAD_JIBREEL_DUPLICATE,Maktaba Al-Maknoon (PDF Archive),11351,Kalima Tayyaba Ki Haqeeqat By SHEIKH MUHAMMAD MANZOOR NOMANI (R.A),
KEPT_HAD_JIBREEL_DUPLICATE,Maktaba Al-Maknoon (PDF Archive),11352,Kalimay,
UNIQUE_NO_DUPLICATE,Maktaba Al-Maknoon (PDF Archive),11353,KAMALAAT_E_ASHRAFIYAH,
UNIQUE_NO_DUPLICATE,Maktaba Al-Maknoon (PDF Archive),11354,KAMALAAT_E_USMANI,
KEPT_HAD_JIBREEL_DUPLICATE,Maktaba Al-Maknoon (PDF Archive),11355,Kamil Tareeqa e Namaz by Sheikh Abdur Rauf Sakharvi,
UNIQUE_NO_DUPLICATE,Maktaba Al-Maknoon (PDF Archive),11356,Kamil Tareeqa Namaz By SHEIKH MUFTI ABDUR RAUF SAKHARVI,
KEPT_HAD_JIBREEL_DUPLICATE,Maktaba Al-Maknoon (PDF Archive),11357,KANZ UL DAQAIQ HAQQANIA,
KEPT_HAD_JIBREEL_DUPLICATE,Maktaba Al-Maknoon (PDF Archive),11358,KANZ UL DAQAIQ QADEMI,
KEPT_HAD_JIBREEL_DUPLICATE,Maktaba Al-Maknoon (PDF Archive),11359,KANZ UL DAQAIQ RAHMANIA,
KEPT_HAD_JIBREEL_DUPLICATE,Maktaba Al-Maknoon (PDF Archive),11360,KANZ UL DAQAIQ VOL 1 AL BUSHRA COLOR,
KEPT_HAD_JIBREEL_DUPLICATE,Maktaba Al-Maknoon (PDF Archive),11361,KANZ UL DAQAIQ VOL 1 AL BUSHRA,
KEPT_HAD_JIBREEL_DUPLICATE,Maktaba Al-Maknoon (PDF Archive),11362,KANZ UL DAQAIQ VOL 2 AL BUSHRA COLOR,
KEPT_HAD_JIBREEL_DUPLICATE,Maktaba Al-Maknoon (PDF Archive),11363,KANZ UL DAQAIQ VOL 2 AL BUSHRA,
KEPT_HAD_JIBREEL_DUPLICATE,Maktaba Al-Maknoon (PDF Archive),11364,KANZ UL DAQAIQ VOL 3 AL BUSHRA COLOR,
KEPT_HAD_JIBREEL_DUPLICATE,Maktaba Al-Maknoon (PDF Archive),11365,KANZ UL DAQAIQ VOL 3 AL BUSHRA,
KEPT_HAD_JIBREEL_DUPLICATE,Maktaba Al-Maknoon (PDF Archive),11366,KANZ UN NAWADIR MADARSA TUL ULOOM,
KEPT_HAD_JIBREEL_DUPLICATE,Maktaba Al-Maknoon (PDF Archive),11367,KANZ_UL_UMMAAL_VOL_01_02,
KEPT_HAD_JIBREEL_DUPLICATE,Maktaba Al-Maknoon (PDF Archive),11368,KANZ_UL_UMMAAL_VOL_03_04,
KEPT_HAD_JIBREEL_DUPLICATE,Maktaba Al-Maknoon (PDF Archive),11369,KANZ_UL_UMMAAL_VOL_05_06,
KEPT_HAD_JIBREEL_DUPLICATE,Maktaba Al-Maknoon (PDF Archive),11370,KANZ_UL_UMMAAL_VOL_07_08,
KEPT_HAD_JIBREEL_DUPLICATE,Maktaba Al-Maknoon (PDF Archive),11371,KANZ_UL_UMMAAL_VOL_09_10,
KEPT_HAD_JIBREEL_DUPLICATE,Maktaba Al-Maknoon (PDF Archive),11372,KANZ_UL_UMMAAL_VOL_11_12,
KEPT_HAD_JIBREEL_DUPLICATE,Maktaba Al-Maknoon (PDF Archive),11373,KANZ_UL_UMMAAL_VOL_13_14,
KEPT_HAD_JIBREEL_DUPLICATE,Maktaba Al-Maknoon (PDF Archive),11374,KANZ_UL_UMMAAL_VOL_15_16,
KEPT_HAD_JIBREEL_DUPLICATE,Maktaba Al-Maknoon (PDF Archive),11375,Kanzul Eeman Ka Taaqub By SAJID KHAN,
UNIQUE_NO_DUPLICATE,Maktaba Al-Maknoon (PDF Archive),11376,KARAMAAT_E_AOLIYA,
KEPT_HAD_JIBREEL_DUPLICATE,Maktaba Al-Maknoon (PDF Archive),11377,KAREMA SADEE AL BUSHRA COLOR,
UNIQUE_NO_DUPLICATE,Maktaba Al-Maknoon (PDF Archive),11378,KAREMA SADEE AL BUSHRA,
KEPT_HAD_JIBREEL_DUPLICATE,Maktaba Al-Maknoon (PDF Archive),11379,Karvan e Eeman o Azeemat By SHEIKH ABUL HASAN ALI ,
KEPT_HAD_JIBREEL_DUPLICATE,Maktaba Al-Maknoon (PDF Archive),11380,Karwan-tahreek-KN,
KEPT_HAD_JIBREEL_DUPLICATE,Maktaba Al-Maknoon (PDF Archive),11381,Kashaf ul Haqaiq By ABU ABDULLAH,
UNIQUE_NO_DUPLICATE,Maktaba Al-Maknoon (PDF Archive),11382,KASHF_UL_BARI_VOL_01,
UNIQUE_NO_DUPLICATE,Maktaba Al-Maknoon (PDF Archive),11383,KASHF_UL_BARI_VOL_02,
UNIQUE_NO_DUPLICATE,Maktaba Al-Maknoon (PDF Archive),11384,KASHF_UL_BARI_VOL_04,
UNIQUE_NO_DUPLICATE,Maktaba Al-Maknoon (PDF Archive),11385,KASHF_UL_BARI_VOL_05,
UNIQUE_NO_DUPLICATE,Maktaba Al-Maknoon (PDF Archive),11386,KASHF_UL_BARI_VOL_06,
UNIQUE_NO_DUPLICATE,Maktaba Al-Maknoon (PDF Archive),11387,KASHF_UL_BARI_VOL_07,
UNIQUE_NO_DUPLICATE,Maktaba Al-Maknoon (PDF Archive),11388,KASHF_UL_BARI_VOL_08,
UNIQUE_NO_DUPLICATE,Maktaba Al-Maknoon (PDF Archive),11389,KASHF_UL_BARI_VOL_10,
UNIQUE_NO_DUPLICATE,Maktaba Al-Maknoon (PDF Archive),11390,KASHF_UL_BARI_VOL_11,
UNIQUE_NO_DUPLICATE,Maktaba Al-Maknoon (PDF Archive),11391,KASHF_UL_BARI_VOL_13,
UNIQUE_NO_DUPLICATE,Maktaba Al-Maknoon (PDF Archive),11392,KASHKOOL_E_MAJZOOB,
UNIQUE_NO_DUPLICATE,Maktaba Al-Maknoon (PDF Archive),11393,KEMIYA_GARI,
KEPT_HAD_JIBREEL_DUPLICATE,Maktaba Al-Maknoon (PDF Archive),11394,Khair Ka Rasta By NIZAM EDUCATION SOCIETY,
UNIQUE_NO_DUPLICATE,Maktaba Al-Maknoon (PDF Archive),11395,Khair ka rasta,
KEPT_HAD_JIBREEL_DUPLICATE,Maktaba Al-Maknoon (PDF Archive),11396,KHAIR UL USOOL AL BUSHRA COLOR,
UNIQUE_NO_DUPLICATE,Maktaba Al-Maknoon (PDF Archive),11397,KHAIR UL USOOL AL BUSHRA,
KEPT_HAD_JIBREEL_DUPLICATE,Maktaba Al-Maknoon (PDF Archive),11398,KHAIR_UL_FATAWA_VOL_1,
KEPT_HAD_JIBREEL_DUPLICATE,Maktaba Al-Maknoon (PDF Archive),11399,KHAIR_UL_FATAWA_VOL_2,
KEPT_HAD_JIBREEL_DUPLICATE,Maktaba Al-Maknoon (PDF Archive),11400,KHAIR_UL_FATAWA_VOL_3,
KEPT_HAD_JIBREEL_DUPLICATE,Maktaba Al-Maknoon (PDF Archive),11401,KHAIR_UL_FATAWA_VOL_4,
KEPT_HAD_JIBREEL_DUPLICATE,Maktaba Al-Maknoon (PDF Archive),11402,KHAIR_UL_FATAWA_VOL_5,
KEPT_HAD_JIBREEL_DUPLICATE,Maktaba Al-Maknoon (PDF Archive),11403,KHAIR_UL_FATAWA_VOL_6,
UNIQUE_NO_DUPLICATE,Maktaba Al-Maknoon (PDF Archive),11404,KHAIR_US_SALIHEEN_VOL_1,
UNIQUE_NO_DUPLICATE,Maktaba Al-Maknoon (PDF Archive),11405,KHAIR_US_SALIHEEN_VOL_2,
KEPT_HAD_JIBREEL_DUPLICATE,Maktaba Al-Maknoon (PDF Archive),11406,KHANDA-ZUN By DR. MUHAMMAD YUNUS BUTT,
KEPT_HAD_JIBREEL_DUPLICATE,Maktaba Al-Maknoon (PDF Archive),11407,Khasail e Nabvi (S.A.W) By SHEIKH ABDUL QAYYUM HAQQANI,
KEPT_HAD_JIBREEL_DUPLICATE,Maktaba Al-Maknoon (PDF Archive),11408,Khasoof o Kasoof By Sheikh Manzoor Ahmad Chinioti (r.a),
KEPT_HAD_JIBREEL_DUPLICATE,Maktaba Al-Maknoon (PDF Archive),11409,Khatim Al Nabiyeen By SHEIKH ANWAR SHAH KASHMIRI (R.A),
KEPT_HAD_JIBREEL_DUPLICATE,Maktaba Al-Maknoon (PDF Archive),11410,Khatm e Nubuwwat By Sheikh Sarfraz Khan Safdar,
UNIQUE_NO_DUPLICATE,Maktaba Al-Maknoon (PDF Archive),11411,Khatm_e_Bukhari_Sharif,
UNIQUE_NO_DUPLICATE,Maktaba Al-Maknoon (PDF Archive),11412,KHATM_E_NABOWAT,
KEPT_HAD_JIBREEL_DUPLICATE,Maktaba Al-Maknoon (PDF Archive),11413,Khauf e Khuda By SHEIKH ZULFIQAR AHMAD NAQSHBANDI,
UNIQUE_NO_DUPLICATE,Maktaba Al-Maknoon (PDF Archive),11414,Khawateen aur deeni masail,
UNIQUE_NO_DUPLICATE,Maktaba Al-Maknoon (PDF Archive),11415,Khawateen k makhsoos masail,
KEPT_HAD_JIBREEL_DUPLICATE,Maktaba Al-Maknoon (PDF Archive),11416,Khawateen Ka Parda By Sheikh Abdur Rauf Sakharvi,
KEPT_HAD_JIBREEL_DUPLICATE,Maktaba Al-Maknoon (PDF Archive),11417,Khawateen Ka Pardah By SHEIKH MUFTI ABDUR RAUF SAKHARVI,
KEPT_HAD_JIBREEL_DUPLICATE,Maktaba Al-Maknoon (PDF Archive),11418,Khawateen Ka Tareeqa E Namaz By SHEIKH ABDUR RAUF SAKHARVI,
KEPT_HAD_JIBREEL_DUPLICATE,Maktaba Al-Maknoon (PDF Archive),11419,Khawateen Ki Zaib o Zeenat K Shari Ahkam By SHEIKH MUFTI ZIAUR RAHMAN,
UNIQUE_NO_DUPLICATE,Maktaba Al-Maknoon (PDF Archive),11420,KHAWATEEN_KA_DINI_MUALLIM,
UNIQUE_NO_DUPLICATE,Maktaba Al-Maknoon (PDF Archive),11421,KHAWATEEN_KAY_MASAIL_OR_UNKA_HAL_VOL_1,
UNIQUE_NO_DUPLICATE,Maktaba Al-Maknoon (PDF Archive),11422,KHAWATEEN_KAY_MASAIL_OR_UNKA_HAL_VOL_2,
UNIQUE_NO_DUPLICATE,Maktaba Al-Maknoon (PDF Archive),11423,KHAWATEEN_KI_ZAIB_O_ZENAK_KAY_SHARI_AHKAM_OR_UNKI_SCIENCEI_HIKMATEN,
KEPT_HAD_JIBREEL_DUPLICATE,Maktaba Al-Maknoon (PDF Archive),11424,khazain-e-shariat-o-tariqat,
UNIQUE_NO_DUPLICATE,Maktaba Al-Maknoon (PDF Archive),11425,KHAZAIN_E_SHARIYAT_O_TARIQAT,
UNIQUE_NO_DUPLICATE,Maktaba Al-Maknoon (PDF Archive),11426,KHAZAIN_UL_HADEES,
UNIQUE_NO_DUPLICATE,Maktaba Al-Maknoon (PDF Archive),11427,KHAZAIN_UL_HADITH,
UNIQUE_NO_DUPLICATE,Maktaba Al-Maknoon (PDF Archive),11428,KHAZAIN_UL_QURAN,
KEPT_HAD_JIBREEL_DUPLICATE,Maktaba Al-Maknoon (PDF Archive),11429,Khazainhadith,
KEPT_HAD_JIBREEL_DUPLICATE,Maktaba Al-Maknoon (PDF Archive),11430,Khel Aur Tafreeh Ki Shari Hudood By Sheikh Mufti Mehmood Ashraf Usmani,
UNIQUE_NO_DUPLICATE,Maktaba Al-Maknoon (PDF Archive),11431,Khidmat e insaan bandagi e  Rab,
UNIQUE_NO_DUPLICATE,Maktaba Al-Maknoon (PDF Archive),11432,KHILAFAT_E_RASHEDAH,
KEPT_HAD_JIBREEL_DUPLICATE,Maktaba Al-Maknoon (PDF Archive),11433,Khomeini Ke Wasiyyat Namay Ka Jawab By SHEIKH MUHAMMAD YUSUF LUDHYANVI,
KEPT_HAD_JIBREEL_DUPLICATE,Maktaba Al-Maknoon (PDF Archive),11434,Khomeini Sahab Ka Kehna Hai,
KEPT_HAD_JIBREEL_DUPLICATE,Maktaba Al-Maknoon (PDF Archive),11435,KHOMEINISM Aur Islam By SHEIKH ABU REHAN ZIAUR RAHMAN FAROOQI (R.A),
KEPT_HAD_JIBREEL_DUPLICATE,Maktaba Al-Maknoon (PDF Archive),11436,Khomeiniyat Asr e Hazir Ka Azeem Fitna By SHEIKH HABIBUR RAHMAN QASMI,
KEPT_HAD_JIBREEL_DUPLICATE,Maktaba Al-Maknoon (PDF Archive),11437,Khoobsurat Zindagi By Sheikh Abdus Sattar [0]b,
KEPT_HAD_JIBREEL_DUPLICATE,Maktaba Al-Maknoon (PDF Archive),11438,Khoobsurat Zindagi By SHEIKH ABDUS SATTAR,
KEPT_HAD_JIBREEL_DUPLICATE,Maktaba Al-Maknoon (PDF Archive),11439,Khulafa e Hazrat Shaykhul Hadith Muhammad Zakariyya (r.a),
UNIQUE_NO_DUPLICATE,Maktaba Al-Maknoon (PDF Archive),11440,KHULAFA_O_TALAMIZAH,
UNIQUE_NO_DUPLICATE,Maktaba Al-Maknoon (PDF Archive),11441,KHULASA E KEDANI RAHMANIA,
KEPT_HAD_JIBREEL_DUPLICATE,Maktaba Al-Maknoon (PDF Archive),11442,KHULASA E KEDANI RASHEDIA,
KEPT_HAD_JIBREEL_DUPLICATE,Maktaba Al-Maknoon (PDF Archive),11443,Khulasa tu Tajweed By SHEIKH IZHAR AHMAD THANVI,
KEPT_HAD_JIBREEL_DUPLICATE,Maktaba Al-Maknoon (PDF Archive),11444,Khulasa tul Quran By Mufti Atique ur Rahman Shaheed (RA),
UNIQUE_NO_DUPLICATE,Maktaba Al-Maknoon (PDF Archive),11445,KHULASA_TUL_QURAN,
KEPT_HAD_JIBREEL_DUPLICATE,Maktaba Al-Maknoon (PDF Archive),11446,Khulasat ut Tajweed By SHEIKH IZHAR AHMAD THANVI,
KEPT_HAD_JIBREEL_DUPLICATE,Maktaba Al-Maknoon (PDF Archive),11447,Khush Khabree By Sheikh Ashraf Ali Thanvi (RA),
UNIQUE_NO_DUPLICATE,Maktaba Al-Maknoon (PDF Archive),11448,Khushgawar Izdewaji Zindagi,
UNIQUE_NO_DUPLICATE,Maktaba Al-Maknoon (PDF Archive),11449,khushgawar_istewaji_zindagi,
UNIQUE_NO_DUPLICATE,Maktaba Al-Maknoon (PDF Archive),11450,KHUSHGAWAR_IZDAWAJI_ZINDAGI,
UNIQUE_NO_DUPLICATE,Maktaba Al-Maknoon (PDF Archive),11451,Khushgwar Azdwaji Zindgi,
UNIQUE_NO_DUPLICATE,Maktaba Al-Maknoon (PDF Archive),11452,KHUSHO_E_NAMAZ,
KEPT_HAD_JIBREEL_DUPLICATE,Maktaba Al-Maknoon (PDF Archive),11453,KHUSUSIYAAT_E_MUSTAFA_VOL_1,
KEPT_HAD_JIBREEL_DUPLICATE,Maktaba Al-Maknoon (PDF Archive),11454,KHUSUSIYAAT_E_MUSTAFA_VOL_2,
KEPT_HAD_JIBREEL_DUPLICATE,Maktaba Al-Maknoon (PDF Archive),11455,KHUSUSIYAAT_E_MUSTAFA_VOL_3,
KEPT_HAD_JIBREEL_DUPLICATE,Maktaba Al-Maknoon (PDF Archive),11456,KHUSUSIYAAT_E_MUSTAFA_VOL_4,
KEPT_HAD_JIBREEL_DUPLICATE,Maktaba Al-Maknoon (PDF Archive),11457,Khutba e Juma Ki Miqdaar by DARUL ULOOM DEOBAND,
KEPT_HAD_JIBREEL_DUPLICATE,Maktaba Al-Maknoon (PDF Archive),11458,KHUTBAAT_APNY_AKABIR_KAY,
KEPT_HAD_JIBREEL_DUPLICATE,Maktaba Al-Maknoon (PDF Archive),11459,KHUTBAAT_E_AHTISHAAM_VOL_1,
KEPT_HAD_JIBREEL_DUPLICATE,Maktaba Al-Maknoon (PDF Archive),11460,KHUTBAAT_E_AHTISHAAM_VOL_2,
KEPT_HAD_JIBREEL_DUPLICATE,Maktaba Al-Maknoon (PDF Archive),11461,KHUTBAAT_E_AHTISHAAM_VOL_3,
KEPT_HAD_JIBREEL_DUPLICATE,Maktaba Al-Maknoon (PDF Archive),11462,KHUTBAAT_E_AHTISHAAM_VOL_4,
KEPT_HAD_JIBREEL_DUPLICATE,Maktaba Al-Maknoon (PDF Archive),11463,KHUTBAAT_E_AHTISHAAM_VOL_5,
KEPT_HAD_JIBREEL_DUPLICATE,Maktaba Al-Maknoon (PDF Archive),11464,KHUTBAAT_E_AHTISHAAM_VOL_6,
KEPT_HAD_JIBREEL_DUPLICATE,Maktaba Al-Maknoon (PDF Archive),11465,KHUTBAAT_E_ALI_MIYAN_VOL_1,
KEPT_HAD_JIBREEL_DUPLICATE,Maktaba Al-Maknoon (PDF Archive),11466,KHUTBAAT_E_ALI_MIYAN_VOL_2,
KEPT_HAD_JIBREEL_DUPLICATE,Maktaba Al-Maknoon (PDF Archive),11467,KHUTBAAT_E_ALI_MIYAN_VOL_3,
KEPT_HAD_JIBREEL_DUPLICATE,Maktaba Al-Maknoon (PDF Archive),11468,KHUTBAAT_E_ALI_MIYAN_VOL_4,
KEPT_HAD_JIBREEL_DUPLICATE,Maktaba Al-Maknoon (PDF Archive),11469,KHUTBAAT_E_ALI_MIYAN_VOL_5,
KEPT_HAD_JIBREEL_DUPLICATE,Maktaba Al-Maknoon (PDF Archive),11470,KHUTBAAT_E_ALI_MIYAN_VOL_6,
KEPT_HAD_JIBREEL_DUPLICATE,Maktaba Al-Maknoon (PDF Archive),11471,KHUTBAAT_E_ALI_MIYAN_VOL_7,
KEPT_HAD_JIBREEL_DUPLICATE,Maktaba Al-Maknoon (PDF Archive),11472,KHUTBAAT_E_ALI_MIYAN_VOL_8,
KEPT_HAD_JIBREEL_DUPLICATE,Maktaba Al-Maknoon (PDF Archive),11473,KHUTBAAT_E_AMEER_E_SHAREAT,
KEPT_HAD_JIBREEL_DUPLICATE,Maktaba Al-Maknoon (PDF Archive),11474,KHUTBAAT_E_FAQEER_VOL_01,
KEPT_HAD_JIBREEL_DUPLICATE,Maktaba Al-Maknoon (PDF Archive),11475,KHUTBAAT_E_FAQEER_VOL_02,
KEPT_HAD_JIBREEL_DUPLICATE,Maktaba Al-Maknoon (PDF Archive),11476,KHUTBAAT_E_FAQEER_VOL_03,
KEPT_HAD_JIBREEL_DUPLICATE,Maktaba Al-Maknoon (PDF Archive),11477,KHUTBAAT_E_FAQEER_VOL_04,
KEPT_HAD_JIBREEL_DUPLICATE,Maktaba Al-Maknoon (PDF Archive),11478,KHUTBAAT_E_FAQEER_VOL_05,
KEPT_HAD_JIBREEL_DUPLICATE,Maktaba Al-Maknoon (PDF Archive),11479,KHUTBAAT_E_FAQEER_VOL_06,
KEPT_HAD_JIBREEL_DUPLICATE,Maktaba Al-Maknoon (PDF Archive),11480,KHUTBAAT_E_FAQEER_VOL_07,
KEPT_HAD_JIBREEL_DUPLICATE,Maktaba Al-Maknoon (PDF Archive),11481,KHUTBAAT_E_FAQEER_VOL_08,
KEPT_HAD_JIBREEL_DUPLICATE,Maktaba Al-Maknoon (PDF Archive),11482,KHUTBAAT_E_FAQEER_VOL_09,
KEPT_HAD_JIBREEL_DUPLICATE,Maktaba Al-Maknoon (PDF Archive),11483,KHUTBAAT_E_FAQEER_VOL_10,
KEPT_HAD_JIBREEL_DUPLICATE,Maktaba Al-Maknoon (PDF Archive),11484,KHUTBAAT_E_FAQEER_VOL_12,
KEPT_HAD_JIBREEL_DUPLICATE,Maktaba Al-Maknoon (PDF Archive),11485,KHUTBAAT_E_FAQEER_VOL_13,
KEPT_HAD_JIBREEL_DUPLICATE,Maktaba Al-Maknoon (PDF Archive),11486,KHUTBAAT_E_FAQEER_VOL_14,
KEPT_HAD_JIBREEL_DUPLICATE,Maktaba Al-Maknoon (PDF Archive),11487,KHUTBAAT_E_FAQEER_VOL_15,
KEPT_HAD_JIBREEL_DUPLICATE,Maktaba Al-Maknoon (PDF Archive),11488,KHUTBAAT_E_FAQEER_VOL_16,
KEPT_HAD_JIBREEL_DUPLICATE,Maktaba Al-Maknoon (PDF Archive),11489,KHUTBAAT_E_FAQEER_VOL_17,
KEPT_HAD_JIBREEL_DUPLICATE,Maktaba Al-Maknoon (PDF Archive),11490,KHUTBAAT_E_FAQEER_VOL_18,
KEPT_HAD_JIBREEL_DUPLICATE,Maktaba Al-Maknoon (PDF Archive),11491,KHUTBAAT_E_FAQEER_VOL_19,
KEPT_HAD_JIBREEL_DUPLICATE,Maktaba Al-Maknoon (PDF Archive),11492,KHUTBAAT_E_FAQEER_VOL_20,
KEPT_HAD_JIBREEL_DUPLICATE,Maktaba Al-Maknoon (PDF Archive),11493,KHUTBAAT_E_FAQEER_VOL_21,
KEPT_HAD_JIBREEL_DUPLICATE,Maktaba Al-Maknoon (PDF Archive),11494,KHUTBAAT_E_FAQEER_VOL_22,
KEPT_HAD_JIBREEL_DUPLICATE,Maktaba Al-Maknoon (PDF Archive),11495,KHUTBAAT_E_FAQEER_VOL_23,
KEPT_HAD_JIBREEL_DUPLICATE,Maktaba Al-Maknoon (PDF Archive),11496,KHUTBAAT_E_FAQEER_VOL_24,
KEPT_HAD_JIBREEL_DUPLICATE,Maktaba Al-Maknoon (PDF Archive),11497,KHUTBAAT_E_FAQEER_VOL_25,
KEPT_HAD_JIBREEL_DUPLICATE,Maktaba Al-Maknoon (PDF Archive),11498,KHUTBAAT_E_FAQEER_VOL_26,
UNIQUE_NO_DUPLICATE,Maktaba Al-Maknoon (PDF Archive),11499,Khutbaat_e_Hakeem_ul_Islaam_Vol_1,
UNIQUE_NO_DUPLICATE,Maktaba Al-Maknoon (PDF Archive),11500,Khutbaat_e_Hakeem_ul_Islaam_Vol_2,
UNIQUE_NO_DUPLICATE,Maktaba Al-Maknoon (PDF Archive),11501,Khutbaat_e_Hakeem_ul_Islaam_Vol_3,
UNIQUE_NO_DUPLICATE,Maktaba Al-Maknoon (PDF Archive),11502,Khutbaat_e_Hakeem_ul_Islaam_Vol_4,
UNIQUE_NO_DUPLICATE,Maktaba Al-Maknoon (PDF Archive),11503,Khutbaat_e_Hakeem_ul_Islaam_Vol_5,
KEPT_HAD_JIBREEL_DUPLICATE,Maktaba Al-Maknoon (PDF Archive),11504,KHUTBAAT_E_HAKEEM_UL_UMMAT_VOL_01,
KEPT_HAD_JIBREEL_DUPLICATE,Maktaba Al-Maknoon (PDF Archive),11505,KHUTBAAT_E_HAKEEM_UL_UMMAT_VOL_02,
KEPT_HAD_JIBREEL_DUPLICATE,Maktaba Al-Maknoon (PDF Archive),11506,KHUTBAAT_E_HAKEEM_UL_UMMAT_VOL_03,
KEPT_HAD_JIBREEL_DUPLICATE,Maktaba Al-Maknoon (PDF Archive),11507,KHUTBAAT_E_HAKEEM_UL_UMMAT_VOL_04,
KEPT_HAD_JIBREEL_DUPLICATE,Maktaba Al-Maknoon (PDF Archive),11508,KHUTBAAT_E_HAKEEM_UL_UMMAT_VOL_05,
KEPT_HAD_JIBREEL_DUPLICATE,Maktaba Al-Maknoon (PDF Archive),11509,KHUTBAAT_E_HAKEEM_UL_UMMAT_VOL_06,
KEPT_HAD_JIBREEL_DUPLICATE,Maktaba Al-Maknoon (PDF Archive),11510,KHUTBAAT_E_HAKEEM_UL_UMMAT_VOL_07,
KEPT_HAD_JIBREEL_DUPLICATE,Maktaba Al-Maknoon (PDF Archive),11511,KHUTBAAT_E_HAKEEM_UL_UMMAT_VOL_08,
KEPT_HAD_JIBREEL_DUPLICATE,Maktaba Al-Maknoon (PDF Archive),11512,KHUTBAAT_E_HAKEEM_UL_UMMAT_VOL_09,
KEPT_HAD_JIBREEL_DUPLICATE,Maktaba Al-Maknoon (PDF Archive),11513,KHUTBAAT_E_HAKEEM_UL_UMMAT_VOL_10,
KEPT_HAD_JIBREEL_DUPLICATE,Maktaba Al-Maknoon (PDF Archive),11514,KHUTBAAT_E_HAKEEM_UL_UMMAT_VOL_11,
KEPT_HAD_JIBREEL_DUPLICATE,Maktaba Al-Maknoon (PDF Archive),11515,KHUTBAAT_E_HAKEEM_UL_UMMAT_VOL_12,
KEPT_HAD_JIBREEL_DUPLICATE,Maktaba Al-Maknoon (PDF Archive),11516,KHUTBAAT_E_HAKEEM_UL_UMMAT_VOL_13,
KEPT_HAD_JIBREEL_DUPLICATE,Maktaba Al-Maknoon (PDF Archive),11517,KHUTBAAT_E_HAKEEM_UL_UMMAT_VOL_14,
KEPT_HAD_JIBREEL_DUPLICATE,Maktaba Al-Maknoon (PDF Archive),11518,KHUTBAAT_E_HAKEEM_UL_UMMAT_VOL_15,
KEPT_HAD_JIBREEL_DUPLICATE,Maktaba Al-Maknoon (PDF Archive),11519,KHUTBAAT_E_HAKEEM_UL_UMMAT_VOL_16,
KEPT_HAD_JIBREEL_DUPLICATE,Maktaba Al-Maknoon (PDF Archive),11520,KHUTBAAT_E_HAKEEM_UL_UMMAT_VOL_17,
KEPT_HAD_JIBREEL_DUPLICATE,Maktaba Al-Maknoon (PDF Archive),11521,KHUTBAAT_E_HAKEEM_UL_UMMAT_VOL_18,
KEPT_HAD_JIBREEL_DUPLICATE,Maktaba Al-Maknoon (PDF Archive),11522,KHUTBAAT_E_HAKEEM_UL_UMMAT_VOL_19,
KEPT_HAD_JIBREEL_DUPLICATE,Maktaba Al-Maknoon (PDF Archive),11523,KHUTBAAT_E_HAKEEM_UL_UMMAT_VOL_20,
KEPT_HAD_JIBREEL_DUPLICATE,Maktaba Al-Maknoon (PDF Archive),11524,KHUTBAAT_E_HAKEEM_UL_UMMAT_VOL_21,
KEPT_HAD_JIBREEL_DUPLICATE,Maktaba Al-Maknoon (PDF Archive),11525,KHUTBAAT_E_HAKEEM_UL_UMMAT_VOL_22,
KEPT_HAD_JIBREEL_DUPLICATE,Maktaba Al-Maknoon (PDF Archive),11526,KHUTBAAT_E_HAKEEM_UL_UMMAT_VOL_23,
KEPT_HAD_JIBREEL_DUPLICATE,Maktaba Al-Maknoon (PDF Archive),11527,KHUTBAAT_E_HAKEEM_UL_UMMAT_VOL_24,
KEPT_HAD_JIBREEL_DUPLICATE,Maktaba Al-Maknoon (PDF Archive),11528,KHUTBAAT_E_HAKEEM_UL_UMMAT_VOL_25,
KEPT_HAD_JIBREEL_DUPLICATE,Maktaba Al-Maknoon (PDF Archive),11529,KHUTBAAT_E_HAKEEM_UL_UMMAT_VOL_26,
KEPT_HAD_JIBREEL_DUPLICATE,Maktaba Al-Maknoon (PDF Archive),11530,KHUTBAAT_E_HAKEEM_UL_UMMAT_VOL_27,
KEPT_HAD_JIBREEL_DUPLICATE,Maktaba Al-Maknoon (PDF Archive),11531,KHUTBAAT_E_HAKEEM_UL_UMMAT_VOL_28,
KEPT_HAD_JIBREEL_DUPLICATE,Maktaba Al-Maknoon (PDF Archive),11532,KHUTBAAT_E_HAKEEM_UL_UMMAT_VOL_29,
KEPT_HAD_JIBREEL_DUPLICATE,Maktaba Al-Maknoon (PDF Archive),11533,KHUTBAAT_E_HAKEEM_UL_UMMAT_VOL_30,
KEPT_HAD_JIBREEL_DUPLICATE,Maktaba Al-Maknoon (PDF Archive),11534,KHUTBAAT_E_HAKEEM_UL_UMMAT_VOL_31,
UNIQUE_NO_DUPLICATE,Maktaba Al-Maknoon (PDF Archive),11535,KHUTBAAT_E_HAKEEM_UL_UMMAT_VOL_32,
KEPT_HAD_JIBREEL_DUPLICATE,Maktaba Al-Maknoon (PDF Archive),11536,KHUTBAAT_E_JUMAH_VOL_1,
KEPT_HAD_JIBREEL_DUPLICATE,Maktaba Al-Maknoon (PDF Archive),11537,KHUTBAAT_E_JUMAH_VOL_2,
KEPT_HAD_JIBREEL_DUPLICATE,Maktaba Al-Maknoon (PDF Archive),11538,KHUTBAAT_E_MAHMOOD_VOL_1,
KEPT_HAD_JIBREEL_DUPLICATE,Maktaba Al-Maknoon (PDF Archive),11539,KHUTBAAT_E_MAHMOOD_VOL_2,
KEPT_HAD_JIBREEL_DUPLICATE,Maktaba Al-Maknoon (PDF Archive),11540,KHUTBAAT_E_MAHMOOD_VOL_3,
KEPT_HAD_JIBREEL_DUPLICATE,Maktaba Al-Maknoon (PDF Archive),11541,KHUTBAAT_UL_RASHEED_VOL_1,
KEPT_HAD_JIBREEL_DUPLICATE,Maktaba Al-Maknoon (PDF Archive),11542,KHUTBAAT_UL_RASHEED_VOL_2,
KEPT_HAD_JIBREEL_DUPLICATE,Maktaba Al-Maknoon (PDF Archive),11543,KHUTBAAT_UL_RASHEED_VOL_3,
KEPT_HAD_JIBREEL_DUPLICATE,Maktaba Al-Maknoon (PDF Archive),11544,KHUTBAAT_UL_RASHEED_VOL_4,
KEPT_HAD_JIBREEL_DUPLICATE,Maktaba Al-Maknoon (PDF Archive),11545,KHUTBAAT_UL_RASHEED_VOL_5,
KEPT_HAD_JIBREEL_DUPLICATE,Maktaba Al-Maknoon (PDF Archive),11546,KHUTBAAT_UL_RASHEED_VOL_6,
KEPT_HAD_JIBREEL_DUPLICATE,Maktaba Al-Maknoon (PDF Archive),11547,KHUTBAAT_UL_RASHEED_VOL_7,
KEPT_HAD_JIBREEL_DUPLICATE,Maktaba Al-Maknoon (PDF Archive),11548,Khutbat e Juma By SHEIKH MUFTI MUHAMMAD SHAFI (RA),
KEPT_HAD_JIBREEL_DUPLICATE,Maktaba Al-Maknoon (PDF Archive),11549,Khutbat e Qasmi 1 By SHEIKH MUHAMMAD ZIA UL QASMI (RA),
KEPT_HAD_JIBREEL_DUPLICATE,Maktaba Al-Maknoon (PDF Archive),11550,Khutbat e Qasmi 2 By SHEIKH MUHAMMAD ZIA UL QASMI (RA),
KEPT_HAD_JIBREEL_DUPLICATE,Maktaba Al-Maknoon (PDF Archive),11551,Khutbat e Qasmi 5 By SHEIKH MUHAMMAD ZIA UL QASMI (RA),
KEPT_HAD_JIBREEL_DUPLICATE,Maktaba Al-Maknoon (PDF Archive),11552,Khutbat e Qasmi 6 By SHEIKH MUHAMMAD ZIA UL QASMI (RA),
KEPT_HAD_JIBREEL_DUPLICATE,Maktaba Al-Maknoon (PDF Archive),11553,Khutbat e Qasmi 7 By SHEIKH MUHAMMAD ZIA UL QASMI (RA),
KEPT_HAD_JIBREEL_DUPLICATE,Maktaba Al-Maknoon (PDF Archive),11554,Khutbat e Shamzai By Mufti Nizamuddin Shamzai (RA),
KEPT_HAD_JIBREEL_DUPLICATE,Maktaba Al-Maknoon (PDF Archive),11555,Khutbat Hajjat Ul Wadaa By Sheikh Fazlur Rahman Azmi,
UNIQUE_NO_DUPLICATE,Maktaba Al-Maknoon (PDF Archive),11556,KhutbatApnayAkabirKayByShaykhAzizurRahmanAzizi,
KEPT_HAD_JIBREEL_DUPLICATE,Maktaba Al-Maknoon (PDF Archive),11557,Khwateen e Islam Ki Behtareen Masjid By SHEIKH HABIBUR RAHMAN QASMI,
KEPT_HAD_JIBREEL_DUPLICATE,Maktaba Al-Maknoon (PDF Archive),11558,Kia Ibn e Temiya Ulama E Ahle Sunnat Mein Say Hain By SHEIKH MUHAMMAD ABUBAKR GHAZIPURI,
KEPT_HAD_JIBREEL_DUPLICATE,Maktaba Al-Maknoon (PDF Archive),11559,Kia Islam Talwar K Zor Say Phaila By SHEIKH ASLAM SHEIKHUPURI,
KEPT_HAD_JIBREEL_DUPLICATE,Maktaba Al-Maknoon (PDF Archive),11560,Kia Salat o Salam Aur Mehfil E Meelad Bidat Hai By NOMAN MUHAMMAD AMEEN,
KEPT_HAD_JIBREEL_DUPLICATE,Maktaba Al-Maknoon (PDF Archive),11561,Kibr Ka ILaaj by SHEIKH ASHRAF ALI THANVI (RA),
KEPT_HAD_JIBREEL_DUPLICATE,Maktaba Al-Maknoon (PDF Archive),11562,KIFAYAT UL NAHW MEER MUHAMMAD,
KEPT_HAD_JIBREEL_DUPLICATE,Maktaba Al-Maknoon (PDF Archive),11563,KIFAYAT_UL_MUFTI_VOL_1,
KEPT_HAD_JIBREEL_DUPLICATE,Maktaba Al-Maknoon (PDF Archive),11564,KIFAYAT_UL_MUFTI_VOL_2,
KEPT_HAD_JIBREEL_DUPLICATE,Maktaba Al-Maknoon (PDF Archive),11565,KIFAYAT_UL_MUFTI_VOL_3,
KEPT_HAD_JIBREEL_DUPLICATE,Maktaba Al-Maknoon (PDF Archive),11566,KIFAYAT_UL_MUFTI_VOL_4,
KEPT_HAD_JIBREEL_DUPLICATE,Maktaba Al-Maknoon (PDF Archive),11567,KIFAYAT_UL_MUFTI_VOL_6,
KEPT_HAD_JIBREEL_DUPLICATE,Maktaba Al-Maknoon (PDF Archive),11568,KIFAYAT_UL_MUFTI_VOL_7,
KEPT_HAD_JIBREEL_DUPLICATE,Maktaba Al-Maknoon (PDF Archive),11569,KIFAYAT_UL_MUFTI_VOL_8,
KEPT_HAD_JIBREEL_DUPLICATE,Maktaba Al-Maknoon (PDF Archive),11570,KIFAYAT_UL_MUFTI_VOL_9,
KEPT_HAD_JIBREEL_DUPLICATE,Maktaba Al-Maknoon (PDF Archive),11571,King Abdul Aziz Aur President Truman Ki Khat o Kitabat,
KEPT_HAD_JIBREEL_DUPLICATE,Maktaba Al-Maknoon (PDF Archive),11572,Kitaab e Namaz By ABDUR RAHMAN KHAN MEWATI,
KEPT_HAD_JIBREEL_DUPLICATE,Maktaba Al-Maknoon (PDF Archive),11573,Kitaab ut Tauheed By Sheikh Muhammad Bin Abdul Wahhaab,
UNIQUE_NO_DUPLICATE,Maktaba Al-Maknoon (PDF Archive),11574,Kitab ul janaiz mukhtisar,
KEPT_HAD_JIBREEL_DUPLICATE,Maktaba Al-Maknoon (PDF Archive),11575,KITAB_UL_FATAWA_VOL_1,
KEPT_HAD_JIBREEL_DUPLICATE,Maktaba Al-Maknoon (PDF Archive),11576,KITAB_UL_FATAWA_VOL_2,
KEPT_HAD_JIBREEL_DUPLICATE,Maktaba Al-Maknoon (PDF Archive),11577,KITAB_UL_FATAWA_VOL_3,
KEPT_HAD_JIBREEL_DUPLICATE,Maktaba Al-Maknoon (PDF Archive),11578,KITAB_UL_FATAWA_VOL_4,
KEPT_HAD_JIBREEL_DUPLICATE,Maktaba Al-Maknoon (PDF Archive),11579,KITAB_UL_FATAWA_VOL_5,
KEPT_HAD_JIBREEL_DUPLICATE,Maktaba Al-Maknoon (PDF Archive),11580,KITAB_UL_FATAWA_VOL_6,
UNIQUE_NO_DUPLICATE,Maktaba Al-Maknoon (PDF Archive),11581,KITAB_US_SALAT,
KEPT_HAD_JIBREEL_DUPLICATE,Maktaba Al-Maknoon (PDF Archive),11582,Kitabat e Hadith Ahd e Risalat o Sahabah Mein By Sheikh Mufti Rafi Usmani,
KEPT_HAD_JIBREEL_DUPLICATE,Maktaba Al-Maknoon (PDF Archive),11583,Kitnay Hoslay Hain Parvardigar Ke By SHEIKH ZULFIQAR AHMAD NAQSHBANDI,
KEPT_HAD_JIBREEL_DUPLICATE,Maktaba Al-Maknoon (PDF Archive),11584,kizbat-mirza,
KEPT_HAD_JIBREEL_DUPLICATE,Maktaba Al-Maknoon (PDF Archive),11585,KN-kamil-No,
KEPT_HAD_JIBREEL_DUPLICATE,Maktaba Al-Maknoon (PDF Archive),11586,KN-kamil,
KEPT_HAD_JIBREEL_DUPLICATE,Maktaba Al-Maknoon (PDF Archive),11587,KN-kay-muhafiz,
KEPT_HAD_JIBREEL_DUPLICATE,Maktaba Al-Maknoon (PDF Archive),11588,krishan-mirza,
KEPT_HAD_JIBREEL_DUPLICATE,Maktaba Al-Maknoon (PDF Archive),11589,Kuch Dair Ghair Muqallideen Ke Saath By SHEIKH MUHAMMAD ABUBAKR GHAZIPURI &amp; SHEIKH IBN UL HASAN ABBASI,
KEPT_HAD_JIBREEL_DUPLICATE,Maktaba Al-Maknoon (PDF Archive),11590,kufriyat-mirza,
KEPT_HAD_JIBREEL_DUPLICATE,Maktaba Al-Maknoon (PDF Archive),11591,Kulliyat e Habib Jalib,
KEPT_HAD_JIBREEL_DUPLICATE,Maktaba Al-Maknoon (PDF Archive),11592,Kulliyat e Iqbal By ALLAMA MUHAMMAD IQBAL (RA),
KEPT_HAD_JIBREEL_DUPLICATE,Maktaba Al-Maknoon (PDF Archive),11593,Kutub e Fazail Par Aitrazaat K Jawabaat By SHEIKH MUHAMMAD ZAKARIYYA KANDHELVI (R.A),
KEPT_HAD_JIBREEL_DUPLICATE,Maktaba Al-Maknoon (PDF Archive),11594,Kutub e Fazail Per Ashkalaat Aur Un ke Jawabaat By Sheikh Muhammad Zakariyya (r.a),
KEPT_HAD_JIBREEL_DUPLICATE,Maktaba Al-Maknoon (PDF Archive),11595,Lamha e Fikriya By Sheikh Azam Tariq,
UNIQUE_NO_DUPLICATE,Maktaba Al-Maknoon (PDF Archive),11596,LawOfBlasphemy,
UNIQUE_NO_DUPLICATE,Maktaba Al-Maknoon (PDF Archive),11597,LAZAT_E_ZIKR_AUR_LUTF_E_TARK_E_GUNAH,
UNIQUE_NO_DUPLICATE,Maktaba Al-Maknoon (PDF Archive),11598,LAZAWAL_SALTANAT,
UNIQUE_NO_DUPLICATE,Maktaba Al-Maknoon (PDF Archive),11599,Lazzat-e-zikr aur lutf-e-tark-e-gunah,
KEPT_HAD_JIBREEL_DUPLICATE,Maktaba Al-Maknoon (PDF Archive),11600,Libaas Ke Sharee Usool By SHEIKH MUFTI TAQI USMANI,
UNIQUE_NO_DUPLICATE,Maktaba Al-Maknoon (PDF Archive),11601,Libas k sharee asool,
KEPT_HAD_JIBREEL_DUPLICATE,Maktaba Al-Maknoon (PDF Archive),11602,Limutal Aiteqaad By IMAM MOAFFIQUDDIN IBNE QADAMA MUQADDASI (R.A),
UNIQUE_NO_DUPLICATE,Maktaba Al-Maknoon (PDF Archive),11603,LISAAN_UL_QURAN_VOL_1,
KEPT_HAD_JIBREEL_DUPLICATE,Maktaba Al-Maknoon (PDF Archive),11604,Lo Aap Apnay Daam Mein Sayyaad Aa Gaya By Sheikh Manzoor Ahmad Chinioti (r.a),
UNIQUE_NO_DUPLICATE,Maktaba Al-Maknoon (PDF Archive),11605,LONDON_EK_SHAHAR_E_BE_MISAL,
UNIQUE_NO_DUPLICATE,Maktaba Al-Maknoon (PDF Archive),11606,LUGHAAT_UL_QURAN_VOL_1,
UNIQUE_NO_DUPLICATE,Maktaba Al-Maknoon (PDF Archive),11607,LUGHAAT_UL_QURAN_VOL_2,
UNIQUE_NO_DUPLICATE,Maktaba Al-Maknoon (PDF Archive),11608,LUGHAAT_UL_QURAN_VOL_3,
UNIQUE_NO_DUPLICATE,Maktaba Al-Maknoon (PDF Archive),11609,LUGHAAT_UL_QURAN_VOL_4,
UNIQUE_NO_DUPLICATE,Maktaba Al-Maknoon (PDF Archive),11610,LUGHAAT_UL_QURAN_VOL_5,
UNIQUE_NO_DUPLICATE,Maktaba Al-Maknoon (PDF Archive),11611,LUGHAAT_UL_QURAN_VOL_6,
UNIQUE_NO_DUPLICATE,Maktaba Al-Maknoon (PDF Archive),11612,LUGHAT_UL_QURAN,
UNIQUE_NO_DUPLICATE,Maktaba Al-Maknoon (PDF Archive),11613,Ma-aarif-E-Mathnawi,
UNIQUE_NO_DUPLICATE,Maktaba Al-Maknoon (PDF Archive),11614,MAARIF_E_BEHLVI_VOL_1,
UNIQUE_NO_DUPLICATE,Maktaba Al-Maknoon (PDF Archive),11615,MAARIF_E_BEHLVI_VOL_2,
UNIQUE_NO_DUPLICATE,Maktaba Al-Maknoon (PDF Archive),11616,MAARIF_E_BEHLVI_VOL_3,
UNIQUE_NO_DUPLICATE,Maktaba Al-Maknoon (PDF Archive),11617,MAARIF_E_BEHLVI_VOL_4,
UNIQUE_NO_DUPLICATE,Maktaba Al-Maknoon (PDF Archive),11618,MAARIF_E_MASNAVI,
UNIQUE_NO_DUPLICATE,Maktaba Al-Maknoon (PDF Archive),11619,MAARIF_E_MUFTI_AAZAM,
UNIQUE_NO_DUPLICATE,Maktaba Al-Maknoon (PDF Archive),11620,MAARIF_O_HAQAIQ,
KEPT_HAD_JIBREEL_DUPLICATE,Maktaba Al-Maknoon (PDF Archive),11621,MAARIF_UL_HADITH_VOL_1,
KEPT_HAD_JIBREEL_DUPLICATE,Maktaba Al-Maknoon (PDF Archive),11622,MAARIF_UL_HADITH_VOL_2,
KEPT_HAD_JIBREEL_DUPLICATE,Maktaba Al-Maknoon (PDF Archive),11623,MAARIF_UL_HADITH_VOL_3_4,
KEPT_HAD_JIBREEL_DUPLICATE,Maktaba Al-Maknoon (PDF Archive),11624,MAARIF_UL_HADITH_VOL_5_6_7,
KEPT_HAD_JIBREEL_DUPLICATE,Maktaba Al-Maknoon (PDF Archive),11625,MAARIF_UL_HADITH_VOL_8,
UNIQUE_NO_DUPLICATE,Maktaba Al-Maknoon (PDF Archive),11626,MAARIF_UL_QURAN_INDEX,
KEPT_HAD_JIBREEL_DUPLICATE,Maktaba Al-Maknoon (PDF Archive),11627,MAARIF_UL_QURAN_KANDHELVI_VOL_1,
KEPT_HAD_JIBREEL_DUPLICATE,Maktaba Al-Maknoon (PDF Archive),11628,MAARIF_UL_QURAN_KANDHELVI_VOL_2,
KEPT_HAD_JIBREEL_DUPLICATE,Maktaba Al-Maknoon (PDF Archive),11629,MAARIF_UL_QURAN_KANDHELVI_VOL_3,
KEPT_HAD_JIBREEL_DUPLICATE,Maktaba Al-Maknoon (PDF Archive),11630,MAARIF_UL_QURAN_KANDHELVI_VOL_4,
KEPT_HAD_JIBREEL_DUPLICATE,Maktaba Al-Maknoon (PDF Archive),11631,MAARIF_UL_QURAN_KANDHELVI_VOL_5,
KEPT_HAD_JIBREEL_DUPLICATE,Maktaba Al-Maknoon (PDF Archive),11632,MAARIF_UL_QURAN_KANDHELVI_VOL_6,
KEPT_HAD_JIBREEL_DUPLICATE,Maktaba Al-Maknoon (PDF Archive),11633,MAARIF_UL_QURAN_KANDHELVI_VOL_7,
KEPT_HAD_JIBREEL_DUPLICATE,Maktaba Al-Maknoon (PDF Archive),11634,MAARIF_UL_QURAN_KANDHELVI_VOL_8,
KEPT_HAD_JIBREEL_DUPLICATE,Maktaba Al-Maknoon (PDF Archive),11635,MAARIF_UL_QURAN_VOL_1,
KEPT_HAD_JIBREEL_DUPLICATE,Maktaba Al-Maknoon (PDF Archive),11636,MAARIF_UL_QURAN_VOL_2,
KEPT_HAD_JIBREEL_DUPLICATE,Maktaba Al-Maknoon (PDF Archive),11637,MAARIF_UL_QURAN_VOL_3,
KEPT_HAD_JIBREEL_DUPLICATE,Maktaba Al-Maknoon (PDF Archive),11638,MAARIF_UL_QURAN_VOL_4,
KEPT_HAD_JIBREEL_DUPLICATE,Maktaba Al-Maknoon (PDF Archive),11639,MAARIF_UL_QURAN_VOL_5,
KEPT_HAD_JIBREEL_DUPLICATE,Maktaba Al-Maknoon (PDF Archive),11640,MAARIF_UL_QURAN_VOL_6,
KEPT_HAD_JIBREEL_DUPLICATE,Maktaba Al-Maknoon (PDF Archive),11641,MAARIF_UL_QURAN_VOL_7,
KEPT_HAD_JIBREEL_DUPLICATE,Maktaba Al-Maknoon (PDF Archive),11642,MAARIF_UL_QURAN_VOL_8,
UNIQUE_NO_DUPLICATE,Maktaba Al-Maknoon (PDF Archive),11643,MAARIF_US_SUNNAH_VOL_1,
UNIQUE_NO_DUPLICATE,Maktaba Al-Maknoon (PDF Archive),11644,MAARIF_US_SUNNAH_VOL_2,
UNIQUE_NO_DUPLICATE,Maktaba Al-Maknoon (PDF Archive),11645,MAARIF_US_SUNNAH_VOL_3,
UNIQUE_NO_DUPLICATE,Maktaba Al-Maknoon (PDF Archive),11646,MAARIF_US_SUNNAH_VOL_4,
UNIQUE_NO_DUPLICATE,Maktaba Al-Maknoon (PDF Archive),11647,MAARIF_US_SUNNAH_VOL_5,
KEPT_HAD_JIBREEL_DUPLICATE,Maktaba Al-Maknoon (PDF Archive),11648,MaarifMasaail,
UNIQUE_NO_DUPLICATE,Maktaba Al-Maknoon (PDF Archive),11649,MaarifMasaail1-51,
UNIQUE_NO_DUPLICATE,Maktaba Al-Maknoon (PDF Archive),11650,MaarifMasaail102-151,
UNIQUE_NO_DUPLICATE,Maktaba Al-Maknoon (PDF Archive),11651,MaarifMasaail152-201,
UNIQUE_NO_DUPLICATE,Maktaba Al-Maknoon (PDF Archive),11652,MaarifMasaail200-240,
UNIQUE_NO_DUPLICATE,Maktaba Al-Maknoon (PDF Archive),11653,MaarifMasaail52-101,
KEPT_HAD_JIBREEL_DUPLICATE,Maktaba Al-Maknoon (PDF Archive),11654,Maarka e Eemaan o Maddiyat By SHEIKH ABUL HASAN ALI NADVI (R.A),
KEPT_HAD_JIBREEL_DUPLICATE,Maktaba Al-Maknoon (PDF Archive),11655,Maarka e Rangoon By Sheikh Abdush Shakoor Lakhnavi (r.a),
KEPT_HAD_JIBREEL_DUPLICATE,Maktaba Al-Maknoon (PDF Archive),11656,Mabda-Wa-Ma-ad-Farsi-Urdu,
KEPT_HAD_JIBREEL_DUPLICATE,Maktaba Al-Maknoon (PDF Archive),11657,Madad Sirf Allah Hi Se Kioon By Sheikh Qari Rab Nawaz Hanfi,
KEPT_HAD_JIBREEL_DUPLICATE,Maktaba Al-Maknoon (PDF Archive),11658,Madah e Sahabah By Muhammad Usman Alori,
KEPT_HAD_JIBREEL_DUPLICATE,Maktaba Al-Maknoon (PDF Archive),11659,Madarijun Nubuwwat 1of2 By SHEIKH ABDUL HAQ DEHLVI (R.A),
KEPT_HAD_JIBREEL_DUPLICATE,Maktaba Al-Maknoon (PDF Archive),11660,Madarijun Nubuwwat 2of2 By SHEIKH ABDUL HAQ DEHLVI (R.A),
KEPT_HAD_JIBREEL_DUPLICATE,Maktaba Al-Maknoon (PDF Archive),11661,Madni Mashra By SHEIKH MUHAMMAD YUNUS PALANPURI,
KEPT_HAD_JIBREEL_DUPLICATE,Maktaba Al-Maknoon (PDF Archive),11662,Maeeyat e ILahi By SHEIKH ZULFIQAR AHMAD NAQSHBANDI,
KEPT_HAD_JIBREEL_DUPLICATE,Maktaba Al-Maknoon (PDF Archive),11663,Maghribi Mumalik K Chand Fiqhi Masail By SHEIKH MUFTI TAQI USMANI,
KEPT_HAD_JIBREEL_DUPLICATE,Maktaba Al-Maknoon (PDF Archive),11664,Maghribi Mumalik Ke Jadeed Fiqhi Masail Aur Un Ka Hal By Sheikh Mufti Taqi Usmani,
KEPT_HAD_JIBREEL_DUPLICATE,Maktaba Al-Maknoon (PDF Archive),11665,Mah e Rajab Chand Ghalat Fehmiyon Ka Azala By JUSTICE MUFTI MUHAMMAD TAQI USMANI,
KEPT_HAD_JIBREEL_DUPLICATE,Maktaba Al-Maknoon (PDF Archive),11666,Mah e Rajab K Koonday By SHEIKH HAKEEM ANEES SIDDIQUI,
KEPT_HAD_JIBREEL_DUPLICATE,Maktaba Al-Maknoon (PDF Archive),11667,Mah e Ramadhan Aur Rozay By Sheikh Muhammad Iqbal Falahi,
KEPT_HAD_JIBREEL_DUPLICATE,Maktaba Al-Maknoon (PDF Archive),11668,MAH E RAMADHAN BAKHSHISH KA ZARIYA By SHEIKH MUFTI RAFI USMANI,
KEPT_HAD_JIBREEL_DUPLICATE,Maktaba Al-Maknoon (PDF Archive),11669,MAH E RAMADHAN KE FAZAIL O MASAIL By SHEIKH ABDUR RAUF SAKHARVI,
KEPT_HAD_JIBREEL_DUPLICATE,Maktaba Al-Maknoon (PDF Archive),11670,Mah e Safar Aur Jahilana Khayalat By SHEIKH MUFTI ABDUR RAUF SAKHARVI,
UNIQUE_NO_DUPLICATE,Maktaba Al-Maknoon (PDF Archive),11671,mahasba e nafis,
UNIQUE_NO_DUPLICATE,Maktaba Al-Maknoon (PDF Archive),11672,MAJAALIS_E_JAOZIYAH,
UNIQUE_NO_DUPLICATE,Maktaba Al-Maknoon (PDF Archive),11673,MAJAALIS_E_MUFTI_AAZAM,
KEPT_HAD_JIBREEL_DUPLICATE,Maktaba Al-Maknoon (PDF Archive),11674,Majalis al-Abrar - Shaykh Ahmad al-Rumi,
UNIQUE_NO_DUPLICATE,Maktaba Al-Maknoon (PDF Archive),11675,Majlas-e-Zikr,
UNIQUE_NO_DUPLICATE,Maktaba Al-Maknoon (PDF Archive),11676,MAJLIS_E_ZIKR,
KEPT_HAD_JIBREEL_DUPLICATE,Maktaba Al-Maknoon (PDF Archive),11677,MAJMOA E ABDUL GHAFOR MAHMODIA,
KEPT_HAD_JIBREEL_DUPLICATE,Maktaba Al-Maknoon (PDF Archive),11678,MAJMOA E MANTIQ SHIRKAT E ILMIYA,
KEPT_HAD_JIBREEL_DUPLICATE,Maktaba Al-Maknoon (PDF Archive),11679,MAJMOA E MEER ZAHID AMEER HAMZA,
KEPT_HAD_JIBREEL_DUPLICATE,Maktaba Al-Maknoon (PDF Archive),11680,MAJMOAH E PANJ GANJ QADEMI,
KEPT_HAD_JIBREEL_DUPLICATE,Maktaba Al-Maknoon (PDF Archive),11681,MAJMOAH_E_MAQALAAT_VOL_1,
KEPT_HAD_JIBREEL_DUPLICATE,Maktaba Al-Maknoon (PDF Archive),11682,MAJMOAH_E_MAQALAAT_VOL_2,
KEPT_HAD_JIBREEL_DUPLICATE,Maktaba Al-Maknoon (PDF Archive),11683,MAJMOAH_E_MAQALAAT_VOL_3,
UNIQUE_NO_DUPLICATE,Maktaba Al-Maknoon (PDF Archive),11684,MAJMOAH_E_MAQALAAT_VOL_4,
KEPT_HAD_JIBREEL_DUPLICATE,Maktaba Al-Maknoon (PDF Archive),11685,Majmoai Rasial Imaam Ghazali Jild 1,
KEPT_HAD_JIBREEL_DUPLICATE,Maktaba Al-Maknoon (PDF Archive),11686,Majmoai Rasial Imaam Ghazali Jild 2,
KEPT_HAD_JIBREEL_DUPLICATE,Maktaba Al-Maknoon (PDF Archive),11687,Majmoai Rasial Imaam Ghazali Jild 3,
KEPT_HAD_JIBREEL_DUPLICATE,Maktaba Al-Maknoon (PDF Archive),11688,majmooa-rasaiel,
KEPT_HAD_JIBREEL_DUPLICATE,Maktaba Al-Maknoon (PDF Archive),11689,Majmua e Bayanat (Vol 1) By Sheikh Muhammad Yusuf (r.a),
KEPT_HAD_JIBREEL_DUPLICATE,Maktaba Al-Maknoon (PDF Archive),11690,Majmua Rasail (VOL 1) By SHEIKH AMEEN SAFDAR OKARVI (RA),
KEPT_HAD_JIBREEL_DUPLICATE,Maktaba Al-Maknoon (PDF Archive),11691,Makateeb e Rasoolullah [SAW] By Sheikh Hifzur Rahman Seoharvi (r.a),
KEPT_HAD_JIBREEL_DUPLICATE,Maktaba Al-Maknoon (PDF Archive),11692,Makhsoos Masaail By ATAUR RAHMAN,
KEPT_HAD_JIBREEL_DUPLICATE,Maktaba Al-Maknoon (PDF Archive),11693,Maktoobaat e Masoomia By Khawaja Muhammad Masoom Sarhindi (r.a) Part 1,
KEPT_HAD_JIBREEL_DUPLICATE,Maktaba Al-Maknoon (PDF Archive),11694,Maktoobaat e Masoomia By Khawaja Muhammad Masoom Sarhindi (r.a) Part 2,
KEPT_HAD_JIBREEL_DUPLICATE,Maktaba Al-Maknoon (PDF Archive),11695,Maktoobaat e Masoomia By Khawaja Muhammad Masoom Sarhindi (r.a) Part 3,
KEPT_HAD_JIBREEL_DUPLICATE,Maktaba Al-Maknoon (PDF Archive),11696,Maktoobaat e Sheikh Mujaddid Alif Thani Shaikh Ahmad Sarhindi (r.a) Part 1,
KEPT_HAD_JIBREEL_DUPLICATE,Maktaba Al-Maknoon (PDF Archive),11697,Maktoobaat e Sheikh Mujaddid Alif Thani Shaikh Ahmad Sarhindi (r.a) Part 2,
KEPT_HAD_JIBREEL_DUPLICATE,Maktaba Al-Maknoon (PDF Archive),11698,Maktoobat e Imam Rabbani (r.a) Jild 1 (Farsi),
KEPT_HAD_JIBREEL_DUPLICATE,Maktaba Al-Maknoon (PDF Archive),11699,Maktoobat e Imam Rabbani (r.a) Jild 2 (Farsi),
KEPT_HAD_JIBREEL_DUPLICATE,Maktaba Al-Maknoon (PDF Archive),11700,Malfoozat e Imam Abu Hanifa (r.a) By Sheikh Mehmood Ashraf Usmani,
KEPT_HAD_JIBREEL_DUPLICATE,Maktaba Al-Maknoon (PDF Archive),11701,Malfoozat e Imam Ahmad Bin Hambal (R.A) By SHEIKH MEHMOOD ASHRAF USMANI,
KEPT_HAD_JIBREEL_DUPLICATE,Maktaba Al-Maknoon (PDF Archive),11702,Malfoozat e Imam Malik (R.A) By SHEIKH MEHMOOD ASHRAF USMANI,
KEPT_HAD_JIBREEL_DUPLICATE,Maktaba Al-Maknoon (PDF Archive),11703,Malfoozat e Imam Shafiee (r.a) by Sheikh Mahmood Ashraf Usmani,
KEPT_HAD_JIBREEL_DUPLICATE,Maktaba Al-Maknoon (PDF Archive),11704,Malfoozat e Sheikh Muhammad Ilyas (r.a) By Sheikh Muhammad Manzoor Nomani (r.a),
UNIQUE_NO_DUPLICATE,Maktaba Al-Maknoon (PDF Archive),11705,MALFOZAAT_E_HAKEEM_UL_UMMAT_VOL_01,
UNIQUE_NO_DUPLICATE,Maktaba Al-Maknoon (PDF Archive),11706,MALFOZAAT_E_HAKEEM_UL_UMMAT_VOL_02,
UNIQUE_NO_DUPLICATE,Maktaba Al-Maknoon (PDF Archive),11707,MALFOZAAT_E_HAKEEM_UL_UMMAT_VOL_03,
UNIQUE_NO_DUPLICATE,Maktaba Al-Maknoon (PDF Archive),11708,MALFOZAAT_E_HAKEEM_UL_UMMAT_VOL_04,
UNIQUE_NO_DUPLICATE,Maktaba Al-Maknoon (PDF Archive),11709,MALFOZAAT_E_HAKEEM_UL_UMMAT_VOL_05,
UNIQUE_NO_DUPLICATE,Maktaba Al-Maknoon (PDF Archive),11710,MALFOZAAT_E_HAKEEM_UL_UMMAT_VOL_06,
UNIQUE_NO_DUPLICATE,Maktaba Al-Maknoon (PDF Archive),11711,MALFOZAAT_E_HAKEEM_UL_UMMAT_VOL_07,
UNIQUE_NO_DUPLICATE,Maktaba Al-Maknoon (PDF Archive),11712,MALFOZAAT_E_HAKEEM_UL_UMMAT_VOL_08,
UNIQUE_NO_DUPLICATE,Maktaba Al-Maknoon (PDF Archive),11713,MALFOZAAT_E_HAKEEM_UL_UMMAT_VOL_09,
UNIQUE_NO_DUPLICATE,Maktaba Al-Maknoon (PDF Archive),11714,MALFOZAAT_E_HAKEEM_UL_UMMAT_VOL_10,
UNIQUE_NO_DUPLICATE,Maktaba Al-Maknoon (PDF Archive),11715,MALFOZAAT_E_HAKEEM_UL_UMMAT_VOL_11,
UNIQUE_NO_DUPLICATE,Maktaba Al-Maknoon (PDF Archive),11716,MALFOZAAT_E_HAKEEM_UL_UMMAT_VOL_12,
UNIQUE_NO_DUPLICATE,Maktaba Al-Maknoon (PDF Archive),11717,MALFOZAAT_E_HAKEEM_UL_UMMAT_VOL_13,
UNIQUE_NO_DUPLICATE,Maktaba Al-Maknoon (PDF Archive),11718,MALFOZAAT_E_HAKEEM_UL_UMMAT_VOL_14,
UNIQUE_NO_DUPLICATE,Maktaba Al-Maknoon (PDF Archive),11719,MALFOZAAT_E_HAKEEM_UL_UMMAT_VOL_15,
UNIQUE_NO_DUPLICATE,Maktaba Al-Maknoon (PDF Archive),11720,MALFOZAAT_E_HAKEEM_UL_UMMAT_VOL_16,
UNIQUE_NO_DUPLICATE,Maktaba Al-Maknoon (PDF Archive),11721,MALFOZAAT_E_HAKEEM_UL_UMMAT_VOL_17,
UNIQUE_NO_DUPLICATE,Maktaba Al-Maknoon (PDF Archive),11722,MALFOZAAT_E_HAKEEM_UL_UMMAT_VOL_18,
UNIQUE_NO_DUPLICATE,Maktaba Al-Maknoon (PDF Archive),11723,MALFOZAAT_E_HAKEEM_UL_UMMAT_VOL_19,
UNIQUE_NO_DUPLICATE,Maktaba Al-Maknoon (PDF Archive),11724,MALFOZAAT_E_HAKEEM_UL_UMMAT_VOL_20,
UNIQUE_NO_DUPLICATE,Maktaba Al-Maknoon (PDF Archive),11725,MALFOZAAT_E_HAKEEM_UL_UMMAT_VOL_21,
UNIQUE_NO_DUPLICATE,Maktaba Al-Maknoon (PDF Archive),11726,MALFOZAAT_E_HAKEEM_UL_UMMAT_VOL_22,
UNIQUE_NO_DUPLICATE,Maktaba Al-Maknoon (PDF Archive),11727,MALFOZAAT_E_HAKEEM_UL_UMMAT_VOL_23,
UNIQUE_NO_DUPLICATE,Maktaba Al-Maknoon (PDF Archive),11728,MALFOZAAT_E_HAKEEM_UL_UMMAT_VOL_24,
UNIQUE_NO_DUPLICATE,Maktaba Al-Maknoon (PDF Archive),11729,MALFOZAAT_E_HAKEEM_UL_UMMAT_VOL_25,
UNIQUE_NO_DUPLICATE,Maktaba Al-Maknoon (PDF Archive),11730,MALFOZAAT_E_HAKEEM_UL_UMMAT_VOL_26,
UNIQUE_NO_DUPLICATE,Maktaba Al-Maknoon (PDF Archive),11731,MALFOZAAT_E_HAKEEM_UL_UMMAT_VOL_27_28,
UNIQUE_NO_DUPLICATE,Maktaba Al-Maknoon (PDF Archive),11732,MALFOZAAT_E_HAKEEM_UL_UMMAT_VOL_29,
UNIQUE_NO_DUPLICATE,Maktaba Al-Maknoon (PDF Archive),11733,MALFOZAAT_E_HAKEEM_UL_UMMAT_VOL_30,
UNIQUE_NO_DUPLICATE,Maktaba Al-Maknoon (PDF Archive),11734,MALFUZAAT_E_MUHADDIS_KASHMIRI,
UNIQUE_NO_DUPLICATE,Maktaba Al-Maknoon (PDF Archive),11735,Mamnooat-e-sharia,
UNIQUE_NO_DUPLICATE,Maktaba Al-Maknoon (PDF Archive),11736,MANAAZIL_E_SULOOK,
KEPT_HAD_JIBREEL_DUPLICATE,Maktaba Al-Maknoon (PDF Archive),11737,Manaqib Ali wa Hussain,
KEPT_HAD_JIBREEL_DUPLICATE,Maktaba Al-Maknoon (PDF Archive),11738,Manasik e Haj o Umra By Sheikh Shamsulhaq,
KEPT_HAD_JIBREEL_DUPLICATE,Maktaba Al-Maknoon (PDF Archive),11739,Manazaray,
UNIQUE_NO_DUPLICATE,Maktaba Al-Maknoon (PDF Archive),11740,Manazil e Sulook By SHEIKH SHAH HAKEEM AKHTAR,
UNIQUE_NO_DUPLICATE,Maktaba Al-Maknoon (PDF Archive),11741,manazil_e_suluk,
UNIQUE_NO_DUPLICATE,Maktaba Al-Maknoon (PDF Archive),11742,Manazl-e-Soluk,
KEPT_HAD_JIBREEL_DUPLICATE,Maktaba Al-Maknoon (PDF Archive),11743,Manazra Hayat un Nabi (S.A.W) By SHEIKH ILYAS GHUMMAN,
UNIQUE_NO_DUPLICATE,Maktaba Al-Maknoon (PDF Archive),11744,Manifestation_of_Allahs_Attraction,
KEPT_HAD_JIBREEL_DUPLICATE,Maktaba Al-Maknoon (PDF Archive),11745,Mantiq at Taair By FARIDUDDIN ATTAR,
KEPT_HAD_JIBREEL_DUPLICATE,Maktaba Al-Maknoon (PDF Archive),11746,Mantiq at tair (Arabic) By FARIDUDDIN ATTAR,
KEPT_HAD_JIBREEL_DUPLICATE,Maktaba Al-Maknoon (PDF Archive),11747,Manzil By SHEIKH UL HADITH MUHAMMAD ZAKARIYYA (R.A),
UNIQUE_NO_DUPLICATE,Maktaba Al-Maknoon (PDF Archive),11748,Manzl-e-Qurb-e-Ellahi ka qreeb treen rastah,
KEPT_HAD_JIBREEL_DUPLICATE,Maktaba Al-Maknoon (PDF Archive),11749,Maqaam e Eesaa (a.s) By SHEIKH AHMAD DEEDAT,
UNIQUE_NO_DUPLICATE,Maktaba Al-Maknoon (PDF Archive),11751,MAQAAM_E_SAHABAH,
KEPT_HAD_JIBREEL_DUPLICATE,Maktaba Al-Maknoon (PDF Archive),11752,maqalaat-KN,
UNIQUE_NO_DUPLICATE,Maktaba Al-Maknoon (PDF Archive),11753,MAQALAAT_E_HAKEEM_UL_ISLAAM,
UNIQUE_NO_DUPLICATE,Maktaba Al-Maknoon (PDF Archive),11754,MAQALAAT_E_MUFTI_AZAM,
KEPT_HAD_JIBREEL_DUPLICATE,Maktaba Al-Maknoon (PDF Archive),11755,MAQALAAT_E_USMANI_VOL_1,
KEPT_HAD_JIBREEL_DUPLICATE,Maktaba Al-Maknoon (PDF Archive),11756,MAQALAAT_E_USMANI_VOL_2,
UNIQUE_NO_DUPLICATE,Maktaba Al-Maknoon (PDF Archive),11757,MAQALAAT_O_MAZAMEEN,
KEPT_HAD_JIBREEL_DUPLICATE,Maktaba Al-Maknoon (PDF Archive),11758,Maqalat Shibli Naumani,
KEPT_HAD_JIBREEL_DUPLICATE,Maktaba Al-Maknoon (PDF Archive),11759,Maqam e Abi Hanifa (R.A) By SHEIKH SARFRAZ KHAN SAFDAR (R.A),
KEPT_HAD_JIBREEL_DUPLICATE,Maktaba Al-Maknoon (PDF Archive),11760,Maqam E Hazrat Ameer Muavia (R.A) By SHEIKH ABDUL AZIZ PARHARVI (R.A) ,
KEPT_HAD_JIBREEL_DUPLICATE,Maktaba Al-Maknoon (PDF Archive),11761,Maqam e Husain (R.A) o Yazeed By SHEIKH HABIBULLAH AHMAD ALVI,
KEPT_HAD_JIBREEL_DUPLICATE,Maktaba Al-Maknoon (PDF Archive),11762,Maqami ul Hadeed By SHEIKH MUHAMMAD HANEEF AZAMI,
UNIQUE_NO_DUPLICATE,Maktaba Al-Maknoon (PDF Archive),11763,Maqsad-e-Hayat,
UNIQUE_NO_DUPLICATE,Maktaba Al-Maknoon (PDF Archive),11764,MAQSAD_E_HAYYAT,
KEPT_HAD_JIBREEL_DUPLICATE,Maktaba Al-Maknoon (PDF Archive),11765,Mard Aur Aurat Ki Namaz Mein Farq Ahadith Ki Roshni Mein By SHEIKH ABDUL GHAFOOR SIALKOTI,
KEPT_HAD_JIBREEL_DUPLICATE,Maktaba Al-Maknoon (PDF Archive),11766,Mardon Ke 300 Fiqhi Masail By MADRASSAH BAIT UL ILM,
KEPT_HAD_JIBREEL_DUPLICATE,Maktaba Al-Maknoon (PDF Archive),11767,Mardon Ke Libas Aur Balon Ke Shari Ahkam By Sheikh Kamaluddin Ahmad Rashdi,
KEPT_HAD_JIBREEL_DUPLICATE,Maktaba Al-Maknoon (PDF Archive),11768,marfat-isam-MUHAMMAD-SALAM,
KEPT_HAD_JIBREEL_DUPLICATE,Maktaba Al-Maknoon (PDF Archive),11769,marg-mirzaiyat,
UNIQUE_NO_DUPLICATE,Maktaba Al-Maknoon (PDF Archive),11770,marif_e_rabbani,
KEPT_HAD_JIBREEL_DUPLICATE,Maktaba Al-Maknoon (PDF Archive),11771,Mas&#39;ala e ILaah o Mas&#39;ala e Khilafat By SHEIKH MUHAMMAD ZIA UL QASMI (RA),
UNIQUE_NO_DUPLICATE,Maktaba Al-Maknoon (PDF Archive),11772,MASAIB_OR_UNKA_ELAJ,
KEPT_HAD_JIBREEL_DUPLICATE,Maktaba Al-Maknoon (PDF Archive),11773,Masail e Arbaa - Ghair Muqallideen Ulama Ki Nazar Mein By Syed Mushtaq Ali Shah,
KEPT_HAD_JIBREEL_DUPLICATE,Maktaba Al-Maknoon (PDF Archive),11774,Masail e Ghusal By SHEIKH MUFTI ABDUR RAUF SAKHARVI,
KEPT_HAD_JIBREEL_DUPLICATE,Maktaba Al-Maknoon (PDF Archive),11775,Masail e Ghusal e Mayyat By SYED ATEEQ UL HASAN AL HUSAINI,
KEPT_HAD_JIBREEL_DUPLICATE,Maktaba Al-Maknoon (PDF Archive),11776,Masail e Namaz By Sheikh Habibur Rahman Azami,
UNIQUE_NO_DUPLICATE,Maktaba Al-Maknoon (PDF Archive),11777,Masail e Ramadhan ul Mubarik By Sheikh Muhammad Ahmad Thanvi,
KEPT_HAD_JIBREEL_DUPLICATE,Maktaba Al-Maknoon (PDF Archive),11778,Masail e Shirk O Biddat By SHEIKH MUHAMMAD RIFAT QASMI,
UNIQUE_NO_DUPLICATE,Maktaba Al-Maknoon (PDF Archive),11779,Masail Shirk O Biddat By SHEIKH MUHAMMD RIFAT QASMI,
UNIQUE_NO_DUPLICATE,Maktaba Al-Maknoon (PDF Archive),11780,Masail-e-Jahiliyyat,
UNIQUE_NO_DUPLICATE,Maktaba Al-Maknoon (PDF Archive),11781,Masail-e-ramzan,
UNIQUE_NO_DUPLICATE,Maktaba Al-Maknoon (PDF Archive),11782,Masail_e_Aetikaf_Vol_2,
UNIQUE_NO_DUPLICATE,Maktaba Al-Maknoon (PDF Archive),11783,Masail_e_Eidaen_Wa_Qurbani_Vol_17,
UNIQUE_NO_DUPLICATE,Maktaba Al-Maknoon (PDF Archive),11784,Masail_e_Ghusal_Vol_9,
UNIQUE_NO_DUPLICATE,Maktaba Al-Maknoon (PDF Archive),11785,Masail_e_Hajj_Wa_Umrah_Vol_18,
UNIQUE_NO_DUPLICATE,Maktaba Al-Maknoon (PDF Archive),11786,Masail_e_Imamat_Vol_1,
UNIQUE_NO_DUPLICATE,Maktaba Al-Maknoon (PDF Archive),11787,Masail_e_Khuffain_Vol_12,
UNIQUE_NO_DUPLICATE,Maktaba Al-Maknoon (PDF Archive),11788,Masail_e_Majmuaa Khutbat_e_Masorah_Vol_16,
UNIQUE_NO_DUPLICATE,Maktaba Al-Maknoon (PDF Archive),11789,Masail_e_Masjid_Maa_Eidgaah_Vol_3,
UNIQUE_NO_DUPLICATE,Maktaba Al-Maknoon (PDF Archive),11790,Masail_e_Namaz_e_Jumaah_Vol_6,
UNIQUE_NO_DUPLICATE,Maktaba Al-Maknoon (PDF Archive),11791,Masail_e_Namaz_Vol_4,
KEPT_HAD_JIBREEL_DUPLICATE,Maktaba Al-Maknoon (PDF Archive),11792,MASAIL_E_RIFAT_QASMI_VOL_1,
KEPT_HAD_JIBREEL_DUPLICATE,Maktaba Al-Maknoon (PDF Archive),11793,MASAIL_E_RIFAT_QASMI_VOL_2,
KEPT_HAD_JIBREEL_DUPLICATE,Maktaba Al-Maknoon (PDF Archive),11794,MASAIL_E_RIFAT_QASMI_VOL_3,
KEPT_HAD_JIBREEL_DUPLICATE,Maktaba Al-Maknoon (PDF Archive),11795,MASAIL_E_RIFAT_QASMI_VOL_4,
KEPT_HAD_JIBREEL_DUPLICATE,Maktaba Al-Maknoon (PDF Archive),11796,MASAIL_E_RIFAT_QASMI_VOL_5,
UNIQUE_NO_DUPLICATE,Maktaba Al-Maknoon (PDF Archive),11797,MASAIL_E_RIFAT_QASMI_VOL_6,
KEPT_HAD_JIBREEL_DUPLICATE,Maktaba Al-Maknoon (PDF Archive),11798,MASAIL_E_RIFAT_QASMI_VOL_7,
UNIQUE_NO_DUPLICATE,Maktaba Al-Maknoon (PDF Archive),11799,Masail_e_Roza_Vol_7,
UNIQUE_NO_DUPLICATE,Maktaba Al-Maknoon (PDF Archive),11800,Masail_e_Safar_Vol_8,
UNIQUE_NO_DUPLICATE,Maktaba Al-Maknoon (PDF Archive),11801,Masail_e_Shabi_Barat_Wa_Shabi_Qadar_Vol_13,
UNIQUE_NO_DUPLICATE,Maktaba Al-Maknoon (PDF Archive),11802,Masail_e_Shirk_Wa_Bidaat_Vol_14,
UNIQUE_NO_DUPLICATE,Maktaba Al-Maknoon (PDF Archive),11803,Masail_e_Taraweeh_Vol_11,
UNIQUE_NO_DUPLICATE,Maktaba Al-Maknoon (PDF Archive),11804,Masail_e_Wodhu_Vol_5,
UNIQUE_NO_DUPLICATE,Maktaba Al-Maknoon (PDF Archive),11805,Masail_e_Zakat_Vol_10,
KEPT_HAD_JIBREEL_DUPLICATE,Maktaba Al-Maknoon (PDF Archive),11806,Masala e Sood By SHEIKH MUFTI MUHAMMAD SHAFI (R.A),
KEPT_HAD_JIBREEL_DUPLICATE,Maktaba Al-Maknoon (PDF Archive),11807,Masala e Taqdeer By SHEIKH SHABEER AHMAD USMANI (R.A),
KEPT_HAD_JIBREEL_DUPLICATE,Maktaba Al-Maknoon (PDF Archive),11808,Masala e Taqleed By SHEIKH MUFTI MUHAMMAD RASHID AZAMI,
KEPT_HAD_JIBREEL_DUPLICATE,Maktaba Al-Maknoon (PDF Archive),11809,Masala Istimdad By Sheikh Syed Murtaza Hasan Chandpuri,
KEPT_HAD_JIBREEL_DUPLICATE,Maktaba Al-Maknoon (PDF Archive),11810,Masala Qurbani with Saif e Yazdani By SHEIKH SARFRAZ KHAN SAFDAR (R.A),
KEPT_HAD_JIBREEL_DUPLICATE,Maktaba Al-Maknoon (PDF Archive),11812,Masharti Bigaar Ka Saddebaab By SHEIKH MUHAMMAD YUSUF LUDHIANVI (RA),
KEPT_HAD_JIBREEL_DUPLICATE,Maktaba Al-Maknoon (PDF Archive),11813,Masial e Ramazan,
UNIQUE_NO_DUPLICATE,Maktaba Al-Maknoon (PDF Archive),11814,MASJID_KAY_FAZAIL_O_AHKAAM,
KEPT_HAD_JIBREEL_DUPLICATE,Maktaba Al-Maknoon (PDF Archive),11815,Masla E Taqleed By SHEIKH MUFTI MUHAMMAD RASHID AZAMI,
KEPT_HAD_JIBREEL_DUPLICATE,Maktaba Al-Maknoon (PDF Archive),11816,Masla Khatam e Nubuwat Aur Qadiyani Waswasay By Sheikh Saeed Ahmad Palanpuri,
KEPT_HAD_JIBREEL_DUPLICATE,Maktaba Al-Maknoon (PDF Archive),11817,Masla Khatam e Nubuwwat Aur Salaf as Saliheen By Sheikh Muhammad Naafay,
KEPT_HAD_JIBREEL_DUPLICATE,Maktaba Al-Maknoon (PDF Archive),11818,Masla Royat e Hilal By SHEIKH MUFTI NIZAMUDDIN SHAMZAI (RA),
KEPT_HAD_JIBREEL_DUPLICATE,Maktaba Al-Maknoon (PDF Archive),11819,masla-KN-aur-salaf-saliheen,
UNIQUE_NO_DUPLICATE,Maktaba Al-Maknoon (PDF Archive),11820,MASLA_E_SOOD,
KEPT_HAD_JIBREEL_DUPLICATE,Maktaba Al-Maknoon (PDF Archive),11821,Maslak e Deoband Kisi Firqay Ka Naam Nahein By Sheikh Mufti Rafi Usmani,
KEPT_HAD_JIBREEL_DUPLICATE,Maktaba Al-Maknoon (PDF Archive),11822,Maslak Ulama E Deoband By SHEIKH QARI MUHAMMAD TAYYAB (R.A),
UNIQUE_NO_DUPLICATE,Maktaba Al-Maknoon (PDF Archive),11823,MASNAVI_E_MAULAVI_MANVI_VOL_1,
UNIQUE_NO_DUPLICATE,Maktaba Al-Maknoon (PDF Archive),11824,MASNAVI_E_MAULAVI_MANVI_VOL_2,
UNIQUE_NO_DUPLICATE,Maktaba Al-Maknoon (PDF Archive),11825,MASNAVI_E_MAULAVI_MANVI_VOL_3,
UNIQUE_NO_DUPLICATE,Maktaba Al-Maknoon (PDF Archive),11826,MASNAVI_MULANA_ROOM_KAY_EMAAN_AFROOZ_WAQIYAT,
KEPT_HAD_JIBREEL_DUPLICATE,Maktaba Al-Maknoon (PDF Archive),11827,Masnoon Namaz Ki 40 Hadiths By DR ILYAS FAISAL,
KEPT_HAD_JIBREEL_DUPLICATE,Maktaba Al-Maknoon (PDF Archive),11828,Mata e Waqt Aur Karvan e Ilm By Ibn ul Hasan Abbasi,
UNIQUE_NO_DUPLICATE,Maktaba Al-Maknoon (PDF Archive),11829,MATAN UL AQEDA TIT TAHAVI AL BUSHRA COLOR,
KEPT_HAD_JIBREEL_DUPLICATE,Maktaba Al-Maknoon (PDF Archive),11830,MATAN UL AQEDA TIT TAHAVI AL BUSHRA,
KEPT_HAD_JIBREEL_DUPLICATE,Maktaba Al-Maknoon (PDF Archive),11831,MATAN UL KAFI AL BUSHRA COLOR,
UNIQUE_NO_DUPLICATE,Maktaba Al-Maknoon (PDF Archive),11832,MATAN UL KAFI AL BUSHRA,
UNIQUE_NO_DUPLICATE,Maktaba Al-Maknoon (PDF Archive),11833,MATAN_AELA_O_SUNAN_VOL_1,
UNIQUE_NO_DUPLICATE,Maktaba Al-Maknoon (PDF Archive),11834,MATAN_AELA_O_SUNAN_VOL_2,
KEPT_HAD_JIBREEL_DUPLICATE,Maktaba Al-Maknoon (PDF Archive),11835,MATN UL MUQADDAMAH TAL JAZARIYAH QADEMI,
KEPT_HAD_JIBREEL_DUPLICATE,Maktaba Al-Maknoon (PDF Archive),11837,Maulana-Muhammad-Musa-Ruhani-Bazi-Urdu,
KEPT_HAD_JIBREEL_DUPLICATE,Maktaba Al-Maknoon (PDF Archive),11838,Maut K Waqt Ki Bidaat By SHEIKH ABDUR RAUF SAKHARVI,
UNIQUE_NO_DUPLICATE,Maktaba Al-Maknoon (PDF Archive),11839,Maut Ka Manzar,
KEPT_HAD_JIBREEL_DUPLICATE,Maktaba Al-Maknoon (PDF Archive),11840,Maut Ka Zikr by SHEIKH ASHRAF ALI THANVI (RA),
KEPT_HAD_JIBREEL_DUPLICATE,Maktaba Al-Maknoon (PDF Archive),11841,Maut Ki Tayyari By SHEIKH ZULFIQAR AHMAD NAQSHBANDI,
UNIQUE_NO_DUPLICATE,Maktaba Al-Maknoon (PDF Archive),11842,MAUT_KI_TAIYARI_KESY_KAREN,
UNIQUE_NO_DUPLICATE,Maktaba Al-Maknoon (PDF Archive),11843,Mawaiz-E-Mutakallim-E-IslamBaraeyKhawateen-1ByShaykhMuhammadIlyasGhummanr.a,
UNIQUE_NO_DUPLICATE,Maktaba Al-Maknoon (PDF Archive),11844,MAWAIZ_E_ASHRAFIYAH_VOL_01,
UNIQUE_NO_DUPLICATE,Maktaba Al-Maknoon (PDF Archive),11845,MAWAIZ_E_ASHRAFIYAH_VOL_02,
UNIQUE_NO_DUPLICATE,Maktaba Al-Maknoon (PDF Archive),11846,MAWAIZ_E_ASHRAFIYAH_VOL_03,
UNIQUE_NO_DUPLICATE,Maktaba Al-Maknoon (PDF Archive),11847,MAWAIZ_E_ASHRAFIYAH_VOL_04,
UNIQUE_NO_DUPLICATE,Maktaba Al-Maknoon (PDF Archive),11848,MAWAIZ_E_ASHRAFIYAH_VOL_05,
UNIQUE_NO_DUPLICATE,Maktaba Al-Maknoon (PDF Archive),11849,MAWAIZ_E_ASHRAFIYAH_VOL_06,
UNIQUE_NO_DUPLICATE,Maktaba Al-Maknoon (PDF Archive),11850,MAWAIZ_E_ASHRAFIYAH_VOL_07,
UNIQUE_NO_DUPLICATE,Maktaba Al-Maknoon (PDF Archive),11851,MAWAIZ_E_ASHRAFIYAH_VOL_08,
UNIQUE_NO_DUPLICATE,Maktaba Al-Maknoon (PDF Archive),11852,MAWAIZ_E_ASHRAFIYAH_VOL_09,
UNIQUE_NO_DUPLICATE,Maktaba Al-Maknoon (PDF Archive),11853,MAWAIZ_E_ASHRAFIYAH_VOL_10,
UNIQUE_NO_DUPLICATE,Maktaba Al-Maknoon (PDF Archive),11854,MAWAIZ_E_DARD_E_MUHABBAT_VOL_1,
UNIQUE_NO_DUPLICATE,Maktaba Al-Maknoon (PDF Archive),11855,MAWAIZ_E_DARD_E_MUHABBAT_VOL_2,
UNIQUE_NO_DUPLICATE,Maktaba Al-Maknoon (PDF Archive),11856,MAWAIZ_E_DARD_E_MUHABBAT_VOL_3,
UNIQUE_NO_DUPLICATE,Maktaba Al-Maknoon (PDF Archive),11857,MAWAIZ_E_DARD_E_MUHABBAT_VOL_4,
UNIQUE_NO_DUPLICATE,Maktaba Al-Maknoon (PDF Archive),11858,MAWAIZ_E_DARD_E_MUHABBAT_VOL_5,
UNIQUE_NO_DUPLICATE,Maktaba Al-Maknoon (PDF Archive),11859,MAWAIZ_E_DARD_E_MUHABBAT_VOL_7,
UNIQUE_NO_DUPLICATE,Maktaba Al-Maknoon (PDF Archive),11860,MAWAIZ_E_DARD_E_MUHABBAT_VOL_8,
UNIQUE_NO_DUPLICATE,Maktaba Al-Maknoon (PDF Archive),11861,MAWAIZ_E_DARD_E_MUHABBAT_VOL_9,
UNIQUE_NO_DUPLICATE,Maktaba Al-Maknoon (PDF Archive),11862,MAWAIZ_E_HAZRAT_SHAIKH_ABDUL_QADIR_JILANI,
KEPT_HAD_JIBREEL_DUPLICATE,Maktaba Al-Maknoon (PDF Archive),11863,Mayous Kiyoon Khara Hai By SHEIKH MUHAMMAD YUNUS PALANPURI,
KEPT_HAD_JIBREEL_DUPLICATE,Maktaba Al-Maknoon (PDF Archive),11864,Mazahib-e-Alam mein Tasawwur-e-Khuda Aur 20 Jawabaat By DR. ZAKIR NAIK,
KEPT_HAD_JIBREEL_DUPLICATE,Maktaba Al-Maknoon (PDF Archive),11865,MEBZI RASHEDIA,
KEPT_HAD_JIBREEL_DUPLICATE,Maktaba Al-Maknoon (PDF Archive),11866,MEIN HANFI KAISAY HUA By SHEIKH AMEEN SAFDAR OKARVI (RA),
UNIQUE_NO_DUPLICATE,Maktaba Al-Maknoon (PDF Archive),11867,MENE_KABUL_BASTY_DEKHA,
KEPT_HAD_JIBREEL_DUPLICATE,Maktaba Al-Maknoon (PDF Archive),11868,Meraj Ki Batain By Sheikh Mufti Ashiq Ilahi Madni (r.a),
KEPT_HAD_JIBREEL_DUPLICATE,Maktaba Al-Maknoon (PDF Archive),11869,Meray Daur K Ulama o Mashaaikh By SHEIKH MUHAMMAD ZIA UL QASMI (RA),
KEPT_HAD_JIBREEL_DUPLICATE,Maktaba Al-Maknoon (PDF Archive),11870,Meri Sunnaton Per Amal Karo By Sheikh Mufti Abdul Hakeem,
UNIQUE_NO_DUPLICATE,Maktaba Al-Maknoon (PDF Archive),11871,MERY_WALID_MERY_SHAIKH,
KEPT_HAD_JIBREEL_DUPLICATE,Maktaba Al-Maknoon (PDF Archive),11872,MEZAN O MANSHAAB AL BUSHRA COLOR,
KEPT_HAD_JIBREEL_DUPLICATE,Maktaba Al-Maknoon (PDF Archive),11873,MEZAN O MANSHAAB AL BUSHRA,
KEPT_HAD_JIBREEL_DUPLICATE,Maktaba Al-Maknoon (PDF Archive),11874,MIRAH UL ARWAH RASHEDIA,
UNIQUE_NO_DUPLICATE,Maktaba Al-Maknoon (PDF Archive),11875,mirror-to-qad,
KEPT_HAD_JIBREEL_DUPLICATE,Maktaba Al-Maknoon (PDF Archive),11876,Mirza Masroor Ko Khula Khat By Shaikh Raheel Ahmad,
KEPT_HAD_JIBREEL_DUPLICATE,Maktaba Al-Maknoon (PDF Archive),11877,Mirza Qadiyani Ki Ilmi Haisiat Uske Baitay Mirza Mehmood Ki Nazar Mein By Sheikh Suhail Bawa,
KEPT_HAD_JIBREEL_DUPLICATE,Maktaba Al-Maknoon (PDF Archive),11878,Mirza Qadyani Ki 18 Ahm Paishangoiyon Ka Jaiza By HAFIZ MUHAMMAD IQBAL RANGOONI,
KEPT_HAD_JIBREEL_DUPLICATE,Maktaba Al-Maknoon (PDF Archive),11879,Mirzaiyat Naiy Zawiyon Se By Sheikh Haneef Nadvi (r.a),
KEPT_HAD_JIBREEL_DUPLICATE,Maktaba Al-Maknoon (PDF Archive),11880,mirzaiyat-aur-Islam,
KEPT_HAD_JIBREEL_DUPLICATE,Maktaba Al-Maknoon (PDF Archive),11881,Misali Azdawaji Zindagi K Sunehri Usool By SHEIKH ZULFIQAR AHMAD NAQSHBANDI,
KEPT_HAD_JIBREEL_DUPLICATE,Maktaba Al-Maknoon (PDF Archive),11882,MISBAH UL AWAMIL MEER MUHAMMAD,
KEPT_HAD_JIBREEL_DUPLICATE,Maktaba Al-Maknoon (PDF Archive),11883,MISHKAR UL MASABEEH VOL 1 RAHMANIA,
KEPT_HAD_JIBREEL_DUPLICATE,Maktaba Al-Maknoon (PDF Archive),11884,MISHKAR UL MASABEEH VOL 2 RAHMANIA,
KEPT_HAD_JIBREEL_DUPLICATE,Maktaba Al-Maknoon (PDF Archive),11885,MISHKAT UL MASABEEH QADEMI,
KEPT_HAD_JIBREEL_DUPLICATE,Maktaba Al-Maknoon (PDF Archive),11886,MISHKAT UL MASABEEH VOL 1 AL BUSHRA COLOR,
KEPT_HAD_JIBREEL_DUPLICATE,Maktaba Al-Maknoon (PDF Archive),11887,MISHKAT UL MASABEEH VOL 1 AL BUSHRA,
KEPT_HAD_JIBREEL_DUPLICATE,Maktaba Al-Maknoon (PDF Archive),11888,MISHKAT UL MASABEEH VOL 2 AL BUSHRA COLOR,
KEPT_HAD_JIBREEL_DUPLICATE,Maktaba Al-Maknoon (PDF Archive),11889,MISHKAT UL MASABEEH VOL 2 AL BUSHRA,
KEPT_HAD_JIBREEL_DUPLICATE,Maktaba Al-Maknoon (PDF Archive),11890,MISHKAT UL MASABEEH VOL 3 AL BUSHRA COLOR,
KEPT_HAD_JIBREEL_DUPLICATE,Maktaba Al-Maknoon (PDF Archive),11891,MISHKAT UL MASABEEH VOL 3 AL BUSHRA,
KEPT_HAD_JIBREEL_DUPLICATE,Maktaba Al-Maknoon (PDF Archive),11892,MISHKAT UL MASABEEH VOL 4 AL BUSHRA COLOR,
KEPT_HAD_JIBREEL_DUPLICATE,Maktaba Al-Maknoon (PDF Archive),11893,MISHKAT UL MASABEEH VOL 4 AL BUSHRA,
KEPT_HAD_JIBREEL_DUPLICATE,Maktaba Al-Maknoon (PDF Archive),11894,MISHKAT US SIRAJ MEER MUHAMMAD,
UNIQUE_NO_DUPLICATE,Maktaba Al-Maknoon (PDF Archive),11895,Moalimul_Quran,
KEPT_HAD_JIBREEL_DUPLICATE,Maktaba Al-Maknoon (PDF Archive),11896,Modudi Aur Takhreeb e Islam By SHEIKH MUFTI RASHEED AHMAD LUDHYANVI (R.A),
KEPT_HAD_JIBREEL_DUPLICATE,Maktaba Al-Maknoon (PDF Archive),11897,Modudi Sahab Aur Unki Tehreeraat K Mutalliq Ahm Mazameen By VARIOUS TOP ULAMA,
KEPT_HAD_JIBREEL_DUPLICATE,Maktaba Al-Maknoon (PDF Archive),11898,Modudi Sahab Ka Aik Ghalat Fatwa By SHEIKH SARFRAZ KHAN SAFDAR (R.A),
KEPT_HAD_JIBREEL_DUPLICATE,Maktaba Al-Maknoon (PDF Archive),11899,Modudiyat Ka Asli Roop By SHEIKH AHMAD ALI SHAIKH,
KEPT_HAD_JIBREEL_DUPLICATE,Maktaba Al-Maknoon (PDF Archive),11900,Mojeza Kia Hai By SHEIKH QARI MUHAMMAD TAYYAB (R.A),
KEPT_HAD_JIBREEL_DUPLICATE,Maktaba Al-Maknoon (PDF Archive),11901,Molvi Ahmad Raza Khan Haqeeqat Ke Aainay Mein By SHEIKH MUHAMMAD JAVED USMAN MEMON,
KEPT_HAD_JIBREEL_DUPLICATE,Maktaba Al-Maknoon (PDF Archive),11902,Momin Ka Hathiyaar By SHEIKH MUHAMMAD YUNUS PALANPURI,
UNIQUE_NO_DUPLICATE,Maktaba Al-Maknoon (PDF Archive),11903,Morning_and_Evening_duas,
KEPT_HAD_JIBREEL_DUPLICATE,Maktaba Al-Maknoon (PDF Archive),11904,Mosooa Fiqhiyyah 001,
KEPT_HAD_JIBREEL_DUPLICATE,Maktaba Al-Maknoon (PDF Archive),11905,Mosooa Fiqhiyyah 002,
KEPT_HAD_JIBREEL_DUPLICATE,Maktaba Al-Maknoon (PDF Archive),11906,Moulana Ameen Safdar Owkarvi Rehmatullah Par Ilzamat K Jawabaat,
KEPT_HAD_JIBREEL_DUPLICATE,Maktaba Al-Maknoon (PDF Archive),11907,Msial Bahisti Zaiwar Jild 1,
KEPT_HAD_JIBREEL_DUPLICATE,Maktaba Al-Maknoon (PDF Archive),11908,MUALIM-UL-QURAN,
UNIQUE_NO_DUPLICATE,Maktaba Al-Maknoon (PDF Archive),11909,Mualim_ul_Hujjaj,
KEPT_HAD_JIBREEL_DUPLICATE,Maktaba Al-Maknoon (PDF Archive),11910,MUALLIM UL INSHA VOL 1 NASHRIAT E ISLAM,
KEPT_HAD_JIBREEL_DUPLICATE,Maktaba Al-Maknoon (PDF Archive),11911,MUALLIM UL INSHA VOL 2 NASHRIAT E ISLAM,
KEPT_HAD_JIBREEL_DUPLICATE,Maktaba Al-Maknoon (PDF Archive),11912,MUALLIM UL INSHA VOL 3,
UNIQUE_NO_DUPLICATE,Maktaba Al-Maknoon (PDF Archive),11913,MUARIF_E_RABBANI,
UNIQUE_NO_DUPLICATE,Maktaba Al-Maknoon (PDF Archive),11914,MUASHARTI_HUQOOQ_O_FARAIZ,
KEPT_HAD_JIBREEL_DUPLICATE,Maktaba Al-Maknoon (PDF Archive),11915,MUBADI UL FALSAFA AL BUSHRA COLOR,
UNIQUE_NO_DUPLICATE,Maktaba Al-Maknoon (PDF Archive),11916,MUBADI UL FALSAFA AL BUSHRA,
KEPT_HAD_JIBREEL_DUPLICATE,Maktaba Al-Maknoon (PDF Archive),11917,MUBADI UL USOOL AL BUSHRA COLOR,
UNIQUE_NO_DUPLICATE,Maktaba Al-Maknoon (PDF Archive),11918,MUBADI UL USOOL AL BUSHRA,
KEPT_HAD_JIBREEL_DUPLICATE,Maktaba Al-Maknoon (PDF Archive),11919,Mubadiat e Hadith By SHEIKH MUFTI AHMAD KHAN,
KEPT_HAD_JIBREEL_DUPLICATE,Maktaba Al-Maknoon (PDF Archive),11920,Mubarak Duain By Sheikh Muhammad Zuhair Ruhani Bazi,
KEPT_HAD_JIBREEL_DUPLICATE,Maktaba Al-Maknoon (PDF Archive),11921,Mududi Khumeini 2 Bhai By AALMI MAJLIS TAHAFFUZ E ISLAM,
UNIQUE_NO_DUPLICATE,Maktaba Al-Maknoon (PDF Archive),11922,MUEEN UL FALSAFA AL BUSHRA COLOR,
UNIQUE_NO_DUPLICATE,Maktaba Al-Maknoon (PDF Archive),11923,MUEEN UL FALSAFA AL BUSHRA,
UNIQUE_NO_DUPLICATE,Maktaba Al-Maknoon (PDF Archive),11924,MUEEN UL USOOL AL BUSHRA COLOR,
KEPT_HAD_JIBREEL_DUPLICATE,Maktaba Al-Maknoon (PDF Archive),11925,MUEEN UL USOOL AL BUSHRA,
KEPT_HAD_JIBREEL_DUPLICATE,Maktaba Al-Maknoon (PDF Archive),11926,Mufti Mehmood Hasan Aur Jamaat e Tableegh By SHEIKH FALUR RAHMAN AZMI,
KEPT_HAD_JIBREEL_DUPLICATE,Maktaba Al-Maknoon (PDF Archive),11927,mugalazat-mirza,
UNIQUE_NO_DUPLICATE,Maktaba Al-Maknoon (PDF Archive),11928,MUHAABAT_E_ILLAHIA_KI_AZMAT,
UNIQUE_NO_DUPLICATE,Maktaba Al-Maknoon (PDF Archive),11929,muhabat_e_ilahiya_ki_azmat,
UNIQUE_NO_DUPLICATE,Maktaba Al-Maknoon (PDF Archive),11930,MUHABBAT_E_ILAHI,
KEPT_HAD_JIBREEL_DUPLICATE,Maktaba Al-Maknoon (PDF Archive),11931,Muhaddiseen Azzam Aur Un Ki Kitabon Ka Taaruf By SHEIKH SALEEMULLAH KHAN,
KEPT_HAD_JIBREEL_DUPLICATE,Maktaba Al-Maknoon (PDF Archive),11932,Muhaddiseen Ke Haan Fiqh Aur Fuqaha Ki Ahmiat By SHEIKH SYED SALMAN HUSAINI NADVI,
UNIQUE_NO_DUPLICATE,Maktaba Al-Maknoon (PDF Archive),11933,Muhammad (s.a.w) Isaniyyat k nijat dahinda,
UNIQUE_NO_DUPLICATE,Maktaba Al-Maknoon (PDF Archive),11934,MUHAMMAD_E_ARABI_(S.A.W),
KEPT_HAD_JIBREEL_DUPLICATE,Maktaba Al-Maknoon (PDF Archive),11935,MUHAMMADIA Pocket Book,
KEPT_HAD_JIBREEL_DUPLICATE,Maktaba Al-Maknoon (PDF Archive),11936,Muhannad ala al-Mufannad,
KEPT_HAD_JIBREEL_DUPLICATE,Maktaba Al-Maknoon (PDF Archive),11937,Muharram Aur Aashura Ke Fazail o Masail By Sheikh Fazlur Rahman Azmi,
KEPT_HAD_JIBREEL_DUPLICATE,Maktaba Al-Maknoon (PDF Archive),11938,muhasra-qad,
KEPT_HAD_JIBREEL_DUPLICATE,Maktaba Al-Maknoon (PDF Archive),11939,MUHEET UL DAIRAH HAQQANIA,
UNIQUE_NO_DUPLICATE,Maktaba Al-Maknoon (PDF Archive),11940,MUHRAM E AAFANDI VOL 1 RASHEDIA,
KEPT_HAD_JIBREEL_DUPLICATE,Maktaba Al-Maknoon (PDF Archive),11941,MUHRAM E AAFANDI VOL 2 RASHEDIA,
KEPT_HAD_JIBREEL_DUPLICATE,Maktaba Al-Maknoon (PDF Archive),11942,mujahideen-KN-ki-dastanian,
KEPT_HAD_JIBREEL_DUPLICATE,Maktaba Al-Maknoon (PDF Archive),11943,MUJAM E ABWAB US SARF MEER MUHAMMAD,
UNIQUE_NO_DUPLICATE,Maktaba Al-Maknoon (PDF Archive),11944,MUJAM_UL_QURAN,
UNIQUE_NO_DUPLICATE,Maktaba Al-Maknoon (PDF Archive),11945,MUJIZAAT_E_SAYYED_UL_KAONAIN_(S.A.W),
UNIQUE_NO_DUPLICATE,Maktaba Al-Maknoon (PDF Archive),11946,MUKASHIFAH_TUL_QULOOB,
KEPT_HAD_JIBREEL_DUPLICATE,Maktaba Al-Maknoon (PDF Archive),11947,MUKHTARAT MIN ADAB IL ARAB NASHRIAT E ISLAM,
KEPT_HAD_JIBREEL_DUPLICATE,Maktaba Al-Maknoon (PDF Archive),11948,MUKHTASAR UL MAANI AL BUSHRA VOL 1 AL BUSHRA,
UNIQUE_NO_DUPLICATE,Maktaba Al-Maknoon (PDF Archive),11949,MUKHTASAR UL MAANI AL BUSHRA VOL 2 AL BU,
KEPT_HAD_JIBREEL_DUPLICATE,Maktaba Al-Maknoon (PDF Archive),11950,MUKHTASAR UL MAANI AL BUSHRA VOL 2 AL BUSHRA,
UNIQUE_NO_DUPLICATE,Maktaba Al-Maknoon (PDF Archive),11951,MUKHTASAR UL MAANI RASHEDIA,
UNIQUE_NO_DUPLICATE,Maktaba Al-Maknoon (PDF Archive),11952,MUKHTASAR UL MAANI VOL 1 AL BUSHRA COLOR,
UNIQUE_NO_DUPLICATE,Maktaba Al-Maknoon (PDF Archive),11953,MUKHTASAR UL MAANI VOL 2 AL BUSHRA COLOR,
KEPT_HAD_JIBREEL_DUPLICATE,Maktaba Al-Maknoon (PDF Archive),11954,MUKHTASAR UL QUDORI AL BUSHRA COLOR,
KEPT_HAD_JIBREEL_DUPLICATE,Maktaba Al-Maknoon (PDF Archive),11955,MUKHTASAR UL QUDORI AL BUSHRA,
UNIQUE_NO_DUPLICATE,Maktaba Al-Maknoon (PDF Archive),11956,Mukhtisar fiqah,
UNIQUE_NO_DUPLICATE,Maktaba Al-Maknoon (PDF Archive),11957,MULANA_AHMED_ALI_LAHORI_KAY_HERAT_ANGEZ_WAQIYAAT,
KEPT_HAD_JIBREEL_DUPLICATE,Maktaba Al-Maknoon (PDF Archive),11958,Mulla Ali Qari (R.A) Aur Masala Hazir o Nazir Aur Ilm e Ghaib By SHEIKH SARFRAZ KHAN SAFDAR (R.A),
UNIQUE_NO_DUPLICATE,Maktaba Al-Maknoon (PDF Archive),11959,MUNAJAAT_E_MAQBOOL,
KEPT_HAD_JIBREEL_DUPLICATE,Maktaba Al-Maknoon (PDF Archive),11960,Munajat e Maqbool (Version 3) by Sheikh Ashraf Ali Thanvi (r.a),
KEPT_HAD_JIBREEL_DUPLICATE,Maktaba Al-Maknoon (PDF Archive),11961,Munajat e Maqbool By SHEIKH ASHRAF ALI THANVI (R.A),
KEPT_HAD_JIBREEL_DUPLICATE,Maktaba Al-Maknoon (PDF Archive),11963,Munazra e Norway By Sheikh Manzoor Ahmad Chinioti (r.a),
KEPT_HAD_JIBREEL_DUPLICATE,Maktaba Al-Maknoon (PDF Archive),11964,Munkar e Quran o Hadith By Sheikh Ikramullah Jan Qasmi,
UNIQUE_NO_DUPLICATE,Maktaba Al-Maknoon (PDF Archive),11965,Munkiraat e Muharram By SHEIKH MUFTI RASHEED AHMAD LUDHYANVI (R.A),
KEPT_HAD_JIBREEL_DUPLICATE,Maktaba Al-Maknoon (PDF Archive),11966,Munkiraat e Muharram By SHEIKH RASHEED AHMAD LUDHYANVI (R.A),
UNIQUE_NO_DUPLICATE,Maktaba Al-Maknoon (PDF Archive),11967,Munkirat-e_Muharram,
KEPT_HAD_JIBREEL_DUPLICATE,Maktaba Al-Maknoon (PDF Archive),11968,MUNTAKHAB UL HUSAMI AL BUSHRA COLOR,
UNIQUE_NO_DUPLICATE,Maktaba Al-Maknoon (PDF Archive),11969,MUNTAKHAB UL HUSAMI AL BUSHRA,
UNIQUE_NO_DUPLICATE,Maktaba Al-Maknoon (PDF Archive),11970,MUNTAKHAB UL HUSAMI MEER MUHAMMAD,
KEPT_HAD_JIBREEL_DUPLICATE,Maktaba Al-Maknoon (PDF Archive),11971,Muntakhib Ahadees (Urdu) By SHEIKH MUHAMMAD YUSUF KANDHELVI (RA),
UNIQUE_NO_DUPLICATE,Maktaba Al-Maknoon (PDF Archive),11972,MUNZIL_E_QURB_E_ILLAHI_KA_QAREEB_TAREEN_RAASTA,
KEPT_HAD_JIBREEL_DUPLICATE,Maktaba Al-Maknoon (PDF Archive),11973,MUQADDAMA E SAHI AL BUKHARI ALTAF AND SONS,
KEPT_HAD_JIBREEL_DUPLICATE,Maktaba Al-Maknoon (PDF Archive),11977,muqadma-qad-mazhab,
KEPT_HAD_JIBREEL_DUPLICATE,Maktaba Al-Maknoon (PDF Archive),11978,Murawwaja Islami Bankari By Jamia Uloom ul Islamiyyah Banuri Town,
KEPT_HAD_JIBREEL_DUPLICATE,Maktaba Al-Maknoon (PDF Archive),11979,Murawwaja Qaza e Umri Bidat Hai By SHEIKH HAFIZ ABDUL QUDDUS QARAN,
KEPT_HAD_JIBREEL_DUPLICATE,Maktaba Al-Maknoon (PDF Archive),11980,Murawwaja Quran Khawani Ki Shari Hesiyat By SHEIKH ABDUR RAUF SAKHARVI,
KEPT_HAD_JIBREEL_DUPLICATE,Maktaba Al-Maknoon (PDF Archive),11981,Murawwaja Quran Khwani By SHEIKH MUFTI ABDUR RAUF SAKHARVI,
UNIQUE_NO_DUPLICATE,Maktaba Al-Maknoon (PDF Archive),11982,MURAWWAJA_ISLAMI_BANKARI,
KEPT_HAD_JIBREEL_DUPLICATE,Maktaba Al-Maknoon (PDF Archive),11983,Murawwajah Mozon (Socks) Per Masah Ka Masla By Sheikh Mufti Taqi Usmani,
KEPT_HAD_JIBREEL_DUPLICATE,Maktaba Al-Maknoon (PDF Archive),11984,Murawwajah Salat o Salam Ki Shari Hesiat By SHEIKH MUHAMMAD SHAFI (RA),
UNIQUE_NO_DUPLICATE,Maktaba Al-Maknoon (PDF Archive),11985,Musaddas e Hali (Version 2) By Maulana Altaf Husain Hali,
KEPT_HAD_JIBREEL_DUPLICATE,Maktaba Al-Maknoon (PDF Archive),11986,Musaddas e Hali,
KEPT_HAD_JIBREEL_DUPLICATE,Maktaba Al-Maknoon (PDF Archive),11987,MUSALLAM US SUBOOT HAQQANIA,
KEPT_HAD_JIBREEL_DUPLICATE,Maktaba Al-Maknoon (PDF Archive),11988,MUSALLAM US SUBOOT RASHEDIA,
KEPT_HAD_JIBREEL_DUPLICATE,Maktaba Al-Maknoon (PDF Archive),11989,Musalmanon K 4 Dushman By SHEIKH MUFTI ABDUR RAUF SAKHARVI,
KEPT_HAD_JIBREEL_DUPLICATE,Maktaba Al-Maknoon (PDF Archive),11990,Musalmanon K Huqooq By SHEIKH MUFTI NIZAMUDDIN SHAMZAI (RA),
KEPT_HAD_JIBREEL_DUPLICATE,Maktaba Al-Maknoon (PDF Archive),11991,Musalmanon Ki Firqa Bandiyon Ka Afsana By SHEIKH MANAZIR AHSAN GAILANI,
KEPT_HAD_JIBREEL_DUPLICATE,Maktaba Al-Maknoon (PDF Archive),11992,Museebat Se Sabaq Hasil Karna by SHEIKH ASHRAF ALI THANVI (RA),
KEPT_HAD_JIBREEL_DUPLICATE,Maktaba Al-Maknoon (PDF Archive),11993,Museebat Zadon Ki Ghamkhuari by SHEIKH ASHRAF ALI THANVI (RA),
KEPT_HAD_JIBREEL_DUPLICATE,Maktaba Al-Maknoon (PDF Archive),11994,Muslim League Ki Zareen Bakhia Dari By Muhammad Mian Qadri,
UNIQUE_NO_DUPLICATE,Maktaba Al-Maknoon (PDF Archive),11995,Musliman aurat ka parda aur libas,
UNIQUE_NO_DUPLICATE,Maktaba Al-Maknoon (PDF Archive),11996,Muslimano mein bahmi rawadari ki ahmiyyat,
UNIQUE_NO_DUPLICATE,Maktaba Al-Maknoon (PDF Archive),11997,MUSNAD UL IMAM IL AAZAM AL BUSHRA COLOR,
KEPT_HAD_JIBREEL_DUPLICATE,Maktaba Al-Maknoon (PDF Archive),11998,MUSNAD UL IMAM IL AAZAM AL BUSHRA,
KEPT_HAD_JIBREEL_DUPLICATE,Maktaba Al-Maknoon (PDF Archive),11999,MUSNAD UL IMAM IL AAZAM QADEMI,
UNIQUE_NO_DUPLICATE,Maktaba Al-Maknoon (PDF Archive),12000,MUSNAD_IMAM_AHMAD_BIN_HAMBAL_VOL_01,
UNIQUE_NO_DUPLICATE,Maktaba Al-Maknoon (PDF Archive),12001,MUSNAD_IMAM_AHMAD_BIN_HAMBAL_VOL_02,
UNIQUE_NO_DUPLICATE,Maktaba Al-Maknoon (PDF Archive),12002,MUSNAD_IMAM_AHMAD_BIN_HAMBAL_VOL_03,
UNIQUE_NO_DUPLICATE,Maktaba Al-Maknoon (PDF Archive),12003,MUSNAD_IMAM_AHMAD_BIN_HAMBAL_VOL_04,
UNIQUE_NO_DUPLICATE,Maktaba Al-Maknoon (PDF Archive),12004,MUSNAD_IMAM_AHMAD_BIN_HAMBAL_VOL_05,
UNIQUE_NO_DUPLICATE,Maktaba Al-Maknoon (PDF Archive),12005,MUSNAD_IMAM_AHMAD_BIN_HAMBAL_VOL_06,
UNIQUE_NO_DUPLICATE,Maktaba Al-Maknoon (PDF Archive),12006,MUSNAD_IMAM_AHMAD_BIN_HAMBAL_VOL_07,
UNIQUE_NO_DUPLICATE,Maktaba Al-Maknoon (PDF Archive),12007,MUSNAD_IMAM_AHMAD_BIN_HAMBAL_VOL_08,
UNIQUE_NO_DUPLICATE,Maktaba Al-Maknoon (PDF Archive),12008,MUSNAD_IMAM_AHMAD_BIN_HAMBAL_VOL_09,
UNIQUE_NO_DUPLICATE,Maktaba Al-Maknoon (PDF Archive),12009,MUSNAD_IMAM_AHMAD_BIN_HAMBAL_VOL_10,
UNIQUE_NO_DUPLICATE,Maktaba Al-Maknoon (PDF Archive),12010,MUSNAD_IMAM_AHMAD_BIN_HAMBAL_VOL_11,
UNIQUE_NO_DUPLICATE,Maktaba Al-Maknoon (PDF Archive),12011,MUSNAD_IMAM_AHMAD_BIN_HAMBAL_VOL_12,
UNIQUE_NO_DUPLICATE,Maktaba Al-Maknoon (PDF Archive),12012,MUSNAD_IMAM_AHMAD_BIN_HAMBAL_VOL_13,
KEPT_HAD_JIBREEL_DUPLICATE,Maktaba Al-Maknoon (PDF Archive),12013,MUSTAKHLIS UL HAQAIQ RASHEDIA,
KEPT_HAD_JIBREEL_DUPLICATE,Maktaba Al-Maknoon (PDF Archive),12014,Mustanad Namaz e Hanafi By SHEIKH IMDADULLAH ANWAR,
KEPT_HAD_JIBREEL_DUPLICATE,Maktaba Al-Maknoon (PDF Archive),12015,Muta Hargiz Na Kijiye By SHEIKH MUHAMMAD IQBAL RANGOONI,
KEPT_HAD_JIBREEL_DUPLICATE,Maktaba Al-Maknoon (PDF Archive),12016,Mutalia e Barelviat Vol 06 By SHEIKH ALLAMA KHALID MEHMOOD,
KEPT_HAD_JIBREEL_DUPLICATE,Maktaba Al-Maknoon (PDF Archive),12017,Mutazila By ABDUL HALEEM SHARAR,
UNIQUE_NO_DUPLICATE,Maktaba Al-Maknoon (PDF Archive),12018,Nabi (s.a.w) ki Namaz ka tareeqa,
KEPT_HAD_JIBREEL_DUPLICATE,Maktaba Al-Maknoon (PDF Archive),12019,Naey Masail Aur Ulama e Hind Ke Faislay,
UNIQUE_NO_DUPLICATE,Maktaba Al-Maknoon (PDF Archive),12020,NAFAHAAT_UL_UNS,
KEPT_HAD_JIBREEL_DUPLICATE,Maktaba Al-Maknoon (PDF Archive),12021,NAFHA TUL ARAB AL BUSHRA COLOR,
UNIQUE_NO_DUPLICATE,Maktaba Al-Maknoon (PDF Archive),12022,NAFHA TUL ARAB AL BUSHRA,
KEPT_HAD_JIBREEL_DUPLICATE,Maktaba Al-Maknoon (PDF Archive),12023,Nafs Ke Banday By SHEIKH MUFTI RASHEED AHMAD LUDHYANVI (R.A),
KEPT_HAD_JIBREEL_DUPLICATE,Maktaba Al-Maknoon (PDF Archive),12024,nagmat-KN,
UNIQUE_NO_DUPLICATE,Maktaba Al-Maknoon (PDF Archive),12025,NAHW MEER AL BUSHRA COLOR,
KEPT_HAD_JIBREEL_DUPLICATE,Maktaba Al-Maknoon (PDF Archive),12026,NAHW MEER AL BUSHRA,
KEPT_HAD_JIBREEL_DUPLICATE,Maktaba Al-Maknoon (PDF Archive),12027,Naimatullah Shah Wali&#39;s Predictions (BrassTacks),
KEPT_HAD_JIBREEL_DUPLICATE,Maktaba Al-Maknoon (PDF Archive),12028,Naimatullah Shah Wali&#39;s Predictions,
KEPT_HAD_JIBREEL_DUPLICATE,Maktaba Al-Maknoon (PDF Archive),12029,NAJM_UL_FATAWA_VOL_1,
KEPT_HAD_JIBREEL_DUPLICATE,Maktaba Al-Maknoon (PDF Archive),12030,NAJM_UL_FATAWA_VOL_2,
KEPT_HAD_JIBREEL_DUPLICATE,Maktaba Al-Maknoon (PDF Archive),12031,Namaz Ba Mutabiq Sunnat By SHEIKH MUHAMMAD HABIBULLAH MUKHTAR,
KEPT_HAD_JIBREEL_DUPLICATE,Maktaba Al-Maknoon (PDF Archive),12032,Namaz e Hanafi SHEIKH KHAIR MUHAMMAD JALANDHRI,
KEPT_HAD_JIBREEL_DUPLICATE,Maktaba Al-Maknoon (PDF Archive),12033,Namaz K Asrar o Ramooz By SHEIKH ZULFIQAR AHMAD NAQSHBANDI,
KEPT_HAD_JIBREEL_DUPLICATE,Maktaba Al-Maknoon (PDF Archive),12034,Namaz Ke Masail By SHEIKH MUFTI RASHEED AHMAD ALVI,
UNIQUE_NO_DUPLICATE,Maktaba Al-Maknoon (PDF Archive),12035,Namaz key ahmiyat,
UNIQUE_NO_DUPLICATE,Maktaba Al-Maknoon (PDF Archive),12036,Namaz ki ahmiyyat,
KEPT_HAD_JIBREEL_DUPLICATE,Maktaba Al-Maknoon (PDF Archive),12037,Namaz Ki Baaz Eham Kotahiyan By SHEIKH ABDUR RAUF SAKHARVI,
KEPT_HAD_JIBREEL_DUPLICATE,Maktaba Al-Maknoon (PDF Archive),12038,Namaz Ki Ehmiyat By Sheikh Abdus Sattar,
KEPT_HAD_JIBREEL_DUPLICATE,Maktaba Al-Maknoon (PDF Archive),12039,Namaz ki Pabandi Aur Us Ki Hifazat By Sheikh Fazlur Rahman Azmi,
KEPT_HAD_JIBREEL_DUPLICATE,Maktaba Al-Maknoon (PDF Archive),12040,Namaz Mein Dil ki Hifazat By SHEIKH MUFTI ABDUR RAUF SAKHARVI,
KEPT_HAD_JIBREEL_DUPLICATE,Maktaba Al-Maknoon (PDF Archive),12041,Namaz Mein Khawateen Ki Ghaflatein By SHEIKH RASHEED AHMAD LUDHYANVI,
UNIQUE_NO_DUPLICATE,Maktaba Al-Maknoon (PDF Archive),12042,Namaz say pehlay,
KEPT_HAD_JIBREEL_DUPLICATE,Maktaba Al-Maknoon (PDF Archive),12043,Namaz-e-Fajr aur Hamari Kotahi  By SHEIKH MUFTI ABDUR RAUF SAKHARVI,
UNIQUE_NO_DUPLICATE,Maktaba Al-Maknoon (PDF Archive),12044,NAMAZ_E_MASNOON,
UNIQUE_NO_DUPLICATE,Maktaba Al-Maknoon (PDF Archive),12045,NAMAZ_E_MUDALLAL,
UNIQUE_NO_DUPLICATE,Maktaba Al-Maknoon (PDF Archive),12046,NAMAZ_KAY_MASAIL_KA_INSICLOPIDIA_VOL_1,
UNIQUE_NO_DUPLICATE,Maktaba Al-Maknoon (PDF Archive),12047,NAMAZ_KAY_MASAIL_KA_INSICLOPIDIA_VOL_2,
UNIQUE_NO_DUPLICATE,Maktaba Al-Maknoon (PDF Archive),12048,NAMAZ_KAY_MASAIL_KA_INSICLOPIDIA_VOL_3,
UNIQUE_NO_DUPLICATE,Maktaba Al-Maknoon (PDF Archive),12049,NAMAZ_KAY_MASAIL_KA_INSICLOPIDIA_VOL_4,
KEPT_HAD_JIBREEL_DUPLICATE,Maktaba Al-Maknoon (PDF Archive),12050,Namazain Sunnat Ke Mutabiq Parhiye By SHEIKH MUFTI TAQI USMANI,
UNIQUE_NO_DUPLICATE,Maktaba Al-Maknoon (PDF Archive),12051,NAMON_KI_LUGHAT,
KEPT_HAD_JIBREEL_DUPLICATE,Maktaba Al-Maknoon (PDF Archive),12052,namoos-risalat-aur-americi-shazishain,
KEPT_HAD_JIBREEL_DUPLICATE,Maktaba Al-Maknoon (PDF Archive),12053,namos-MUHAMMAD-kay-pasban,
KEPT_HAD_JIBREEL_DUPLICATE,Maktaba Al-Maknoon (PDF Archive),12054,Naseehat Hasil Karna by SHEIKH ASHRAF ALI THANVI (RA),
KEPT_HAD_JIBREEL_DUPLICATE,Maktaba Al-Maknoon (PDF Archive),12055,Nastaleeq Nama By SHEIKH SYED NAFEES UL HUSAINI,
UNIQUE_NO_DUPLICATE,Maktaba Al-Maknoon (PDF Archive),12056,NAZOOL_E_SAKEENA,
UNIQUE_NO_DUPLICATE,Maktaba Al-Maknoon (PDF Archive),12057,NIDA_E_MIMBAR_O_MAHRAAB_VOL_1,
UNIQUE_NO_DUPLICATE,Maktaba Al-Maknoon (PDF Archive),12058,NIDA_E_MIMBAR_O_MAHRAAB_VOL_2,
UNIQUE_NO_DUPLICATE,Maktaba Al-Maknoon (PDF Archive),12059,NIDA_E_MIMBAR_O_MAHRAAB_VOL_3,
UNIQUE_NO_DUPLICATE,Maktaba Al-Maknoon (PDF Archive),12060,NIDA_E_MIMBAR_O_MAHRAAB_VOL_4,
UNIQUE_NO_DUPLICATE,Maktaba Al-Maknoon (PDF Archive),12061,NIDA_E_MIMBAR_O_MAHRAAB_VOL_5,
UNIQUE_NO_DUPLICATE,Maktaba Al-Maknoon (PDF Archive),12062,NIDA_E_MIMBAR_O_MAHRAAB_VOL_6,
UNIQUE_NO_DUPLICATE,Maktaba Al-Maknoon (PDF Archive),12063,Nida_e_Mimbar_o_mahraab_Vol_7,
KEPT_HAD_JIBREEL_DUPLICATE,Maktaba Al-Maknoon (PDF Archive),12064,Nifaaz e Shariat K Masaail By Sheikh Mufti Taqi Usmani,
KEPT_HAD_JIBREEL_DUPLICATE,Maktaba Al-Maknoon (PDF Archive),12065,Nigah-e-Nabuwat,
UNIQUE_NO_DUPLICATE,Maktaba Al-Maknoon (PDF Archive),12066,NIGAH-E-NABUWAT_MEIN_MUHABBAT_KA_MAQAAM,
KEPT_HAD_JIBREEL_DUPLICATE,Maktaba Al-Maknoon (PDF Archive),12067,Nikah Ki Chand Baatein By SHEIKH MUFTI ABDUR RAUF SAKHARVI,
KEPT_HAD_JIBREEL_DUPLICATE,Maktaba Al-Maknoon (PDF Archive),12068,Nikah o Talaaq Ka Shari Nizaam By Sheikh Mufti Ehsanullah Shaiq,
UNIQUE_NO_DUPLICATE,Maktaba Al-Maknoon (PDF Archive),12069,nisbat_ma_allah_k_aasar,
UNIQUE_NO_DUPLICATE,Maktaba Al-Maknoon (PDF Archive),12070,NISBAT_MA_ALLAH_KAY_AASAR,
UNIQUE_NO_DUPLICATE,Maktaba Al-Maknoon (PDF Archive),12071,NISBAT_MA_ALLAH_KI_SHAN_O_SHAUKAT,
UNIQUE_NO_DUPLICATE,Maktaba Al-Maknoon (PDF Archive),12072,nisbat_ma_allah_ki_shan_o_shokat,
UNIQUE_NO_DUPLICATE,Maktaba Al-Maknoon (PDF Archive),12073,Niyyat aur Amal,
KEPT_HAD_JIBREEL_DUPLICATE,Maktaba Al-Maknoon (PDF Archive),12074,NIZAM_UL_FATAWA_VOL_2,
KEPT_HAD_JIBREEL_DUPLICATE,Maktaba Al-Maknoon (PDF Archive),12075,Noor O Bashar By SHEIKH SARFRAZ KHAN SAFDAR (R.A),
KEPT_HAD_JIBREEL_DUPLICATE,Maktaba Al-Maknoon (PDF Archive),12076,NOOR UL ANWAAR RAHMANIA,
KEPT_HAD_JIBREEL_DUPLICATE,Maktaba Al-Maknoon (PDF Archive),12077,NOOR UL ANWAAR VOL 1 AL BUSHRA COLOR,
KEPT_HAD_JIBREEL_DUPLICATE,Maktaba Al-Maknoon (PDF Archive),12078,NOOR UL ANWAAR VOL 1 AL BUSHRA,
KEPT_HAD_JIBREEL_DUPLICATE,Maktaba Al-Maknoon (PDF Archive),12079,NOOR UL ANWAAR VOL 2 AL BUSHRA COLOR,
KEPT_HAD_JIBREEL_DUPLICATE,Maktaba Al-Maknoon (PDF Archive),12080,NOOR UL ANWAAR VOL 2 AL BUSHRA,
KEPT_HAD_JIBREEL_DUPLICATE,Maktaba Al-Maknoon (PDF Archive),12081,NOOR UL EZAH AL BUSHRA COLOR,
KEPT_HAD_JIBREEL_DUPLICATE,Maktaba Al-Maknoon (PDF Archive),12082,NOOR UL EZAH AL BUSHRA,
KEPT_HAD_JIBREEL_DUPLICATE,Maktaba Al-Maknoon (PDF Archive),12083,NOOR UL EZAH RAHMANIA,
UNIQUE_NO_DUPLICATE,Maktaba Al-Maknoon (PDF Archive),12084,Noor-e-Hidait aur uski alamaat1,
UNIQUE_NO_DUPLICATE,Maktaba Al-Maknoon (PDF Archive),12085,Noor-e-Hidait aur uski alamaat2,
UNIQUE_NO_DUPLICATE,Maktaba Al-Maknoon (PDF Archive),12086,NOOR_E_HIDAYAT_AUR_US_KI_ALLAMAT,
UNIQUE_NO_DUPLICATE,Maktaba Al-Maknoon (PDF Archive),12087,Noorani Qaida (colour coded),
KEPT_HAD_JIBREEL_DUPLICATE,Maktaba Al-Maknoon (PDF Archive),12088,Noorani Qaida,
UNIQUE_NO_DUPLICATE,Maktaba Al-Maknoon (PDF Archive),12089,Nozul-e-Sakeena,
UNIQUE_NO_DUPLICATE,Maktaba Al-Maknoon (PDF Archive),12090,NUQOOSH_E_RAFTAGAAN,
KEPT_HAD_JIBREEL_DUPLICATE,Maktaba Al-Maknoon (PDF Archive),12091,Nuqsan e Azeem by SHEIKH QARI KHALEEL AHMAD THANVI,
KEPT_HAD_JIBREEL_DUPLICATE,Maktaba Al-Maknoon (PDF Archive),12092,Nurus Sabah Fi Tark Rafa ul Yadain Baad al Iftitah By SHEIKH HAFIZ MUHAMMAD HABIBULLAH DAIRVI,
KEPT_HAD_JIBREEL_DUPLICATE,Maktaba Al-Maknoon (PDF Archive),12093,Paglon Ki Kahani By SHEIKH MUHAMMAD FAZIL (R.A),
KEPT_HAD_JIBREEL_DUPLICATE,Maktaba Al-Maknoon (PDF Archive),12094,paigam-hidayat,
KEPT_HAD_JIBREEL_DUPLICATE,Maktaba Al-Maknoon (PDF Archive),12095,Paigham e Hidayat By Sheikh Manzoor Ahmad Chinioti (r.a),
KEPT_HAD_JIBREEL_DUPLICATE,Maktaba Al-Maknoon (PDF Archive),12096,Paigham e Musarrat By SHEIKH MUFTI ZAR WALI KHAN.pdf,
KEPT_HAD_JIBREEL_DUPLICATE,Maktaba Al-Maknoon (PDF Archive),12097,PAND NAMAH AL BUSHRA COLOR,
KEPT_HAD_JIBREEL_DUPLICATE,Maktaba Al-Maknoon (PDF Archive),12098,PAND NAMAH AL BUSHRA,
KEPT_HAD_JIBREEL_DUPLICATE,Maktaba Al-Maknoon (PDF Archive),12099,Parda e Shari Ki Chahal Hadith By SHEIKH NOOR AHMAD,
UNIQUE_NO_DUPLICATE,Maktaba Al-Maknoon (PDF Archive),12100,Pardosian-ke-hoqooq,
KEPT_HAD_JIBREEL_DUPLICATE,Maktaba Al-Maknoon (PDF Archive),12101,Parhta Ja Sharmata Ja By HAFIZ ABDUR RASHEED,
KEPT_HAD_JIBREEL_DUPLICATE,Maktaba Al-Maknoon (PDF Archive),12102,Parliament Members K Naam By SHEIKH ZIAUR RAHMAN FAROOQI,
KEPT_HAD_JIBREEL_DUPLICATE,Maktaba Al-Maknoon (PDF Archive),12103,Parosion K Huqooq By SHEIKH MUFTI NIZAMUDDIN SHAMZAI (RA),
KEPT_HAD_JIBREEL_DUPLICATE,Maktaba Al-Maknoon (PDF Archive),12104,Parosion K Huqooq By SHEIKH MUFTI TAQI USMANI,
UNIQUE_NO_DUPLICATE,Maktaba Al-Maknoon (PDF Archive),12105,Patience_and_the_position_of_Siddiqeen,
UNIQUE_NO_DUPLICATE,Maktaba Al-Maknoon (PDF Archive),12106,Prohibition_of_Alcohol,
UNIQUE_NO_DUPLICATE,Maktaba Al-Maknoon (PDF Archive),12107,purpose_of_life,
KEPT_HAD_JIBREEL_DUPLICATE,Maktaba Al-Maknoon (PDF Archive),12108,Pursukoon Azdawaji Zindagi By Sheikh Abdus Sattar [0]c,
KEPT_HAD_JIBREEL_DUPLICATE,Maktaba Al-Maknoon (PDF Archive),12109,Pursukoon Azdawaji Zindagi By SHEIKH ABDUS SATTAR,
KEPT_HAD_JIBREEL_DUPLICATE,Maktaba Al-Maknoon (PDF Archive),12110,Pyaray Nabi (S.A.W) Ki Pyari Sahabzadiyan By HAFIZ HAQQANI MIAN,
UNIQUE_NO_DUPLICATE,Maktaba Al-Maknoon (PDF Archive),12111,PYARAY_NABI_KI_PYARI_SUNNATAIN,
KEPT_HAD_JIBREEL_DUPLICATE,Maktaba Al-Maknoon (PDF Archive),12112,Qabar Ki Zindagi By SHEIKH MUHAMMAD ABDUL KAREEM NOMANI,
UNIQUE_NO_DUPLICATE,Maktaba Al-Maknoon (PDF Archive),12113,QABAR_KAY_EBRAT_NAAK_MANAZIR,
KEPT_HAD_JIBREEL_DUPLICATE,Maktaba Al-Maknoon (PDF Archive),12114,qad-afsanay,
UNIQUE_NO_DUPLICATE,Maktaba Al-Maknoon (PDF Archive),12115,qad-Conversion-what-are-fact,
UNIQUE_NO_DUPLICATE,Maktaba Al-Maknoon (PDF Archive),12116,qad-defeated-in-the-Parliament,
KEPT_HAD_JIBREEL_DUPLICATE,Maktaba Al-Maknoon (PDF Archive),12117,qad-dehshatgard-tanzeem,
KEPT_HAD_JIBREEL_DUPLICATE,Maktaba Al-Maknoon (PDF Archive),12118,qad-gardaron-ki-nishan-dahi,
UNIQUE_NO_DUPLICATE,Maktaba Al-Maknoon (PDF Archive),12120,qad-in-the-eyes-of-law,
KEPT_HAD_JIBREEL_DUPLICATE,Maktaba Al-Maknoon (PDF Archive),12121,qad-Islam-aur-science,
KEPT_HAD_JIBREEL_DUPLICATE,Maktaba Al-Maknoon (PDF Archive),12122,qad-ka-sayasi-tajzeeya,
KEPT_HAD_JIBREEL_DUPLICATE,Maktaba Al-Maknoon (PDF Archive),12123,qad-kartoot,
KEPT_HAD_JIBREEL_DUPLICATE,Maktaba Al-Maknoon (PDF Archive),12124,qad-kay-takub-main,
KEPT_HAD_JIBREEL_DUPLICATE,Maktaba Al-Maknoon (PDF Archive),12125,qad-ki-uryian-tasveerain,
KEPT_HAD_JIBREEL_DUPLICATE,Maktaba Al-Maknoon (PDF Archive),12126,qad-kush,
KEPT_HAD_JIBREEL_DUPLICATE,Maktaba Al-Maknoon (PDF Archive),12127,qad-mazhab-ka-ilmi(orignal)l,
UNIQUE_NO_DUPLICATE,Maktaba Al-Maknoon (PDF Archive),12128,qad-movement,
KEPT_HAD_JIBREEL_DUPLICATE,Maktaba Al-Maknoon (PDF Archive),12129,qad-musla,
KEPT_HAD_JIBREEL_DUPLICATE,Maktaba Al-Maknoon (PDF Archive),12130,qad-mutalia-jaiza,
KEPT_HAD_JIBREEL_DUPLICATE,Maktaba Al-Maknoon (PDF Archive),12131,qad-raiza-raiza-hoti-hy,
KEPT_HAD_JIBREEL_DUPLICATE,Maktaba Al-Maknoon (PDF Archive),12132,qad-raspotino-keiibratnaq-anjam,
KEPT_HAD_JIBREEL_DUPLICATE,Maktaba Al-Maknoon (PDF Archive),12133,qad-shikan,
KEPT_HAD_JIBREEL_DUPLICATE,Maktaba Al-Maknoon (PDF Archive),12136,qad-sy-Islam-tak,
KEPT_HAD_JIBREEL_DUPLICATE,Maktaba Al-Maknoon (PDF Archive),12137,qad-us-bazar-main,
KEPT_HAD_JIBREEL_DUPLICATE,Maktaba Al-Maknoon (PDF Archive),12138,qadiani-fitna-or-Millat-Islamia,
KEPT_HAD_JIBREEL_DUPLICATE,Maktaba Al-Maknoon (PDF Archive),12139,Qadiyani BoomNama By Sheikh Muhammad Asaad Farooqi,
KEPT_HAD_JIBREEL_DUPLICATE,Maktaba Al-Maknoon (PDF Archive),12140,Qadiyaniat By Sheikh Syed Abul Hasan Ali Nadvi (r.a),
KEPT_HAD_JIBREEL_DUPLICATE,Maktaba Al-Maknoon (PDF Archive),12141,Qadiyaniat Ke 2 Chehray By Sheikh Mushtaq Ahmad Chinioti,
KEPT_HAD_JIBREEL_DUPLICATE,Maktaba Al-Maknoon (PDF Archive),12143,Qadiyanion Ki Nakamiyon Ki Roedad By Sheikh Mushtaq Ahmad Chinioti,
KEPT_HAD_JIBREEL_DUPLICATE,Maktaba Al-Maknoon (PDF Archive),12144,Qadiyanion Ki Tadaad - Haqiqat Kya Hai By Sheikh Suhail Bawa,
KEPT_HAD_JIBREEL_DUPLICATE,Maktaba Al-Maknoon (PDF Archive),12145,Qadiyanion Ko Dawat e Islam By Sheikh Muhammad Yusuf Ludhyanvi (r.a),
KEPT_HAD_JIBREEL_DUPLICATE,Maktaba Al-Maknoon (PDF Archive),12146,Qadyaniat By SHEIKH SYED ABUL HASAN ALI NADVI (R.A),
KEPT_HAD_JIBREEL_DUPLICATE,Maktaba Al-Maknoon (PDF Archive),12147,Qadyaniat Ka Zahoor By SHEIKH SYED ABUL HASAN ALI NADVI (R.A),
UNIQUE_NO_DUPLICATE,Maktaba Al-Maknoon (PDF Archive),12148,qadyanism,
UNIQUE_NO_DUPLICATE,Maktaba Al-Maknoon (PDF Archive),12149,Qafila-e-jannat ki alamat,
UNIQUE_NO_DUPLICATE,Maktaba Al-Maknoon (PDF Archive),12150,QAFILA_E_JANNAT-KI_ALLAMAT,
KEPT_HAD_JIBREEL_DUPLICATE,Maktaba Al-Maknoon (PDF Archive),12151,QALA AQOLO RASHEDIA,
KEPT_HAD_JIBREEL_DUPLICATE,Maktaba Al-Maknoon (PDF Archive),12152,Qalb e Saleem By SHEIKH ZULFIQAR AHMAD NAQSHBANDI,
UNIQUE_NO_DUPLICATE,Maktaba Al-Maknoon (PDF Archive),12153,QALB_E_SALEEM,
UNIQUE_NO_DUPLICATE,Maktaba Al-Maknoon (PDF Archive),12154,Qamoos_ul_Fiqah_Vol_1,
UNIQUE_NO_DUPLICATE,Maktaba Al-Maknoon (PDF Archive),12155,Qamoos_ul_Fiqah_Vol_2,
UNIQUE_NO_DUPLICATE,Maktaba Al-Maknoon (PDF Archive),12156,Qamoos_ul_Fiqah_Vol_3,
UNIQUE_NO_DUPLICATE,Maktaba Al-Maknoon (PDF Archive),12157,Qamoos_ul_Fiqah_Vol_4,
UNIQUE_NO_DUPLICATE,Maktaba Al-Maknoon (PDF Archive),12158,Qamoos_ul_Fiqah_Vol_5,
UNIQUE_NO_DUPLICATE,Maktaba Al-Maknoon (PDF Archive),12159,Qamoosul Fiqh Jild 1,
UNIQUE_NO_DUPLICATE,Maktaba Al-Maknoon (PDF Archive),12160,Qamoosul Fiqh Jild 2,
UNIQUE_NO_DUPLICATE,Maktaba Al-Maknoon (PDF Archive),12161,Qamoosul Fiqh Jild 3,
UNIQUE_NO_DUPLICATE,Maktaba Al-Maknoon (PDF Archive),12162,Qamoosul Fiqh Jild 4,
UNIQUE_NO_DUPLICATE,Maktaba Al-Maknoon (PDF Archive),12163,Qamoosul Fiqh Jild 5,
KEPT_HAD_JIBREEL_DUPLICATE,Maktaba Al-Maknoon (PDF Archive),12164,Qasaidd-e-Qasmi,
KEPT_HAD_JIBREEL_DUPLICATE,Maktaba Al-Maknoon (PDF Archive),12165,Qasas ul Ambiya By Ibn e Katheer (RA),
KEPT_HAD_JIBREEL_DUPLICATE,Maktaba Al-Maknoon (PDF Archive),12166,QASAS UL NABIYYEN VOL 1 NASHRIAT E ISLAM,
KEPT_HAD_JIBREEL_DUPLICATE,Maktaba Al-Maknoon (PDF Archive),12167,QASAS UL NABIYYEN VOL 2 NASHRIAT E ISLAM,
KEPT_HAD_JIBREEL_DUPLICATE,Maktaba Al-Maknoon (PDF Archive),12168,QASAS UL NABIYYEN VOL 3 NASHRIAT E ISLAM,
KEPT_HAD_JIBREEL_DUPLICATE,Maktaba Al-Maknoon (PDF Archive),12169,QASAS UL NABIYYEN VOL 4 NASHRIAT E ISLAM,
KEPT_HAD_JIBREEL_DUPLICATE,Maktaba Al-Maknoon (PDF Archive),12170,QASAS UL NABIYYEN VOL 5 NASHRIAT E ISLAM,
KEPT_HAD_JIBREEL_DUPLICATE,Maktaba Al-Maknoon (PDF Archive),12171,Qasas-Ul-Ambiya (Version 2) by-Ibn-e-Katheer-r-a,
UNIQUE_NO_DUPLICATE,Maktaba Al-Maknoon (PDF Archive),12172,QASAS_UL_AMBIYA,
UNIQUE_NO_DUPLICATE,Maktaba Al-Maknoon (PDF Archive),12173,QASAS_UL_QURAN_VOL_1_2,
UNIQUE_NO_DUPLICATE,Maktaba Al-Maknoon (PDF Archive),12174,QASAS_UL_QURAN_VOL_3_4,
KEPT_HAD_JIBREEL_DUPLICATE,Maktaba Al-Maknoon (PDF Archive),12175,Qasd us Sabeel By Sheikh Ashraf Ali Thanvi,
KEPT_HAD_JIBREEL_DUPLICATE,Maktaba Al-Maknoon (PDF Archive),12176,Qaseeda Hassan Bin Sabit (r.a),
UNIQUE_NO_DUPLICATE,Maktaba Al-Maknoon (PDF Archive),12177,Qaseeda_Tooba_Complete,
KEPT_HAD_JIBREEL_DUPLICATE,Maktaba Al-Maknoon (PDF Archive),12178,Qasidah-Husna,
KEPT_HAD_JIBREEL_DUPLICATE,Maktaba Al-Maknoon (PDF Archive),12179,Qasim Al Uloom Wal Khairat By SYED NAFEES UL HUSAINI (R.A),
KEPT_HAD_JIBREEL_DUPLICATE,Maktaba Al-Maknoon (PDF Archive),12180,Qasim bin Qatlubgha,
KEPT_HAD_JIBREEL_DUPLICATE,Maktaba Al-Maknoon (PDF Archive),12181,Qatraat ul Itr By SHEIKH MUHAMMAD MEHMOOD ALAM SAFDAR,
KEPT_HAD_JIBREEL_DUPLICATE,Maktaba Al-Maknoon (PDF Archive),12182,qaumi-digest,
KEPT_HAD_JIBREEL_DUPLICATE,Maktaba Al-Maknoon (PDF Archive),12183,QAWANEEN E ZARADI RASHEDIA,
KEPT_HAD_JIBREEL_DUPLICATE,Maktaba Al-Maknoon (PDF Archive),12184,Qayamat Kab Aaey Gi By Sheikh Ashiq Ilahi Madni (r.a),
UNIQUE_NO_DUPLICATE,Maktaba Al-Maknoon (PDF Archive),12185,Qayamat ki nishanian,
KEPT_HAD_JIBREEL_DUPLICATE,Maktaba Al-Maknoon (PDF Archive),12186,Qirat Khalaf ul Imam Sahih Bukhari Ki Roshni Mein By SHEIKH SYED FAKHRUDDIN AHMAD (R.A),
UNIQUE_NO_DUPLICATE,Maktaba Al-Maknoon (PDF Archive),12187,Qiyamat,
UNIQUE_NO_DUPLICATE,Maktaba Al-Maknoon (PDF Archive),12188,QOMIYAT_O_SOBAIYT,
KEPT_HAD_JIBREEL_DUPLICATE,Maktaba Al-Maknoon (PDF Archive),12189,"Quaid e Azam, Nazriyya Pakistan Aur Islami Nizam  Modudi Ki Nazar Mein By SHEIKH MUHAMMAD ISHFAQ AHMAD",
KEPT_HAD_JIBREEL_DUPLICATE,Maktaba Al-Maknoon (PDF Archive),12190,Quaid e Qadiyan By Sheikh Ashraf Ali Thanvi (r.a),
KEPT_HAD_JIBREEL_DUPLICATE,Maktaba Al-Maknoon (PDF Archive),12191,Qubooliyat Challenge Mubahla By Hafiz Bashir Ahmad Misri,
KEPT_HAD_JIBREEL_DUPLICATE,Maktaba Al-Maknoon (PDF Archive),12192,Quma Aur Jalsa Main Itminan Ka Wajoob Aur In Dono Main Azkar Ka Saboot By Sheikh Fazlur Rahman Azmi,
KEPT_HAD_JIBREEL_DUPLICATE,Maktaba Al-Maknoon (PDF Archive),12193,Qunoot e Naazla By Abu Yahya,
KEPT_HAD_JIBREEL_DUPLICATE,Maktaba Al-Maknoon (PDF Archive),12194,Quran (15 Lines) Full,
KEPT_HAD_JIBREEL_DUPLICATE,Maktaba Al-Maknoon (PDF Archive),12195,Quran (16 LINES) FULL,
KEPT_HAD_JIBREEL_DUPLICATE,Maktaba Al-Maknoon (PDF Archive),12197,Quran aur Bible - Science Ki Roshni Mein By DR. ZAKIR NAIK,
KEPT_HAD_JIBREEL_DUPLICATE,Maktaba Al-Maknoon (PDF Archive),12198,Quran Aur Farooq e Azam By SHEIKH MUFTI ISMATULLAH,
KEPT_HAD_JIBREEL_DUPLICATE,Maktaba Al-Maknoon (PDF Archive),12199,Quran Ka Mutalea Kaisay By SHEIKH MUHAMMAD OWAIS NADVI,
KEPT_HAD_JIBREEL_DUPLICATE,Maktaba Al-Maknoon (PDF Archive),12200,Quran Ka Peghaam By SHEIKH MUHAMMAD SHAHABUDDIN NADVI,
UNIQUE_NO_DUPLICATE,Maktaba Al-Maknoon (PDF Archive),12201,Quran Khawani aur esal-e-sawab,
KEPT_HAD_JIBREEL_DUPLICATE,Maktaba Al-Maknoon (PDF Archive),12202,Quran Majeed K Adbi Asrar o Ramooz By SHEIKH ZULFIQAR AHMAD NAQSHBANDI,
KEPT_HAD_JIBREEL_DUPLICATE,Maktaba Al-Maknoon (PDF Archive),12203,Quran o Hadith Ke Khilaf Ghair Muqallideen Ke 50 Masail By SHEIKH MUFTI SYED MEHDI HASAN SHAHJAHANPURI,
KEPT_HAD_JIBREEL_DUPLICATE,Maktaba Al-Maknoon (PDF Archive),12204,Quran o Sunnat Ki Roshni Mein Eesaal e Sawab Ka Saboot by SHEIKH MUHAMMAD JAVED USMAN MEMON,
KEPT_HAD_JIBREEL_DUPLICATE,Maktaba Al-Maknoon (PDF Archive),12205,Quran With Urdu Translation By SHEIKH FATEH MUHAMMAD JALANDHRI,
KEPT_HAD_JIBREEL_DUPLICATE,Maktaba Al-Maknoon (PDF Archive),12206,Quran Words,
UNIQUE_NO_DUPLICATE,Maktaba Al-Maknoon (PDF Archive),12207,QURAN_PAK_MEIN_SHARAAB_KAY_HARAAM_HONAY_KA_SUBOOT,
UNIQUE_NO_DUPLICATE,Maktaba Al-Maknoon (PDF Archive),12208,QURANIC_SCIENCES,
UNIQUE_NO_DUPLICATE,Maktaba Al-Maknoon (PDF Archive),12209,qurb_e_ilahi_ki_manzilain,
UNIQUE_NO_DUPLICATE,Maktaba Al-Maknoon (PDF Archive),12210,QURB_E_ILLAHI_KI_MANZILAIN,
KEPT_HAD_JIBREEL_DUPLICATE,Maktaba Al-Maknoon (PDF Archive),12211,Qurbani e Kaamil by SHEIKH ASHRAF ALI THANVI (RA),
KEPT_HAD_JIBREEL_DUPLICATE,Maktaba Al-Maknoon (PDF Archive),12212,Qurbani k Fazail O Masail By SHEIKH ABDUR RAUF SAKHARVI,
KEPT_HAD_JIBREEL_DUPLICATE,Maktaba Al-Maknoon (PDF Archive),12213,Qurbani Kay Masail By SHEIKH MUHAMMAD YUSUF LUDHYANVI (RA),
KEPT_HAD_JIBREEL_DUPLICATE,Maktaba Al-Maknoon (PDF Archive),12214,Qurbani Ke Ahkam o Masail By SHEIKH WALI HASAN TONKI (R.A),
KEPT_HAD_JIBREEL_DUPLICATE,Maktaba Al-Maknoon (PDF Archive),12215,Qurbani o Zulhijjah Ke Fazail o Masail By SHEIKH MUFTI ABDUR RAUF SAKHARVI,
UNIQUE_NO_DUPLICATE,Maktaba Al-Maknoon (PDF Archive),12216,QURRAT_UL_UYOON_FI_TAZKIRA'TIL_FUNOON,
UNIQUE_NO_DUPLICATE,Maktaba Al-Maknoon (PDF Archive),12217,QURRAT_UL_UYOON_FI_TAZKIRATIL_FUNOON,
KEPT_HAD_JIBREEL_DUPLICATE,Maktaba Al-Maknoon (PDF Archive),12218,Qutub e Sawat By SHEIKH SYED NAFEES UL HUSAINI (R.A),
KEPT_HAD_JIBREEL_DUPLICATE,Maktaba Al-Maknoon (PDF Archive),12219,QUWAT UL AKHYAR VOL 1 2 QADEMI,
UNIQUE_NO_DUPLICATE,Maktaba Al-Maknoon (PDF Archive),12220,RAAH_E_AMAL_VOL_1,
UNIQUE_NO_DUPLICATE,Maktaba Al-Maknoon (PDF Archive),12221,RAAH_E_AMAL_VOL_2,
KEPT_HAD_JIBREEL_DUPLICATE,Maktaba Al-Maknoon (PDF Archive),12222,RABI UL AWWAL MUHABBAT KE AINAY MEIN BY SHEIKH MUFTI RASHEED AHMAD LUDHYANVI (RA),
KEPT_HAD_JIBREEL_DUPLICATE,Maktaba Al-Maknoon (PDF Archive),12223,Rabiul Awwal Mein Josh e Muhabbat By SHEIKH RASHEED AHMAD LUDHYANVI (R.A),
KEPT_HAD_JIBREEL_DUPLICATE,Maktaba Al-Maknoon (PDF Archive),12224,rabwa-aur-qad-jo-hum-ny-daikha,
KEPT_HAD_JIBREEL_DUPLICATE,Maktaba Al-Maknoon (PDF Archive),12225,rabwa-ki-purisraar-kahanian,
UNIQUE_NO_DUPLICATE,Maktaba Al-Maknoon (PDF Archive),12226,Racial_Prejudice_and_Its_Cure,
KEPT_HAD_JIBREEL_DUPLICATE,Maktaba Al-Maknoon (PDF Archive),12227,rad-qad-kay-zareen-asool,
KEPT_HAD_JIBREEL_DUPLICATE,Maktaba Al-Maknoon (PDF Archive),12228,Radd e Rawaafiz (Mujaddid Alif Sani Shaikh Ahmad Sarhindi),
UNIQUE_NO_DUPLICATE,Maktaba Al-Maknoon (PDF Archive),12229,RADD_E_QADYANIYAT_KAY_ZARREN_USOOL,
KEPT_HAD_JIBREEL_DUPLICATE,Maktaba Al-Maknoon (PDF Archive),12230,raees-qad,
KEPT_HAD_JIBREEL_DUPLICATE,Maktaba Al-Maknoon (PDF Archive),12231,Rafa e Yadain Sahih Bukhari Ki Roshni Mein By SHEIKH SYED FAKHRUDDIN AHMAD (R.A),
KEPT_HAD_JIBREEL_DUPLICATE,Maktaba Al-Maknoon (PDF Archive),12232,Rafa Yadain Ki Chaar Rivayaat Ki Tehqeeq,
KEPT_HAD_JIBREEL_DUPLICATE,Maktaba Al-Maknoon (PDF Archive),12233,Rafzeat By SHEIKH IMAM IBN E TAYMIA,
KEPT_HAD_JIBREEL_DUPLICATE,Maktaba Al-Maknoon (PDF Archive),12234,Rah e Aafiat By Nizam Education Society,
KEPT_HAD_JIBREEL_DUPLICATE,Maktaba Al-Maknoon (PDF Archive),12235,Rah e Aitedaal by Sheikh Muhammad Waseem Mewati,
KEPT_HAD_JIBREEL_DUPLICATE,Maktaba Al-Maknoon (PDF Archive),12236,Rah e Aman By SUFI ABDUR RAHMAN,
KEPT_HAD_JIBREEL_DUPLICATE,Maktaba Al-Maknoon (PDF Archive),12237,Rah e Hidayat By SHEIKH SARFRAZ KHAN SAFDAR (R.A),
KEPT_HAD_JIBREEL_DUPLICATE,Maktaba Al-Maknoon (PDF Archive),12238,Rah e Mohabbat By SHEIKH MUFTI MUKHTARUDDIN KARBOGHA SHAREEF,
KEPT_HAD_JIBREEL_DUPLICATE,Maktaba Al-Maknoon (PDF Archive),12239,RAH E SUNNAT BY SHEIKH SARFRAZ KHAN SAFDAR (R.A),
UNIQUE_NO_DUPLICATE,Maktaba Al-Maknoon (PDF Archive),12240,Rah-e-Maghfirat,
UNIQUE_NO_DUPLICATE,Maktaba Al-Maknoon (PDF Archive),12241,RAH_E_MAGHFIRAT,
KEPT_HAD_JIBREEL_DUPLICATE,Maktaba Al-Maknoon (PDF Archive),12242,RAHMAT_TULLAH_HIL_WASIAH_VOL_1,
UNIQUE_NO_DUPLICATE,Maktaba Al-Maknoon (PDF Archive),12243,RAHMAT_TULLAH_HIL_WASIAH_VOL_3,
UNIQUE_NO_DUPLICATE,Maktaba Al-Maknoon (PDF Archive),12244,RAHMAT_TULLAH_HIL_WASIAH_VOL_4,
UNIQUE_NO_DUPLICATE,Maktaba Al-Maknoon (PDF Archive),12245,RAHMAT_TULLAH_HIL_WASIAH_VOL_5,
KEPT_HAD_JIBREEL_DUPLICATE,Maktaba Al-Maknoon (PDF Archive),12246,Rahmatul Lil Aalameen (FULL) QAZI MUHAMMAD SULAIMAN SALMAN MANSOORPURI,
KEPT_HAD_JIBREEL_DUPLICATE,Maktaba Al-Maknoon (PDF Archive),12247,Rahnuma e Islami Naam (Islamic Names) By Sheikh Mufti Abdush Shakoor Qasmi (r.a),
KEPT_HAD_JIBREEL_DUPLICATE,Maktaba Al-Maknoon (PDF Archive),12248,Rahnuma e Tableeghi Safar Aur 6 Number,
KEPT_HAD_JIBREEL_DUPLICATE,Maktaba Al-Maknoon (PDF Archive),12249,Rakaat e Taravih Aik Tahqiqi Jaiza By SHEIKH ZAHOOR AHMAD HUSAINI,
KEPT_HAD_JIBREEL_DUPLICATE,Maktaba Al-Maknoon (PDF Archive),12250,RAMADHAN FAZAEL O MASAEL By SHEIKH ASHIQ ILAHI BULAND SHEHRI,
KEPT_HAD_JIBREEL_DUPLICATE,Maktaba Al-Maknoon (PDF Archive),12251,RAMADHAN KA AAKHRI DIN AUR JAHANNUM KA TAZKIRAH By SHEIKH ABDUR RAUF SAKHARVI,
KEPT_HAD_JIBREEL_DUPLICATE,Maktaba Al-Maknoon (PDF Archive),12252,Ramadhan Ki Teen Ibadatain by SHEIKH ASHRAF ALI THANVI (RA),
KEPT_HAD_JIBREEL_DUPLICATE,Maktaba Al-Maknoon (PDF Archive),12253,RAMADHAN KIS TARAH GUZARAIN By SHEIKH MUFTI TAQI USMANI,
KEPT_HAD_JIBREEL_DUPLICATE,Maktaba Al-Maknoon (PDF Archive),12254,Ramooz e Bekhudi (Urdu Manzoom Tarjumah) By Allama Muhammad Iqbal (r.a),
KEPT_HAD_JIBREEL_DUPLICATE,Maktaba Al-Maknoon (PDF Archive),12255,Ramzan al Mubarik by SHEIKH ASHRAF ALI THANVI (RA).pdf,
KEPT_HAD_JIBREEL_DUPLICATE,Maktaba Al-Maknoon (PDF Archive),12256,Ramzan Se Qabal by SHEIKH DR ABDULHAI ARIFI (RA),
UNIQUE_NO_DUPLICATE,Maktaba Al-Maknoon (PDF Archive),12257,RAOZA_TUT_TAABEER,
KEPT_HAD_JIBREEL_DUPLICATE,Maktaba Al-Maknoon (PDF Archive),12258,Ras ul Rabieen by SHEIKH ASHRAF ALI THANVI (RA),
KEPT_HAD_JIBREEL_DUPLICATE,Maktaba Al-Maknoon (PDF Archive),12259,Rasaail e Qasmi By SHEIKH MUHAMMAD ZIA UL QASMI (RA),
UNIQUE_NO_DUPLICATE,Maktaba Al-Maknoon (PDF Archive),12260,RASAIL_E_IMAM_GHAZALI_VOL_2,
UNIQUE_NO_DUPLICATE,Maktaba Al-Maknoon (PDF Archive),12261,RASAIL_E_IMAM_GHAZALI_VOL_3,
KEPT_HAD_JIBREEL_DUPLICATE,Maktaba Al-Maknoon (PDF Archive),12262,Rasool e Akram (SAW) Ba Hesiat e Tajir By HAFIZ MUHAMMAD ARIF GHANJI,
UNIQUE_NO_DUPLICATE,Maktaba Al-Maknoon (PDF Archive),12263,RASOOL_E_AKRAM_(S.A.W)_KAY_DIN_RAT_KAY_AAMAAL,
UNIQUE_NO_DUPLICATE,Maktaba Al-Maknoon (PDF Archive),12264,RASOOL_ULLAH_KI_NAZAR_MEN_DUNYA_KI_HAQIQAT,
KEPT_HAD_JIBREEL_DUPLICATE,Maktaba Al-Maknoon (PDF Archive),12265,Raza Khani Mazhab VOL 1 By ALLAMA SAEED AHMAD QADRI,
KEPT_HAD_JIBREEL_DUPLICATE,Maktaba Al-Maknoon (PDF Archive),12266,Raza Khani Mazhab VOL 2 By ALLAMA SAEED AHMAD QADRI,
KEPT_HAD_JIBREEL_DUPLICATE,Maktaba Al-Maknoon (PDF Archive),12267,Raza Khani Mazhab VOL 3 By ALLAMA SAEED AHMAD QADRI,
KEPT_HAD_JIBREEL_DUPLICATE,Maktaba Al-Maknoon (PDF Archive),12268,Raza Khaniyon Ki Kufr Saazian By Sheikh Noor Muhammad Mazahiri (r.a),
UNIQUE_NO_DUPLICATE,Maktaba Al-Maknoon (PDF Archive),12269,Reformation_of_Character,
KEPT_HAD_JIBREEL_DUPLICATE,Maktaba Al-Maknoon (PDF Archive),12270,Rehan e Itrat By SHEIKH SYED NAFEES AL HUSAINI (R.A),
KEPT_HAD_JIBREEL_DUPLICATE,Maktaba Al-Maknoon (PDF Archive),12271,Rehmat e Aalam By SHEIKH SYED SULAIMAN NADVI (R.A),
KEPT_HAD_JIBREEL_DUPLICATE,Maktaba Al-Maknoon (PDF Archive),12272,Rehzan Ki Pehchan By SHEIKH HAQ NAWAZ JHANGVI (R.A),
KEPT_HAD_JIBREEL_DUPLICATE,Maktaba Al-Maknoon (PDF Archive),12273,RIAZ UL SALIHEEN AL BUSHRA,
KEPT_HAD_JIBREEL_DUPLICATE,Maktaba Al-Maknoon (PDF Archive),12274,RIAZ UL SALIHEEN QADEMI,
UNIQUE_NO_DUPLICATE,Maktaba Al-Maknoon (PDF Archive),12275,RIJAAL_US_SINDI_WAL_HIND,
UNIQUE_NO_DUPLICATE,Maktaba Al-Maknoon (PDF Archive),12276,Rizk e Halal,
UNIQUE_NO_DUPLICATE,Maktaba Al-Maknoon (PDF Archive),12277,ROHANI_SABAQ,
KEPT_HAD_JIBREEL_DUPLICATE,Maktaba Al-Maknoon (PDF Archive),12278,Rooh e Ala Hazrat Ki Faryad By SYED ZAHEERUDDIN KHAN QADRI,
UNIQUE_NO_DUPLICATE,Maktaba Al-Maknoon (PDF Archive),12279,ROOH_E_SULOOK,
UNIQUE_NO_DUPLICATE,Maktaba Al-Maknoon (PDF Archive),12280,ROOH_KI_BEEMARIAN_AUR_US_KA_ILLAJ,
UNIQUE_NO_DUPLICATE,Maktaba Al-Maknoon (PDF Archive),12281,rooh_ki_bemariyan,
UNIQUE_NO_DUPLICATE,Maktaba Al-Maknoon (PDF Archive),12282,ROOH_KI_BEMARIYAN_OR_UNKA_ELAAJ_VOL_1,
UNIQUE_NO_DUPLICATE,Maktaba Al-Maknoon (PDF Archive),12283,ROOH_KI_BIMARIYAN_OR_UNKA_ELAAJ,
UNIQUE_NO_DUPLICATE,Maktaba Al-Maknoon (PDF Archive),12284,ROOHANI_MUAALIJ_VOL_1,
UNIQUE_NO_DUPLICATE,Maktaba Al-Maknoon (PDF Archive),12285,ROOHANI_MUAALIJ_VOL_2,
KEPT_HAD_JIBREEL_DUPLICATE,Maktaba Al-Maknoon (PDF Archive),12286,Royat e Hilal BY SHEIKH MUFTI MUHAMMAD SHAFI (RA),
KEPT_HAD_JIBREEL_DUPLICATE,Maktaba Al-Maknoon (PDF Archive),12287,ROZA HAM SE KIA MUTALBA KARTA HAI By SHEIKH MUFTI TAQI USMANI,
UNIQUE_NO_DUPLICATE,Maktaba Al-Maknoon (PDF Archive),12288,Roza k 70 masail,
KEPT_HAD_JIBREEL_DUPLICATE,Maktaba Al-Maknoon (PDF Archive),12289,ROZA TUT TALIBEEN ZAMZAM,
KEPT_HAD_JIBREEL_DUPLICATE,Maktaba Al-Maknoon (PDF Archive),12290,RUHAMAA_O_BAINAHUM_VOL_1,
KEPT_HAD_JIBREEL_DUPLICATE,Maktaba Al-Maknoon (PDF Archive),12291,RUHAMAA_O_BAINAHUM_VOL_2,
KEPT_HAD_JIBREEL_DUPLICATE,Maktaba Al-Maknoon (PDF Archive),12292,RUHAMAA_O_BAINAHUM_VOL_3,
KEPT_HAD_JIBREEL_DUPLICATE,Maktaba Al-Maknoon (PDF Archive),12293,RUHAMAA_O_BAINAHUM_VOL_4,
KEPT_HAD_JIBREEL_DUPLICATE,Maktaba Al-Maknoon (PDF Archive),12294,Saal Bhar Ke Masnoon Aamaal By SHEIKH SHAH ASHRAF ALI THANVI (R.A),
KEPT_HAD_JIBREEL_DUPLICATE,Maktaba Al-Maknoon (PDF Archive),12295,Saat Masail By SHEIKH MUFTI RASHEED AHMAD LUDHYANVI (R.A),
UNIQUE_NO_DUPLICATE,Maktaba Al-Maknoon (PDF Archive),12296,SAATH_ULOOM,
UNIQUE_NO_DUPLICATE,Maktaba Al-Maknoon (PDF Archive),12298,SABAQ_AMOOZ_KARGUZARIYAN,
UNIQUE_NO_DUPLICATE,Maktaba Al-Maknoon (PDF Archive),12299,Sabar aur maqam-e-Siddiqeen,
KEPT_HAD_JIBREEL_DUPLICATE,Maktaba Al-Maknoon (PDF Archive),12300,Sabeel ur Rashaad Fi Tehqeeq Talafuz iz Zaud By SHEIKH QARI MUHAMMAD SHAREEF,
KEPT_HAD_JIBREEL_DUPLICATE,Maktaba Al-Maknoon (PDF Archive),12301,saboot,
UNIQUE_NO_DUPLICATE,Maktaba Al-Maknoon (PDF Archive),12302,SABOOT_E_QAYAMAT_AUR_AUS_KAY_DALAAIL,
UNIQUE_NO_DUPLICATE,Maktaba Al-Maknoon (PDF Archive),12303,saboot_e_qayamat_or_is_k_dalail,
UNIQUE_NO_DUPLICATE,Maktaba Al-Maknoon (PDF Archive),12304,SABR_AUR_MAQAM_E_SIDDIQEEN,
UNIQUE_NO_DUPLICATE,Maktaba Al-Maknoon (PDF Archive),12305,sabr_aur_muqam_e_siddiqeen,
UNIQUE_NO_DUPLICATE,Maktaba Al-Maknoon (PDF Archive),12306,SADQY_KI_BARAKAT_OR_SOOD_KI_TABAH_KARIYAN,
KEPT_HAD_JIBREEL_DUPLICATE,Maktaba Al-Maknoon (PDF Archive),12307,Sadr e Awwal Ke Mufassireen e Quran By SHEIKH MUFTI ZAR WALI KHAN,
KEPT_HAD_JIBREEL_DUPLICATE,Maktaba Al-Maknoon (PDF Archive),12308,SADRA RASHEDIA,
UNIQUE_NO_DUPLICATE,Maktaba Al-Maknoon (PDF Archive),12309,SAFAR_NAMAH_ASEER_E_MALTA,
UNIQUE_NO_DUPLICATE,Maktaba Al-Maknoon (PDF Archive),12310,SAFAR_NAMAH_RANGOON_O_DHAKA,
UNIQUE_NO_DUPLICATE,Maktaba Al-Maknoon (PDF Archive),12311,SAFHA_E_AALAM_PAR_TAREKHE_NUQOOSH,
KEPT_HAD_JIBREEL_DUPLICATE,Maktaba Al-Maknoon (PDF Archive),12312,Safon Ki Durustgi...Ba Jamaat Namazon Ka Lazmi Taqaza,
KEPT_HAD_JIBREEL_DUPLICATE,Maktaba Al-Maknoon (PDF Archive),12313,Sahaba E Karam Ke Barey Mein Ghair Muqallideen Ka Nuqta E Nazar By SHEIKH MUHAMMAD ABUBAKR GHAZIPURI,
KEPT_HAD_JIBREEL_DUPLICATE,Maktaba Al-Maknoon (PDF Archive),12314,Sahaba Karam Aur Un Par Tanqeed By SHEIKH MUHAMMAD ABDULLAH,
UNIQUE_NO_DUPLICATE,Maktaba Al-Maknoon (PDF Archive),12315,SAHABA_E_KIRAAM_KAY_JANGI_MAARIKY,
UNIQUE_NO_DUPLICATE,Maktaba Al-Maknoon (PDF Archive),12316,SAHABA_E_KIRAAM_KI_FUTOHAAT,
KEPT_HAD_JIBREEL_DUPLICATE,Maktaba Al-Maknoon (PDF Archive),12317,Sahabah (RA) Ka Taaruf By SHEIKH ABU REHAN ZIAUR RAHMAN FAROOQI (RA),
KEPT_HAD_JIBREEL_DUPLICATE,Maktaba Al-Maknoon (PDF Archive),12318,SAHI AL BUKHARI VOL 1 ALTAF AND SONS,
KEPT_HAD_JIBREEL_DUPLICATE,Maktaba Al-Maknoon (PDF Archive),12319,SAHI AL BUKHARI VOL 1 QADEMI,
KEPT_HAD_JIBREEL_DUPLICATE,Maktaba Al-Maknoon (PDF Archive),12320,SAHI AL BUKHARI VOL 1 RAHMANIA,
KEPT_HAD_JIBREEL_DUPLICATE,Maktaba Al-Maknoon (PDF Archive),12321,SAHI AL BUKHARI VOL 2 ALTAF AND SONS,
KEPT_HAD_JIBREEL_DUPLICATE,Maktaba Al-Maknoon (PDF Archive),12322,SAHI AL BUKHARI VOL 2 QADEMI,
KEPT_HAD_JIBREEL_DUPLICATE,Maktaba Al-Maknoon (PDF Archive),12323,SAHI AL BUKHARI VOL 2 RAHMANIA,
UNIQUE_NO_DUPLICATE,Maktaba Al-Maknoon (PDF Archive),12324,SAHI_MUSLIM_SHAREEF_VOL_1_part1,
UNIQUE_NO_DUPLICATE,Maktaba Al-Maknoon (PDF Archive),12325,SAHI_MUSLIM_SHAREEF_VOL_1_part2,
UNIQUE_NO_DUPLICATE,Maktaba Al-Maknoon (PDF Archive),12326,SAHI_MUSLIM_SHAREEF_VOL_2_part1,
UNIQUE_NO_DUPLICATE,Maktaba Al-Maknoon (PDF Archive),12327,SAHI_MUSLIM_SHAREEF_VOL_2_part2,
KEPT_HAD_JIBREEL_DUPLICATE,Maktaba Al-Maknoon (PDF Archive),12328,SAHI_MUSLIM_SHAREEF_VOL_3,
KEPT_HAD_JIBREEL_DUPLICATE,Maktaba Al-Maknoon (PDF Archive),12329,Sahih Aur Munasib Musafat e Qasar By Sheikh Fazlur Rahman Azmi,
KEPT_HAD_JIBREEL_DUPLICATE,Maktaba Al-Maknoon (PDF Archive),12330,Sahih ul Bukhari Vol 01 Part 01 By SHEIKH ZAHOOR UL BARI AZAMI,
KEPT_HAD_JIBREEL_DUPLICATE,Maktaba Al-Maknoon (PDF Archive),12331,Sahih ul Bukhari Vol 01 Part 02 By SHEIKH ZAHOOR UL BARI AZAMI,
KEPT_HAD_JIBREEL_DUPLICATE,Maktaba Al-Maknoon (PDF Archive),12332,Sahih ul Bukhari Vol 01 Part 03 By SHEIKH ZAHOOR UL BARI AZAMI,
KEPT_HAD_JIBREEL_DUPLICATE,Maktaba Al-Maknoon (PDF Archive),12333,Sahih ul Bukhari Vol 01 Part 04 By SHEIKH ZAHOOR UL BARI AZAMI,
KEPT_HAD_JIBREEL_DUPLICATE,Maktaba Al-Maknoon (PDF Archive),12334,Sahih ul Bukhari Vol 02 Part 01 By SHEIKH ZAHOOR UL BARI AZAMI,
KEPT_HAD_JIBREEL_DUPLICATE,Maktaba Al-Maknoon (PDF Archive),12335,Sahih ul Bukhari Vol 02 Part 02 By SHEIKH ZAHOOR UL BARI AZAMI,
KEPT_HAD_JIBREEL_DUPLICATE,Maktaba Al-Maknoon (PDF Archive),12336,Sahih ul Bukhari Vol 02 Part 03 By SHEIKH ZAHOOR UL BARI AZAMI,
KEPT_HAD_JIBREEL_DUPLICATE,Maktaba Al-Maknoon (PDF Archive),12337,Sahih ul Bukhari Vol 02 Part 04 By SHEIKH ZAHOOR UL BARI AZAMI,
KEPT_HAD_JIBREEL_DUPLICATE,Maktaba Al-Maknoon (PDF Archive),12338,Sahih ul Bukhari Vol 03 Part 01 By SHEIKH ZAHOOR UL BARI AZAMI,
KEPT_HAD_JIBREEL_DUPLICATE,Maktaba Al-Maknoon (PDF Archive),12339,Sahih ul Bukhari Vol 03 Part 02 By SHEIKH ZAHOOR UL BARI AZAMI,
KEPT_HAD_JIBREEL_DUPLICATE,Maktaba Al-Maknoon (PDF Archive),12340,Sahih ul Bukhari Vol 03 Part 03 By SHEIKH ZAHOOR UL BARI AZAMI,
KEPT_HAD_JIBREEL_DUPLICATE,Maktaba Al-Maknoon (PDF Archive),12341,saif-chistiai,
UNIQUE_NO_DUPLICATE,Maktaba Al-Maknoon (PDF Archive),12342,Sajda sahv k masail,
KEPT_HAD_JIBREEL_DUPLICATE,Maktaba Al-Maknoon (PDF Archive),12343,Salafi Kon Hanafi Ya Ghair Muqallid By SHEIKH HAFIZ ABDUL JABBAR SALAFI,
KEPT_HAD_JIBREEL_DUPLICATE,Maktaba Al-Maknoon (PDF Archive),12344,Salat ut Tasbeeh Ke Fazail o Masail By Sheikh Mufti Abdur Rauf Sakharvi,
UNIQUE_NO_DUPLICATE,Maktaba Al-Maknoon (PDF Archive),12346,Sama-e-Motaa,
KEPT_HAD_JIBREEL_DUPLICATE,Maktaba Al-Maknoon (PDF Archive),12347,Saniha Makkah Mukarrama,
KEPT_HAD_JIBREEL_DUPLICATE,Maktaba Al-Maknoon (PDF Archive),12348,SARF E BAHAI QADEMI,
UNIQUE_NO_DUPLICATE,Maktaba Al-Maknoon (PDF Archive),12349,SARF E MEER AL BUSHRA COLOR,
KEPT_HAD_JIBREEL_DUPLICATE,Maktaba Al-Maknoon (PDF Archive),12350,SARF E MEER AL BUSHRA,
KEPT_HAD_JIBREEL_DUPLICATE,Maktaba Al-Maknoon (PDF Archive),12351,SARF E MEER HAQQANIA,
UNIQUE_NO_DUPLICATE,Maktaba Al-Maknoon (PDF Archive),12352,SARON_KAY_SAODY,
KEPT_HAD_JIBREEL_DUPLICATE,Maktaba Al-Maknoon (PDF Archive),12353,Saudia Ki Majlis e Kubbaar Ulama Ka Faisla (Teen Talaq Teen Hoti Hai),
KEPT_HAD_JIBREEL_DUPLICATE,Maktaba Al-Maknoon (PDF Archive),12354,Sawaiq al-Muhriqah,
KEPT_HAD_JIBREEL_DUPLICATE,Maktaba Al-Maknoon (PDF Archive),12355,SAWAL E BASOLI RASHEDIA,
KEPT_HAD_JIBREEL_DUPLICATE,Maktaba Al-Maknoon (PDF Archive),12356,SAWAL E KABULI RASHEDIA,
UNIQUE_NO_DUPLICATE,Maktaba Al-Maknoon (PDF Archive),12357,SAWAL_O_JAWAB_VOL_1,
UNIQUE_NO_DUPLICATE,Maktaba Al-Maknoon (PDF Archive),12358,SAWAL_O_JAWAB_VOL_2,
UNIQUE_NO_DUPLICATE,Maktaba Al-Maknoon (PDF Archive),12359,SAWAL_O_JAWAB_VOL_3,
UNIQUE_NO_DUPLICATE,Maktaba Al-Maknoon (PDF Archive),12360,SAWAL_O_JAWAB_VOL_4,
KEPT_HAD_JIBREEL_DUPLICATE,Maktaba Al-Maknoon (PDF Archive),12361,Sawaneh Qasmi (r.a) Vol 2 by Sheikh Manazir Ahsan Gilani (r.a),
KEPT_HAD_JIBREEL_DUPLICATE,Maktaba Al-Maknoon (PDF Archive),12362,Sawaneh Sheikh Abdul Qadir Raipuri (R.A) By SHEIKH ABUL HASAN ALI NADVI (R.A),
KEPT_HAD_JIBREEL_DUPLICATE,Maktaba Al-Maknoon (PDF Archive),12363,Sawaneh Sheikh-ul-Hadith Molana Abdul Haq By SHEIKH ABDUL QAYYUM HAQQANI,
KEPT_HAD_JIBREEL_DUPLICATE,Maktaba Al-Maknoon (PDF Archive),12364,Sawaneh Syed Ataullah Shah Bukhari (RA) By Shorish Kashmiri,
UNIQUE_NO_DUPLICATE,Maktaba Al-Maknoon (PDF Archive),12365,SAWANEH_HAZRAT_MULANA_MUHAMMAD_UMAR_PALAN_PORI,
UNIQUE_NO_DUPLICATE,Maktaba Al-Maknoon (PDF Archive),12366,SAWANEH_O_TALEMAAT_HAZRAT_E_AARFI,
UNIQUE_NO_DUPLICATE,Maktaba Al-Maknoon (PDF Archive),12367,SAYYED_ATA_ULLAH_SHAH_BUKHARI_SAWANEH_O_AFKAAR,
KEPT_HAD_JIBREEL_DUPLICATE,Maktaba Al-Maknoon (PDF Archive),12368,Science Aur Islam By SHEIKH HUSAIN AFANDI TARABLISI (RA),
KEPT_HAD_JIBREEL_DUPLICATE,Maktaba Al-Maknoon (PDF Archive),12369,Science Aur Technology Ki Taleem Mein Sir Syed Ka Mubayyana Hissa,
UNIQUE_NO_DUPLICATE,Maktaba Al-Maknoon (PDF Archive),12370,SEEAR_US_SAHABA_VOL_1,
UNIQUE_NO_DUPLICATE,Maktaba Al-Maknoon (PDF Archive),12371,SEEAR_US_SAHABA_VOL_2,
UNIQUE_NO_DUPLICATE,Maktaba Al-Maknoon (PDF Archive),12372,SEEAR_US_SAHABA_VOL_3,
UNIQUE_NO_DUPLICATE,Maktaba Al-Maknoon (PDF Archive),12373,SEEAR_US_SAHABA_VOL_4,
UNIQUE_NO_DUPLICATE,Maktaba Al-Maknoon (PDF Archive),12374,SEEAR_US_SAHABA_VOL_5,
UNIQUE_NO_DUPLICATE,Maktaba Al-Maknoon (PDF Archive),12375,SEEAR_US_SAHABA_VOL_6,
UNIQUE_NO_DUPLICATE,Maktaba Al-Maknoon (PDF Archive),12376,SEEAR_US_SAHABA_VOL_7,
UNIQUE_NO_DUPLICATE,Maktaba Al-Maknoon (PDF Archive),12377,SEEAR_US_SAHABA_VOL_8,
UNIQUE_NO_DUPLICATE,Maktaba Al-Maknoon (PDF Archive),12378,SEEAR_US_SAHABA_VOL_9,
KEPT_HAD_JIBREEL_DUPLICATE,Maktaba Al-Maknoon (PDF Archive),12379,Seerat e Aiemma Arbaa By SHEIKH QAZI ATHAR MUBARIKPURI (R.A),
KEPT_HAD_JIBREEL_DUPLICATE,Maktaba Al-Maknoon (PDF Archive),12380,Seerat e Hazrat Umar Bin Abdul Aziz (r.a) By Sheikh Muhammad Yusuf Ludhyanvi (r.a),
KEPT_HAD_JIBREEL_DUPLICATE,Maktaba Al-Maknoon (PDF Archive),12381,Seerat e Pak [SAW] Duaon Ki Roshni Mein By Shaykh Saeedul Zafar Rampuri,
KEPT_HAD_JIBREEL_DUPLICATE,Maktaba Al-Maknoon (PDF Archive),12382,Seerat Khatim ul Ambiya (S.A.W) By SHEIKH MUFTI MUHAMMD SHAFI (R.A),
KEPT_HAD_JIBREEL_DUPLICATE,Maktaba Al-Maknoon (PDF Archive),12383,Seerat Khulafa E Rashideen By SHEIKH ABDUSH SHAKOOR LAKHNAVI (R.A),
KEPT_HAD_JIBREEL_DUPLICATE,Maktaba Al-Maknoon (PDF Archive),12384,Seerat ul Mustafa [S.A.W] Vol 1 By Sheikh Idrees Kandhelvi (r.a),
KEPT_HAD_JIBREEL_DUPLICATE,Maktaba Al-Maknoon (PDF Archive),12385,Seerat ul Mustafa [S.A.W] Vol 2 By Sheikh Idrees Kandhelvi (r.a),
KEPT_HAD_JIBREEL_DUPLICATE,Maktaba Al-Maknoon (PDF Archive),12386,Seerat ul Mustafa [S.A.W] Vol 3 By Sheikh Idrees Kandhelvi (r.a),
KEPT_HAD_JIBREEL_DUPLICATE,Maktaba Al-Maknoon (PDF Archive),12387,Seerat un Nabi Ke Jalsay Juloos By SHEIKH MUFTI TAQI USMANI,
UNIQUE_NO_DUPLICATE,Maktaba Al-Maknoon (PDF Archive),12388,Seerat un Nabi(SAW) k JalsayoJalos,
KEPT_HAD_JIBREEL_DUPLICATE,Maktaba Al-Maknoon (PDF Archive),12389,Seerat Un Numan By Allamah Shibli Nomani (r.a),
UNIQUE_NO_DUPLICATE,Maktaba Al-Maknoon (PDF Archive),12390,SEERAT_E_AMBIYA_E_KIRAAM_VOL_1,
UNIQUE_NO_DUPLICATE,Maktaba Al-Maknoon (PDF Archive),12391,SEERAT_E_AMBIYA_E_KIRAAM_VOL_2,
UNIQUE_NO_DUPLICATE,Maktaba Al-Maknoon (PDF Archive),12392,SEERAT_E_IMAM_RABBANI,
KEPT_HAD_JIBREEL_DUPLICATE,Maktaba Al-Maknoon (PDF Archive),12393,SEERAT_E_MUSTAFA_(S.A.W)_VOL_1,
KEPT_HAD_JIBREEL_DUPLICATE,Maktaba Al-Maknoon (PDF Archive),12394,SEERAT_E_MUSTAFA_(S.A.W)_VOL_2,
KEPT_HAD_JIBREEL_DUPLICATE,Maktaba Al-Maknoon (PDF Archive),12395,SEERAT_E_MUSTAFA_(S.A.W)_VOL_3,
KEPT_HAD_JIBREEL_DUPLICATE,Maktaba Al-Maknoon (PDF Archive),12396,SEERAT_E_SARWAR_E_KAONAIN_VOL_1,
KEPT_HAD_JIBREEL_DUPLICATE,Maktaba Al-Maknoon (PDF Archive),12397,SEERAT_E_SARWAR_E_KAONAIN_VOL_2,
UNIQUE_NO_DUPLICATE,Maktaba Al-Maknoon (PDF Archive),12398,SEERAT_HAZRAT_AMEER_E_MUAVIAH,
KEPT_HAD_JIBREEL_DUPLICATE,Maktaba Al-Maknoon (PDF Archive),12399,SEERAT_UL_HALBIYAH_VOL_1,
KEPT_HAD_JIBREEL_DUPLICATE,Maktaba Al-Maknoon (PDF Archive),12400,SEERAT_UL_HALBIYAH_VOL_2,
KEPT_HAD_JIBREEL_DUPLICATE,Maktaba Al-Maknoon (PDF Archive),12401,SEERAT_UL_HALBIYAH_VOL_3,
KEPT_HAD_JIBREEL_DUPLICATE,Maktaba Al-Maknoon (PDF Archive),12402,SEERAT_UL_HALBIYAH_VOL_4,
KEPT_HAD_JIBREEL_DUPLICATE,Maktaba Al-Maknoon (PDF Archive),12403,SEERAT_UL_HALBIYAH_VOL_5,
KEPT_HAD_JIBREEL_DUPLICATE,Maktaba Al-Maknoon (PDF Archive),12404,SEERAT_UL_HALBIYAH_VOL_6,
KEPT_HAD_JIBREEL_DUPLICATE,Maktaba Al-Maknoon (PDF Archive),12405,SEERAT_UN_NABI_(S.A.W)_VOL_1,
KEPT_HAD_JIBREEL_DUPLICATE,Maktaba Al-Maknoon (PDF Archive),12406,SEERAT_UN_NABI_(S.A.W)_VOL_2,
KEPT_HAD_JIBREEL_DUPLICATE,Maktaba Al-Maknoon (PDF Archive),12407,SEERAT_UN_NABI_(S.A.W)_VOL_3,
KEPT_HAD_JIBREEL_DUPLICATE,Maktaba Al-Maknoon (PDF Archive),12408,SEERAT_UN_NABI_(S.A.W)_VOL_4,
KEPT_HAD_JIBREEL_DUPLICATE,Maktaba Al-Maknoon (PDF Archive),12409,SEERAT_UN_NABI_IBN_E_HASHHAM_VOL_1,
KEPT_HAD_JIBREEL_DUPLICATE,Maktaba Al-Maknoon (PDF Archive),12410,SEERAT_UN_NABI_IBN_E_HASHHAM_VOL_2,
KEPT_HAD_JIBREEL_DUPLICATE,Maktaba Al-Maknoon (PDF Archive),12411,SEERAT_UN_NABI_IBN_E_HASHHAM_VOL_3,
KEPT_HAD_JIBREEL_DUPLICATE,Maktaba Al-Maknoon (PDF Archive),12412,SEERAT_UN_NABI_QADAM_BA_QADAM_VOL_1,
KEPT_HAD_JIBREEL_DUPLICATE,Maktaba Al-Maknoon (PDF Archive),12413,SEERAT_UN_NABI_QADAM_BA_QADAM_VOL_2,
KEPT_HAD_JIBREEL_DUPLICATE,Maktaba Al-Maknoon (PDF Archive),12414,Shaan E Farooq E Azam (R.A) By SHEIKH MUHAMMAD ABDUS SATTAR TONSVI (R.A),
KEPT_HAD_JIBREEL_DUPLICATE,Maktaba Al-Maknoon (PDF Archive),12415,Shaan E Haidar E Karrar (R.A) By SHEIKH MUHAMMAD ABDUS SATTAR TONSVI (R.A).pdf,
KEPT_HAD_JIBREEL_DUPLICATE,Maktaba Al-Maknoon (PDF Archive),12416,Shaan E Siddiq E Akbar (R.A) By SHEIKH MUHAMMAD ABDUS SATTAR TONSVI (R.A).pdf,
KEPT_HAD_JIBREEL_DUPLICATE,Maktaba Al-Maknoon (PDF Archive),12417,Shaan E Usman E Ghani (R.A) By SHEIKH MUHAMMAD ABDUS SATTAR TONSVI (R.A).pdf,
KEPT_HAD_JIBREEL_DUPLICATE,Maktaba Al-Maknoon (PDF Archive),12418,Shab E Barat K Fazail o Ahkam By SHEIKH MUFTI MUHAMMAD USMAN,
KEPT_HAD_JIBREEL_DUPLICATE,Maktaba Al-Maknoon (PDF Archive),12419,Shab e Barat Ki Haqiqat By Sheikh Fazlur Rahman Azmi,
KEPT_HAD_JIBREEL_DUPLICATE,Maktaba Al-Maknoon (PDF Archive),12420,Shab e Qadr By SHEIKH SHAMSULHAQ,
KEPT_HAD_JIBREEL_DUPLICATE,Maktaba Al-Maknoon (PDF Archive),12421,Shadi Ki Pehli 10 Ratain By SHEIKH ABDUL GHANI TARIQ LUDHYANVI,
KEPT_HAD_JIBREEL_DUPLICATE,Maktaba Al-Maknoon (PDF Archive),12422,Shahadat e Husain (R.A) Wa Kirdar e Yazeed By SHEIKH MUHAMMAD QASIM NANOTVI (R.A),
KEPT_HAD_JIBREEL_DUPLICATE,Maktaba Al-Maknoon (PDF Archive),12423,shahar-sadoom,
KEPT_HAD_JIBREEL_DUPLICATE,Maktaba Al-Maknoon (PDF Archive),12424,Shaheed e Karbala By SHEIKH MUFTI MUHAMMAD SHAFI (R.A),
UNIQUE_NO_DUPLICATE,Maktaba Al-Maknoon (PDF Archive),12425,Shaheed-e-karbala,
KEPT_HAD_JIBREEL_DUPLICATE,Maktaba Al-Maknoon (PDF Archive),12426,shaheedan-namoos-risalat,
KEPT_HAD_JIBREEL_DUPLICATE,Maktaba Al-Maknoon (PDF Archive),12427,Shaheen By Naseem Hijazi,
KEPT_HAD_JIBREEL_DUPLICATE,Maktaba Al-Maknoon (PDF Archive),12428,shahrah-ishaq-kay-musafir,
UNIQUE_NO_DUPLICATE,Maktaba Al-Maknoon (PDF Archive),12429,SHAHRAH_E_SUNNAT,
KEPT_HAD_JIBREEL_DUPLICATE,Maktaba Al-Maknoon (PDF Archive),12430,Shaikh Muhammad Bin Abdul Wahhab Aur Hindustan K Ulama E Haq By SHEIKH MUHAMMAD MANZOOR NOMANI (R.A),
KEPT_HAD_JIBREEL_DUPLICATE,Maktaba Al-Maknoon (PDF Archive),12431,Shair ul Firaaq By Sheikh Syed Nafees Ul Husaini,
KEPT_HAD_JIBREEL_DUPLICATE,Maktaba Al-Maknoon (PDF Archive),12432,Shajra Tul Ashraaf By SHEIKH SYED NAFEES UL HUSAINI,
KEPT_HAD_JIBREEL_DUPLICATE,Maktaba Al-Maknoon (PDF Archive),12433,Shakhsiyat e Maseeh Bible K Aiynay Mein By SHEIKH MUHAMMAD NAWAZ FAISALABADI,
UNIQUE_NO_DUPLICATE,Maktaba Al-Maknoon (PDF Archive),12434,Shakhsiyat-e-Maseeh-Bible-kay-Aiynay-mayn,
KEPT_HAD_JIBREEL_DUPLICATE,Maktaba Al-Maknoon (PDF Archive),12435,shama-KN-kay-parwanay,
KEPT_HAD_JIBREEL_DUPLICATE,Maktaba Al-Maknoon (PDF Archive),12436,SHAMAIL E TIRMEZI AL BUSHRA COLOR,
KEPT_HAD_JIBREEL_DUPLICATE,Maktaba Al-Maknoon (PDF Archive),12437,SHAMAIL E TIRMEZI AL BUSHRA,
KEPT_HAD_JIBREEL_DUPLICATE,Maktaba Al-Maknoon (PDF Archive),12438,Shamail e Tirmidhi (URDU),
KEPT_HAD_JIBREEL_DUPLICATE,Maktaba Al-Maknoon (PDF Archive),12439,Shamail e Tirmidhi Ma Khasail e Nabvi [SAW] {URDU} By Sheikh Muhammad Zakariyya (r.a),
KEPT_HAD_JIBREEL_DUPLICATE,Maktaba Al-Maknoon (PDF Archive),12440,SHAMAIL_E_KUBRA_VOL_01_02,
KEPT_HAD_JIBREEL_DUPLICATE,Maktaba Al-Maknoon (PDF Archive),12441,SHAMAIL_E_KUBRA_VOL_03_04,
KEPT_HAD_JIBREEL_DUPLICATE,Maktaba Al-Maknoon (PDF Archive),12442,SHAMAIL_E_KUBRA_VOL_05_06,
KEPT_HAD_JIBREEL_DUPLICATE,Maktaba Al-Maknoon (PDF Archive),12443,SHAMAIL_E_KUBRA_VOL_07_08,
KEPT_HAD_JIBREEL_DUPLICATE,Maktaba Al-Maknoon (PDF Archive),12444,SHAMAIL_E_KUBRA_VOL_09_10,
KEPT_HAD_JIBREEL_DUPLICATE,Maktaba Al-Maknoon (PDF Archive),12445,SHAMAIL_E_KUBRA_VOL_11,
KEPT_HAD_JIBREEL_DUPLICATE,Maktaba Al-Maknoon (PDF Archive),12446,SHAMAIL_E_KUBRA_VOL_12,
KEPT_HAD_JIBREEL_DUPLICATE,Maktaba Al-Maknoon (PDF Archive),12447,SHAMS UL BAZIGHAH HAQQANIA,
KEPT_HAD_JIBREEL_DUPLICATE,Maktaba Al-Maknoon (PDF Archive),12448,shaoor-KN-aur-qad-shanasi,
UNIQUE_NO_DUPLICATE,Maktaba Al-Maknoon (PDF Archive),12449,sharaab_ki_hurmat,
KEPT_HAD_JIBREEL_DUPLICATE,Maktaba Al-Maknoon (PDF Archive),12450,Sharaf ul Mukalmah by SHEIKH ASHRAF ALI THANVI (RA),
KEPT_HAD_JIBREEL_DUPLICATE,Maktaba Al-Maknoon (PDF Archive),12451,Sharah Faisla Haft Masala,
KEPT_HAD_JIBREEL_DUPLICATE,Maktaba Al-Maknoon (PDF Archive),12452,SHARAH MAANI IL AASAAR VOL 1 RAHMANIA,
KEPT_HAD_JIBREEL_DUPLICATE,Maktaba Al-Maknoon (PDF Archive),12453,SHARAH MAANI IL AASAAR VOL 2 RAHMANIA,
KEPT_HAD_JIBREEL_DUPLICATE,Maktaba Al-Maknoon (PDF Archive),12454,SHARAH NUKHBA TUL FIKR AL BUSHRA COLOR,
KEPT_HAD_JIBREEL_DUPLICATE,Maktaba Al-Maknoon (PDF Archive),12455,SHARAH NUKHBA TUL FIKR AL BUSHRA,
KEPT_HAD_JIBREEL_DUPLICATE,Maktaba Al-Maknoon (PDF Archive),12456,SHARAH NUKHBA TUL FIKR QADEMI,
KEPT_HAD_JIBREEL_DUPLICATE,Maktaba Al-Maknoon (PDF Archive),12457,SHARAH UL AQAID IN NASAFIYAH RASHEDIA,
KEPT_HAD_JIBREEL_DUPLICATE,Maktaba Al-Maknoon (PDF Archive),12458,SHARAH UQOOD E RASM IL MUFTI AL BUSHRA COLOR,
KEPT_HAD_JIBREEL_DUPLICATE,Maktaba Al-Maknoon (PDF Archive),12459,SHARAH UQOOD E RASM IL MUFTI AL BUSHRA,
UNIQUE_NO_DUPLICATE,Maktaba Al-Maknoon (PDF Archive),12460,SHARAH_ASMA_E_HUSNAH_VOL_2,
KEPT_HAD_JIBREEL_DUPLICATE,Maktaba Al-Maknoon (PDF Archive),12461,Sharam Naak Tehreef By Abdur Raheem Minhaj,
KEPT_HAD_JIBREEL_DUPLICATE,Maktaba Al-Maknoon (PDF Archive),12462,SHARH MATAN UL KAFI QADEMI,
KEPT_HAD_JIBREEL_DUPLICATE,Maktaba Al-Maknoon (PDF Archive),12463,SHARH MIATA AMIL AL BUSHRA COLOR,
KEPT_HAD_JIBREEL_DUPLICATE,Maktaba Al-Maknoon (PDF Archive),12464,SHARH MIATA AMIL AL BUSHRA,
KEPT_HAD_JIBREEL_DUPLICATE,Maktaba Al-Maknoon (PDF Archive),12465,SHARH MIATA AMIL RASHEDIA,
KEPT_HAD_JIBREEL_DUPLICATE,Maktaba Al-Maknoon (PDF Archive),12466,SHARH MULLA JAMI AL BUSHRA COLOR,
KEPT_HAD_JIBREEL_DUPLICATE,Maktaba Al-Maknoon (PDF Archive),12467,SHARH MULLA JAMI AL BUSHRA,
KEPT_HAD_JIBREEL_DUPLICATE,Maktaba Al-Maknoon (PDF Archive),12468,SHARH MULLA JAMI ULOOM E ISLAMIA,
KEPT_HAD_JIBREEL_DUPLICATE,Maktaba Al-Maknoon (PDF Archive),12469,SHARH SULLAM UL ULOOM LI MULLA HASAN QADEMI,
KEPT_HAD_JIBREEL_DUPLICATE,Maktaba Al-Maknoon (PDF Archive),12470,SHARH TAHZEEB AL BUSHRA COLOR,
KEPT_HAD_JIBREEL_DUPLICATE,Maktaba Al-Maknoon (PDF Archive),12471,SHARH TAHZEEB AL BUSHRA,
KEPT_HAD_JIBREEL_DUPLICATE,Maktaba Al-Maknoon (PDF Archive),12472,SHARH TAHZEEB AL MEZAN,
KEPT_HAD_JIBREEL_DUPLICATE,Maktaba Al-Maknoon (PDF Archive),12473,SHARH UL AQAID IN NASAFIYAH AL BUSHRA COLOR,
KEPT_HAD_JIBREEL_DUPLICATE,Maktaba Al-Maknoon (PDF Archive),12474,SHARH UL AQAID IN NASAFIYAH AL BUSHRA,
KEPT_HAD_JIBREEL_DUPLICATE,Maktaba Al-Maknoon (PDF Archive),12475,SHARH UL DEWAN MEER MUHAMMAD,
KEPT_HAD_JIBREEL_DUPLICATE,Maktaba Al-Maknoon (PDF Archive),12476,SHARH UL MUQADDAMA TIL KAFIAH FI ILM IL AERAB VOL 1 RASHEDIA,
KEPT_HAD_JIBREEL_DUPLICATE,Maktaba Al-Maknoon (PDF Archive),12477,SHARH UL MUQADDAMA TIL KAFIAH FI ILM IL AERAB VOL 2 RASHEDIA,
KEPT_HAD_JIBREEL_DUPLICATE,Maktaba Al-Maknoon (PDF Archive),12478,SHARH UL WIQAYAH AAKHERAIN,
KEPT_HAD_JIBREEL_DUPLICATE,Maktaba Al-Maknoon (PDF Archive),12479,SHARH UL WIQAYAH AOWALAIN,
KEPT_HAD_JIBREEL_DUPLICATE,Maktaba Al-Maknoon (PDF Archive),12480,Shari Parda By SHEIKH QARI MUHAMMAD TAYYAB (R.A),
KEPT_HAD_JIBREEL_DUPLICATE,Maktaba Al-Maknoon (PDF Archive),12481,Shari Parda Ki Haqeeqat By MUFTI ATEEQ UR RAHMAN,
KEPT_HAD_JIBREEL_DUPLICATE,Maktaba Al-Maknoon (PDF Archive),12482,Shari Parda Kis Se By SHEIKH MUFTI RASHEED AHMAD LUDHYANVI (R.A),
KEPT_HAD_JIBREEL_DUPLICATE,Maktaba Al-Maknoon (PDF Archive),12483,Shariat O Tareeqat Ka Talazum By SHEIKH MUHAMMAD ZAKARIYYA KANDHELVI (R.A),
UNIQUE_NO_DUPLICATE,Maktaba Al-Maknoon (PDF Archive),12484,SHARIYAT_O_TASAWOF,
KEPT_HAD_JIBREEL_DUPLICATE,Maktaba Al-Maknoon (PDF Archive),12485,Shauq E Hadith By SHEIKH SARFRAZ KHAN SAFDAR (R.A),
KEPT_HAD_JIBREEL_DUPLICATE,Maktaba Al-Maknoon (PDF Archive),12486,Shaykh Khalifa Ghulam Muhammad Din Puri,
KEPT_HAD_JIBREEL_DUPLICATE,Maktaba Al-Maknoon (PDF Archive),12487,Sheikh Ahmad Ali Lahori (R.A),
KEPT_HAD_JIBREEL_DUPLICATE,Maktaba Al-Maknoon (PDF Archive),12488,Sheikh Ahmadullah Shah Shaheed By SHEIKH MUHAMMAD MIAN,
KEPT_HAD_JIBREEL_DUPLICATE,Maktaba Al-Maknoon (PDF Archive),12489,Sheikh Hafidh Muhammad Siddiq Bharchondvi,
KEPT_HAD_JIBREEL_DUPLICATE,Maktaba Al-Maknoon (PDF Archive),12490,Sheikh Haq Nawaz By SHEIKH MUHAMMAD ZIA UL QASMI (RA),
KEPT_HAD_JIBREEL_DUPLICATE,Maktaba Al-Maknoon (PDF Archive),12491,Sheikh Haq Nawaz Shaheed Ka Wasiyat Nama,
KEPT_HAD_JIBREEL_DUPLICATE,Maktaba Al-Maknoon (PDF Archive),12492,SHEIKH MUHAMMAD ZIAUL QASMI (RA) By MUHAMMAD ARSHAD QASMI,
KEPT_HAD_JIBREEL_DUPLICATE,Maktaba Al-Maknoon (PDF Archive),12493,Sheikh Qasim Nanotvi (R.A) Ki Deeni Aur Ilmi Khidmat Ka Tehqeeqi Jaiza By MUHAMMD ASAAD THANVI,
KEPT_HAD_JIBREEL_DUPLICATE,Maktaba Al-Maknoon (PDF Archive),12494,SHEIKH QASIM NANOTVI K AHWAAL O AASAAR By NOORUL HASAN RASHID KANDHELVI ,
KEPT_HAD_JIBREEL_DUPLICATE,Maktaba Al-Maknoon (PDF Archive),12495,Sheikhul Hadith Muhammad Zakariyya (R.A) Par Lagaye Gaye Etrazaat K Jawabat By SHEIKH ABDUL MANNAN HAZARVI,
KEPT_HAD_JIBREEL_DUPLICATE,Maktaba Al-Maknoon (PDF Archive),12496,Shia Dharam By Sheikh Muhammad Qaasim Farooqi Jalbani Baloch,
KEPT_HAD_JIBREEL_DUPLICATE,Maktaba Al-Maknoon (PDF Archive),12497,Shia Ithna Ashari Aur Aqeedah Tehreef E Quran By SHEIKH MUHAMMAD MANZOOR NOMANI (R.A),
KEPT_HAD_JIBREEL_DUPLICATE,Maktaba Al-Maknoon (PDF Archive),12499,Shia Ki 40 Kufriya Ibaaraat By Sheikh Ataur Rahman Shahbaz Madni (r.a),
KEPT_HAD_JIBREEL_DUPLICATE,Maktaba Al-Maknoon (PDF Archive),12500,Shia Mazhab By SHEIKH ASHIQ ILAHI MADNI (R.A),
KEPT_HAD_JIBREEL_DUPLICATE,Maktaba Al-Maknoon (PDF Archive),12501,Shia Mazhab K 40 Masail By SHEIKH ABDUSH SHAKOOR FAROOQI LAKHNAVI (RA),
KEPT_HAD_JIBREEL_DUPLICATE,Maktaba Al-Maknoon (PDF Archive),12502,Shia Sazish Ka Nya Mansooba By YAHYA NOMANI,
KEPT_HAD_JIBREEL_DUPLICATE,Maktaba Al-Maknoon (PDF Archive),12503,Shia Shubhaat K Jawabaat,
KEPT_HAD_JIBREEL_DUPLICATE,Maktaba Al-Maknoon (PDF Archive),12504,Shia Sunni Ikhtelafat By SHEIKH MUHAMMAD MANZOOR NOMANI (R.A),
KEPT_HAD_JIBREEL_DUPLICATE,Maktaba Al-Maknoon (PDF Archive),12505,Shia Sunni Ikhtilaf Aur Siraat e Mustaqeem by Sheikh Yusuf Ludhianvi (RA),
KEPT_HAD_JIBREEL_DUPLICATE,Maktaba Al-Maknoon (PDF Archive),12506,Shia Sunni Muttafiqa  Tarjuma e Quran Ka Azeem Fitna By SHEIKH QAZI MAZHAR HUSAIN (R.A),
UNIQUE_NO_DUPLICATE,Maktaba Al-Maknoon (PDF Archive),12507,Shirk say pak Allah ki bandigi,
UNIQUE_NO_DUPLICATE,Maktaba Al-Maknoon (PDF Archive),12508,SHIRKAT_O_MUZARABAT_ASR_E_HAZIR_MEN,
UNIQUE_NO_DUPLICATE,Maktaba Al-Maknoon (PDF Archive),12509,SHUAB_UL_EMAAN_VOL_2,
UNIQUE_NO_DUPLICATE,Maktaba Al-Maknoon (PDF Archive),12510,SHUAB_UL_EMAAN_VOL_3,
UNIQUE_NO_DUPLICATE,Maktaba Al-Maknoon (PDF Archive),12511,SHUAB_UL_EMAAN_VOL_4,
UNIQUE_NO_DUPLICATE,Maktaba Al-Maknoon (PDF Archive),12512,SHUAB_UL_EMAAN_VOL_5,
UNIQUE_NO_DUPLICATE,Maktaba Al-Maknoon (PDF Archive),12513,SHUAB_UL_EMAAN_VOL_6,
UNIQUE_NO_DUPLICATE,Maktaba Al-Maknoon (PDF Archive),12514,SHUAB_UL_EMAAN_VOL_7,
UNIQUE_NO_DUPLICATE,Maktaba Al-Maknoon (PDF Archive),12515,SHUHADA_E_ISLAAM,
UNIQUE_NO_DUPLICATE,Maktaba Al-Maknoon (PDF Archive),12516,Sifat-ul-munafqeen,
KEPT_HAD_JIBREEL_DUPLICATE,Maktaba Al-Maknoon (PDF Archive),12517,Signs-B4-Day-of-Judgement,
KEPT_HAD_JIBREEL_DUPLICATE,Maktaba Al-Maknoon (PDF Archive),12518,signs-of-qayyamt-and-arrival-of-MASEEH,
KEPT_HAD_JIBREEL_DUPLICATE,Maktaba Al-Maknoon (PDF Archive),12519,simple-way-of-looking-at-qad,
KEPT_HAD_JIBREEL_DUPLICATE,Maktaba Al-Maknoon (PDF Archive),12520,Sir Syed K Baray Mein Tareekhi Afsanon Ki Haqeeqat By Ziauddin Lahori,
KEPT_HAD_JIBREEL_DUPLICATE,Maktaba Al-Maknoon (PDF Archive),12521,Siraat e Mustaqeem By SHEIKH ILYAS GHUMMAN,
KEPT_HAD_JIBREEL_DUPLICATE,Maktaba Al-Maknoon (PDF Archive),12522,Sirf Aik Islam By SHEIKH SARFRAZ KHAN SAFDAR (RA),
KEPT_HAD_JIBREEL_DUPLICATE,Maktaba Al-Maknoon (PDF Archive),12523,Siyar us Sahabiyat Ma Uswa e Sahabiyat [r.a] By Sheikh Saeed Ansari Nadvi (r.a) &amp; Sheikh Abdus Salam Nadvi (r.a),
KEPT_HAD_JIBREEL_DUPLICATE,Maktaba Al-Maknoon (PDF Archive),12524,smh13,
KEPT_HAD_JIBREEL_DUPLICATE,Maktaba Al-Maknoon (PDF Archive),12525,smh14,
KEPT_HAD_JIBREEL_DUPLICATE,Maktaba Al-Maknoon (PDF Archive),12526,smh15,
KEPT_HAD_JIBREEL_DUPLICATE,Maktaba Al-Maknoon (PDF Archive),12527,smh17,
KEPT_HAD_JIBREEL_DUPLICATE,Maktaba Al-Maknoon (PDF Archive),12528,smh18,
KEPT_HAD_JIBREEL_DUPLICATE,Maktaba Al-Maknoon (PDF Archive),12529,smh19,
KEPT_HAD_JIBREEL_DUPLICATE,Maktaba Al-Maknoon (PDF Archive),12530,smh20,
KEPT_HAD_JIBREEL_DUPLICATE,Maktaba Al-Maknoon (PDF Archive),12531,smh21,
KEPT_HAD_JIBREEL_DUPLICATE,Maktaba Al-Maknoon (PDF Archive),12532,smh22,
KEPT_HAD_JIBREEL_DUPLICATE,Maktaba Al-Maknoon (PDF Archive),12533,smh23,
KEPT_HAD_JIBREEL_DUPLICATE,Maktaba Al-Maknoon (PDF Archive),12534,smh24,
KEPT_HAD_JIBREEL_DUPLICATE,Maktaba Al-Maknoon (PDF Archive),12535,smh25,
KEPT_HAD_JIBREEL_DUPLICATE,Maktaba Al-Maknoon (PDF Archive),12536,smh27,
KEPT_HAD_JIBREEL_DUPLICATE,Maktaba Al-Maknoon (PDF Archive),12537,smh28,
KEPT_HAD_JIBREEL_DUPLICATE,Maktaba Al-Maknoon (PDF Archive),12538,smh29,
KEPT_HAD_JIBREEL_DUPLICATE,Maktaba Al-Maknoon (PDF Archive),12539,smh31,
KEPT_HAD_JIBREEL_DUPLICATE,Maktaba Al-Maknoon (PDF Archive),12540,smh32,
KEPT_HAD_JIBREEL_DUPLICATE,Maktaba Al-Maknoon (PDF Archive),12541,smh35,
KEPT_HAD_JIBREEL_DUPLICATE,Maktaba Al-Maknoon (PDF Archive),12542,smh36,
KEPT_HAD_JIBREEL_DUPLICATE,Maktaba Al-Maknoon (PDF Archive),12543,smh37,
KEPT_HAD_JIBREEL_DUPLICATE,Maktaba Al-Maknoon (PDF Archive),12544,smh38,
KEPT_HAD_JIBREEL_DUPLICATE,Maktaba Al-Maknoon (PDF Archive),12545,smh39,
KEPT_HAD_JIBREEL_DUPLICATE,Maktaba Al-Maknoon (PDF Archive),12546,smh40,
KEPT_HAD_JIBREEL_DUPLICATE,Maktaba Al-Maknoon (PDF Archive),12547,smh41,
KEPT_HAD_JIBREEL_DUPLICATE,Maktaba Al-Maknoon (PDF Archive),12548,smh42,
KEPT_HAD_JIBREEL_DUPLICATE,Maktaba Al-Maknoon (PDF Archive),12549,smh43,
KEPT_HAD_JIBREEL_DUPLICATE,Maktaba Al-Maknoon (PDF Archive),12550,smh44,
KEPT_HAD_JIBREEL_DUPLICATE,Maktaba Al-Maknoon (PDF Archive),12551,smh45,
KEPT_HAD_JIBREEL_DUPLICATE,Maktaba Al-Maknoon (PDF Archive),12552,smh46,
KEPT_HAD_JIBREEL_DUPLICATE,Maktaba Al-Maknoon (PDF Archive),12553,smh47,
KEPT_HAD_JIBREEL_DUPLICATE,Maktaba Al-Maknoon (PDF Archive),12554,smh48,
UNIQUE_NO_DUPLICATE,Maktaba Al-Maknoon (PDF Archive),12555,Sohbat-e-Ahlullah aur jadeed technology,
UNIQUE_NO_DUPLICATE,Maktaba Al-Maknoon (PDF Archive),12556,SOHBAT_E_AHL_ULLAH_AUR_JADEED_TECHNOLOGY,
UNIQUE_NO_DUPLICATE,Maktaba Al-Maknoon (PDF Archive),12557,SOHBAT_E_SHEIKH_KI_AHMEIYAT,
UNIQUE_NO_DUPLICATE,Maktaba Al-Maknoon (PDF Archive),12558,Solution_Spiritual_Maladies,
KEPT_HAD_JIBREEL_DUPLICATE,Maktaba Al-Maknoon (PDF Archive),12559,Sood By SHEIKH MUFTI RAFI USMANI,
KEPT_HAD_JIBREEL_DUPLICATE,Maktaba Al-Maknoon (PDF Archive),12560,Sood Khor Se Allah Rasool Ki Jang By SHEIKH MUFTI RASHEED AHMAD LUDHYANVI (R.A).pdf,
UNIQUE_NO_DUPLICATE,Maktaba Al-Maknoon (PDF Archive),12561,SOOD_PAR_TAREKHI_FESLA,
UNIQUE_NO_DUPLICATE,Maktaba Al-Maknoon (PDF Archive),12562,SUBAH_KI_BARKATEN_OR_NAMAZ_E_FAJAR_KI_AHMIYAT,
KEPT_HAD_JIBREEL_DUPLICATE,Maktaba Al-Maknoon (PDF Archive),12563,Subh o Shaam Ki Duwaain SHEIKH ABU MUHAMMAD ZAMZAMI.pdf.no security,
UNIQUE_NO_DUPLICATE,Maktaba Al-Maknoon (PDF Archive),12564,Suhbate_shaikh_ki_ahmiyyat,
KEPT_HAD_JIBREEL_DUPLICATE,Maktaba Al-Maknoon (PDF Archive),12565,Sukoon e Qalb By Sheikh Abdus Sattar,
UNIQUE_NO_DUPLICATE,Maktaba Al-Maknoon (PDF Archive),12566,SUKOON_E_QALB,
KEPT_HAD_JIBREEL_DUPLICATE,Maktaba Al-Maknoon (PDF Archive),12567,SULLAM UL ULOOM IMDADIA,
KEPT_HAD_JIBREEL_DUPLICATE,Maktaba Al-Maknoon (PDF Archive),12568,SUNAN E ABI DAWUD VOL 1 2 MEER MUHAMMAD,
KEPT_HAD_JIBREEL_DUPLICATE,Maktaba Al-Maknoon (PDF Archive),12569,SUNAN E ABI DAWUD VOL 1 HAQQANIA,
KEPT_HAD_JIBREEL_DUPLICATE,Maktaba Al-Maknoon (PDF Archive),12570,SUNAN E ABI DAWUD VOL 1 RAHMANIA,
KEPT_HAD_JIBREEL_DUPLICATE,Maktaba Al-Maknoon (PDF Archive),12571,SUNAN E ABI DAWUD VOL 2 HAQQANIA,
KEPT_HAD_JIBREEL_DUPLICATE,Maktaba Al-Maknoon (PDF Archive),12572,SUNAN E ABI DAWUD VOL 2 RAHMANIA,
KEPT_HAD_JIBREEL_DUPLICATE,Maktaba Al-Maknoon (PDF Archive),12573,SUNAN E IBN E MAJA QADEMI,
KEPT_HAD_JIBREEL_DUPLICATE,Maktaba Al-Maknoon (PDF Archive),12574,SUNAN E IBN E MAJA RAHMANIA,
KEPT_HAD_JIBREEL_DUPLICATE,Maktaba Al-Maknoon (PDF Archive),12575,SUNAN E NASAI VOL 1 QADEMI,
KEPT_HAD_JIBREEL_DUPLICATE,Maktaba Al-Maknoon (PDF Archive),12576,SUNAN E NASAI VOL 2 QADEMI,
UNIQUE_NO_DUPLICATE,Maktaba Al-Maknoon (PDF Archive),12577,Sunan e Nisai 1of3 TRANSLATION By SHEIKH KHURSHID HASAN QASMI,
UNIQUE_NO_DUPLICATE,Maktaba Al-Maknoon (PDF Archive),12578,Sunan e Nisai 2of3 TRANSLATION By SHEIKH KHURSHID HASAN QASMI,
UNIQUE_NO_DUPLICATE,Maktaba Al-Maknoon (PDF Archive),12579,Sunan e Nisai 3of3 TRANSLATION By SHEIKH KHURSHID HASAN QASMI,
UNIQUE_NO_DUPLICATE,Maktaba Al-Maknoon (PDF Archive),12580,Sunan Ibn e Maja 1of3 TRANSLATED By SHEIKH MUHAMMAD QASIM AMEEN,
UNIQUE_NO_DUPLICATE,Maktaba Al-Maknoon (PDF Archive),12581,Sunan Ibn e Maja 2of3 TRANSLATED By SHEIKH MUHAMMAD QASIM AMEEN,
UNIQUE_NO_DUPLICATE,Maktaba Al-Maknoon (PDF Archive),12582,Sunan Ibn e Maja 3of3 TRANSLATED By SHEIKH MUHAMMAD QASIM AMEEN,
UNIQUE_NO_DUPLICATE,Maktaba Al-Maknoon (PDF Archive),12583,SUNAN_E_IBN_E_MAJAH_SHAREEF_VOL_1,
UNIQUE_NO_DUPLICATE,Maktaba Al-Maknoon (PDF Archive),12584,SUNAN_E_IBN_E_MAJAH_SHAREEF_VOL_2,
UNIQUE_NO_DUPLICATE,Maktaba Al-Maknoon (PDF Archive),12585,SUNAN_E_IBN_E_MAJAH_SHAREEF_VOL_3,
KEPT_HAD_JIBREEL_DUPLICATE,Maktaba Al-Maknoon (PDF Archive),12586,SUNAN_E_NASAI_SHAREEF_VOL_1,
KEPT_HAD_JIBREEL_DUPLICATE,Maktaba Al-Maknoon (PDF Archive),12587,SUNAN_E_NASAI_SHAREEF_VOL_2,
KEPT_HAD_JIBREEL_DUPLICATE,Maktaba Al-Maknoon (PDF Archive),12588,SUNAN_E_NASAI_SHAREEF_VOL_3,
KEPT_HAD_JIBREEL_DUPLICATE,Maktaba Al-Maknoon (PDF Archive),12589,Sunnat e Ibrahim (AS) by SHEIKH ASHRAF ALI THANVI (RA),
KEPT_HAD_JIBREEL_DUPLICATE,Maktaba Al-Maknoon (PDF Archive),12590,Sunnat ka Mafhoom or Itteba E Sunnat Ki Ahmiyat By SHEIKH MUFTI RAFI USMANI,
KEPT_HAD_JIBREEL_DUPLICATE,Maktaba Al-Maknoon (PDF Archive),12591,Sunnat Ka Maqam Aur Fitna Inkar e Hadith By SHEIKH MUFTI RAFI USMANI,
KEPT_HAD_JIBREEL_DUPLICATE,Maktaba Al-Maknoon (PDF Archive),12592,Sunnat o Biddat By Sheikh Mufti Muhammad Shafi (r.a),
UNIQUE_NO_DUPLICATE,Maktaba Al-Maknoon (PDF Archive),12593,Sunnat-Ka-Maqam-Or-Fitna-Inkaar-e-Hadith,
KEPT_HAD_JIBREEL_DUPLICATE,Maktaba Al-Maknoon (PDF Archive),12594,Sunni Mazhab Sacha Hai By SHEIKH HAFIZ MEHR MUHAMMAD MIANWALVI (R.A),
KEPT_HAD_JIBREEL_DUPLICATE,Maktaba Al-Maknoon (PDF Archive),12595,Sunni Moqaf - Pakistan Supreme Court Main By ULAMA E AHL E SUNNAT,
KEPT_HAD_JIBREEL_DUPLICATE,Maktaba Al-Maknoon (PDF Archive),12596,Susti ka Elaj Chusti By SHEIKH MUFTI ABDUR RAUF SAKHARVI,
KEPT_HAD_JIBREEL_DUPLICATE,Maktaba Al-Maknoon (PDF Archive),12597,Syed Ataullah Shah Bukhari (VOL 1) By SHEIKH MUHAMMAD ISMAIL SHUJABADI,
KEPT_HAD_JIBREEL_DUPLICATE,Maktaba Al-Maknoon (PDF Archive),12598,Syed Ataullah Shah Bukhari (VOL 2) By SHEIKH MUHAMMAD ISMAIL SHUJABADI,
KEPT_HAD_JIBREEL_DUPLICATE,Maktaba Al-Maknoon (PDF Archive),12599,Syedena Ali (R.A) wa Husain (R.A) By SHEIKH QAZI ATHAR MUBARIKPURI (RA),
UNIQUE_NO_DUPLICATE,Maktaba Al-Maknoon (PDF Archive),12600,Taalluq Billah,
KEPT_HAD_JIBREEL_DUPLICATE,Maktaba Al-Maknoon (PDF Archive),12601,TABAQAAT_E_IBN_E_SAAD_VOL_1,
KEPT_HAD_JIBREEL_DUPLICATE,Maktaba Al-Maknoon (PDF Archive),12602,TABAQAAT_E_IBN_E_SAAD_VOL_2,
KEPT_HAD_JIBREEL_DUPLICATE,Maktaba Al-Maknoon (PDF Archive),12603,TABAQAAT_E_IBN_E_SAAD_VOL_3,
UNIQUE_NO_DUPLICATE,Maktaba Al-Maknoon (PDF Archive),12604,Tabeer-ur-Ruaya,
UNIQUE_NO_DUPLICATE,Maktaba Al-Maknoon (PDF Archive),12605,TABIEEN_KAY_WAQIYAAT,
UNIQUE_NO_DUPLICATE,Maktaba Al-Maknoon (PDF Archive),12606,tableeg_e_din,
KEPT_HAD_JIBREEL_DUPLICATE,Maktaba Al-Maknoon (PDF Archive),12607,Tableegh e Deen By IMAM GHAZALI,
KEPT_HAD_JIBREEL_DUPLICATE,Maktaba Al-Maknoon (PDF Archive),12608,Tableegh e Islam By SHEIKH SARFRAZ KHAN SAFDAR (R.A),
KEPT_HAD_JIBREEL_DUPLICATE,Maktaba Al-Maknoon (PDF Archive),12609,Tableegh Ka Jaiza By SHEIKH ABU BAKR AL JAZAIRI,
KEPT_HAD_JIBREEL_DUPLICATE,Maktaba Al-Maknoon (PDF Archive),12610,Tableeghi Jamaat By SHEIKH ABDUR RAZZAQ SIKANDAR,
KEPT_HAD_JIBREEL_DUPLICATE,Maktaba Al-Maknoon (PDF Archive),12611,Tableeghi Jamaat By SHEIKH Dr. ABDUR RAZZAQ SIKANDAR,
KEPT_HAD_JIBREEL_DUPLICATE,Maktaba Al-Maknoon (PDF Archive),12612,TADREEB UL RAVI QADEMI,
KEPT_HAD_JIBREEL_DUPLICATE,Maktaba Al-Maknoon (PDF Archive),12613,TADREEB US SARF,
UNIQUE_NO_DUPLICATE,Maktaba Al-Maknoon (PDF Archive),12614,TADVEEN_E_HADITH,
KEPT_HAD_JIBREEL_DUPLICATE,Maktaba Al-Maknoon (PDF Archive),12615,Tadween e Quran By SHEIKH MANAZIR AHSAN GAILANI (R.A),
KEPT_HAD_JIBREEL_DUPLICATE,Maktaba Al-Maknoon (PDF Archive),12618,tafazul il Aamal by SHEIKH ASHRAF ALI THANVI (RA),
KEPT_HAD_JIBREEL_DUPLICATE,Maktaba Al-Maknoon (PDF Archive),12619,Tafheem-KN,
UNIQUE_NO_DUPLICATE,Maktaba Al-Maknoon (PDF Archive),12620,TAFHEEM_UL_FIQAH,
KEPT_HAD_JIBREEL_DUPLICATE,Maktaba Al-Maknoon (PDF Archive),12623,Tafseer e Haqqani Jild 3,
KEPT_HAD_JIBREEL_DUPLICATE,Maktaba Al-Maknoon (PDF Archive),12627,Tafseer e Mazhari Jild 10,
KEPT_HAD_JIBREEL_DUPLICATE,Maktaba Al-Maknoon (PDF Archive),12629,Tafseer e Mazhari Jild 12,
KEPT_HAD_JIBREEL_DUPLICATE,Maktaba Al-Maknoon (PDF Archive),12637,Tafseer e Mazhari Jild 9,
UNIQUE_NO_DUPLICATE,Maktaba Al-Maknoon (PDF Archive),12638,Tafseer Ghareeb-Ul Quran (Manuscript)-Original manuscript of the explanation of Holy Quran as done by Iman Zayd Ibn Ali,
UNIQUE_NO_DUPLICATE,Maktaba Al-Maknoon (PDF Archive),12639,Tafseer kalma-e-Tauheed,
KEPT_HAD_JIBREEL_DUPLICATE,Maktaba Al-Maknoon (PDF Archive),12660,TAFSEER UL BAIZAWI AL BUSHRA COLOR,
KEPT_HAD_JIBREEL_DUPLICATE,Maktaba Al-Maknoon (PDF Archive),12661,TAFSEER UL BAIZAWI AL BUSHRA,
KEPT_HAD_JIBREEL_DUPLICATE,Maktaba Al-Maknoon (PDF Archive),12662,TAFSEER UL BAIZAWI MEER MUHAMMAD,
KEPT_HAD_JIBREEL_DUPLICATE,Maktaba Al-Maknoon (PDF Archive),12663,TAFSEER UL BAIZAWI RAHMANIA,
KEPT_HAD_JIBREEL_DUPLICATE,Maktaba Al-Maknoon (PDF Archive),12664,TAFSEER UL BAIZAWI RASHEDIA,
KEPT_HAD_JIBREEL_DUPLICATE,Maktaba Al-Maknoon (PDF Archive),12665,TAFSEER UL JALALAIN QADEMI,
KEPT_HAD_JIBREEL_DUPLICATE,Maktaba Al-Maknoon (PDF Archive),12666,TAFSEER UL JALALAIN RAHMANIA,
KEPT_HAD_JIBREEL_DUPLICATE,Maktaba Al-Maknoon (PDF Archive),12667,TAFSEER UL JALALAIN VOL 1 AL BUSHRA COLOR,
KEPT_HAD_JIBREEL_DUPLICATE,Maktaba Al-Maknoon (PDF Archive),12668,TAFSEER UL JALALAIN VOL 1 AL BUSHRA,
KEPT_HAD_JIBREEL_DUPLICATE,Maktaba Al-Maknoon (PDF Archive),12669,TAFSEER UL JALALAIN VOL 2 AL BUSHRA COLOR,
KEPT_HAD_JIBREEL_DUPLICATE,Maktaba Al-Maknoon (PDF Archive),12670,TAFSEER UL JALALAIN VOL 2 AL BUSHRA,
KEPT_HAD_JIBREEL_DUPLICATE,Maktaba Al-Maknoon (PDF Archive),12671,TAFSEER UL JALALAIN VOL 3 AL BUSHRA COLOR,
KEPT_HAD_JIBREEL_DUPLICATE,Maktaba Al-Maknoon (PDF Archive),12672,TAFSEER UL JALALAIN VOL 3 AL BUSHRA,
KEPT_HAD_JIBREEL_DUPLICATE,Maktaba Al-Maknoon (PDF Archive),12673,TAFSEER_E_BAYAAN_UL_QURAN_VOL_1,
KEPT_HAD_JIBREEL_DUPLICATE,Maktaba Al-Maknoon (PDF Archive),12674,TAFSEER_E_BAYAAN_UL_QURAN_VOL_2,
KEPT_HAD_JIBREEL_DUPLICATE,Maktaba Al-Maknoon (PDF Archive),12675,TAFSEER_E_BAYAAN_UL_QURAN_VOL_3,
KEPT_HAD_JIBREEL_DUPLICATE,Maktaba Al-Maknoon (PDF Archive),12676,TAFSEER_E_FAHM_E_QURAN_VOL_1,
KEPT_HAD_JIBREEL_DUPLICATE,Maktaba Al-Maknoon (PDF Archive),12677,TAFSEER_E_FAHM_E_QURAN_VOL_2,
KEPT_HAD_JIBREEL_DUPLICATE,Maktaba Al-Maknoon (PDF Archive),12678,TAFSEER_E_FAHM_E_QURAN_VOL_3,
UNIQUE_NO_DUPLICATE,Maktaba Al-Maknoon (PDF Archive),12679,TAFSEER_E_IBN_E_ABBAS_VOL_1,
UNIQUE_NO_DUPLICATE,Maktaba Al-Maknoon (PDF Archive),12680,TAFSEER_E_IBN_E_ABBAS_VOL_2,
UNIQUE_NO_DUPLICATE,Maktaba Al-Maknoon (PDF Archive),12681,TAFSEER_E_IBN_E_ABBAS_VOL_3,
KEPT_HAD_JIBREEL_DUPLICATE,Maktaba Al-Maknoon (PDF Archive),12682,TAFSEER_E_IBN_E_KASEER_VOL_1,
KEPT_HAD_JIBREEL_DUPLICATE,Maktaba Al-Maknoon (PDF Archive),12683,TAFSEER_E_IBN_E_KASEER_VOL_2,
KEPT_HAD_JIBREEL_DUPLICATE,Maktaba Al-Maknoon (PDF Archive),12684,TAFSEER_E_IBN_E_KASEER_VOL_3,
KEPT_HAD_JIBREEL_DUPLICATE,Maktaba Al-Maknoon (PDF Archive),12685,TAFSEER_E_IBN_E_KASEER_VOL_4,
KEPT_HAD_JIBREEL_DUPLICATE,Maktaba Al-Maknoon (PDF Archive),12686,TAFSEER_E_IBN_E_KASEER_VOL_5,
KEPT_HAD_JIBREEL_DUPLICATE,Maktaba Al-Maknoon (PDF Archive),12687,TAFSEER_E_JAMALAIN_VOL_1,
KEPT_HAD_JIBREEL_DUPLICATE,Maktaba Al-Maknoon (PDF Archive),12688,TAFSEER_E_JAMALAIN_VOL_2,
KEPT_HAD_JIBREEL_DUPLICATE,Maktaba Al-Maknoon (PDF Archive),12689,TAFSEER_E_JAMALAIN_VOL_3,
KEPT_HAD_JIBREEL_DUPLICATE,Maktaba Al-Maknoon (PDF Archive),12690,TAFSEER_E_JAMALAIN_VOL_4,
KEPT_HAD_JIBREEL_DUPLICATE,Maktaba Al-Maknoon (PDF Archive),12691,TAFSEER_E_JAMALAIN_VOL_5,
KEPT_HAD_JIBREEL_DUPLICATE,Maktaba Al-Maknoon (PDF Archive),12692,TAFSEER_E_JAMALAIN_VOL_6,
KEPT_HAD_JIBREEL_DUPLICATE,Maktaba Al-Maknoon (PDF Archive),12693,TAFSEER_E_KAMALAIN_VOL_1,
KEPT_HAD_JIBREEL_DUPLICATE,Maktaba Al-Maknoon (PDF Archive),12694,TAFSEER_E_KAMALAIN_VOL_2,
KEPT_HAD_JIBREEL_DUPLICATE,Maktaba Al-Maknoon (PDF Archive),12695,TAFSEER_E_KAMALAIN_VOL_3,
KEPT_HAD_JIBREEL_DUPLICATE,Maktaba Al-Maknoon (PDF Archive),12696,TAFSEER_E_KAMALAIN_VOL_4,
KEPT_HAD_JIBREEL_DUPLICATE,Maktaba Al-Maknoon (PDF Archive),12697,TAFSEER_E_KAMALAIN_VOL_5,
KEPT_HAD_JIBREEL_DUPLICATE,Maktaba Al-Maknoon (PDF Archive),12698,TAFSEER_E_KAMALAIN_VOL_6_7,
KEPT_HAD_JIBREEL_DUPLICATE,Maktaba Al-Maknoon (PDF Archive),12699,TAFSEER_E_MADARIK_LIN_NASAFI_VOL_1,
KEPT_HAD_JIBREEL_DUPLICATE,Maktaba Al-Maknoon (PDF Archive),12700,TAFSEER_E_MADARIK_LIN_NASAFI_VOL_2,
KEPT_HAD_JIBREEL_DUPLICATE,Maktaba Al-Maknoon (PDF Archive),12701,TAFSEER_E_MADARIK_LIN_NASAFI_VOL_3,
KEPT_HAD_JIBREEL_DUPLICATE,Maktaba Al-Maknoon (PDF Archive),12702,TAFSEER_E_USMANI_VOL_1,
KEPT_HAD_JIBREEL_DUPLICATE,Maktaba Al-Maknoon (PDF Archive),12703,TAFSEER_E_USMANI_VOL_2,
KEPT_HAD_JIBREEL_DUPLICATE,Maktaba Al-Maknoon (PDF Archive),12704,TAFSEER_E_USMANI_VOL_3,
UNIQUE_NO_DUPLICATE,Maktaba Al-Maknoon (PDF Archive),12705,TAFSEER_JAWAHIR_UL_QURAN_VOL_1_2_3_part1,
UNIQUE_NO_DUPLICATE,Maktaba Al-Maknoon (PDF Archive),12706,TAFSEER_JAWAHIR_UL_QURAN_VOL_1_2_3_part2,
UNIQUE_NO_DUPLICATE,Maktaba Al-Maknoon (PDF Archive),12707,TAFSEER_JAWAHIR_UL_QURAN_VOL_1_2_3_part3,
UNIQUE_NO_DUPLICATE,Maktaba Al-Maknoon (PDF Archive),12708,TafsirIbneKathir_Ur-Index,
UNIQUE_NO_DUPLICATE,Maktaba Al-Maknoon (PDF Archive),12709,Tahaffaz-e-Asmat,
KEPT_HAD_JIBREEL_DUPLICATE,Maktaba Al-Maknoon (PDF Archive),12710,Tahafuz-KN-Ahmiyat-aur-Fazeelat,
KEPT_HAD_JIBREEL_DUPLICATE,Maktaba Al-Maknoon (PDF Archive),12712,tahafuz-namoos-risalat,
KEPT_HAD_JIBREEL_DUPLICATE,Maktaba Al-Maknoon (PDF Archive),12713,Tahqeeq Masala e Rafa Yadain By SHEIKH HABIBUR RAHMAN AZAMI,
KEPT_HAD_JIBREEL_DUPLICATE,Maktaba Al-Maknoon (PDF Archive),12714,Tahreek E Azadi May Akabir Ulama E Deoband Ka Kirdar or Brelviyat Ka Makrooh Chehra By HAFIZ ABDUL HAQ KHAN,
KEPT_HAD_JIBREEL_DUPLICATE,Maktaba Al-Maknoon (PDF Archive),12715,Tahreek e Pakistan Aur Barelvion Ka Kirdaar By ANWAAR AHMAD,
KEPT_HAD_JIBREEL_DUPLICATE,Maktaba Al-Maknoon (PDF Archive),12719,tahreek-KN-ki-yadain,
KEPT_HAD_JIBREEL_DUPLICATE,Maktaba Al-Maknoon (PDF Archive),12720,Tahreek-KN,
KEPT_HAD_JIBREEL_DUPLICATE,Maktaba Al-Maknoon (PDF Archive),12721,TAHREER E SANBAT RASHEDIA,
KEPT_HAD_JIBREEL_DUPLICATE,Maktaba Al-Maknoon (PDF Archive),12722,TAHRER E KINDIA RASHEDIA,
KEPT_HAD_JIBREEL_DUPLICATE,Maktaba Al-Maknoon (PDF Archive),12723,Tahzeer un Naas (Darul Ishaat) By SHEIKH QASIM NANOTVI (R.A),
KEPT_HAD_JIBREEL_DUPLICATE,Maktaba Al-Maknoon (PDF Archive),12724,Tahzeer un Naas (Deoband Edition) By SHEIKH QASIM NANOTVI (R.A),
KEPT_HAD_JIBREEL_DUPLICATE,Maktaba Al-Maknoon (PDF Archive),12725,Tahzeer un Naas (Idara Azizia) By SHEIKH QASIM NANOTVI (R.A),
KEPT_HAD_JIBREEL_DUPLICATE,Maktaba Al-Maknoon (PDF Archive),12726,Tahzeer Un Naas Aik Tahqeeqi Mutalea By SYED SHUJAAT ALI GAILANI,
KEPT_HAD_JIBREEL_DUPLICATE,Maktaba Al-Maknoon (PDF Archive),12727,Tahzeer Un Naas Meri Nazar Mein By PEER MUHAMMAD KARAM SHAH AL AZHARI,
KEPT_HAD_JIBREEL_DUPLICATE,Maktaba Al-Maknoon (PDF Archive),12728,Tahzeer-un-Naas (Darul Ishaat) By SHEIKH QASIM NANOTVI (R.A),
KEPT_HAD_JIBREEL_DUPLICATE,Maktaba Al-Maknoon (PDF Archive),12729,Tahzeer-un-Naas (Deoband Edition) By SHEIKH QASIM NANOTVI (R.A),
KEPT_HAD_JIBREEL_DUPLICATE,Maktaba Al-Maknoon (PDF Archive),12730,Tahzeer-un-Naas (idara Azizia) By SHEIKH QASIM NANOTVI (R.A),
KEPT_HAD_JIBREEL_DUPLICATE,Maktaba Al-Maknoon (PDF Archive),12731,Taifa E Mansoora By SHEIKH SARFRAZ KHAN SAFDAR (R.A),
KEPT_HAD_JIBREEL_DUPLICATE,Maktaba Al-Maknoon (PDF Archive),12732,TAISEER E MUSTALAH UL HADITH AL BUSHRA COLOR,
KEPT_HAD_JIBREEL_DUPLICATE,Maktaba Al-Maknoon (PDF Archive),12733,TAISEER E MUSTALAH UL HADITH AL BUSHRA,
KEPT_HAD_JIBREEL_DUPLICATE,Maktaba Al-Maknoon (PDF Archive),12734,TAISEER E QUTBI SHAIKH UL HIND,
KEPT_HAD_JIBREEL_DUPLICATE,Maktaba Al-Maknoon (PDF Archive),12735,TAISEER UL ABWAB AL BUSHRA COLOR,
UNIQUE_NO_DUPLICATE,Maktaba Al-Maknoon (PDF Archive),12736,TAISEER UL ABWAB AL BUSHRA,
UNIQUE_NO_DUPLICATE,Maktaba Al-Maknoon (PDF Archive),12737,TAISEER UL MANTIQ AL BUSHRA COLOR,
KEPT_HAD_JIBREEL_DUPLICATE,Maktaba Al-Maknoon (PDF Archive),12738,TAISEER UL MANTIQ AL BUSHRA,
UNIQUE_NO_DUPLICATE,Maktaba Al-Maknoon (PDF Archive),12739,TAISEER UL MUBTADI AL BUSHRA COLOR,
KEPT_HAD_JIBREEL_DUPLICATE,Maktaba Al-Maknoon (PDF Archive),12740,TAISEER UL MUBTADI AL BUSHRA,
UNIQUE_NO_DUPLICATE,Maktaba Al-Maknoon (PDF Archive),12741,TAJALIYAT_E_JAZB,
KEPT_HAD_JIBREEL_DUPLICATE,Maktaba Al-Maknoon (PDF Archive),12742,TAJALLIYAAT_E_SAFDAR_VOL_2,
KEPT_HAD_JIBREEL_DUPLICATE,Maktaba Al-Maknoon (PDF Archive),12743,TAJALLIYAAT_E_SAFDAR_VOL_3,
KEPT_HAD_JIBREEL_DUPLICATE,Maktaba Al-Maknoon (PDF Archive),12744,TAJALLIYAAT_E_SAFDAR_VOL_4,
KEPT_HAD_JIBREEL_DUPLICATE,Maktaba Al-Maknoon (PDF Archive),12745,TAJALLIYAAT_E_SAFDAR_VOL_5,
KEPT_HAD_JIBREEL_DUPLICATE,Maktaba Al-Maknoon (PDF Archive),12746,TAJALLIYAAT_E_SAFDAR_VOL_6,
KEPT_HAD_JIBREEL_DUPLICATE,Maktaba Al-Maknoon (PDF Archive),12747,TAJALLIYAAT_E_SAFDAR_VOL_7,
UNIQUE_NO_DUPLICATE,Maktaba Al-Maknoon (PDF Archive),12748,tajliyate_jazb,
KEPT_HAD_JIBREEL_DUPLICATE,Maktaba Al-Maknoon (PDF Archive),12749,tajzia-qad,
UNIQUE_NO_DUPLICATE,Maktaba Al-Maknoon (PDF Archive),12750,TAKAFUL_KI_SHARI_HAISIYAT,
UNIQUE_NO_DUPLICATE,Maktaba Al-Maknoon (PDF Archive),12751,Takmeel e Marifat,
UNIQUE_NO_DUPLICATE,Maktaba Al-Maknoon (PDF Archive),12752,TAKMEEL_E_MUAREFAT,
KEPT_HAD_JIBREEL_DUPLICATE,Maktaba Al-Maknoon (PDF Archive),12753,Talab ul ILm by SHEIKH ASHRAF ALI THANVI (RA),
KEPT_HAD_JIBREEL_DUPLICATE,Maktaba Al-Maknoon (PDF Archive),12754,Talaq (Divorce) K Nuqsanat By SHEIKH MUFTI ABDUR RAUF SAKHARVI,
KEPT_HAD_JIBREEL_DUPLICATE,Maktaba Al-Maknoon (PDF Archive),12755,Talaq e Salaas By SHEIKH HABIB UR RAHMAN QASMI,
KEPT_HAD_JIBREEL_DUPLICATE,Maktaba Al-Maknoon (PDF Archive),12756,Talazum al-Shariah wa Tariqah  By SHEIKH Muhammad Zakariyya Kandhelvi (RA),
UNIQUE_NO_DUPLICATE,Maktaba Al-Maknoon (PDF Archive),12757,TALBEES_E_IBLEES,
KEPT_HAD_JIBREEL_DUPLICATE,Maktaba Al-Maknoon (PDF Archive),12758,Talbeesat e Kinzul Eemaan By JAMIAT AHLUS SUNNAH WAL JAMAAT RAWALPINDI,
KEPT_HAD_JIBREEL_DUPLICATE,Maktaba Al-Maknoon (PDF Archive),12759,Taleem e Balghan By QARI ABDUL KHALIQ ,
KEPT_HAD_JIBREEL_DUPLICATE,Maktaba Al-Maknoon (PDF Archive),12760,TALEEM UL AQAID AL BUSHRA COLOR,
KEPT_HAD_JIBREEL_DUPLICATE,Maktaba Al-Maknoon (PDF Archive),12761,TALEEM UL AQAID AL BUSHRA,
KEPT_HAD_JIBREEL_DUPLICATE,Maktaba Al-Maknoon (PDF Archive),12762,Taleem ul Aqaid By SHEIKH MUFTI TAHIR MEHMOOD,
KEPT_HAD_JIBREEL_DUPLICATE,Maktaba Al-Maknoon (PDF Archive),12763,TALEEM UL MUTAALLIM TAREQ UL TAALLUM AL BUSHRA COLOR,
UNIQUE_NO_DUPLICATE,Maktaba Al-Maknoon (PDF Archive),12764,TALEEM UL MUTAALLIM TAREQ UL TAALLUM AL BUSHRA,
KEPT_HAD_JIBREEL_DUPLICATE,Maktaba Al-Maknoon (PDF Archive),12765,TALEEM UL MUTAALLIM TAREQ UL TAALLUM RAHMANIA,
KEPT_HAD_JIBREEL_DUPLICATE,Maktaba Al-Maknoon (PDF Archive),12766,Taleem ul Quran by SHEIKH ASHRAF ALI THANVI (RA),
KEPT_HAD_JIBREEL_DUPLICATE,Maktaba Al-Maknoon (PDF Archive),12767,TALEEM US SARF,
UNIQUE_NO_DUPLICATE,Maktaba Al-Maknoon (PDF Archive),12768,Taleem-o-Tarbiyat (BEGINNER),
KEPT_HAD_JIBREEL_DUPLICATE,Maktaba Al-Maknoon (PDF Archive),12769,Taleem-o-Tarbiyat (Junior),
KEPT_HAD_JIBREEL_DUPLICATE,Maktaba Al-Maknoon (PDF Archive),12770,Taleem-o-Tarbiyat (Senior),
UNIQUE_NO_DUPLICATE,Maktaba Al-Maknoon (PDF Archive),12771,TALEEM_MEIN_QURAN_MEIN_SHAN_E_REHMAT_KI_AEHMIAT,
UNIQUE_NO_DUPLICATE,Maktaba Al-Maknoon (PDF Archive),12772,taleem_quran,
UNIQUE_NO_DUPLICATE,Maktaba Al-Maknoon (PDF Archive),12773,Taleemaat,
KEPT_HAD_JIBREEL_DUPLICATE,Maktaba Al-Maknoon (PDF Archive),12774,Taleemat e Deen e Islam By Sheikh Hafiz Fazlur Raheem,
KEPT_HAD_JIBREEL_DUPLICATE,Maktaba Al-Maknoon (PDF Archive),12775,Taleemulislam (Urdu) By MUFTI KIFAYATULLAH,
UNIQUE_NO_DUPLICATE,Maktaba Al-Maknoon (PDF Archive),12776,TALIFAAT_E_RASHIDIYAH,
KEPT_HAD_JIBREEL_DUPLICATE,Maktaba Al-Maknoon (PDF Archive),12777,TALKHES UL MIFTAH AL BUSHRA COLOR,
UNIQUE_NO_DUPLICATE,Maktaba Al-Maknoon (PDF Archive),12778,TALKHES UL MIFTAH AL BUSHRA,
UNIQUE_NO_DUPLICATE,Maktaba Al-Maknoon (PDF Archive),12779,TALUQ_MA_ALLAH,
UNIQUE_NO_DUPLICATE,Maktaba Al-Maknoon (PDF Archive),12780,TAMBEEH_UL_GHAFILEEN,
UNIQUE_NO_DUPLICATE,Maktaba Al-Maknoon (PDF Archive),12781,TAMEER_O_WATAN_E_AKHIRAT,
KEPT_HAD_JIBREEL_DUPLICATE,Maktaba Al-Maknoon (PDF Archive),12782,Tanbeehul Ghafileen Ala Tahreeful Ghaleen By SHEIKH HAFIZ MUHAMMAD HABIBULLAH DAIRVI,
KEPT_HAD_JIBREEL_DUPLICATE,Maktaba Al-Maknoon (PDF Archive),12783,Tanqeed E Mateen Bar Tafseer E Naeem Ud Deen By SHEIKH SARFRAZ KHAN SAFDAR (R.A),
KEPT_HAD_JIBREEL_DUPLICATE,Maktaba Al-Maknoon (PDF Archive),12784,Tanqeed or Haq e Tanqeed By SHEIKH MUHAMMAD YUSUF LUDHYANVI (R.A),
UNIQUE_NO_DUPLICATE,Maktaba Al-Maknoon (PDF Archive),12785,TANVEER_UL_EMAAN,
UNIQUE_NO_DUPLICATE,Maktaba Al-Maknoon (PDF Archive),12786,TAOBA_KA_DARWAZA_KHULA_HAY,
KEPT_HAD_JIBREEL_DUPLICATE,Maktaba Al-Maknoon (PDF Archive),12787,Taqiya Na Kijiye By SHEIKH ALLAMA KHALID MEHMOOD,
UNIQUE_NO_DUPLICATE,Maktaba Al-Maknoon (PDF Archive),12788,Taqleed ki haqeeqat,
UNIQUE_NO_DUPLICATE,Maktaba Al-Maknoon (PDF Archive),12789,TAQREER_KHATM_E_QURAN_SHAREEF_OR_BUKHARI_SHARIF,
UNIQUE_NO_DUPLICATE,Maktaba Al-Maknoon (PDF Archive),12790,Taqseem Meraas,
KEPT_HAD_JIBREEL_DUPLICATE,Maktaba Al-Maknoon (PDF Archive),12791,Taqwa kay Inamaat,
UNIQUE_NO_DUPLICATE,Maktaba Al-Maknoon (PDF Archive),12792,taqwa-ke-inimaat,
UNIQUE_NO_DUPLICATE,Maktaba Al-Maknoon (PDF Archive),12793,TAQWA_KAY_INAMAAT,
KEPT_HAD_JIBREEL_DUPLICATE,Maktaba Al-Maknoon (PDF Archive),12794,Taqwiat ul Eeman (Version 1) Translation By Sheikh Abul Hasan Ali Nadvi (RA),
KEPT_HAD_JIBREEL_DUPLICATE,Maktaba Al-Maknoon (PDF Archive),12795,Taqwiat-Ul-Eemaan (Version 2) By SHEIKH SHAH ISMAIL SHAHEED (R.A),
KEPT_HAD_JIBREEL_DUPLICATE,Maktaba Al-Maknoon (PDF Archive),12796,Taqwiat-ul-Iman Tarjuma Hawashi,
UNIQUE_NO_DUPLICATE,Maktaba Al-Maknoon (PDF Archive),12797,TAQWIYAT_UL_EMAAN,
KEPT_HAD_JIBREEL_DUPLICATE,Maktaba Al-Maknoon (PDF Archive),12798,Taraweeh Ke Ahm Masail Aur Uskay 20 Rakaat Ka Saboot By SHEIKH ABDUR RAUF SAKHARVI,
KEPT_HAD_JIBREEL_DUPLICATE,Maktaba Al-Maknoon (PDF Archive),12799,tarbiat-e-ashaqan-e-khuda-ac5,
KEPT_HAD_JIBREEL_DUPLICATE,Maktaba Al-Maknoon (PDF Archive),12800,Tarbiyat e Aulaad by SHEIKH ASHRAF ALI THANVI (RA),
KEPT_HAD_JIBREEL_DUPLICATE,Maktaba Al-Maknoon (PDF Archive),12801,TARBIYAT_E_ASHIQAAN_E_KHUDA,
UNIQUE_NO_DUPLICATE,Maktaba Al-Maknoon (PDF Archive),12802,TARBIYAT_E_ASHIQAAN_E_KHUDA_PART_2,
UNIQUE_NO_DUPLICATE,Maktaba Al-Maknoon (PDF Archive),12803,Tarbiyyat-e-Nafs,
UNIQUE_NO_DUPLICATE,Maktaba Al-Maknoon (PDF Archive),12804,Tarbiyyat_Part_2,
UNIQUE_NO_DUPLICATE,Maktaba Al-Maknoon (PDF Archive),12805,TAREEKH E DAWAT O AZEEMAT (VOL 4) By SHEIKH ABUL HASAN ALI NADVI (R.A),
UNIQUE_NO_DUPLICATE,Maktaba Al-Maknoon (PDF Archive),12806,Tareekh e Islam (VOL 2)-1 By AKBAR SHAH KHAN NAJEEBABADI,
UNIQUE_NO_DUPLICATE,Maktaba Al-Maknoon (PDF Archive),12807,Tareekh e Islam (VOL 2)-2 By AKBAR SHAH KHAN NAJEEBABADI,
UNIQUE_NO_DUPLICATE,Maktaba Al-Maknoon (PDF Archive),12808,Tareekh e Islam (VOL 2)-3 By AKBAR SHAH KHAN NAJEEBABADI,
KEPT_HAD_JIBREEL_DUPLICATE,Maktaba Al-Maknoon (PDF Archive),12809,Tareekh e Meelad By HAFIZ HAKEEM ABDUSH SHAKOOR MIRZAPURI,
KEPT_HAD_JIBREEL_DUPLICATE,Maktaba Al-Maknoon (PDF Archive),12810,Tareekh e Shia By SHEIKH HAFIZ MEHR MUHAMMD MIANWALVI,
UNIQUE_NO_DUPLICATE,Maktaba Al-Maknoon (PDF Archive),12811,Tareekh e Tabri 1 of 7,
UNIQUE_NO_DUPLICATE,Maktaba Al-Maknoon (PDF Archive),12812,Tareekh e Tabri 2 of 7,
UNIQUE_NO_DUPLICATE,Maktaba Al-Maknoon (PDF Archive),12813,Tareekh e Tabri 3 of 7,
UNIQUE_NO_DUPLICATE,Maktaba Al-Maknoon (PDF Archive),12814,Tareekh e Tabri 4 of 7,
UNIQUE_NO_DUPLICATE,Maktaba Al-Maknoon (PDF Archive),12815,Tareekh e Tabri 5 of 7,
UNIQUE_NO_DUPLICATE,Maktaba Al-Maknoon (PDF Archive),12816,Tareekh e Tabri 6 of 7,
UNIQUE_NO_DUPLICATE,Maktaba Al-Maknoon (PDF Archive),12817,Tareekh e Tabri 7 of 7,
KEPT_HAD_JIBREEL_DUPLICATE,Maktaba Al-Maknoon (PDF Archive),12818,Tareekh Habibi wa Tazkhra Murshadee (Life History of Hazrat Khawaja Gesudraz) By SHEIKH ABDUL AZIZ WAIZI,
KEPT_HAD_JIBREEL_DUPLICATE,Maktaba Al-Maknoon (PDF Archive),12819,Tareekh o Tazkarah e Khanqah Sirajia By Muhammad Nazeer Ranjha,
KEPT_HAD_JIBREEL_DUPLICATE,Maktaba Al-Maknoon (PDF Archive),12820,Tareekh Tadween e Hadith By SHEIKH ABDUR RASHEED NOMANI,
KEPT_HAD_JIBREEL_DUPLICATE,Maktaba Al-Maknoon (PDF Archive),12821,Tareekh Ul Quran By Sheikh Qazi Abdus Samad Sarim,
KEPT_HAD_JIBREEL_DUPLICATE,Maktaba Al-Maknoon (PDF Archive),12822,Tareekh ut Tafseer By Sheikh Qazi Abdus Samad Sarim,
KEPT_HAD_JIBREEL_DUPLICATE,Maktaba Al-Maknoon (PDF Archive),12823,TAREEKH_E_DAWAT_O_AZEEMAT_VOL_1,
KEPT_HAD_JIBREEL_DUPLICATE,Maktaba Al-Maknoon (PDF Archive),12824,TAREEKH_E_DAWAT_O_AZEEMAT_VOL_2,
KEPT_HAD_JIBREEL_DUPLICATE,Maktaba Al-Maknoon (PDF Archive),12825,TAREEKH_E_DAWAT_O_AZEEMAT_VOL_3,
KEPT_HAD_JIBREEL_DUPLICATE,Maktaba Al-Maknoon (PDF Archive),12826,TAREEKH_E_DAWAT_O_AZEEMAT_VOL_4,
KEPT_HAD_JIBREEL_DUPLICATE,Maktaba Al-Maknoon (PDF Archive),12827,TAREEKH_E_DAWAT_O_AZEEMAT_VOL_5,
KEPT_HAD_JIBREEL_DUPLICATE,Maktaba Al-Maknoon (PDF Archive),12828,Tareekh_e_Dawat_Wa_Azeemat_Vol_6,
KEPT_HAD_JIBREEL_DUPLICATE,Maktaba Al-Maknoon (PDF Archive),12829,TAREEKH_E_IBN_E_KASEER_VOL_1,
KEPT_HAD_JIBREEL_DUPLICATE,Maktaba Al-Maknoon (PDF Archive),12830,TAREEKH_E_IBN_E_KASEER_VOL_2,
KEPT_HAD_JIBREEL_DUPLICATE,Maktaba Al-Maknoon (PDF Archive),12831,TAREEKH_E_IBN_E_KASEER_VOL_3,
KEPT_HAD_JIBREEL_DUPLICATE,Maktaba Al-Maknoon (PDF Archive),12832,TAREEKH_E_IBN_E_KASEER_VOL_4,
KEPT_HAD_JIBREEL_DUPLICATE,Maktaba Al-Maknoon (PDF Archive),12833,TAREEKH_E_IBN_E_KASEER_VOL_5,
KEPT_HAD_JIBREEL_DUPLICATE,Maktaba Al-Maknoon (PDF Archive),12834,TAREEKH_E_IBN_E_KASEER_VOL_6,
KEPT_HAD_JIBREEL_DUPLICATE,Maktaba Al-Maknoon (PDF Archive),12835,TAREEKH_E_IBN_E_KASEER_VOL_7_8,
KEPT_HAD_JIBREEL_DUPLICATE,Maktaba Al-Maknoon (PDF Archive),12836,TAREEKH_E_IBN_E_KHALLIDOON_VOL_1,
KEPT_HAD_JIBREEL_DUPLICATE,Maktaba Al-Maknoon (PDF Archive),12837,TAREEKH_E_IBN_E_KHALLIDOON_VOL_2,
KEPT_HAD_JIBREEL_DUPLICATE,Maktaba Al-Maknoon (PDF Archive),12838,TAREEKH_E_IBN_E_KHALLIDOON_VOL_3,
KEPT_HAD_JIBREEL_DUPLICATE,Maktaba Al-Maknoon (PDF Archive),12839,TAREEKH_E_IBN_E_KHALLIDOON_VOL_4,
KEPT_HAD_JIBREEL_DUPLICATE,Maktaba Al-Maknoon (PDF Archive),12840,TAREEKH_E_IBN_E_KHALLIDOON_VOL_5,
KEPT_HAD_JIBREEL_DUPLICATE,Maktaba Al-Maknoon (PDF Archive),12841,TAREEKH_E_IBN_E_KHALLIDOON_VOL_6,
KEPT_HAD_JIBREEL_DUPLICATE,Maktaba Al-Maknoon (PDF Archive),12842,TAREEKH_E_IBN_E_KHALLIDOON_VOL_7,
KEPT_HAD_JIBREEL_DUPLICATE,Maktaba Al-Maknoon (PDF Archive),12843,TAREEKH_E_IBN_E_KHALLIDOON_VOL_8,
KEPT_HAD_JIBREEL_DUPLICATE,Maktaba Al-Maknoon (PDF Archive),12844,TAREEKH_E_ISLAAM_VOL_1,
KEPT_HAD_JIBREEL_DUPLICATE,Maktaba Al-Maknoon (PDF Archive),12845,TAREEKH_E_ISLAAM_VOL_2,
KEPT_HAD_JIBREEL_DUPLICATE,Maktaba Al-Maknoon (PDF Archive),12846,TAREEKH_E_ISLAAM_VOL_3,
KEPT_HAD_JIBREEL_DUPLICATE,Maktaba Al-Maknoon (PDF Archive),12847,TAREEKH_E_TIBRI_VOL_1,
KEPT_HAD_JIBREEL_DUPLICATE,Maktaba Al-Maknoon (PDF Archive),12848,TAREEKH_E_TIBRI_VOL_2,
KEPT_HAD_JIBREEL_DUPLICATE,Maktaba Al-Maknoon (PDF Archive),12849,TAREEKH_E_TIBRI_VOL_3,
KEPT_HAD_JIBREEL_DUPLICATE,Maktaba Al-Maknoon (PDF Archive),12850,TAREEKH_E_TIBRI_VOL_4,
KEPT_HAD_JIBREEL_DUPLICATE,Maktaba Al-Maknoon (PDF Archive),12851,TAREEKH_E_TIBRI_VOL_5,
KEPT_HAD_JIBREEL_DUPLICATE,Maktaba Al-Maknoon (PDF Archive),12852,TAREEKH_E_TIBRI_VOL_6,
KEPT_HAD_JIBREEL_DUPLICATE,Maktaba Al-Maknoon (PDF Archive),12853,TAREEKH_E_TIBRI_VOL_7,
KEPT_HAD_JIBREEL_DUPLICATE,Maktaba Al-Maknoon (PDF Archive),12855,Tareekhi-dustaveez,
UNIQUE_NO_DUPLICATE,Maktaba Al-Maknoon (PDF Archive),12857,Tareeq-e-Wilait,
UNIQUE_NO_DUPLICATE,Maktaba Al-Maknoon (PDF Archive),12858,TAREEQ_E_MUHABBAT,
UNIQUE_NO_DUPLICATE,Maktaba Al-Maknoon (PDF Archive),12859,tareeq_e_muhabt,
UNIQUE_NO_DUPLICATE,Maktaba Al-Maknoon (PDF Archive),12860,TAREEQ_E_WILAYAT,
UNIQUE_NO_DUPLICATE,Maktaba Al-Maknoon (PDF Archive),12861,TAREEQ_IL_ALLAH,
UNIQUE_NO_DUPLICATE,Maktaba Al-Maknoon (PDF Archive),12862,tareeq_illlah,
KEPT_HAD_JIBREEL_DUPLICATE,Maktaba Al-Maknoon (PDF Archive),12863,TAREQAH JADEDAH VOL 1 DAR UL ULOOM,
KEPT_HAD_JIBREEL_DUPLICATE,Maktaba Al-Maknoon (PDF Archive),12864,TAREQAH JADEDAH VOL 2 DAR UL ULOOM,
UNIQUE_NO_DUPLICATE,Maktaba Al-Maknoon (PDF Archive),12865,TarikhIbneKaseer10of16,
UNIQUE_NO_DUPLICATE,Maktaba Al-Maknoon (PDF Archive),12866,TarikhIbneKaseer11of16,
UNIQUE_NO_DUPLICATE,Maktaba Al-Maknoon (PDF Archive),12867,TarikhIbneKaseer12of16,
UNIQUE_NO_DUPLICATE,Maktaba Al-Maknoon (PDF Archive),12868,TarikhIbneKaseer13of16,
UNIQUE_NO_DUPLICATE,Maktaba Al-Maknoon (PDF Archive),12869,TarikhIbneKaseer14of16,
UNIQUE_NO_DUPLICATE,Maktaba Al-Maknoon (PDF Archive),12870,TarikhIbneKaseer15of16,
UNIQUE_NO_DUPLICATE,Maktaba Al-Maknoon (PDF Archive),12871,TarikhIbneKaseer16of16,
UNIQUE_NO_DUPLICATE,Maktaba Al-Maknoon (PDF Archive),12872,TarikhIbneKaseer1of16,
UNIQUE_NO_DUPLICATE,Maktaba Al-Maknoon (PDF Archive),12873,TarikhIbneKaseer2of16,
UNIQUE_NO_DUPLICATE,Maktaba Al-Maknoon (PDF Archive),12874,TarikhIbneKaseer3of16,
UNIQUE_NO_DUPLICATE,Maktaba Al-Maknoon (PDF Archive),12875,TarikhIbneKaseer4of16,
UNIQUE_NO_DUPLICATE,Maktaba Al-Maknoon (PDF Archive),12876,TarikhIbneKaseer5of16,
UNIQUE_NO_DUPLICATE,Maktaba Al-Maknoon (PDF Archive),12877,TarikhIbneKaseer6of16,
UNIQUE_NO_DUPLICATE,Maktaba Al-Maknoon (PDF Archive),12878,TarikhIbneKaseer7of16,
UNIQUE_NO_DUPLICATE,Maktaba Al-Maknoon (PDF Archive),12879,TarikhIbneKaseer8of16,
UNIQUE_NO_DUPLICATE,Maktaba Al-Maknoon (PDF Archive),12880,TarikhIbneKaseer9of16,
KEPT_HAD_JIBREEL_DUPLICATE,Maktaba Al-Maknoon (PDF Archive),12881,TARJUMAN_US_SUNNAH_VOL_1,
KEPT_HAD_JIBREEL_DUPLICATE,Maktaba Al-Maknoon (PDF Archive),12882,TARJUMAN_US_SUNNAH_VOL_2,
KEPT_HAD_JIBREEL_DUPLICATE,Maktaba Al-Maknoon (PDF Archive),12883,TARJUMAN_US_SUNNAH_VOL_3,
KEPT_HAD_JIBREEL_DUPLICATE,Maktaba Al-Maknoon (PDF Archive),12884,TARJUMAN_US_SUNNAH_VOL_4,
KEPT_HAD_JIBREEL_DUPLICATE,Maktaba Al-Maknoon (PDF Archive),12885,Tas&#39;heel Qasdus Sabeel By SHEIKH ASHRAF ALI THANVI (R.A),
KEPT_HAD_JIBREEL_DUPLICATE,Maktaba Al-Maknoon (PDF Archive),12886,Tasawwuf Kia Hai By SHEIKH MUHAMMAD MANZOOR NOMANI (R.A),
KEPT_HAD_JIBREEL_DUPLICATE,Maktaba Al-Maknoon (PDF Archive),12887,Tasawwuf wa Sulook By SHEIKH ZULFIQAR AHMAD NAQSHBANDI,
KEPT_HAD_JIBREEL_DUPLICATE,Maktaba Al-Maknoon (PDF Archive),12888,Tasfia tul Aqaid By SHEIKH MUHAMMAD QASIM NANOTVI (R.A),
KEPT_HAD_JIBREEL_DUPLICATE,Maktaba Al-Maknoon (PDF Archive),12889,TASHEEL UL ADAB FAROQIA,
KEPT_HAD_JIBREEL_DUPLICATE,Maktaba Al-Maknoon (PDF Archive),12890,TASHEEL UL DARASAH MEER MUHAMMAD,
KEPT_HAD_JIBREEL_DUPLICATE,Maktaba Al-Maknoon (PDF Archive),12891,Tasheel ul Islah by SHEIKH ASHRAF ALI THANVI (RA),
KEPT_HAD_JIBREEL_DUPLICATE,Maktaba Al-Maknoon (PDF Archive),12892,TASHEEL UL MANTIQ BAIT UL ILM,
KEPT_HAD_JIBREEL_DUPLICATE,Maktaba Al-Maknoon (PDF Archive),12893,TASHEEL UL MEBZI QADEMI,
KEPT_HAD_JIBREEL_DUPLICATE,Maktaba Al-Maknoon (PDF Archive),12894,TASHEEL UL MUBTADI AL BUSHRA COLOR,
KEPT_HAD_JIBREEL_DUPLICATE,Maktaba Al-Maknoon (PDF Archive),12895,TASHEEL UL MUBTADI AL BUSHRA,
KEPT_HAD_JIBREEL_DUPLICATE,Maktaba Al-Maknoon (PDF Archive),12896,TASHEEL UL NAHW QADEMI,
UNIQUE_NO_DUPLICATE,Maktaba Al-Maknoon (PDF Archive),12897,TASHEEL_BAHISHTI_ZAIWAR_VOL_1,
UNIQUE_NO_DUPLICATE,Maktaba Al-Maknoon (PDF Archive),12898,TASHEEL_BAHISHTI_ZAIWAR_VOL_2,
KEPT_HAD_JIBREEL_DUPLICATE,Maktaba Al-Maknoon (PDF Archive),12899,TASHEEL_E_BAYAAN_UL_QURAN_Part1,
KEPT_HAD_JIBREEL_DUPLICATE,Maktaba Al-Maknoon (PDF Archive),12900,TASHEEL_E_BAYAAN_UL_QURAN_Part2,
KEPT_HAD_JIBREEL_DUPLICATE,Maktaba Al-Maknoon (PDF Archive),12901,TASHEEL_E_TARBIYAT_US_SALIK_VOL_1_PART_1,
KEPT_HAD_JIBREEL_DUPLICATE,Maktaba Al-Maknoon (PDF Archive),12902,TASHEEL_E_TARBIYAT_US_SALIK_VOL_1_PART_2,
KEPT_HAD_JIBREEL_DUPLICATE,Maktaba Al-Maknoon (PDF Archive),12903,TASHEEL_E_TARBIYAT_US_SALIK_VOL_2,
KEPT_HAD_JIBREEL_DUPLICATE,Maktaba Al-Maknoon (PDF Archive),12904,TASHEEL_E_TARBIYAT_US_SALIK_VOL_3,
KEPT_HAD_JIBREEL_DUPLICATE,Maktaba Al-Maknoon (PDF Archive),12906,Taskeen us Sudoor By SHEIKH SARFRAZ KHAN SAFDAR (R.A),
UNIQUE_NO_DUPLICATE,Maktaba Al-Maknoon (PDF Archive),12907,Tasleem-o-Raza,
UNIQUE_NO_DUPLICATE,Maktaba Al-Maknoon (PDF Archive),12908,TASLEEM_O_RAZA,
UNIQUE_NO_DUPLICATE,Maktaba Al-Maknoon (PDF Archive),12909,taslim_o_riza,
KEPT_HAD_JIBREEL_DUPLICATE,Maktaba Al-Maknoon (PDF Archive),12910,Tasveer Bari Saaf Hai Sabhi Jaan Gaye By SHEIKH HAFIZ ABDUL QUDDUS QARAN,
UNIQUE_NO_DUPLICATE,Maktaba Al-Maknoon (PDF Archive),12911,TASWEER_KAY_SHARI_AHKAAM,
KEPT_HAD_JIBREEL_DUPLICATE,Maktaba Al-Maknoon (PDF Archive),12912,Tatheer e Ramadhan by SHEIKH ASHRAF ALI THANVI (RA),
KEPT_HAD_JIBREEL_DUPLICATE,Maktaba Al-Maknoon (PDF Archive),12913,Tauba Ki Haqeeqat Aur Ahmiyat By SHEIKH MUFTI RAFI USMANI,
UNIQUE_NO_DUPLICATE,Maktaba Al-Maknoon (PDF Archive),12914,TAUBA_KAY_ANSO,
KEPT_HAD_JIBREEL_DUPLICATE,Maktaba Al-Maknoon (PDF Archive),12915,Taubah Kaisay Karain By Sheikh Abdus Sattar,
UNIQUE_NO_DUPLICATE,Maktaba Al-Maknoon (PDF Archive),12916,Tauheed ka paigham,
KEPT_HAD_JIBREEL_DUPLICATE,Maktaba Al-Maknoon (PDF Archive),12917,Tauheen e Risalat Aur Iski Saza By SHEIKH MUFTI JAMEEL AHMAD THANVI (R.A),
KEPT_HAD_JIBREEL_DUPLICATE,Maktaba Al-Maknoon (PDF Archive),12918,Tauzih ul Maraam Fi Nuzool e Maseeh (A.S) By SHEIKH SARFRAZ KHAN SAFDAR (R.A),
KEPT_HAD_JIBREEL_DUPLICATE,Maktaba Al-Maknoon (PDF Archive),12919,Tawakkul Ki Ahmiyat By SHEIKH MUFTI TAQI USMANI,
KEPT_HAD_JIBREEL_DUPLICATE,Maktaba Al-Maknoon (PDF Archive),12920,Tawassul Aur Istaghasa Beghair ALLAH Aur Ghair Muqallideen Ka Mazhab By SHEIKH MUFTI MEHMOOD HASAN BULANDSHEHRI,
KEPT_HAD_JIBREEL_DUPLICATE,Maktaba Al-Maknoon (PDF Archive),12921,TAWZEEH UL MEBZI IMDADIA,
KEPT_HAD_JIBREEL_DUPLICATE,Maktaba Al-Maknoon (PDF Archive),12922,Tayamun By SHEIKH MUFTI RASHEED AHMAD FARIDI,
KEPT_HAD_JIBREEL_DUPLICATE,Maktaba Al-Maknoon (PDF Archive),12923,Tayeed Mazhab Ahle Sunnat (RADD E RAWAFIZ) By SHEIKH MUJADDID ALIF THANI (RA),
KEPT_HAD_JIBREEL_DUPLICATE,Maktaba Al-Maknoon (PDF Archive),12924,Tazeem ul Shaair by SHEIKH ASHRAF ALI THANVI (RA),
KEPT_HAD_JIBREEL_DUPLICATE,Maktaba Al-Maknoon (PDF Archive),12925,Tazkar e Mahmood (Collected By) Muhammad Farooq Qureshi,
KEPT_HAD_JIBREEL_DUPLICATE,Maktaba Al-Maknoon (PDF Archive),12926,tazkara-mujahideen-KN,
UNIQUE_NO_DUPLICATE,Maktaba Al-Maknoon (PDF Archive),12927,Tazkia-e--Nafs,
UNIQUE_NO_DUPLICATE,Maktaba Al-Maknoon (PDF Archive),12928,TAZKIA_E_NAFS,
UNIQUE_NO_DUPLICATE,Maktaba Al-Maknoon (PDF Archive),12929,TAZKIRA_MUJAHIDEEN_E_KHATM_E_NABOWAT_OR_QADYANIYON_KAY_EBRAT_ANGAIZ_WAQIYAATB,
KEPT_HAD_JIBREEL_DUPLICATE,Maktaba Al-Maknoon (PDF Archive),12930,Tazkirah Sheikh Syed Ahmad Shaheed (r.a) By Sheikh Hamza Hasni Nadvi,
KEPT_HAD_JIBREEL_DUPLICATE,Maktaba Al-Maknoon (PDF Archive),12931,Tazkirat al Rashid By SHEIKH HAKEEM MASOOD AHMAD,
KEPT_HAD_JIBREEL_DUPLICATE,Maktaba Al-Maknoon (PDF Archive),12932,Teen Talaq Ka Masala By SHEIKH MUFTI MUHAMMAD SALMAN MASOORPURI ,
UNIQUE_NO_DUPLICATE,Maktaba Al-Maknoon (PDF Archive),12933,Teen Talaq,
KEPT_HAD_JIBREEL_DUPLICATE,Maktaba Al-Maknoon (PDF Archive),12934,Teesri Jang e Azeem Aur Dajjal By SHEIKH UMAR ASIM,
KEPT_HAD_JIBREEL_DUPLICATE,Maktaba Al-Maknoon (PDF Archive),12935,Tehfeez ul Quran by SHEIKH MUSHARRAF ALI THANVI (RA),
UNIQUE_NO_DUPLICATE,Maktaba Al-Maknoon (PDF Archive),12936,thali-ka-bagun,
UNIQUE_NO_DUPLICATE,Maktaba Al-Maknoon (PDF Archive),12937,The Movement Of KN,
UNIQUE_NO_DUPLICATE,Maktaba Al-Maknoon (PDF Archive),12938,The-Istighna,
UNIQUE_NO_DUPLICATE,Maktaba Al-Maknoon (PDF Archive),12939,the-reality-of-tasawwuf,
UNIQUE_NO_DUPLICATE,Maktaba Al-Maknoon (PDF Archive),12940,The_Enjoyment_Of_Zikr,
UNIQUE_NO_DUPLICATE,Maktaba Al-Maknoon (PDF Archive),12941,The_Rights_of_Family_Members,
UNIQUE_NO_DUPLICATE,Maktaba Al-Maknoon (PDF Archive),12942,The_Rights_of_Husband,
UNIQUE_NO_DUPLICATE,Maktaba Al-Maknoon (PDF Archive),12943,The_Rights_of_Women,
UNIQUE_NO_DUPLICATE,Maktaba Al-Maknoon (PDF Archive),12944,The_Way_to_a_Happy_Married_Life,
UNIQUE_NO_DUPLICATE,Maktaba Al-Maknoon (PDF Archive),12945,TIBB_E_NABAVI_(S.A.W),
KEPT_HAD_JIBREEL_DUPLICATE,Maktaba Al-Maknoon (PDF Archive),12946,Tipu Sultan Shaheed,
KEPT_HAD_JIBREEL_DUPLICATE,Maktaba Al-Maknoon (PDF Archive),12947,Tohfa E Ahle Hadith VOL 1 By SHEIKH ABU BILAL MUHAMMAD ISMAIL MUHAMMADI,
KEPT_HAD_JIBREEL_DUPLICATE,Maktaba Al-Maknoon (PDF Archive),12948,Tohfa E Ahle Hadith VOL 2 By SHEIKH ABU BILAL MUHAMMAD ISMAIL MUHAMMADI,
KEPT_HAD_JIBREEL_DUPLICATE,Maktaba Al-Maknoon (PDF Archive),12949,Tohfa E Ahle Hadith VOL 3 By SHEIKH ABU BILAL MUHAMMAD ISMAIL MUHAMMADI,
KEPT_HAD_JIBREEL_DUPLICATE,Maktaba Al-Maknoon (PDF Archive),12950,Tohfa e Ghamdi By SHEIKH MUFTI ABDUL WAHID,
KEPT_HAD_JIBREEL_DUPLICATE,Maktaba Al-Maknoon (PDF Archive),12952,Tohfa e Naqshbandiyah By Sheikh Muhammad Iqbal Khan,
KEPT_HAD_JIBREEL_DUPLICATE,Maktaba Al-Maknoon (PDF Archive),12953,Tohfa e Nikah by Sheikh Muhammad Ibrahim Palanpuri,
KEPT_HAD_JIBREEL_DUPLICATE,Maktaba Al-Maknoon (PDF Archive),12960,Tohfa e Ramadhan Fazail o Masail By SHEIKH ASHRAF ALI THANVI (R.A),
KEPT_HAD_JIBREEL_DUPLICATE,Maktaba Al-Maknoon (PDF Archive),12961,Tohfa tul Akhyar By SHEIKH HAFIZ MEHR MUHAMMD MIANWALVI,
UNIQUE_NO_DUPLICATE,Maktaba Al-Maknoon (PDF Archive),12962,Touba_k_aansoun,
UNIQUE_NO_DUPLICATE,Maktaba Al-Maknoon (PDF Archive),12963,treatment_for_anger,
KEPT_HAD_JIBREEL_DUPLICATE,Maktaba Al-Maknoon (PDF Archive),12964,Tufha Ithna Ashariyya,
KEPT_HAD_JIBREEL_DUPLICATE,Maktaba Al-Maknoon (PDF Archive),12966,Tuhfa E Namaz By SHEIKH SYED MUMTAZ AHMAD SHAH,
UNIQUE_NO_DUPLICATE,Maktaba Al-Maknoon (PDF Archive),12967,Tuhfa-e-Nafees-40-Hadiths,
UNIQUE_NO_DUPLICATE,Maktaba Al-Maknoon (PDF Archive),12968,TUHFA_E_ISNA_E_ASHARIYAH,
UNIQUE_NO_DUPLICATE,Maktaba Al-Maknoon (PDF Archive),12969,TUHFA_E_MAH_E_RAMZAAN,
UNIQUE_NO_DUPLICATE,Maktaba Al-Maknoon (PDF Archive),12970,TUHFA_E_QADYANIYAT_VOL_1,
UNIQUE_NO_DUPLICATE,Maktaba Al-Maknoon (PDF Archive),12971,TUHFA_E_QADYANIYAT_VOL_2,
UNIQUE_NO_DUPLICATE,Maktaba Al-Maknoon (PDF Archive),12972,TUHFA_E_QADYANIYAT_VOL_3,
UNIQUE_NO_DUPLICATE,Maktaba Al-Maknoon (PDF Archive),12973,TUHFA_E_QADYANIYAT_VOL_4,
UNIQUE_NO_DUPLICATE,Maktaba Al-Maknoon (PDF Archive),12974,TUHFA_E_QADYANIYAT_VOL_5,
UNIQUE_NO_DUPLICATE,Maktaba Al-Maknoon (PDF Archive),12975,TUHFA_E_QADYANIYAT_VOL_6,
UNIQUE_NO_DUPLICATE,Maktaba Al-Maknoon (PDF Archive),12976,TUHFA_TUL_AIMMAH,
KEPT_HAD_JIBREEL_DUPLICATE,Maktaba Al-Maknoon (PDF Archive),12977,TUHFA_TUL_MADAARIS_VOL_1,
KEPT_HAD_JIBREEL_DUPLICATE,Maktaba Al-Maknoon (PDF Archive),12978,TUHFA_TUL_MADAARIS_VOL_2,
UNIQUE_NO_DUPLICATE,Maktaba Al-Maknoon (PDF Archive),12979,TUHFA_TUL_MUSHTAAQ,
KEPT_HAD_JIBREEL_DUPLICATE,Maktaba Al-Maknoon (PDF Archive),12980,TUHFA_TUL_MUSLIMEEN,
KEPT_HAD_JIBREEL_DUPLICATE,Maktaba Al-Maknoon (PDF Archive),12981,Turk E Gunah By SHEIKH MUFTI RASHEED AHMAD LUDHYANVI (R.A).pdf,
KEPT_HAD_JIBREEL_DUPLICATE,Maktaba Al-Maknoon (PDF Archive),12982,TV Aur Azab e Qabar By SHEIKH MUFTI ABDUR RAUF SAKHARVI,
UNIQUE_NO_DUPLICATE,Maktaba Al-Maknoon (PDF Archive),12983,Ulam e Deoband Ka Deeni Rukh Aur Maslaki Mizaj By SHEIKH QARI MUHAMMD TAYYAB (R.A),
KEPT_HAD_JIBREEL_DUPLICATE,Maktaba Al-Maknoon (PDF Archive),12984,Ulama e Deoband  Ka Taqwa By SHEIKH MUHAMMAD ZAKARIYYA KANDHELVI,
KEPT_HAD_JIBREEL_DUPLICATE,Maktaba Al-Maknoon (PDF Archive),12985,Ulama e Deoband Ka Deeni Rukh Aur Maslaki Mizaj By SHEIKH QARI MUHAMMD TAYYAB (R.A),
KEPT_HAD_JIBREEL_DUPLICATE,Maktaba Al-Maknoon (PDF Archive),12986,Ulama e Deoband Ki Khidmaat Ka Ijmali Jaiza,
KEPT_HAD_JIBREEL_DUPLICATE,Maktaba Al-Maknoon (PDF Archive),12987,Ulama e Deoband Muaasireen Ki Nazar Mein By SHEIKH JAVED USMAN MEMON,
UNIQUE_NO_DUPLICATE,Maktaba Al-Maknoon (PDF Archive),12988,Ulama Karam ki Azmat,
KEPT_HAD_JIBREEL_DUPLICATE,Maktaba Al-Maknoon (PDF Archive),12989,ULAMA_E_DIOBAND_KAY_AAKHRI_LAMHAT_PART_2,
UNIQUE_NO_DUPLICATE,Maktaba Al-Maknoon (PDF Archive),12990,ULAMA_E_DIOBAND_KAY_WAQIAAT_O_KARAMAAT,
UNIQUE_NO_DUPLICATE,Maktaba Al-Maknoon (PDF Archive),12991,ULAMA_MEDAAN_E_SIYASAT_MEN,
KEPT_HAD_JIBREEL_DUPLICATE,Maktaba Al-Maknoon (PDF Archive),12992,Uloom ul Quran By SHEIKH MUFTI MUHAMMAD TAQI USMANI,
KEPT_HAD_JIBREEL_DUPLICATE,Maktaba Al-Maknoon (PDF Archive),12993,Uloom ul Quran By SHEIKH MUHAMMAD YUSUF BANORI,
KEPT_HAD_JIBREEL_DUPLICATE,Maktaba Al-Maknoon (PDF Archive),12994,Uloom ul Quran By SHEIKH Shams ul Haq,
KEPT_HAD_JIBREEL_DUPLICATE,Maktaba Al-Maknoon (PDF Archive),12995,Ulum ul-Quran by Muhaddith Allamah Yusuf Binori,
KEPT_HAD_JIBREEL_DUPLICATE,Maktaba Al-Maknoon (PDF Archive),12996,Umda tul Asas Fi Hukm e Talaq e Salaas By SHEIKH SARFRAZ KHAN SAFDAR (R.A),
KEPT_HAD_JIBREEL_DUPLICATE,Maktaba Al-Maknoon (PDF Archive),12997,Umeed-e-Rehmat-o-Maghfirat,
UNIQUE_NO_DUPLICATE,Maktaba Al-Maknoon (PDF Archive),12998,UMEED_E_MAGHFIRAT_O_REHMAT,
UNIQUE_NO_DUPLICATE,Maktaba Al-Maknoon (PDF Archive),12999,Ummeed-e-Maghfirat-o-Rehmat,
KEPT_HAD_JIBREEL_DUPLICATE,Maktaba Al-Maknoon (PDF Archive),13000,Undalas Mein Chand Roz By Sheikh Mufti Taqi Usmani,
KEPT_HAD_JIBREEL_DUPLICATE,Maktaba Al-Maknoon (PDF Archive),13001,UQOOD UL DURAR RASHEDIA,
UNIQUE_NO_DUPLICATE,Maktaba Al-Maknoon (PDF Archive),13002,ur_Arabi_Zuban_Ghair_Arab_Ko_Kaisay_Parhain,
UNIQUE_NO_DUPLICATE,Maktaba Al-Maknoon (PDF Archive),13003,ur_atlas_01,
UNIQUE_NO_DUPLICATE,Maktaba Al-Maknoon (PDF Archive),13004,ur_atlas_02,
UNIQUE_NO_DUPLICATE,Maktaba Al-Maknoon (PDF Archive),13005,ur_atlas_03,
KEPT_HAD_JIBREEL_DUPLICATE,Maktaba Al-Maknoon (PDF Archive),13006,Urdu Ka Aasaan Qaida By Sheikh Musa Sulaiman Karmadi,
KEPT_HAD_JIBREEL_DUPLICATE,Maktaba Al-Maknoon (PDF Archive),13007,Urdu Lateefay (Doctor Mareez Hospital),
UNIQUE_NO_DUPLICATE,Maktaba Al-Maknoon (PDF Archive),13008,USHAAQ_E_QURAN_KAY_EMAAN_AFROOZ_WAQIYAAT,
KEPT_HAD_JIBREEL_DUPLICATE,Maktaba Al-Maknoon (PDF Archive),13010,USOOL UL SHASHI AL BUSHRA,
KEPT_HAD_JIBREEL_DUPLICATE,Maktaba Al-Maknoon (PDF Archive),13011,USOOL UL SHASHI AL MEZAN,
KEPT_HAD_JIBREEL_DUPLICATE,Maktaba Al-Maknoon (PDF Archive),13012,USOOL UL SHASHI HABEBIA,
KEPT_HAD_JIBREEL_DUPLICATE,Maktaba Al-Maknoon (PDF Archive),13013,Uswa e Rasool e Akram (S.A.W) By SHEIKH MUHAMMD ABDUL HAI ARIFI,
KEPT_HAD_JIBREEL_DUPLICATE,Maktaba Al-Maknoon (PDF Archive),13014,USWA_E_RASOOL_E_AKRAM_(S.A.W),
UNIQUE_NO_DUPLICATE,Maktaba Al-Maknoon (PDF Archive),13015,view-of-Ummah,
UNIQUE_NO_DUPLICATE,Maktaba Al-Maknoon (PDF Archive),13016,WALI_ALLAH_BANANAY_KAY_5_NUSKHAY,
UNIQUE_NO_DUPLICATE,Maktaba Al-Maknoon (PDF Archive),13017,WALI_ALLAH_BANNAY_WALAY_4_AAMAAL,
UNIQUE_NO_DUPLICATE,Maktaba Al-Maknoon (PDF Archive),13018,WALIDAIN_KELIY_AANKHON_KI_THANDAK_BANIYY,
UNIQUE_NO_DUPLICATE,Maktaba Al-Maknoon (PDF Archive),13019,WaliUllah ban nay kay paanch nuskhay,
UNIQUE_NO_DUPLICATE,Maktaba Al-Maknoon (PDF Archive),13020,Waliullah_bannay_walay_4_aamaal,
KEPT_HAD_JIBREEL_DUPLICATE,Maktaba Al-Maknoon (PDF Archive),13021,Waqai Hazrat Sheikh Syed Ahmad Shaheed (r.a) upto-page-1000,
KEPT_HAD_JIBREEL_DUPLICATE,Maktaba Al-Maknoon (PDF Archive),13022,Waqai Hazrat Sheikh Syed Ahmad Shaheed (r.a) upto-page-1500,
KEPT_HAD_JIBREEL_DUPLICATE,Maktaba Al-Maknoon (PDF Archive),13023,Waqai Hazrat Sheikh Syed Ahmad Shaheed (r.a) upto-page-2000,
KEPT_HAD_JIBREEL_DUPLICATE,Maktaba Al-Maknoon (PDF Archive),13024,Waqai Hazrat Sheikh Syed Ahmad Shaheed (r.a) upto-page-2477,
KEPT_HAD_JIBREEL_DUPLICATE,Maktaba Al-Maknoon (PDF Archive),13025,Waqai Hazrat Sheikh Syed Ahmad Shaheed (r.a) upto-page-500,
KEPT_HAD_JIBREEL_DUPLICATE,Maktaba Al-Maknoon (PDF Archive),13026,Waqiaat o Lataaif By SHEIKH ABDUR RAHMAN RASHID,
KEPT_HAD_JIBREEL_DUPLICATE,Maktaba Al-Maknoon (PDF Archive),13027,Wirasat Ki Taqseem By SHEIKH MUFTI ABDUR RAUF SAKHARVI,
KEPT_HAD_JIBREEL_DUPLICATE,Maktaba Al-Maknoon (PDF Archive),13028,Wudoo Durust Kijiyay By SHEIKH ABDUR RAUF SAKHARVI,
KEPT_HAD_JIBREEL_DUPLICATE,Maktaba Al-Maknoon (PDF Archive),13029,Wuzu Ka Masnoon Tareeqa By SHEIKH HAFIZ ABDUL QUDDUS KHAN QARAN,
UNIQUE_NO_DUPLICATE,Maktaba Al-Maknoon (PDF Archive),13030,Ya Arhamurrah-e-meen Mola-e-Rehmatullil Aalimeen,
UNIQUE_NO_DUPLICATE,Maktaba Al-Maknoon (PDF Archive),13031,YA_AR_RAHM_UR_RAHEMEEN_MAULA_E_RAHMAT_ULLIL-ALAMEEN,
UNIQUE_NO_DUPLICATE,Maktaba Al-Maknoon (PDF Archive),13032,YAADGAAR_BATEN,
UNIQUE_NO_DUPLICATE,Maktaba Al-Maknoon (PDF Archive),13033,YAADGAAR_MULAQATEN,
UNIQUE_NO_DUPLICATE,Maktaba Al-Maknoon (PDF Archive),13034,YAADGAAR_WAQIAAT,
KEPT_HAD_JIBREEL_DUPLICATE,Maktaba Al-Maknoon (PDF Archive),13035,Yadgar e Ghalib By Maulana Altaf Husain Hali,
KEPT_HAD_JIBREEL_DUPLICATE,Maktaba Al-Maknoon (PDF Archive),13036,Yahoodi Protocols 1,
KEPT_HAD_JIBREEL_DUPLICATE,Maktaba Al-Maknoon (PDF Archive),13037,Yahoodi Protocols 2,
UNIQUE_NO_DUPLICATE,Maktaba Al-Maknoon (PDF Archive),13038,Yahoodiyyat aur shiyyat k mushtarqa aqaid,
UNIQUE_NO_DUPLICATE,Maktaba Al-Maknoon (PDF Archive),13039,YAZDAH_NUJOOM_WA_TUHFA_TUL_ANSAF,
KEPT_HAD_JIBREEL_DUPLICATE,Maktaba Al-Maknoon (PDF Archive),13040,Yazeed Ki Shaksiyat Ahl e Sunnat Ki Nazar Mein By SHEIKH MUHAMMAD ABDUR RASHEED NOMANI,
UNIQUE_NO_DUPLICATE,Maktaba Al-Maknoon (PDF Archive),13041,Yeh ikhtilaf kab tak,
KEPT_HAD_JIBREEL_DUPLICATE,Maktaba Al-Maknoon (PDF Archive),13042,Yusuf-Kazzab-Aik-Jhoota-Aur-Makkar-Mudiye-Nabuwwat by Brigadier-Aslam-Malik,
KEPT_HAD_JIBREEL_DUPLICATE,Maktaba Al-Maknoon (PDF Archive),13043,Yusuf-Kazzab-Ka-Anjaam-Nov-2002,
KEPT_HAD_JIBREEL_DUPLICATE,Maktaba Al-Maknoon (PDF Archive),13044,Zaad As Saeed By SHEIKH FAZLUR RAHEEM,
KEPT_HAD_JIBREEL_DUPLICATE,Maktaba Al-Maknoon (PDF Archive),13045,ZAAD_UL_MAAD_VOL_1_2,
KEPT_HAD_JIBREEL_DUPLICATE,Maktaba Al-Maknoon (PDF Archive),13046,ZAAD_UL_MAAD_VOL_3_4,
UNIQUE_NO_DUPLICATE,Maktaba Al-Maknoon (PDF Archive),13047,ZABAAN_KI_HIFAZAT,
KEPT_HAD_JIBREEL_DUPLICATE,Maktaba Al-Maknoon (PDF Archive),13048,ZABDA TUL HAWASHI RASHEDIA,
KEPT_HAD_JIBREEL_DUPLICATE,Maktaba Al-Maknoon (PDF Archive),13049,ZAD UL TALIBEEN AL BUSHRA COLOR,
KEPT_HAD_JIBREEL_DUPLICATE,Maktaba Al-Maknoon (PDF Archive),13050,ZAD UL TALIBEEN AL BUSHRA,
KEPT_HAD_JIBREEL_DUPLICATE,Maktaba Al-Maknoon (PDF Archive),13051,zaferullahkhan-qad,
KEPT_HAD_JIBREEL_DUPLICATE,Maktaba Al-Maknoon (PDF Archive),13052,Zaid Hamid Jhoota Hai Ya Poori Pakistani Qaum,
KEPT_HAD_JIBREEL_DUPLICATE,Maktaba Al-Maknoon (PDF Archive),13053,Zaid Hamid Ki Haqeeqat By SHEIKH SAEED AHMAD JALALPURI,
UNIQUE_NO_DUPLICATE,Maktaba Al-Maknoon (PDF Archive),13054,ZAKAAT_KAY_MASAIL_KA_INSICLOPIDIA,
KEPT_HAD_JIBREEL_DUPLICATE,Maktaba Al-Maknoon (PDF Archive),13055,Zakat Ke Masaail Ka Encyclopedia By SHEIKH MUHAMMAD INAMUL HAQ QASMI,
KEPT_HAD_JIBREEL_DUPLICATE,Maktaba Al-Maknoon (PDF Archive),13056,Zakat Ke Mukhtasar Masail By SHEIKH MUFTI ABDULLAH NOMANI,
KEPT_HAD_JIBREEL_DUPLICATE,Maktaba Al-Maknoon (PDF Archive),13057,Zakat Kis Tarah Ada Karain By SHEIKH MUFTI TAQI USMANI,
KEPT_HAD_JIBREEL_DUPLICATE,Maktaba Al-Maknoon (PDF Archive),13059,Zakhira e Islami Maloomat Part-1 By SHEIKH MUHAMMAD GHUFRAN KERANVI,
KEPT_HAD_JIBREEL_DUPLICATE,Maktaba Al-Maknoon (PDF Archive),13060,Zalzala Dar Zalzala By SHEIKH NAJAMUDDIN AHYAI,
KEPT_HAD_JIBREEL_DUPLICATE,Maktaba Al-Maknoon (PDF Archive),13061,ZANJANI HABIBIA,
KEPT_HAD_JIBREEL_DUPLICATE,Maktaba Al-Maknoon (PDF Archive),13062,ZANJANI RASHEDIA,
KEPT_HAD_JIBREEL_DUPLICATE,Maktaba Al-Maknoon (PDF Archive),13063,Zarooriyat e Deen by DARUL ULOOM DEOBAND,
KEPT_HAD_JIBREEL_DUPLICATE,Maktaba Al-Maknoon (PDF Archive),13064,ZIA UL NUJOOM HAQQANIA,
UNIQUE_NO_DUPLICATE,Maktaba Al-Maknoon (PDF Archive),13065,Zikr-e-Allah aur Atmeenan-e-Qalb,
UNIQUE_NO_DUPLICATE,Maktaba Al-Maknoon (PDF Archive),13066,ZIKR_ALLAH_AUR_ITMENAN_E_QALB,
UNIQUE_NO_DUPLICATE,Maktaba Al-Maknoon (PDF Archive),13067,ZIKR_O_FIKR,
KEPT_HAD_JIBREEL_DUPLICATE,Maktaba Al-Maknoon (PDF Archive),13068,Zikri Firqah By SHEIKH RASHEED AHMAD (R.A),
KEPT_HAD_JIBREEL_DUPLICATE,Maktaba Al-Maknoon (PDF Archive),13069,Zikri Kharij e Islam Hain,
KEPT_HAD_JIBREEL_DUPLICATE,Maktaba Al-Maknoon (PDF Archive),13070,ZikrULLAH K Fazail By SHEIKH MUFTI TAQI USMANI,
KEPT_HAD_JIBREEL_DUPLICATE,Maktaba Al-Maknoon (PDF Archive),13072,Zikrullah Ki Kasrat Kijiye By Sheikh Ashiq Ilahi Madni (r.a),
KEPT_HAD_JIBREEL_DUPLICATE,Maktaba Al-Maknoon (PDF Archive),13073,Zubdat us Sulook By SHEIKH ZULFIQAR AHMAD NAQSHBANDI,
UNIQUE_NO_DUPLICATE,Maktaba Jibreel (PDF Archive),5263,Aadab E Ishq E Rasool Saw,
UNIQUE_NO_DUPLICATE,Maktaba Jibreel (PDF Archive),5268,Aamal E Qurani,
UNIQUE_NO_DUPLICATE,Maktaba Jibreel (PDF Archive),5276,Aap Kay Masail Or Unka Hal Vol 1,
UNIQUE_NO_DUPLICATE,Maktaba Jibreel (PDF Archive),5277,Aap Kay Masail Or Unka Hal Vol 2,
UNIQUE_NO_DUPLICATE,Maktaba Jibreel (PDF Archive),5281,Aap Kay Masail Or Unka Hal Vol 6,
UNIQUE_NO_DUPLICATE,Maktaba Jibreel (PDF Archive),5282,Aap Kay Masail Or Unka Hal Vol 7,
UNIQUE_NO_DUPLICATE,Maktaba Jibreel (PDF Archive),5283,Aap Kay Masail Or Unka Hal Vol 8,
UNIQUE_NO_DUPLICATE,Maktaba Jibreel (PDF Archive),5284,Aaqaid Ahle Sunnat Waljumaat,
UNIQUE_NO_DUPLICATE,Maktaba Jibreel (PDF Archive),5296,Aashiqaan E Rasool Ko Khuab Men Ziyarat E Nabi (S.A.W),
UNIQUE_NO_DUPLICATE,Maktaba Jibreel (PDF Archive),5304,Ad Daa Wad Dawa,
UNIQUE_NO_DUPLICATE,Maktaba Jibreel (PDF Archive),5305,Ad Deen Ul Qaiyim,
UNIQUE_NO_DUPLICATE,Maktaba Jibreel (PDF Archive),5306,Adaab E Rah E Wafa,
UNIQUE_NO_DUPLICATE,Maktaba Jibreel (PDF Archive),5307,adabe muhabbat,
UNIQUE_NO_DUPLICATE,Maktaba Jibreel (PDF Archive),5314,Afzaal E Rabbani,
UNIQUE_NO_DUPLICATE,Maktaba Jibreel (PDF Archive),5318,Ahadiths E Qudsiyah,
UNIQUE_NO_DUPLICATE,Maktaba Jibreel (PDF Archive),5326,Ahl Ullah Aur Siraat E Mustaqeem,
UNIQUE_NO_DUPLICATE,Maktaba Jibreel (PDF Archive),5345,Ahsan Ul Fatawa Vol 02,
UNIQUE_NO_DUPLICATE,Maktaba Jibreel (PDF Archive),5353,Ahsan Ul Hidayah Vol 13,
UNIQUE_NO_DUPLICATE,Maktaba Jibreel (PDF Archive),5354,Ahtesab E Qadiyaninat Vol 04,
UNIQUE_NO_DUPLICATE,Maktaba Jibreel (PDF Archive),5360,Aik Hazaar Ahadith,
UNIQUE_NO_DUPLICATE,Maktaba Jibreel (PDF Archive),5367,aik mint madarsa,
UNIQUE_NO_DUPLICATE,Maktaba Jibreel (PDF Archive),5368,Aik Minute Ka Madrassa,
UNIQUE_NO_DUPLICATE,Maktaba Jibreel (PDF Archive),5374,Akaabir Ka Maqaam E Ebaadat,
UNIQUE_NO_DUPLICATE,Maktaba Jibreel (PDF Archive),5378,Akabir Ka Maqaam E Tawazu,
UNIQUE_NO_DUPLICATE,Maktaba Jibreel (PDF Archive),5445,Al Muhannad Alal Mufannad (Ver. 2) By SHEIKH KHALEEL AHMAD SAHARANPURI (R.A) 2,
UNIQUE_NO_DUPLICATE,Maktaba Jibreel (PDF Archive),5511,Al Lolo Wal Marjan,
UNIQUE_NO_DUPLICATE,Maktaba Jibreel (PDF Archive),5512,Al Murtaza,
UNIQUE_NO_DUPLICATE,Maktaba Jibreel (PDF Archive),5513,Al Qamoos Ul Jadeed Arabic Urdu,
UNIQUE_NO_DUPLICATE,Maktaba Jibreel (PDF Archive),5514,AL QAMOOS UL WAHEED Part1,
UNIQUE_NO_DUPLICATE,Maktaba Jibreel (PDF Archive),5515,AL QAMOOS UL WAHEED Part2,
UNIQUE_NO_DUPLICATE,Maktaba Jibreel (PDF Archive),5516,AL QAMOOS UL WAHEED Part3,
UNIQUE_NO_DUPLICATE,Maktaba Jibreel (PDF Archive),5517,Al Quran Majeed 15 Lines,
UNIQUE_NO_DUPLICATE,Maktaba Jibreel (PDF Archive),5528,Allah Kay Ba Wafa Banday,
UNIQUE_NO_DUPLICATE,Maktaba Jibreel (PDF Archive),5529,Allah Kay Saath Ashad Muhabbat Ki Bunyad,
UNIQUE_NO_DUPLICATE,Maktaba Jibreel (PDF Archive),5531,Allamat E Ahl E Muhabbat,
UNIQUE_NO_DUPLICATE,Maktaba Jibreel (PDF Archive),5533,Almasail Muhimmah Part 1,
UNIQUE_NO_DUPLICATE,Maktaba Jibreel (PDF Archive),5534,Almasail Muhimmah Part 10,
UNIQUE_NO_DUPLICATE,Maktaba Jibreel (PDF Archive),5535,Almasail Muhimmah Part 2,
UNIQUE_NO_DUPLICATE,Maktaba Jibreel (PDF Archive),5536,Almasail Muhimmah Part 3,
UNIQUE_NO_DUPLICATE,Maktaba Jibreel (PDF Archive),5537,Almasail Muhimmah Part 4,
UNIQUE_NO_DUPLICATE,Maktaba Jibreel (PDF Archive),5538,Almasail Muhimmah Part 5,
UNIQUE_NO_DUPLICATE,Maktaba Jibreel (PDF Archive),5539,Almasail Muhimmah Part 6,
UNIQUE_NO_DUPLICATE,Maktaba Jibreel (PDF Archive),5540,Almasail Muhimmah Part 7,
UNIQUE_NO_DUPLICATE,Maktaba Jibreel (PDF Archive),5541,Almasail Muhimmah Part 8,
UNIQUE_NO_DUPLICATE,Maktaba Jibreel (PDF Archive),5542,Almasail Muhimmah Part 9,
UNIQUE_NO_DUPLICATE,Maktaba Jibreel (PDF Archive),5543,Altaf Rabbanii,
UNIQUE_NO_DUPLICATE,Maktaba Jibreel (PDF Archive),5545,Amama Kay Fazail Or Masail,
UNIQUE_NO_DUPLICATE,Maktaba Jibreel (PDF Archive),5548,Amsaal E Ibrat,
UNIQUE_NO_DUPLICATE,Maktaba Jibreel (PDF Archive),5550,Anaar Kay Darakht Taly,
UNIQUE_NO_DUPLICATE,Maktaba Jibreel (PDF Archive),5555,Anwaar Ul Bari Vol 03 04,
UNIQUE_NO_DUPLICATE,Maktaba Jibreel (PDF Archive),5556,Anwaar Ul Bari Vol 05 06 07,
UNIQUE_NO_DUPLICATE,Maktaba Jibreel (PDF Archive),5557,Anwaar Ul Bari Vol 08 09 10,
UNIQUE_NO_DUPLICATE,Maktaba Jibreel (PDF Archive),5558,Anwaar Ul Bari Vol 11 12 13,
UNIQUE_NO_DUPLICATE,Maktaba Jibreel (PDF Archive),5559,Anwaar Ul Bari Vol 17 18 19,
UNIQUE_NO_DUPLICATE,Maktaba Jibreel (PDF Archive),5560,Anwaar Ul Bayaan Vol 1,
UNIQUE_NO_DUPLICATE,Maktaba Jibreel (PDF Archive),5561,Anwaar Ul Bayaan Vol 2,
UNIQUE_NO_DUPLICATE,Maktaba Jibreel (PDF Archive),5562,Anwaar Ul Bayaan Vol 3,
UNIQUE_NO_DUPLICATE,Maktaba Jibreel (PDF Archive),5563,Anwaar Ul Bayaan Vol 4,
UNIQUE_NO_DUPLICATE,Maktaba Jibreel (PDF Archive),5564,Anwaar Us Sawaneh,
UNIQUE_NO_DUPLICATE,Maktaba Jibreel (PDF Archive),5565,Anwar E Haram,
UNIQUE_NO_DUPLICATE,Maktaba Jibreel (PDF Archive),5566,Aolaad Ki Tarbiyat Kesy Karen,
UNIQUE_NO_DUPLICATE,Maktaba Jibreel (PDF Archive),5596,Ashraf ul Hadaya-Vol 01,
UNIQUE_NO_DUPLICATE,Maktaba Jibreel (PDF Archive),5597,Ashraf ul Hadaya Vol 02,
UNIQUE_NO_DUPLICATE,Maktaba Jibreel (PDF Archive),5598,Ashraf ul Hadaya Vol 03,
UNIQUE_NO_DUPLICATE,Maktaba Jibreel (PDF Archive),5599,Ashraf ul Hadaya Vol 04,
UNIQUE_NO_DUPLICATE,Maktaba Jibreel (PDF Archive),5600,Ashraf ul Hadaya Vol 07,
UNIQUE_NO_DUPLICATE,Maktaba Jibreel (PDF Archive),5601,Ashraf ul Hadaya Vol 08,
UNIQUE_NO_DUPLICATE,Maktaba Jibreel (PDF Archive),5602,Ashraf ul Hadaya Vol 09,
UNIQUE_NO_DUPLICATE,Maktaba Jibreel (PDF Archive),5603,Ashraf ul Hadaya Vol 10,
UNIQUE_NO_DUPLICATE,Maktaba Jibreel (PDF Archive),5604,Ashraf ul Hadaya Vol 11,
UNIQUE_NO_DUPLICATE,Maktaba Jibreel (PDF Archive),5605,Ashraf ul Hadaya Vol 12,
UNIQUE_NO_DUPLICATE,Maktaba Jibreel (PDF Archive),5606,Ashraf ul Hadaya Vol 13,
UNIQUE_NO_DUPLICATE,Maktaba Jibreel (PDF Archive),5607,Ashraf ul Hadaya Vol 14,
UNIQUE_NO_DUPLICATE,Maktaba Jibreel (PDF Archive),5608,Ashraf ul Hadaya Vol 15,
UNIQUE_NO_DUPLICATE,Maktaba Jibreel (PDF Archive),5609,Ashraf ul Hadaya Vol 16,
UNIQUE_NO_DUPLICATE,Maktaba Jibreel (PDF Archive),5610,Ashraf ul Hhadaya Vol 05,
UNIQUE_NO_DUPLICATE,Maktaba Jibreel (PDF Archive),5611,Ashraf ul Hhadaya Vol 06,
UNIQUE_NO_DUPLICATE,Maktaba Jibreel (PDF Archive),5612,Ashraf Ul Jawab,
UNIQUE_NO_DUPLICATE,Maktaba Jibreel (PDF Archive),5621,Aslaaf Ki Yaden,
UNIQUE_NO_DUPLICATE,Maktaba Jibreel (PDF Archive),5622,Asli Peeri Mooridi Kya Hai,
UNIQUE_NO_DUPLICATE,Maktaba Jibreel (PDF Archive),5624,Asma Un Nabi Yil Kareem,
UNIQUE_NO_DUPLICATE,Maktaba Jibreel (PDF Archive),5627,Asr E Hazir Men Ghalaba E Deen Ka Nabavi Tareqa E Kar,
UNIQUE_NO_DUPLICATE,Maktaba Jibreel (PDF Archive),5629,Astafghar Kay Samraat,
UNIQUE_NO_DUPLICATE,Maktaba Jibreel (PDF Archive),5630,At Takashuf,
UNIQUE_NO_DUPLICATE,Maktaba Jibreel (PDF Archive),5631,At Tareeq Ul Aslam Urdu Sharah Musnad Ul Imam Il Aazam,
UNIQUE_NO_DUPLICATE,Maktaba Jibreel (PDF Archive),5632,At Tareqa Tus Sahlah,
UNIQUE_NO_DUPLICATE,Maktaba Jibreel (PDF Archive),5633,Ata E Rabbani,
UNIQUE_NO_DUPLICATE,Maktaba Jibreel (PDF Archive),5635,Aulia Allah Ki Pehchaan,
UNIQUE_NO_DUPLICATE,Maktaba Jibreel (PDF Archive),5644,Azeen O Aqarib Kay Haqooq,
UNIQUE_NO_DUPLICATE,Maktaba Jibreel (PDF Archive),5645,Azeez Ul Fatawa,
UNIQUE_NO_DUPLICATE,Maktaba Jibreel (PDF Archive),5649,Azmat E Hufaaz Karaam,
UNIQUE_NO_DUPLICATE,Maktaba Jibreel (PDF Archive),5650,Azmat E Sahaba,
UNIQUE_NO_DUPLICATE,Maktaba Jibreel (PDF Archive),5654,Bachon Ki Qasas Ul Ambiya Part 3,
UNIQUE_NO_DUPLICATE,Maktaba Jibreel (PDF Archive),5655,Bachon Ko Iqdar Kesy Sikhaen,
UNIQUE_NO_DUPLICATE,Maktaba Jibreel (PDF Archive),5656,Bachon Ko Zimmedari Kesy Sikhaen,
UNIQUE_NO_DUPLICATE,Maktaba Jibreel (PDF Archive),5657,bad nigahi aur ishq-e-mijazi ki tabahkariaan,
UNIQUE_NO_DUPLICATE,Maktaba Jibreel (PDF Archive),5658,bad nigahi k 14 nuqsanat,
UNIQUE_NO_DUPLICATE,Maktaba Jibreel (PDF Archive),5660,badgumani ka ilaj,
UNIQUE_NO_DUPLICATE,Maktaba Jibreel (PDF Archive),5664,Bahishti Guhar,
UNIQUE_NO_DUPLICATE,Maktaba Jibreel (PDF Archive),5665,Bahishti Zaiwar,
UNIQUE_NO_DUPLICATE,Maktaba Jibreel (PDF Archive),5670,Baraheen E Qatiaah,
UNIQUE_NO_DUPLICATE,Maktaba Jibreel (PDF Archive),5677,Baron Ka Bachpan Qadam Ba Qadam,
UNIQUE_NO_DUPLICATE,Maktaba Jibreel (PDF Archive),5679,Baten Unki Yaad Rahengi,
UNIQUE_NO_DUPLICATE,Maktaba Jibreel (PDF Archive),5681,Bawadir Un Nawadir,
UNIQUE_NO_DUPLICATE,Maktaba Jibreel (PDF Archive),5684,Baypardagi Ki Tabahkarian,
UNIQUE_NO_DUPLICATE,Maktaba Jibreel (PDF Archive),5685,Baysat E Naboowat Kay Maqaasid,
UNIQUE_NO_DUPLICATE,Maktaba Jibreel (PDF Archive),5688,Bees Ulama E Haq,
UNIQUE_NO_DUPLICATE,Maktaba Jibreel (PDF Archive),5690,Behishti Gohar,
UNIQUE_NO_DUPLICATE,Maktaba Jibreel (PDF Archive),5691,Behshti Ziwar,
UNIQUE_NO_DUPLICATE,Maktaba Jibreel (PDF Archive),5693,bepardagi ki tabah kariyan,
UNIQUE_NO_DUPLICATE,Maktaba Jibreel (PDF Archive),5702,Bidat Or Bidati,
UNIQUE_NO_DUPLICATE,Maktaba Jibreel (PDF Archive),5706,Bikhry Moti Vol 1 To 8,
UNIQUE_NO_DUPLICATE,Maktaba Jibreel (PDF Archive),5711,Bolty Haqaiq,
UNIQUE_NO_DUPLICATE,Maktaba Jibreel (PDF Archive),5714,Braheen E Qatiah,
UNIQUE_NO_DUPLICATE,Maktaba Jibreel (PDF Archive),5715,Bunyaan Ul Mushaiyad,
UNIQUE_NO_DUPLICATE,Maktaba Jibreel (PDF Archive),5718,Bustaan Ul Aarifeen,
UNIQUE_NO_DUPLICATE,Maktaba Jibreel (PDF Archive),5731,Dalail Un Nubowah Vol 1,
UNIQUE_NO_DUPLICATE,Maktaba Jibreel (PDF Archive),5743,Dars E Bukhari,
UNIQUE_NO_DUPLICATE,Maktaba Jibreel (PDF Archive),5753,Dars E Hadith Vol 10,
UNIQUE_NO_DUPLICATE,Maktaba Jibreel (PDF Archive),5756,Dars E Masnavi,
UNIQUE_NO_DUPLICATE,Maktaba Jibreel (PDF Archive),5764,darse masnavi,
UNIQUE_NO_DUPLICATE,Maktaba Jibreel (PDF Archive),5765,Darsi Bahishti Zaiwar,
UNIQUE_NO_DUPLICATE,Maktaba Jibreel (PDF Archive),5766,Darsi Beshti Zewar,
UNIQUE_NO_DUPLICATE,Maktaba Jibreel (PDF Archive),5774,Daury Hazir Kay Fitny Or Unka Elaaj,
UNIQUE_NO_DUPLICATE,Maktaba Jibreel (PDF Archive),5777,Dawat e Abdiyat Vol 1,
UNIQUE_NO_DUPLICATE,Maktaba Jibreel (PDF Archive),5778,Dawat e Abdiyat Vol 2,
UNIQUE_NO_DUPLICATE,Maktaba Jibreel (PDF Archive),5779,Dawat e Abdiyat Vol 3,
UNIQUE_NO_DUPLICATE,Maktaba Jibreel (PDF Archive),5780,Dawat e Abdiyat Vol 4,
UNIQUE_NO_DUPLICATE,Maktaba Jibreel (PDF Archive),5781,Dawat e Abdiyat Vol 5,
UNIQUE_NO_DUPLICATE,Maktaba Jibreel (PDF Archive),5782,Dawat E Jihaad,
UNIQUE_NO_DUPLICATE,Maktaba Jibreel (PDF Archive),5806,Digital Taswer Or Cd Ky Share Ahkam,
UNIQUE_NO_DUPLICATE,Maktaba Jibreel (PDF Archive),5809,Dil E Shakista Ki Qeemat,
UNIQUE_NO_DUPLICATE,Maktaba Jibreel (PDF Archive),5810,Dilchasp Anokhy Waqiyaat,
UNIQUE_NO_DUPLICATE,Maktaba Jibreel (PDF Archive),5811,Dilchasp Emaan Afrooz Waqiyaat,
UNIQUE_NO_DUPLICATE,Maktaba Jibreel (PDF Archive),5821,Dunya Mery Aagy,
UNIQUE_NO_DUPLICATE,Maktaba Jibreel (PDF Archive),5823,Duroos E Madaniyah Vol 1,
UNIQUE_NO_DUPLICATE,Maktaba Jibreel (PDF Archive),5831,egmaa,
UNIQUE_NO_DUPLICATE,Maktaba Jibreel (PDF Archive),5867,emme,
UNIQUE_NO_DUPLICATE,Maktaba Jibreel (PDF Archive),5876,Faizan E Haram,
UNIQUE_NO_DUPLICATE,Maktaba Jibreel (PDF Archive),5877,Faizan E Muhabbat,
UNIQUE_NO_DUPLICATE,Maktaba Jibreel (PDF Archive),5878,Faizan E Rehmat E Illahi,
UNIQUE_NO_DUPLICATE,Maktaba Jibreel (PDF Archive),5924,Fatawa Deniyah Vol 01,
UNIQUE_NO_DUPLICATE,Maktaba Jibreel (PDF Archive),5925,Fatawa Deniyah Vol 03,
UNIQUE_NO_DUPLICATE,Maktaba Jibreel (PDF Archive),5926,Fatawa Deniyah Vol 04,
UNIQUE_NO_DUPLICATE,Maktaba Jibreel (PDF Archive),5927,Fatawa Deniyah Vol 05,
UNIQUE_NO_DUPLICATE,Maktaba Jibreel (PDF Archive),5930,FATAWA FAREDIYAH VOL 2 - Copy,
UNIQUE_NO_DUPLICATE,Maktaba Jibreel (PDF Archive),5965,Fatawa Mahmoodiah Vol 25,
UNIQUE_NO_DUPLICATE,Maktaba Jibreel (PDF Archive),5999,FAWAID UL QURAN VOL 1 2 3 Part1,
UNIQUE_NO_DUPLICATE,Maktaba Jibreel (PDF Archive),6000,FAWAID UL QURAN VOL 1 2 3 Part2,
UNIQUE_NO_DUPLICATE,Maktaba Jibreel (PDF Archive),6015,Fazail E Aamaal,
UNIQUE_NO_DUPLICATE,Maktaba Jibreel (PDF Archive),6016,Fazail E Betullah,
UNIQUE_NO_DUPLICATE,Maktaba Jibreel (PDF Archive),6017,Fazail E Emaan,
UNIQUE_NO_DUPLICATE,Maktaba Jibreel (PDF Archive),6018,Fazail E Hifz Ul Quran,
UNIQUE_NO_DUPLICATE,Maktaba Jibreel (PDF Archive),6019,Fazail E Sadaqaat,
UNIQUE_NO_DUPLICATE,Maktaba Jibreel (PDF Archive),6020,Fazail E Tauba,
UNIQUE_NO_DUPLICATE,Maktaba Jibreel (PDF Archive),6023,Fazilat E Miswak Or Haqiqat E Tooth Past,
UNIQUE_NO_DUPLICATE,Maktaba Jibreel (PDF Archive),6024,Fezane Rehmate Ilahiya,
UNIQUE_NO_DUPLICATE,Maktaba Jibreel (PDF Archive),6029,Fiqhi Lataif,
UNIQUE_NO_DUPLICATE,Maktaba Jibreel (PDF Archive),6043,Fitna E Ghamdiyat Ka Ilmi Muhasaba,
UNIQUE_NO_DUPLICATE,Maktaba Jibreel (PDF Archive),6044,Fughaan E Roomi,
UNIQUE_NO_DUPLICATE,Maktaba Jibreel (PDF Archive),6049,Futohaat E Numaniyah,
UNIQUE_NO_DUPLICATE,Maktaba Jibreel (PDF Archive),6051,Fuyooz E Rabbani,
UNIQUE_NO_DUPLICATE,Maktaba Jibreel (PDF Archive),6069,Gham E Hasrat Ki Azmat,
UNIQUE_NO_DUPLICATE,Maktaba Jibreel (PDF Archive),6071,Gharar Ki Sorten,
UNIQUE_NO_DUPLICATE,Maktaba Jibreel (PDF Archive),6077,Guldasta E Maghfirat,
UNIQUE_NO_DUPLICATE,Maktaba Jibreel (PDF Archive),6081,GULDASTA E TAFASEER VOL 5 6 Part1,
UNIQUE_NO_DUPLICATE,Maktaba Jibreel (PDF Archive),6082,GULDASTA E TAFASEER VOL 5 6 Part2,
UNIQUE_NO_DUPLICATE,Maktaba Jibreel (PDF Archive),6084,Gulistan e Saadi (FARSI),
UNIQUE_NO_DUPLICATE,Maktaba Jibreel (PDF Archive),6086,Gumrah Kun Aqaaid O Nazariyaat Or Siraat E Mustaqeem,
UNIQUE_NO_DUPLICATE,Maktaba Jibreel (PDF Archive),6089,Gunahon Say Taoba Kejiyy,
UNIQUE_NO_DUPLICATE,Maktaba Jibreel (PDF Archive),6109,Hajj K Zaroori Masail,
UNIQUE_NO_DUPLICATE,Maktaba Jibreel (PDF Archive),6112,Hakeem-ul-ummat aur Ahmed-Raza-Khan,
UNIQUE_NO_DUPLICATE,Maktaba Jibreel (PDF Archive),6113,Halaal O Haraam,
UNIQUE_NO_DUPLICATE,Maktaba Jibreel (PDF Archive),6115,Halaat E Musannifeen E Dars E Nizami,
UNIQUE_NO_DUPLICATE,Maktaba Jibreel (PDF Archive),6124,Haqiqat E Shukar,
UNIQUE_NO_DUPLICATE,Maktaba Jibreel (PDF Archive),6125,haqooq ur rijal,
UNIQUE_NO_DUPLICATE,Maktaba Jibreel (PDF Archive),6126,Haqqaniat E Islam,
UNIQUE_NO_DUPLICATE,Maktaba Jibreel (PDF Archive),6128,harmain sharifain main hazri ke adaab,
UNIQUE_NO_DUPLICATE,Maktaba Jibreel (PDF Archive),6131,Haspahaniyah Se Amrica Tk,
UNIQUE_NO_DUPLICATE,Maktaba Jibreel (PDF Archive),6132,Haspahaniyah se Amrica Tkb,
UNIQUE_NO_DUPLICATE,Maktaba Jibreel (PDF Archive),6134,Haya Or Pak Damani,
UNIQUE_NO_DUPLICATE,Maktaba Jibreel (PDF Archive),6135,Hayaat E Nafees,
UNIQUE_NO_DUPLICATE,Maktaba Jibreel (PDF Archive),6136,Hayaat Ul Haiwaan Vol 1,
UNIQUE_NO_DUPLICATE,Maktaba Jibreel (PDF Archive),6137,Hayaat Ul Haiwaan Vol 2,
UNIQUE_NO_DUPLICATE,Maktaba Jibreel (PDF Archive),6138,Hayaat Ul Muslimeen,
UNIQUE_NO_DUPLICATE,Maktaba Jibreel (PDF Archive),6139,Hayaat Us Sahabah Vol 1,
UNIQUE_NO_DUPLICATE,Maktaba Jibreel (PDF Archive),6140,Hayaat Us Sahabah Vol 2,
UNIQUE_NO_DUPLICATE,Maktaba Jibreel (PDF Archive),6141,Hayaat Us Sahabah Vol 3,
UNIQUE_NO_DUPLICATE,Maktaba Jibreel (PDF Archive),6151,Hayyat E Taqwa,
UNIQUE_NO_DUPLICATE,Maktaba Jibreel (PDF Archive),6175,Hazrat Mulana Ashraf Ali Thanvi Ka Tareqa E Islah,
UNIQUE_NO_DUPLICATE,Maktaba Jibreel (PDF Archive),6176,Hazrat Mulana Ilyaas Or Unki Dini Dawat,
UNIQUE_NO_DUPLICATE,Maktaba Jibreel (PDF Archive),6177,Hazrat Thanvi Ky Pasandida Waqiyat,
UNIQUE_NO_DUPLICATE,Maktaba Jibreel (PDF Archive),6182,Hidayat Ya Gumrahi,
UNIQUE_NO_DUPLICATE,Maktaba Jibreel (PDF Archive),6186,Hikayaat E Ilm O Ulama,
UNIQUE_NO_DUPLICATE,Maktaba Jibreel (PDF Archive),6189,Hisn E Haseen,
UNIQUE_NO_DUPLICATE,Maktaba Jibreel (PDF Archive),6196,Hum Kis Ko Miltay Hain Aur Hum Ko Kaun Pata Hai,
UNIQUE_NO_DUPLICATE,Maktaba Jibreel (PDF Archive),6197,Hum Say Ahd Liya Gaya,
UNIQUE_NO_DUPLICATE,Maktaba Jibreel (PDF Archive),6198,Huqooq E Rijaal,
UNIQUE_NO_DUPLICATE,Maktaba Jibreel (PDF Archive),6199,Huqooq Ul Ebaad,
UNIQUE_NO_DUPLICATE,Maktaba Jibreel (PDF Archive),6200,Huqooq Ul Ebaad Or Muamalaat,
UNIQUE_NO_DUPLICATE,Maktaba Jibreel (PDF Archive),6201,Huqooq Ul Ebaad Or Unki Ahmiyat,
UNIQUE_NO_DUPLICATE,Maktaba Jibreel (PDF Archive),6202,huquq un nisa,
UNIQUE_NO_DUPLICATE,Maktaba Jibreel (PDF Archive),6203,Hurmain Sharifain Mein Hazri Kay Adab,
UNIQUE_NO_DUPLICATE,Maktaba Jibreel (PDF Archive),6209,Ikfaar Ul Mulhideen,
UNIQUE_NO_DUPLICATE,Maktaba Jibreel (PDF Archive),6213,ilaj e kibr,
UNIQUE_NO_DUPLICATE,Maktaba Jibreel (PDF Archive),6214,ilaj ul ghazab,
UNIQUE_NO_DUPLICATE,Maktaba Jibreel (PDF Archive),6217,Illaj E Ghazab,
UNIQUE_NO_DUPLICATE,Maktaba Jibreel (PDF Archive),6229,Ilm Aur Ullema Karam Ki Azmat,
UNIQUE_NO_DUPLICATE,Maktaba Jibreel (PDF Archive),6232,imaan or amal e saleh,
UNIQUE_NO_DUPLICATE,Maktaba Jibreel (PDF Archive),6242,Imam Abu Hanifah Ki Muhaddisanah Hesiyat,
UNIQUE_NO_DUPLICATE,Maktaba Jibreel (PDF Archive),6243,Imam E Azam Or Ilm Ul Hadith,
UNIQUE_NO_DUPLICATE,Maktaba Jibreel (PDF Archive),6244,Iman Aur Amal E Saleh Ka Rabat,
UNIQUE_NO_DUPLICATE,Maktaba Jibreel (PDF Archive),6245,iman per khatma ke 7 nuskhay,
UNIQUE_NO_DUPLICATE,Maktaba Jibreel (PDF Archive),6259,Imdad Ul Mufteen,
UNIQUE_NO_DUPLICATE,Maktaba Jibreel (PDF Archive),6260,Imdadul Fatawa Jadeed Jadeed Mutawwal Hashiyah Vol 01,
UNIQUE_NO_DUPLICATE,Maktaba Jibreel (PDF Archive),6261,Imdadul Fatawa Jadeed Jadeed Mutawwal Hashiyah Vol 02,
UNIQUE_NO_DUPLICATE,Maktaba Jibreel (PDF Archive),6262,Imdadul Fatawa Jadeed Jadeed Mutawwal Hashiyah Vol 03,
UNIQUE_NO_DUPLICATE,Maktaba Jibreel (PDF Archive),6263,Imdadul Fatawa Jadeed Jadeed Mutawwal Hashiyah Vol 04,
UNIQUE_NO_DUPLICATE,Maktaba Jibreel (PDF Archive),6264,Imdadul Fatawa Jadeed Jadeed Mutawwal Hashiyah Vol 05,
UNIQUE_NO_DUPLICATE,Maktaba Jibreel (PDF Archive),6265,Imdadul Fatawa Jadeed Jadeed Mutawwal Hashiyah Vol 06,
UNIQUE_NO_DUPLICATE,Maktaba Jibreel (PDF Archive),6266,Imdadul Fatawa Jadeed Jadeed Mutawwal Hashiyah Vol 07,
UNIQUE_NO_DUPLICATE,Maktaba Jibreel (PDF Archive),6267,Imdadul Fatawa Jadeed Jadeed Mutawwal Hashiyah Vol 08,
UNIQUE_NO_DUPLICATE,Maktaba Jibreel (PDF Archive),6268,Imdadul Fatawa Jadeed Jadeed Mutawwal Hashiyah Vol 09,
UNIQUE_NO_DUPLICATE,Maktaba Jibreel (PDF Archive),6269,Imdadul Fatawa Jadeed Jadeed Mutawwal Hashiyah Vol 10,
UNIQUE_NO_DUPLICATE,Maktaba Jibreel (PDF Archive),6270,Imdadul Fatawa Jadeed Jadeed Mutawwal Hashiyah Vol 11,
UNIQUE_NO_DUPLICATE,Maktaba Jibreel (PDF Archive),6271,Imdadul Fatawa Jadeed Jadeed Mutawwal Hashiyah Vol 12,
UNIQUE_NO_DUPLICATE,Maktaba Jibreel (PDF Archive),6272,In the Hands of TALIBAN Urdu,
UNIQUE_NO_DUPLICATE,Maktaba Jibreel (PDF Archive),6273,Inaayat E Rabbani,
UNIQUE_NO_DUPLICATE,Maktaba Jibreel (PDF Archive),6274,Inamaat E Rabbani,
UNIQUE_NO_DUPLICATE,Maktaba Jibreel (PDF Archive),6275,inayat e rabbani,
UNIQUE_NO_DUPLICATE,Maktaba Jibreel (PDF Archive),6276,Inciclopidia Seerat Un Nabi,
UNIQUE_NO_DUPLICATE,Maktaba Jibreel (PDF Archive),6281,Insani Dunya Par Musalmano Kay Urooj O Zawaal Ka Asar,
UNIQUE_NO_DUPLICATE,Maktaba Jibreel (PDF Archive),6282,Insani Dunya Par Musalmano Ky Urooj o Zawaal Ka Asar,
UNIQUE_NO_DUPLICATE,Maktaba Jibreel (PDF Archive),6291,Irfan E Muhabbat,
UNIQUE_NO_DUPLICATE,Maktaba Jibreel (PDF Archive),6292,Irshaadaat E Dard E Dil,
UNIQUE_NO_DUPLICATE,Maktaba Jibreel (PDF Archive),6296,Irshadaat E Akabir,
UNIQUE_NO_DUPLICATE,Maktaba Jibreel (PDF Archive),6300,Irshadul Mufteen Vol 1,
UNIQUE_NO_DUPLICATE,Maktaba Jibreel (PDF Archive),6301,Irshadul Mufteen Vol 2,
UNIQUE_NO_DUPLICATE,Maktaba Jibreel (PDF Archive),6303,Ishq E Majazi Ki Tabah Kariyan,
UNIQUE_NO_DUPLICATE,Maktaba Jibreel (PDF Archive),6304,Ishq E Rasool,
UNIQUE_NO_DUPLICATE,Maktaba Jibreel (PDF Archive),6305,Ishq E Rasool (S.A.W) Or Ulama E Dioband,
UNIQUE_NO_DUPLICATE,Maktaba Jibreel (PDF Archive),6306,Ishq E Risaalat Ka Saheeh Mufhoom,
UNIQUE_NO_DUPLICATE,Maktaba Jibreel (PDF Archive),6327,Islaam Or Tarbiyat E Aolaad Vol 1,
UNIQUE_NO_DUPLICATE,Maktaba Jibreel (PDF Archive),6328,Islaam Or Tarbiyat E Aolaad Vol 2,
UNIQUE_NO_DUPLICATE,Maktaba Jibreel (PDF Archive),6329,Islaami Bankari,
UNIQUE_NO_DUPLICATE,Maktaba Jibreel (PDF Archive),6330,Islaami Bankari Ki Bunyaden,
UNIQUE_NO_DUPLICATE,Maktaba Jibreel (PDF Archive),6331,Islaami Bankari Or Gharar,
UNIQUE_NO_DUPLICATE,Maktaba Jibreel (PDF Archive),6333,Islaami Bankon Men Raij Murabaha Ka Tareeq Kaar,
UNIQUE_NO_DUPLICATE,Maktaba Jibreel (PDF Archive),6334,Islaami Tahzeeb,
UNIQUE_NO_DUPLICATE,Maktaba Jibreel (PDF Archive),6337,islah akhlaq,
UNIQUE_NO_DUPLICATE,Maktaba Jibreel (PDF Archive),6338,Islah E Dil,
UNIQUE_NO_DUPLICATE,Maktaba Jibreel (PDF Archive),6339,Islah E Nafs O Islah E Muashrah,
UNIQUE_NO_DUPLICATE,Maktaba Jibreel (PDF Archive),6340,Islah Ul Buyoot,
UNIQUE_NO_DUPLICATE,Maktaba Jibreel (PDF Archive),6367,istaghfar k samarat,
UNIQUE_NO_DUPLICATE,Maktaba Jibreel (PDF Archive),6379,Jadeed Arabic Or English Aesy Boliey,
UNIQUE_NO_DUPLICATE,Maktaba Jibreel (PDF Archive),6394,Jadeed Fiqhi Mabahis Vol 22 A,
UNIQUE_NO_DUPLICATE,Maktaba Jibreel (PDF Archive),6398,Jadeed Fiqhi Mabahis Vol 23 B,
UNIQUE_NO_DUPLICATE,Maktaba Jibreel (PDF Archive),6423,Jadeed Seerat Un Nabi (S.A.W) Vol 1 2 3,
UNIQUE_NO_DUPLICATE,Maktaba Jibreel (PDF Archive),6426,Jahan E Dedah,
UNIQUE_NO_DUPLICATE,Maktaba Jibreel (PDF Archive),6428,Jamaat E Tableegh Par Aetirazaat Kay Jawabaat,
UNIQUE_NO_DUPLICATE,Maktaba Jibreel (PDF Archive),6456,Jannat Kay Haseen Manazir,
UNIQUE_NO_DUPLICATE,Maktaba Jibreel (PDF Archive),6457,Jannat Ul Baqi Men Madfoon Sahaba,
UNIQUE_NO_DUPLICATE,Maktaba Jibreel (PDF Archive),6466,Jawahiraat E Hakeem Ul Ummat Vol 01,
UNIQUE_NO_DUPLICATE,Maktaba Jibreel (PDF Archive),6467,Jawahiraat E Hakeem Ul Ummat Vol 02,
UNIQUE_NO_DUPLICATE,Maktaba Jibreel (PDF Archive),6468,Jawahiraat E Hakeem Ul Ummat Vol 03,
UNIQUE_NO_DUPLICATE,Maktaba Jibreel (PDF Archive),6469,Jawahiraat E Hakeem Ul Ummat Vol 04,
UNIQUE_NO_DUPLICATE,Maktaba Jibreel (PDF Archive),6476,Jihad E Hind Ka Shahbaz Jarnail,
UNIQUE_NO_DUPLICATE,Maktaba Jibreel (PDF Archive),6485,Kaleed E Masnavi Vol 01,
UNIQUE_NO_DUPLICATE,Maktaba Jibreel (PDF Archive),6486,Kaleed E Masnavi Vol 02,
UNIQUE_NO_DUPLICATE,Maktaba Jibreel (PDF Archive),6487,Kaleed E Masnavi Vol 03 04,
UNIQUE_NO_DUPLICATE,Maktaba Jibreel (PDF Archive),6488,Kaleed E Masnavi Vol 05 06,
UNIQUE_NO_DUPLICATE,Maktaba Jibreel (PDF Archive),6489,Kaleed E Masnavi Vol 07 08 09 10,
UNIQUE_NO_DUPLICATE,Maktaba Jibreel (PDF Archive),6490,Kaleed E Masnavi Vol 11 12,
UNIQUE_NO_DUPLICATE,Maktaba Jibreel (PDF Archive),6491,Kaleed E Masnavi Vol 13 14 15 16,
UNIQUE_NO_DUPLICATE,Maktaba Jibreel (PDF Archive),6492,Kaleed E Masnavi Vol 17 18 19 20,
UNIQUE_NO_DUPLICATE,Maktaba Jibreel (PDF Archive),6493,Kaleed E Masnavi Vol 21 22,
UNIQUE_NO_DUPLICATE,Maktaba Jibreel (PDF Archive),6494,Kaleed E Masnavi Vol 23 24,
UNIQUE_NO_DUPLICATE,Maktaba Jibreel (PDF Archive),6498,Kamalaat E Ashrafiyah,
UNIQUE_NO_DUPLICATE,Maktaba Jibreel (PDF Archive),6499,Kamalaat E Usmani,
UNIQUE_NO_DUPLICATE,Maktaba Jibreel (PDF Archive),6520,Karamaat E Aoliya,
UNIQUE_NO_DUPLICATE,Maktaba Jibreel (PDF Archive),6525,Kashf Ul Bari Vol 01,
UNIQUE_NO_DUPLICATE,Maktaba Jibreel (PDF Archive),6526,Kashf Ul Bari Vol 02,
UNIQUE_NO_DUPLICATE,Maktaba Jibreel (PDF Archive),6527,Kashf Ul Bari Vol 04,
UNIQUE_NO_DUPLICATE,Maktaba Jibreel (PDF Archive),6528,Kashf Ul Bari Vol 05,
UNIQUE_NO_DUPLICATE,Maktaba Jibreel (PDF Archive),6529,Kashf Ul Bari Vol 06,
UNIQUE_NO_DUPLICATE,Maktaba Jibreel (PDF Archive),6530,Kashf Ul Bari Vol 07,
UNIQUE_NO_DUPLICATE,Maktaba Jibreel (PDF Archive),6531,Kashf Ul Bari Vol 08,
UNIQUE_NO_DUPLICATE,Maktaba Jibreel (PDF Archive),6532,Kashf Ul Bari Vol 10,
UNIQUE_NO_DUPLICATE,Maktaba Jibreel (PDF Archive),6533,Kashf Ul Bari Vol 11,
UNIQUE_NO_DUPLICATE,Maktaba Jibreel (PDF Archive),6534,Kashf Ul Bari Vol 13,
UNIQUE_NO_DUPLICATE,Maktaba Jibreel (PDF Archive),6535,Kashkool E Majzoob,
UNIQUE_NO_DUPLICATE,Maktaba Jibreel (PDF Archive),6536,Kemiya Gari,
UNIQUE_NO_DUPLICATE,Maktaba Jibreel (PDF Archive),6545,Khair Us Saliheen Vol 1,
UNIQUE_NO_DUPLICATE,Maktaba Jibreel (PDF Archive),6546,Khair Us Saliheen Vol 2,
UNIQUE_NO_DUPLICATE,Maktaba Jibreel (PDF Archive),6552,Khatm E Nabowat,
UNIQUE_NO_DUPLICATE,Maktaba Jibreel (PDF Archive),6558,Khawateen Ka Dini Muallim,
UNIQUE_NO_DUPLICATE,Maktaba Jibreel (PDF Archive),6559,Khawateen Kay Masail Or Unka Hal Vol 2,
UNIQUE_NO_DUPLICATE,Maktaba Jibreel (PDF Archive),6560,Khawateen Ki Zaib O Zenak Kay Shari Ahkam Or Unki Sciencei Hikmaten,
UNIQUE_NO_DUPLICATE,Maktaba Jibreel (PDF Archive),6562,Khazain E Shariyat O Tariqat,
UNIQUE_NO_DUPLICATE,Maktaba Jibreel (PDF Archive),6563,Khazain Ul Hadees,
UNIQUE_NO_DUPLICATE,Maktaba Jibreel (PDF Archive),6564,Khazain Ul Hadith,
UNIQUE_NO_DUPLICATE,Maktaba Jibreel (PDF Archive),6565,Khazain Ul Quran,
UNIQUE_NO_DUPLICATE,Maktaba Jibreel (PDF Archive),6567,Khazinatul Fiqh Vol 03,
UNIQUE_NO_DUPLICATE,Maktaba Jibreel (PDF Archive),6569,Khilafat E Rashedah,
UNIQUE_NO_DUPLICATE,Maktaba Jibreel (PDF Archive),6577,Khulafa O Talamizah,
UNIQUE_NO_DUPLICATE,Maktaba Jibreel (PDF Archive),6581,Khulasa Tul Quran,
UNIQUE_NO_DUPLICATE,Maktaba Jibreel (PDF Archive),6584,Khushgawar Izdawaji Zindagi,
UNIQUE_NO_DUPLICATE,Maktaba Jibreel (PDF Archive),6585,Khusho E Namaz,
UNIQUE_NO_DUPLICATE,Maktaba Jibreel (PDF Archive),6632,Khutbaat e Hakeem ul Islaam Vol 1,
UNIQUE_NO_DUPLICATE,Maktaba Jibreel (PDF Archive),6633,Khutbaat e Hakeem ul Islaam Vol 2,
UNIQUE_NO_DUPLICATE,Maktaba Jibreel (PDF Archive),6634,Khutbaat e Hakeem ul Islaam Vol 3,
UNIQUE_NO_DUPLICATE,Maktaba Jibreel (PDF Archive),6635,Khutbaat e Hakeem ul Islaam Vol 4,
UNIQUE_NO_DUPLICATE,Maktaba Jibreel (PDF Archive),6636,Khutbaat e Hakeem ul Islaam Vol 5,
UNIQUE_NO_DUPLICATE,Maktaba Jibreel (PDF Archive),6668,Khutbaat E Hakeem Ul Ummat Vol 32,
UNIQUE_NO_DUPLICATE,Maktaba Jibreel (PDF Archive),6712,Kitab Us Salat,
UNIQUE_NO_DUPLICATE,Maktaba Jibreel (PDF Archive),6727,Lazat E Zikr Aur Lutf E Tark E Gunah,
UNIQUE_NO_DUPLICATE,Maktaba Jibreel (PDF Archive),6728,Lazawal Saltanat,
UNIQUE_NO_DUPLICATE,Maktaba Jibreel (PDF Archive),6731,Lisaan Ul Quran Vol 1,
UNIQUE_NO_DUPLICATE,Maktaba Jibreel (PDF Archive),6733,London Ek Shahar E Be Misal,
UNIQUE_NO_DUPLICATE,Maktaba Jibreel (PDF Archive),6734,Lughaat Ul Quran Vol 1,
UNIQUE_NO_DUPLICATE,Maktaba Jibreel (PDF Archive),6735,Lughaat Ul Quran Vol 2,
UNIQUE_NO_DUPLICATE,Maktaba Jibreel (PDF Archive),6736,Lughaat Ul Quran Vol 3,
UNIQUE_NO_DUPLICATE,Maktaba Jibreel (PDF Archive),6737,Lughaat Ul Quran Vol 4,
UNIQUE_NO_DUPLICATE,Maktaba Jibreel (PDF Archive),6738,Lughaat Ul Quran Vol 5,
UNIQUE_NO_DUPLICATE,Maktaba Jibreel (PDF Archive),6739,Lughaat Ul Quran Vol 6,
UNIQUE_NO_DUPLICATE,Maktaba Jibreel (PDF Archive),6740,Lughat Ul Quran,
UNIQUE_NO_DUPLICATE,Maktaba Jibreel (PDF Archive),6741,Maarif E Behlvi Vol 1,
UNIQUE_NO_DUPLICATE,Maktaba Jibreel (PDF Archive),6742,Maarif E Behlvi Vol 2,
UNIQUE_NO_DUPLICATE,Maktaba Jibreel (PDF Archive),6743,Maarif E Behlvi Vol 3,
UNIQUE_NO_DUPLICATE,Maktaba Jibreel (PDF Archive),6744,Maarif E Behlvi Vol 4,
UNIQUE_NO_DUPLICATE,Maktaba Jibreel (PDF Archive),6745,Maarif E Masnavi,
UNIQUE_NO_DUPLICATE,Maktaba Jibreel (PDF Archive),6746,Maarif E Mufti Aazam,
UNIQUE_NO_DUPLICATE,Maktaba Jibreel (PDF Archive),6747,Maarif O Haqaiq,
UNIQUE_NO_DUPLICATE,Maktaba Jibreel (PDF Archive),6753,Maarif Ul Quran Index,
UNIQUE_NO_DUPLICATE,Maktaba Jibreel (PDF Archive),6770,Maarif Us Sunnah Vol 1,
UNIQUE_NO_DUPLICATE,Maktaba Jibreel (PDF Archive),6771,Maarif Us Sunnah Vol 2,
UNIQUE_NO_DUPLICATE,Maktaba Jibreel (PDF Archive),6772,Maarif Us Sunnah Vol 3,
UNIQUE_NO_DUPLICATE,Maktaba Jibreel (PDF Archive),6773,Maarif Us Sunnah Vol 4,
UNIQUE_NO_DUPLICATE,Maktaba Jibreel (PDF Archive),6774,Maarif Us Sunnah Vol 5,
UNIQUE_NO_DUPLICATE,Maktaba Jibreel (PDF Archive),6779,mac,
UNIQUE_NO_DUPLICATE,Maktaba Jibreel (PDF Archive),6784,Madin Ul Haqaiq Vol 2,
UNIQUE_NO_DUPLICATE,Maktaba Jibreel (PDF Archive),6795,Majaalis E Jaoziyah,
UNIQUE_NO_DUPLICATE,Maktaba Jibreel (PDF Archive),6796,Majaalis E Mufti Aazam,
UNIQUE_NO_DUPLICATE,Maktaba Jibreel (PDF Archive),6798,Majlis E Zikr,
UNIQUE_NO_DUPLICATE,Maktaba Jibreel (PDF Archive),6806,Majmoah E Maqalaat Vol 4,
UNIQUE_NO_DUPLICATE,Maktaba Jibreel (PDF Archive),6827,Malfozaat E Hakeem Ul Ummat Vol 01,
UNIQUE_NO_DUPLICATE,Maktaba Jibreel (PDF Archive),6828,Malfozaat E Hakeem Ul Ummat Vol 02,
UNIQUE_NO_DUPLICATE,Maktaba Jibreel (PDF Archive),6829,Malfozaat E Hakeem Ul Ummat Vol 03,
UNIQUE_NO_DUPLICATE,Maktaba Jibreel (PDF Archive),6830,Malfozaat E Hakeem Ul Ummat Vol 04,
UNIQUE_NO_DUPLICATE,Maktaba Jibreel (PDF Archive),6831,Malfozaat E Hakeem Ul Ummat Vol 05,
UNIQUE_NO_DUPLICATE,Maktaba Jibreel (PDF Archive),6832,Malfozaat E Hakeem Ul Ummat Vol 06,
UNIQUE_NO_DUPLICATE,Maktaba Jibreel (PDF Archive),6833,Malfozaat E Hakeem Ul Ummat Vol 07,
UNIQUE_NO_DUPLICATE,Maktaba Jibreel (PDF Archive),6834,Malfozaat E Hakeem Ul Ummat Vol 08,
UNIQUE_NO_DUPLICATE,Maktaba Jibreel (PDF Archive),6835,Malfozaat E Hakeem Ul Ummat Vol 09,
UNIQUE_NO_DUPLICATE,Maktaba Jibreel (PDF Archive),6836,Malfozaat E Hakeem Ul Ummat Vol 10,
UNIQUE_NO_DUPLICATE,Maktaba Jibreel (PDF Archive),6837,Malfozaat E Hakeem Ul Ummat Vol 11,
UNIQUE_NO_DUPLICATE,Maktaba Jibreel (PDF Archive),6838,Malfozaat E Hakeem Ul Ummat Vol 12,
UNIQUE_NO_DUPLICATE,Maktaba Jibreel (PDF Archive),6839,Malfozaat E Hakeem Ul Ummat Vol 13,
UNIQUE_NO_DUPLICATE,Maktaba Jibreel (PDF Archive),6840,Malfozaat E Hakeem Ul Ummat Vol 14,
UNIQUE_NO_DUPLICATE,Maktaba Jibreel (PDF Archive),6841,Malfozaat E Hakeem Ul Ummat Vol 15,
UNIQUE_NO_DUPLICATE,Maktaba Jibreel (PDF Archive),6842,Malfozaat E Hakeem Ul Ummat Vol 16,
UNIQUE_NO_DUPLICATE,Maktaba Jibreel (PDF Archive),6843,Malfozaat E Hakeem Ul Ummat Vol 17,
UNIQUE_NO_DUPLICATE,Maktaba Jibreel (PDF Archive),6844,Malfozaat E Hakeem Ul Ummat Vol 18,
UNIQUE_NO_DUPLICATE,Maktaba Jibreel (PDF Archive),6845,Malfozaat E Hakeem Ul Ummat Vol 19,
UNIQUE_NO_DUPLICATE,Maktaba Jibreel (PDF Archive),6846,Malfozaat E Hakeem Ul Ummat Vol 20,
UNIQUE_NO_DUPLICATE,Maktaba Jibreel (PDF Archive),6847,Malfozaat E Hakeem Ul Ummat Vol 21,
UNIQUE_NO_DUPLICATE,Maktaba Jibreel (PDF Archive),6848,Malfozaat E Hakeem Ul Ummat Vol 22,
UNIQUE_NO_DUPLICATE,Maktaba Jibreel (PDF Archive),6849,Malfozaat E Hakeem Ul Ummat Vol 23,
UNIQUE_NO_DUPLICATE,Maktaba Jibreel (PDF Archive),6850,Malfozaat E Hakeem Ul Ummat Vol 24,
UNIQUE_NO_DUPLICATE,Maktaba Jibreel (PDF Archive),6851,Malfozaat E Hakeem Ul Ummat Vol 25,
UNIQUE_NO_DUPLICATE,Maktaba Jibreel (PDF Archive),6852,Malfozaat E Hakeem Ul Ummat Vol 26,
UNIQUE_NO_DUPLICATE,Maktaba Jibreel (PDF Archive),6853,Malfozaat E Hakeem Ul Ummat Vol 27 28,
UNIQUE_NO_DUPLICATE,Maktaba Jibreel (PDF Archive),6854,Malfozaat E Hakeem Ul Ummat Vol 29,
UNIQUE_NO_DUPLICATE,Maktaba Jibreel (PDF Archive),6855,Malfozaat E Hakeem Ul Ummat Vol 30,
UNIQUE_NO_DUPLICATE,Maktaba Jibreel (PDF Archive),6856,Malfuzaat E Muhaddis Kashmiri,
UNIQUE_NO_DUPLICATE,Maktaba Jibreel (PDF Archive),6857,Manaazil E Sulook,
UNIQUE_NO_DUPLICATE,Maktaba Jibreel (PDF Archive),6867,Maqaam E Sahabah,
UNIQUE_NO_DUPLICATE,Maktaba Jibreel (PDF Archive),6869,Maqalaat E Hakeem Ul Islaam,
UNIQUE_NO_DUPLICATE,Maktaba Jibreel (PDF Archive),6870,Maqalaat E Mufti Azam,
UNIQUE_NO_DUPLICATE,Maktaba Jibreel (PDF Archive),6873,Maqalaat O Mazameen,
UNIQUE_NO_DUPLICATE,Maktaba Jibreel (PDF Archive),6879,Maqsad E Hayyat,
UNIQUE_NO_DUPLICATE,Maktaba Jibreel (PDF Archive),6885,marif e rabbani,
UNIQUE_NO_DUPLICATE,Maktaba Jibreel (PDF Archive),6887,Masaib Or Unka Elaj,
UNIQUE_NO_DUPLICATE,Maktaba Jibreel (PDF Archive),6893,Masail e Aetikaf Vol 2,
UNIQUE_NO_DUPLICATE,Maktaba Jibreel (PDF Archive),6894,Masail e Eidaen Wa Qurbani Vol 17,
UNIQUE_NO_DUPLICATE,Maktaba Jibreel (PDF Archive),6895,Masail e Ghusal Vol 9,
UNIQUE_NO_DUPLICATE,Maktaba Jibreel (PDF Archive),6896,Masail e Hajj Wa Umrah Vol 18,
UNIQUE_NO_DUPLICATE,Maktaba Jibreel (PDF Archive),6897,Masail e Imamat Vol 1,
UNIQUE_NO_DUPLICATE,Maktaba Jibreel (PDF Archive),6898,Masail e Khuffain Vol 12,
UNIQUE_NO_DUPLICATE,Maktaba Jibreel (PDF Archive),6899,Masail e Majmuaa Khutbat e Masorah Vol 16,
UNIQUE_NO_DUPLICATE,Maktaba Jibreel (PDF Archive),6900,Masail e Masjid Maa Eidgaah Vol 3,
UNIQUE_NO_DUPLICATE,Maktaba Jibreel (PDF Archive),6901,Masail e Namaz e Jumaah Vol 6,
UNIQUE_NO_DUPLICATE,Maktaba Jibreel (PDF Archive),6902,Masail e Namaz Vol 4,
UNIQUE_NO_DUPLICATE,Maktaba Jibreel (PDF Archive),6903,Masail E Rifat Qasmi Vol 01,
UNIQUE_NO_DUPLICATE,Maktaba Jibreel (PDF Archive),6909,Masail E Rifat Qasmi Vol 6,
UNIQUE_NO_DUPLICATE,Maktaba Jibreel (PDF Archive),6911,Masail e Roza Vol 7,
UNIQUE_NO_DUPLICATE,Maktaba Jibreel (PDF Archive),6912,Masail e Safar Vol 8,
UNIQUE_NO_DUPLICATE,Maktaba Jibreel (PDF Archive),6913,Masail e Shabi Barat Wa Shabi Qadar Vol 13,
UNIQUE_NO_DUPLICATE,Maktaba Jibreel (PDF Archive),6914,Masail e Shirk Wa Bidaat Vol 14,
UNIQUE_NO_DUPLICATE,Maktaba Jibreel (PDF Archive),6915,Masail e Taraweeh Vol 11,
UNIQUE_NO_DUPLICATE,Maktaba Jibreel (PDF Archive),6916,Masail e Wodhu Vol 5,
UNIQUE_NO_DUPLICATE,Maktaba Jibreel (PDF Archive),6917,Masail e Zakat Vol 10,
UNIQUE_NO_DUPLICATE,Maktaba Jibreel (PDF Archive),6926,Masjid Kay Fazail O Ahkaam,
UNIQUE_NO_DUPLICATE,Maktaba Jibreel (PDF Archive),6932,Masla E Sood,
UNIQUE_NO_DUPLICATE,Maktaba Jibreel (PDF Archive),6935,Masnavi E Maulavi Manvi Vol 1,
UNIQUE_NO_DUPLICATE,Maktaba Jibreel (PDF Archive),6936,Masnavi E Maulavi Manvi Vol 2,
UNIQUE_NO_DUPLICATE,Maktaba Jibreel (PDF Archive),6937,Masnavi E Maulavi Manvi Vol 3,
UNIQUE_NO_DUPLICATE,Maktaba Jibreel (PDF Archive),6938,Masnavi Mulana Room Kay Emaan Afrooz Waqiyat,
UNIQUE_NO_DUPLICATE,Maktaba Jibreel (PDF Archive),6943,Matan Aela O Sunan Vol 1,
UNIQUE_NO_DUPLICATE,Maktaba Jibreel (PDF Archive),6944,Matan Aela O Sunan Vol 2,
UNIQUE_NO_DUPLICATE,Maktaba Jibreel (PDF Archive),6948,Mausua Fiqhiyyah Mutarjam Urdu Vol 01,
UNIQUE_NO_DUPLICATE,Maktaba Jibreel (PDF Archive),6949,Mausua Fiqhiyyah Mutarjam Urdu Vol 02,
UNIQUE_NO_DUPLICATE,Maktaba Jibreel (PDF Archive),6950,Mausua Fiqhiyyah Mutarjam Urdu Vol 03,
UNIQUE_NO_DUPLICATE,Maktaba Jibreel (PDF Archive),6951,Mausua Fiqhiyyah Mutarjam Urdu Vol 04,
UNIQUE_NO_DUPLICATE,Maktaba Jibreel (PDF Archive),6952,Mausua Fiqhiyyah Mutarjam Urdu Vol 05,
UNIQUE_NO_DUPLICATE,Maktaba Jibreel (PDF Archive),6953,Mausua Fiqhiyyah Mutarjam Urdu Vol 06,
UNIQUE_NO_DUPLICATE,Maktaba Jibreel (PDF Archive),6954,Mausua Fiqhiyyah Mutarjam Urdu Vol 07,
UNIQUE_NO_DUPLICATE,Maktaba Jibreel (PDF Archive),6955,Mausua Fiqhiyyah Mutarjam Urdu Vol 08,
UNIQUE_NO_DUPLICATE,Maktaba Jibreel (PDF Archive),6956,Mausua Fiqhiyyah Mutarjam Urdu Vol 09,
UNIQUE_NO_DUPLICATE,Maktaba Jibreel (PDF Archive),6957,Mausua Fiqhiyyah Mutarjam Urdu Vol 10,
UNIQUE_NO_DUPLICATE,Maktaba Jibreel (PDF Archive),6958,Mausua Fiqhiyyah Mutarjam Urdu Vol 11,
UNIQUE_NO_DUPLICATE,Maktaba Jibreel (PDF Archive),6959,Mausua Fiqhiyyah Mutarjam Urdu Vol 12,
UNIQUE_NO_DUPLICATE,Maktaba Jibreel (PDF Archive),6960,Mausua Fiqhiyyah Mutarjam Urdu Vol 13,
UNIQUE_NO_DUPLICATE,Maktaba Jibreel (PDF Archive),6961,Mausua Fiqhiyyah Mutarjam Urdu Vol 14,
UNIQUE_NO_DUPLICATE,Maktaba Jibreel (PDF Archive),6962,Mausua Fiqhiyyah Mutarjam Urdu Vol 15,
UNIQUE_NO_DUPLICATE,Maktaba Jibreel (PDF Archive),6963,Mausua Fiqhiyyah Mutarjam Urdu Vol 16,
UNIQUE_NO_DUPLICATE,Maktaba Jibreel (PDF Archive),6964,Mausua Fiqhiyyah Mutarjam Urdu Vol 17,
UNIQUE_NO_DUPLICATE,Maktaba Jibreel (PDF Archive),6965,Mausua Fiqhiyyah Mutarjam Urdu Vol 18,
UNIQUE_NO_DUPLICATE,Maktaba Jibreel (PDF Archive),6966,Mausua Fiqhiyyah Mutarjam Urdu Vol 19,
UNIQUE_NO_DUPLICATE,Maktaba Jibreel (PDF Archive),6967,Mausua Fiqhiyyah Mutarjam Urdu Vol 20,
UNIQUE_NO_DUPLICATE,Maktaba Jibreel (PDF Archive),6968,Mausua Fiqhiyyah Mutarjam Urdu Vol 21,
UNIQUE_NO_DUPLICATE,Maktaba Jibreel (PDF Archive),6969,Mausua Fiqhiyyah Mutarjam Urdu Vol 22,
UNIQUE_NO_DUPLICATE,Maktaba Jibreel (PDF Archive),6970,Mausua Fiqhiyyah Mutarjam Urdu Vol 23,
UNIQUE_NO_DUPLICATE,Maktaba Jibreel (PDF Archive),6971,Mausua Fiqhiyyah Mutarjam Urdu Vol 24,
UNIQUE_NO_DUPLICATE,Maktaba Jibreel (PDF Archive),6972,Mausua Fiqhiyyah Mutarjam Urdu Vol 25,
UNIQUE_NO_DUPLICATE,Maktaba Jibreel (PDF Archive),6973,Mausua Fiqhiyyah Mutarjam Urdu Vol 26,
UNIQUE_NO_DUPLICATE,Maktaba Jibreel (PDF Archive),6974,Mausua Fiqhiyyah Mutarjam Urdu Vol 27,
UNIQUE_NO_DUPLICATE,Maktaba Jibreel (PDF Archive),6975,Mausua Fiqhiyyah Mutarjam Urdu Vol 28,
UNIQUE_NO_DUPLICATE,Maktaba Jibreel (PDF Archive),6976,Mausua Fiqhiyyah Mutarjam Urdu Vol 29,
UNIQUE_NO_DUPLICATE,Maktaba Jibreel (PDF Archive),6977,Mausua Fiqhiyyah Mutarjam Urdu Vol 30,
UNIQUE_NO_DUPLICATE,Maktaba Jibreel (PDF Archive),6978,Mausua Fiqhiyyah Mutarjam Urdu Vol 31,
UNIQUE_NO_DUPLICATE,Maktaba Jibreel (PDF Archive),6979,Mausua Fiqhiyyah Mutarjam Urdu Vol 32,
UNIQUE_NO_DUPLICATE,Maktaba Jibreel (PDF Archive),6980,Mausua Fiqhiyyah Mutarjam Urdu Vol 33,
UNIQUE_NO_DUPLICATE,Maktaba Jibreel (PDF Archive),6981,Mausua Fiqhiyyah Mutarjam Urdu Vol 34,
UNIQUE_NO_DUPLICATE,Maktaba Jibreel (PDF Archive),6982,Mausua Fiqhiyyah Mutarjam Urdu Vol 35,
UNIQUE_NO_DUPLICATE,Maktaba Jibreel (PDF Archive),6983,Mausua Fiqhiyyah Mutarjam Urdu Vol 36,
UNIQUE_NO_DUPLICATE,Maktaba Jibreel (PDF Archive),6984,Mausua Fiqhiyyah Mutarjam Urdu Vol 37,
UNIQUE_NO_DUPLICATE,Maktaba Jibreel (PDF Archive),6985,Mausua Fiqhiyyah Mutarjam Urdu Vol 38,
UNIQUE_NO_DUPLICATE,Maktaba Jibreel (PDF Archive),6986,Mausua Fiqhiyyah Mutarjam Urdu Vol 39,
UNIQUE_NO_DUPLICATE,Maktaba Jibreel (PDF Archive),6987,Mausua Fiqhiyyah Mutarjam Urdu Vol 40,
UNIQUE_NO_DUPLICATE,Maktaba Jibreel (PDF Archive),6988,Mausua Fiqhiyyah Mutarjam Urdu Vol 41,
UNIQUE_NO_DUPLICATE,Maktaba Jibreel (PDF Archive),6989,Mausua Fiqhiyyah Mutarjam Urdu Vol 42,
UNIQUE_NO_DUPLICATE,Maktaba Jibreel (PDF Archive),6990,Mausua Fiqhiyyah Mutarjam Urdu Vol 43,
UNIQUE_NO_DUPLICATE,Maktaba Jibreel (PDF Archive),6991,Mausua Fiqhiyyah Mutarjam Urdu Vol 44,
UNIQUE_NO_DUPLICATE,Maktaba Jibreel (PDF Archive),6992,Mausua Fiqhiyyah Mutarjam Urdu Vol 45,
UNIQUE_NO_DUPLICATE,Maktaba Jibreel (PDF Archive),6996,Maut Ki Taiyari Kesy Karen,
UNIQUE_NO_DUPLICATE,Maktaba Jibreel (PDF Archive),6997,Mawaiz E Ashrafiyah Vol 01,
UNIQUE_NO_DUPLICATE,Maktaba Jibreel (PDF Archive),6998,Mawaiz E Ashrafiyah Vol 02,
UNIQUE_NO_DUPLICATE,Maktaba Jibreel (PDF Archive),6999,Mawaiz E Ashrafiyah Vol 03,
UNIQUE_NO_DUPLICATE,Maktaba Jibreel (PDF Archive),7000,Mawaiz E Ashrafiyah Vol 04,
UNIQUE_NO_DUPLICATE,Maktaba Jibreel (PDF Archive),7001,Mawaiz E Ashrafiyah Vol 05,
UNIQUE_NO_DUPLICATE,Maktaba Jibreel (PDF Archive),7002,Mawaiz E Ashrafiyah Vol 06,
UNIQUE_NO_DUPLICATE,Maktaba Jibreel (PDF Archive),7003,Mawaiz E Ashrafiyah Vol 07,
UNIQUE_NO_DUPLICATE,Maktaba Jibreel (PDF Archive),7004,Mawaiz E Ashrafiyah Vol 08,
UNIQUE_NO_DUPLICATE,Maktaba Jibreel (PDF Archive),7005,Mawaiz E Ashrafiyah Vol 09,
UNIQUE_NO_DUPLICATE,Maktaba Jibreel (PDF Archive),7006,Mawaiz E Ashrafiyah Vol 10,
UNIQUE_NO_DUPLICATE,Maktaba Jibreel (PDF Archive),7007,Mawaiz E Dard E Muhabbat Vol 1,
UNIQUE_NO_DUPLICATE,Maktaba Jibreel (PDF Archive),7008,Mawaiz E Dard E Muhabbat Vol 2,
UNIQUE_NO_DUPLICATE,Maktaba Jibreel (PDF Archive),7009,Mawaiz E Dard E Muhabbat Vol 3,
UNIQUE_NO_DUPLICATE,Maktaba Jibreel (PDF Archive),7010,Mawaiz E Dard E Muhabbat Vol 4,
UNIQUE_NO_DUPLICATE,Maktaba Jibreel (PDF Archive),7011,Mawaiz E Dard E Muhabbat Vol 5,
UNIQUE_NO_DUPLICATE,Maktaba Jibreel (PDF Archive),7012,Mawaiz E Dard E Muhabbat Vol 7,
UNIQUE_NO_DUPLICATE,Maktaba Jibreel (PDF Archive),7013,Mawaiz E Dard E Muhabbat Vol 8,
UNIQUE_NO_DUPLICATE,Maktaba Jibreel (PDF Archive),7014,Mawaiz E Dard E Muhabbat Vol 9,
UNIQUE_NO_DUPLICATE,Maktaba Jibreel (PDF Archive),7015,Mawaiz E Hazrat Shaikh Abdul Qadir Jilani,
UNIQUE_NO_DUPLICATE,Maktaba Jibreel (PDF Archive),7020,Mene Kabul Basty Dekha,
UNIQUE_NO_DUPLICATE,Maktaba Jibreel (PDF Archive),7024,Mery Walid Mery Shaikh,
UNIQUE_NO_DUPLICATE,Maktaba Jibreel (PDF Archive),7047,Moalimul Quran,
UNIQUE_NO_DUPLICATE,Maktaba Jibreel (PDF Archive),7060,Mualim ul Hujjaj,
UNIQUE_NO_DUPLICATE,Maktaba Jibreel (PDF Archive),7064,Muarif E Rabbani,
UNIQUE_NO_DUPLICATE,Maktaba Jibreel (PDF Archive),7065,Muasharti Huqooq O Faraiz,
UNIQUE_NO_DUPLICATE,Maktaba Jibreel (PDF Archive),7074,Muhaabat E Illahia Ki Azmat,
UNIQUE_NO_DUPLICATE,Maktaba Jibreel (PDF Archive),7075,muhabat e ilahiya ki azmat,
UNIQUE_NO_DUPLICATE,Maktaba Jibreel (PDF Archive),7076,Muhabbat E Ilahi,
UNIQUE_NO_DUPLICATE,Maktaba Jibreel (PDF Archive),7079,Muhammad E Arabi (S.A.W),
UNIQUE_NO_DUPLICATE,Maktaba Jibreel (PDF Archive),7088,Mujam Ul Quran,
UNIQUE_NO_DUPLICATE,Maktaba Jibreel (PDF Archive),7089,Mujizaat E Sayyed Ul Kaonain (S.A.W),
UNIQUE_NO_DUPLICATE,Maktaba Jibreel (PDF Archive),7090,Mukashifah Tul Quloob,
UNIQUE_NO_DUPLICATE,Maktaba Jibreel (PDF Archive),7096,Mulana Ahmed Ali Lahori Kay Herat Angez Waqiyaat,
UNIQUE_NO_DUPLICATE,Maktaba Jibreel (PDF Archive),7106,Munzil E Qurb E Illahi Ka Qareeb Tareen Raasta,
UNIQUE_NO_DUPLICATE,Maktaba Jibreel (PDF Archive),7116,Murawwaja Islami Bankari,
UNIQUE_NO_DUPLICATE,Maktaba Jibreel (PDF Archive),7130,Musnad Imam Ahmad Bin Hambal Vol 01,
UNIQUE_NO_DUPLICATE,Maktaba Jibreel (PDF Archive),7131,Musnad Imam Ahmad Bin Hambal Vol 02,
UNIQUE_NO_DUPLICATE,Maktaba Jibreel (PDF Archive),7132,Musnad Imam Ahmad Bin Hambal Vol 03,
UNIQUE_NO_DUPLICATE,Maktaba Jibreel (PDF Archive),7133,Musnad Imam Ahmad Bin Hambal Vol 04,
UNIQUE_NO_DUPLICATE,Maktaba Jibreel (PDF Archive),7134,Musnad Imam Ahmad Bin Hambal Vol 05,
UNIQUE_NO_DUPLICATE,Maktaba Jibreel (PDF Archive),7135,Musnad Imam Ahmad Bin Hambal Vol 06,
UNIQUE_NO_DUPLICATE,Maktaba Jibreel (PDF Archive),7136,Musnad Imam Ahmad Bin Hambal Vol 07,
UNIQUE_NO_DUPLICATE,Maktaba Jibreel (PDF Archive),7137,Musnad Imam Ahmad Bin Hambal Vol 08,
UNIQUE_NO_DUPLICATE,Maktaba Jibreel (PDF Archive),7138,Musnad Imam Ahmad Bin Hambal Vol 09,
UNIQUE_NO_DUPLICATE,Maktaba Jibreel (PDF Archive),7139,Musnad Imam Ahmad Bin Hambal Vol 10,
UNIQUE_NO_DUPLICATE,Maktaba Jibreel (PDF Archive),7140,Musnad Imam Ahmad Bin Hambal Vol 11,
UNIQUE_NO_DUPLICATE,Maktaba Jibreel (PDF Archive),7141,Musnad Imam Ahmad Bin Hambal Vol 12,
UNIQUE_NO_DUPLICATE,Maktaba Jibreel (PDF Archive),7142,Musnad Imam Ahmad Bin Hambal Vol 13,
UNIQUE_NO_DUPLICATE,Maktaba Jibreel (PDF Archive),7149,Nafahaat Ul Uns,
UNIQUE_NO_DUPLICATE,Maktaba Jibreel (PDF Archive),7168,Namaz E Masnoon,
UNIQUE_NO_DUPLICATE,Maktaba Jibreel (PDF Archive),7169,Namaz E Mudallal,
UNIQUE_NO_DUPLICATE,Maktaba Jibreel (PDF Archive),7170,Namaz Kay Masail Ka Insiclopidia Vol 1,
UNIQUE_NO_DUPLICATE,Maktaba Jibreel (PDF Archive),7171,Namaz Kay Masail Ka Insiclopidia Vol 2,
UNIQUE_NO_DUPLICATE,Maktaba Jibreel (PDF Archive),7172,Namaz Kay Masail Ka Insiclopidia Vol 3,
UNIQUE_NO_DUPLICATE,Maktaba Jibreel (PDF Archive),7173,Namaz Kay Masail Ka Insiclopidia Vol 4,
UNIQUE_NO_DUPLICATE,Maktaba Jibreel (PDF Archive),7175,Namon Ki Lughat,
UNIQUE_NO_DUPLICATE,Maktaba Jibreel (PDF Archive),7180,Nazool E Sakeena,
UNIQUE_NO_DUPLICATE,Maktaba Jibreel (PDF Archive),7181,Nida E Mimbar O Mahraab Vol 1,
UNIQUE_NO_DUPLICATE,Maktaba Jibreel (PDF Archive),7182,Nida E Mimbar O Mahraab Vol 2,
UNIQUE_NO_DUPLICATE,Maktaba Jibreel (PDF Archive),7183,Nida E Mimbar O Mahraab Vol 3,
UNIQUE_NO_DUPLICATE,Maktaba Jibreel (PDF Archive),7184,Nida E Mimbar O Mahraab Vol 4,
UNIQUE_NO_DUPLICATE,Maktaba Jibreel (PDF Archive),7185,Nida E Mimbar O Mahraab Vol 5,
UNIQUE_NO_DUPLICATE,Maktaba Jibreel (PDF Archive),7186,Nida E Mimbar O Mahraab Vol 6,
UNIQUE_NO_DUPLICATE,Maktaba Jibreel (PDF Archive),7187,Nida e Mimbar o mahraab Vol 7,
UNIQUE_NO_DUPLICATE,Maktaba Jibreel (PDF Archive),7190,Nigah-E-Nabuwat Mein Muhabbat Ka Maqaam,
UNIQUE_NO_DUPLICATE,Maktaba Jibreel (PDF Archive),7193,nisbat ma allah k aasar,
UNIQUE_NO_DUPLICATE,Maktaba Jibreel (PDF Archive),7194,Nisbat Ma Allah Kay Aasar,
UNIQUE_NO_DUPLICATE,Maktaba Jibreel (PDF Archive),7195,Nisbat Ma Allah Ki Shan O Shaukat,
UNIQUE_NO_DUPLICATE,Maktaba Jibreel (PDF Archive),7196,nisbat ma allah ki shan o shokat,
UNIQUE_NO_DUPLICATE,Maktaba Jibreel (PDF Archive),7207,Noor E Hidayat Aur Us Ki Allamat,
UNIQUE_NO_DUPLICATE,Maktaba Jibreel (PDF Archive),7209,Nuqoosh E Raftagaan,
UNIQUE_NO_DUPLICATE,Maktaba Jibreel (PDF Archive),7226,Pyaray Nabi Ki Pyari Sunnatain,
UNIQUE_NO_DUPLICATE,Maktaba Jibreel (PDF Archive),7228,Qabar Kay Ebrat Naak Manazir,
UNIQUE_NO_DUPLICATE,Maktaba Jibreel (PDF Archive),7259,Qafila E Jannat-Ki Allamat,
UNIQUE_NO_DUPLICATE,Maktaba Jibreel (PDF Archive),7262,Qalb E Saleem,
UNIQUE_NO_DUPLICATE,Maktaba Jibreel (PDF Archive),7263,Qamoos ul Fiqah Vol 1,
UNIQUE_NO_DUPLICATE,Maktaba Jibreel (PDF Archive),7264,Qamoos ul Fiqah Vol 2,
UNIQUE_NO_DUPLICATE,Maktaba Jibreel (PDF Archive),7265,Qamoos ul Fiqah Vol 3,
UNIQUE_NO_DUPLICATE,Maktaba Jibreel (PDF Archive),7266,Qamoos ul Fiqah Vol 4,
UNIQUE_NO_DUPLICATE,Maktaba Jibreel (PDF Archive),7267,Qamoos ul Fiqah Vol 5,
UNIQUE_NO_DUPLICATE,Maktaba Jibreel (PDF Archive),7276,Qasas Ul Ambiya,
UNIQUE_NO_DUPLICATE,Maktaba Jibreel (PDF Archive),7277,Qasas Ul Quran Vol 1 2,
UNIQUE_NO_DUPLICATE,Maktaba Jibreel (PDF Archive),7278,Qasas Ul Quran Vol 3 4,
UNIQUE_NO_DUPLICATE,Maktaba Jibreel (PDF Archive),7281,Qaseeda Tooba Complete,
UNIQUE_NO_DUPLICATE,Maktaba Jibreel (PDF Archive),7290,Qomiyat O Sobaiyt,
UNIQUE_NO_DUPLICATE,Maktaba Jibreel (PDF Archive),7308,Quran Pak Mein Sharaab Kay Haraam Honay Ka Suboot,
UNIQUE_NO_DUPLICATE,Maktaba Jibreel (PDF Archive),7309,Quranic Sciences,
UNIQUE_NO_DUPLICATE,Maktaba Jibreel (PDF Archive),7310,qurb e ilahi ki manzilain,
UNIQUE_NO_DUPLICATE,Maktaba Jibreel (PDF Archive),7311,Qurb E Illahi Ki Manzilain,
UNIQUE_NO_DUPLICATE,Maktaba Jibreel (PDF Archive),7317,Qurbani E Kaamil,
UNIQUE_NO_DUPLICATE,Maktaba Jibreel (PDF Archive),7318,Qurrat Ul Uyoon Fi Tazkiratil Funoon,
UNIQUE_NO_DUPLICATE,Maktaba Jibreel (PDF Archive),7321,Raah E Amal Vol 1,
UNIQUE_NO_DUPLICATE,Maktaba Jibreel (PDF Archive),7322,Raah E Amal Vol 2,
UNIQUE_NO_DUPLICATE,Maktaba Jibreel (PDF Archive),7327,Racial Prejudice and Its Cure,
UNIQUE_NO_DUPLICATE,Maktaba Jibreel (PDF Archive),7330,Radd E Qadyaniyat Kay Zarren Usool,
UNIQUE_NO_DUPLICATE,Maktaba Jibreel (PDF Archive),7341,Rah E Maghfirat,
UNIQUE_NO_DUPLICATE,Maktaba Jibreel (PDF Archive),7343,Rahmat Tullah Hil Wasiah Vol 3,
UNIQUE_NO_DUPLICATE,Maktaba Jibreel (PDF Archive),7344,Rahmat Tullah Hil Wasiah Vol 4,
UNIQUE_NO_DUPLICATE,Maktaba Jibreel (PDF Archive),7345,Rahmat Tullah Hil Wasiah Vol 5,
UNIQUE_NO_DUPLICATE,Maktaba Jibreel (PDF Archive),7350,Ramadan Aur Jadeed Masaeil Jadeed Muhaqqaq Wa Ezafa Shuda Edition,
UNIQUE_NO_DUPLICATE,Maktaba Jibreel (PDF Archive),7358,Raoza Tut Taabeer,
UNIQUE_NO_DUPLICATE,Maktaba Jibreel (PDF Archive),7361,Rasail E Imam Ghazali Vol 2,
UNIQUE_NO_DUPLICATE,Maktaba Jibreel (PDF Archive),7362,Rasail E Imam Ghazali Vol 3,
UNIQUE_NO_DUPLICATE,Maktaba Jibreel (PDF Archive),7364,Rasool E Akram (S.A.W) Kay Din Rat Kay Aamaal,
UNIQUE_NO_DUPLICATE,Maktaba Jibreel (PDF Archive),7365,Rasool Ullah Ki Nazar Men Dunya Ki Haqiqat,
UNIQUE_NO_DUPLICATE,Maktaba Jibreel (PDF Archive),7375,Rijaal Us Sindi Wal Hind,
UNIQUE_NO_DUPLICATE,Maktaba Jibreel (PDF Archive),7376,Rohani Sabaq,
UNIQUE_NO_DUPLICATE,Maktaba Jibreel (PDF Archive),7378,Rooh E Sulook,
UNIQUE_NO_DUPLICATE,Maktaba Jibreel (PDF Archive),7379,Rooh Ki Beemarian Aur Us Ka Illaj,
UNIQUE_NO_DUPLICATE,Maktaba Jibreel (PDF Archive),7380,rooh ki bemariyan,
UNIQUE_NO_DUPLICATE,Maktaba Jibreel (PDF Archive),7381,Rooh Ki Bemariyan Or Unka Elaaj Vol 1,
UNIQUE_NO_DUPLICATE,Maktaba Jibreel (PDF Archive),7382,Rooh Ki Bimariyan Or Unka Elaaj,
UNIQUE_NO_DUPLICATE,Maktaba Jibreel (PDF Archive),7383,Roohani Muaalij Vol 1,
UNIQUE_NO_DUPLICATE,Maktaba Jibreel (PDF Archive),7384,Roohani Muaalij Vol 2,
UNIQUE_NO_DUPLICATE,Maktaba Jibreel (PDF Archive),7394,Saath Uloom,
UNIQUE_NO_DUPLICATE,Maktaba Jibreel (PDF Archive),7396,Sabaq Amooz Karguzariyan,
UNIQUE_NO_DUPLICATE,Maktaba Jibreel (PDF Archive),7399,Saboot E Qayamat Aur Aus Kay Dalaail,
UNIQUE_NO_DUPLICATE,Maktaba Jibreel (PDF Archive),7400,saboot e qayamat or is k dalail,
UNIQUE_NO_DUPLICATE,Maktaba Jibreel (PDF Archive),7401,Sabr Aur Maqam E Siddiqeen,
UNIQUE_NO_DUPLICATE,Maktaba Jibreel (PDF Archive),7402,sabr aur muqam e siddiqeen,
UNIQUE_NO_DUPLICATE,Maktaba Jibreel (PDF Archive),7403,Sadqy Ki Barakat Or Sood Ki Tabah Kariyan,
UNIQUE_NO_DUPLICATE,Maktaba Jibreel (PDF Archive),7406,Safar Namah Aseer E Malta,
UNIQUE_NO_DUPLICATE,Maktaba Jibreel (PDF Archive),7407,Safar Namah Rangoon O Dhaka,
UNIQUE_NO_DUPLICATE,Maktaba Jibreel (PDF Archive),7408,Safha E Aalam Par Tarekhe Nuqoosh,
UNIQUE_NO_DUPLICATE,Maktaba Jibreel (PDF Archive),7412,Sahaba E Kiraam Kay Jangi Maariky,
UNIQUE_NO_DUPLICATE,Maktaba Jibreel (PDF Archive),7413,Sahaba E Kiraam Ki Futohaat,
UNIQUE_NO_DUPLICATE,Maktaba Jibreel (PDF Archive),7421,SAHI MUSLIM SHAREEF VOL 1 part1,
UNIQUE_NO_DUPLICATE,Maktaba Jibreel (PDF Archive),7422,SAHI MUSLIM SHAREEF VOL 1 part2,
UNIQUE_NO_DUPLICATE,Maktaba Jibreel (PDF Archive),7423,SAHI MUSLIM SHAREEF VOL 2 part1,
UNIQUE_NO_DUPLICATE,Maktaba Jibreel (PDF Archive),7424,SAHI MUSLIM SHAREEF VOL 2 part2,
UNIQUE_NO_DUPLICATE,Maktaba Jibreel (PDF Archive),7446,Saron Kay Saody,
UNIQUE_NO_DUPLICATE,Maktaba Jibreel (PDF Archive),7451,Sawal O Jawab Vol 1,
UNIQUE_NO_DUPLICATE,Maktaba Jibreel (PDF Archive),7452,Sawal O Jawab Vol 2,
UNIQUE_NO_DUPLICATE,Maktaba Jibreel (PDF Archive),7453,Sawal O Jawab Vol 3,
UNIQUE_NO_DUPLICATE,Maktaba Jibreel (PDF Archive),7454,Sawal O Jawab Vol 4,
UNIQUE_NO_DUPLICATE,Maktaba Jibreel (PDF Archive),7459,Sawaneh Hazrat Mulana Muhammad Umar Palan Pori,
UNIQUE_NO_DUPLICATE,Maktaba Jibreel (PDF Archive),7460,Sawaneh O Talemaat Hazrat E Aarfi,
UNIQUE_NO_DUPLICATE,Maktaba Jibreel (PDF Archive),7461,Sayyed Ata Ullah Shah Bukhari Sawaneh O Afkaar,
UNIQUE_NO_DUPLICATE,Maktaba Jibreel (PDF Archive),7464,Seear Us Sahaba Vol 1,
UNIQUE_NO_DUPLICATE,Maktaba Jibreel (PDF Archive),7465,Seear Us Sahaba Vol 2,
UNIQUE_NO_DUPLICATE,Maktaba Jibreel (PDF Archive),7466,Seear Us Sahaba Vol 3,
UNIQUE_NO_DUPLICATE,Maktaba Jibreel (PDF Archive),7467,Seear Us Sahaba Vol 4,
UNIQUE_NO_DUPLICATE,Maktaba Jibreel (PDF Archive),7468,Seear Us Sahaba Vol 5,
UNIQUE_NO_DUPLICATE,Maktaba Jibreel (PDF Archive),7469,Seear Us Sahaba Vol 6,
UNIQUE_NO_DUPLICATE,Maktaba Jibreel (PDF Archive),7470,Seear Us Sahaba Vol 7,
UNIQUE_NO_DUPLICATE,Maktaba Jibreel (PDF Archive),7471,Seear Us Sahaba Vol 8,
UNIQUE_NO_DUPLICATE,Maktaba Jibreel (PDF Archive),7472,Seear Us Sahaba Vol 9,
UNIQUE_NO_DUPLICATE,Maktaba Jibreel (PDF Archive),7483,Seerat E Ambiya E Kiraam Vol 1,
UNIQUE_NO_DUPLICATE,Maktaba Jibreel (PDF Archive),7484,Seerat E Ambiya E Kiraam Vol 2,
UNIQUE_NO_DUPLICATE,Maktaba Jibreel (PDF Archive),7485,Seerat E Imam Rabbani,
UNIQUE_NO_DUPLICATE,Maktaba Jibreel (PDF Archive),7491,Seerat Hazrat Ameer E Muaviah,
UNIQUE_NO_DUPLICATE,Maktaba Jibreel (PDF Archive),7521,Shahrah E Sunnat,
UNIQUE_NO_DUPLICATE,Maktaba Jibreel (PDF Archive),7540,sharaab ki hurmat,
UNIQUE_NO_DUPLICATE,Maktaba Jibreel (PDF Archive),7551,Sharah Asma E Husnah Vol 2,
UNIQUE_NO_DUPLICATE,Maktaba Jibreel (PDF Archive),7576,Shariyat O Tasawof,
UNIQUE_NO_DUPLICATE,Maktaba Jibreel (PDF Archive),7599,Shirkat O Muzarabat Asr E Hazir Men,
UNIQUE_NO_DUPLICATE,Maktaba Jibreel (PDF Archive),7600,Shuab Ul Emaan Vol 2,
UNIQUE_NO_DUPLICATE,Maktaba Jibreel (PDF Archive),7601,Shuab Ul Emaan Vol 3,
UNIQUE_NO_DUPLICATE,Maktaba Jibreel (PDF Archive),7602,Shuab Ul Emaan Vol 4,
UNIQUE_NO_DUPLICATE,Maktaba Jibreel (PDF Archive),7603,Shuab Ul Emaan Vol 5,
UNIQUE_NO_DUPLICATE,Maktaba Jibreel (PDF Archive),7604,Shuab Ul Emaan Vol 6,
UNIQUE_NO_DUPLICATE,Maktaba Jibreel (PDF Archive),7605,Shuab Ul Emaan Vol 7,
UNIQUE_NO_DUPLICATE,Maktaba Jibreel (PDF Archive),7606,Shuhada E Islaam,
UNIQUE_NO_DUPLICATE,Maktaba Jibreel (PDF Archive),7645,Sohbat E Ahl Ullah Aur Jadeed Technology,
UNIQUE_NO_DUPLICATE,Maktaba Jibreel (PDF Archive),7646,Sohbat E Sheikh Ki Ahmeiyat,
UNIQUE_NO_DUPLICATE,Maktaba Jibreel (PDF Archive),7647,Solution Spiritual Maladies,
UNIQUE_NO_DUPLICATE,Maktaba Jibreel (PDF Archive),7650,Sood Par Tarekhi Fesla,
UNIQUE_NO_DUPLICATE,Maktaba Jibreel (PDF Archive),7651,Subah Ki Barkaten Or Namaz E Fajar Ki Ahmiyat,
UNIQUE_NO_DUPLICATE,Maktaba Jibreel (PDF Archive),7653,Suhbate shaikh ki ahmiyyat,
UNIQUE_NO_DUPLICATE,Maktaba Jibreel (PDF Archive),7655,Sukoon E Qalb,
UNIQUE_NO_DUPLICATE,Maktaba Jibreel (PDF Archive),7666,Sunan E Ibn E Majah Shareef Vol 1,
UNIQUE_NO_DUPLICATE,Maktaba Jibreel (PDF Archive),7667,Sunan E Ibn E Majah Shareef Vol 2,
UNIQUE_NO_DUPLICATE,Maktaba Jibreel (PDF Archive),7668,Sunan E Ibn E Majah Shareef Vol 3,
UNIQUE_NO_DUPLICATE,Maktaba Jibreel (PDF Archive),7685,Tabieen Kay Waqiyaat,
UNIQUE_NO_DUPLICATE,Maktaba Jibreel (PDF Archive),7693,Tadveen E Hadith,
UNIQUE_NO_DUPLICATE,Maktaba Jibreel (PDF Archive),7699,Tafheem Ul Fiqah,
UNIQUE_NO_DUPLICATE,Maktaba Jibreel (PDF Archive),7756,Tafseer E Ibn E Abbas Vol 1,
UNIQUE_NO_DUPLICATE,Maktaba Jibreel (PDF Archive),7757,Tafseer E Ibn E Abbas Vol 2,
UNIQUE_NO_DUPLICATE,Maktaba Jibreel (PDF Archive),7758,Tafseer E Ibn E Abbas Vol 3,
UNIQUE_NO_DUPLICATE,Maktaba Jibreel (PDF Archive),7782,TAFSEER JAWAHIR UL QURAN VOL 1 2 3 part1,
UNIQUE_NO_DUPLICATE,Maktaba Jibreel (PDF Archive),7783,TAFSEER JAWAHIR UL QURAN VOL 1 2 3 part2,
UNIQUE_NO_DUPLICATE,Maktaba Jibreel (PDF Archive),7784,TAFSEER JAWAHIR UL QURAN VOL 1 2 3 part3,
UNIQUE_NO_DUPLICATE,Maktaba Jibreel (PDF Archive),7813,Tajaliyat E Jazb,
UNIQUE_NO_DUPLICATE,Maktaba Jibreel (PDF Archive),7820,tajliyate jazb,
UNIQUE_NO_DUPLICATE,Maktaba Jibreel (PDF Archive),7822,Takaful Ki Shari Haisiyat,
UNIQUE_NO_DUPLICATE,Maktaba Jibreel (PDF Archive),7823,Takmeel E Muarefat,
UNIQUE_NO_DUPLICATE,Maktaba Jibreel (PDF Archive),7828,Talbees E Iblees,
UNIQUE_NO_DUPLICATE,Maktaba Jibreel (PDF Archive),7841,Taleem Mein Quran Mein Shan E Rehmat Ki Aehmiat,
UNIQUE_NO_DUPLICATE,Maktaba Jibreel (PDF Archive),7842,taleem quran,
UNIQUE_NO_DUPLICATE,Maktaba Jibreel (PDF Archive),7845,Talifaat E Rashidiyah,
UNIQUE_NO_DUPLICATE,Maktaba Jibreel (PDF Archive),7847,Taluq Ma Allah,
UNIQUE_NO_DUPLICATE,Maktaba Jibreel (PDF Archive),7848,Tambeeh Ul Ghafileen,
UNIQUE_NO_DUPLICATE,Maktaba Jibreel (PDF Archive),7849,Tameer O Watan E Akhirat,
UNIQUE_NO_DUPLICATE,Maktaba Jibreel (PDF Archive),7853,Tanveer Ul Emaan,
UNIQUE_NO_DUPLICATE,Maktaba Jibreel (PDF Archive),7854,Taoba Ka Darwaza Khula Hay,
UNIQUE_NO_DUPLICATE,Maktaba Jibreel (PDF Archive),7856,Taqreer Khatm E Quran Shareef Or Bukhari Sharif,
UNIQUE_NO_DUPLICATE,Maktaba Jibreel (PDF Archive),7861,Taqwiyat Ul Emaan,
UNIQUE_NO_DUPLICATE,Maktaba Jibreel (PDF Archive),7866,Tarbiyyat Part 2,
UNIQUE_NO_DUPLICATE,Maktaba Jibreel (PDF Archive),7908,Tareeq E Muhabbat,
UNIQUE_NO_DUPLICATE,Maktaba Jibreel (PDF Archive),7909,tareeq e muhabt,
UNIQUE_NO_DUPLICATE,Maktaba Jibreel (PDF Archive),7910,Tareeq E Wilayat,
UNIQUE_NO_DUPLICATE,Maktaba Jibreel (PDF Archive),7911,Tareeq Il Allah,
UNIQUE_NO_DUPLICATE,Maktaba Jibreel (PDF Archive),7912,tareeq illlah,
UNIQUE_NO_DUPLICATE,Maktaba Jibreel (PDF Archive),7931,Tasheel Bahishti Zaiwar Vol 1,
UNIQUE_NO_DUPLICATE,Maktaba Jibreel (PDF Archive),7932,Tasheel Bahishti Zaiwar Vol 2,
UNIQUE_NO_DUPLICATE,Maktaba Jibreel (PDF Archive),7941,Tasleem O Raza,
UNIQUE_NO_DUPLICATE,Maktaba Jibreel (PDF Archive),7942,taslim o riza,
UNIQUE_NO_DUPLICATE,Maktaba Jibreel (PDF Archive),7944,Tasweer Kay Shari Ahkaam,
UNIQUE_NO_DUPLICATE,Maktaba Jibreel (PDF Archive),7947,Tauba Kay Anso,
UNIQUE_NO_DUPLICATE,Maktaba Jibreel (PDF Archive),7956,tayser,
UNIQUE_NO_DUPLICATE,Maktaba Jibreel (PDF Archive),7960,Tazkia E Nafs,
UNIQUE_NO_DUPLICATE,Maktaba Jibreel (PDF Archive),7961,Tazkira Mujahideen E Khatm E Nabowat Or Qadyaniyon Kay Ebrat Angaiz Waqiyaatb,
UNIQUE_NO_DUPLICATE,Maktaba Jibreel (PDF Archive),7964,tbmnzr,
UNIQUE_NO_DUPLICATE,Maktaba Jibreel (PDF Archive),7968,Tibb E Nabavi (S.A.W),
UNIQUE_NO_DUPLICATE,Maktaba Jibreel (PDF Archive),7985,Touba k aansoun,
UNIQUE_NO_DUPLICATE,Maktaba Jibreel (PDF Archive),7989,Tuhfa E Isna E Ashariyah,
UNIQUE_NO_DUPLICATE,Maktaba Jibreel (PDF Archive),7990,Tuhfa E Mah E Ramzaan,
UNIQUE_NO_DUPLICATE,Maktaba Jibreel (PDF Archive),7991,Tuhfa E Qadyaniat Vol 6,
UNIQUE_NO_DUPLICATE,Maktaba Jibreel (PDF Archive),7992,Tuhfa E Qadyaniyat Vol 1,
UNIQUE_NO_DUPLICATE,Maktaba Jibreel (PDF Archive),7993,Tuhfa E Qadyaniyat Vol 2,
UNIQUE_NO_DUPLICATE,Maktaba Jibreel (PDF Archive),7994,Tuhfa E Qadyaniyat Vol 3,
UNIQUE_NO_DUPLICATE,Maktaba Jibreel (PDF Archive),7995,Tuhfa E Qadyaniyat Vol 4,
UNIQUE_NO_DUPLICATE,Maktaba Jibreel (PDF Archive),7996,Tuhfa E Qadyaniyat Vol 5,
UNIQUE_NO_DUPLICATE,Maktaba Jibreel (PDF Archive),7997,Tuhfa E Qadyaniyat Vol 6,
UNIQUE_NO_DUPLICATE,Maktaba Jibreel (PDF Archive),7998,Tuhfa Tul Aimmah,
UNIQUE_NO_DUPLICATE,Maktaba Jibreel (PDF Archive),8001,Tuhfa Tul Mushtaaq,
UNIQUE_NO_DUPLICATE,Maktaba Jibreel (PDF Archive),8010,Ulama E Dioband Kay Waqiaat O Karamaat,
UNIQUE_NO_DUPLICATE,Maktaba Jibreel (PDF Archive),8011,Ulama Medaan E Siyasat Men,
UNIQUE_NO_DUPLICATE,Maktaba Jibreel (PDF Archive),8018,Umeed E Maghfirat O Rehmat,
UNIQUE_NO_DUPLICATE,Maktaba Jibreel (PDF Archive),8023,Ushaaq E Quran Kay Emaan Afrooz Waqiyaat,
UNIQUE_NO_DUPLICATE,Maktaba Jibreel (PDF Archive),8030,Wali Allah Bananay Kay 5 Nuskhay,
UNIQUE_NO_DUPLICATE,Maktaba Jibreel (PDF Archive),8031,Wali Allah Bannay Walay 4 Aamaal,
UNIQUE_NO_DUPLICATE,Maktaba Jibreel (PDF Archive),8032,Walidain Keliy Aankhon Ki Thandak Baniyy,
UNIQUE_NO_DUPLICATE,Maktaba Jibreel (PDF Archive),8033,Waliullah bannay walay 4 aamaal,
UNIQUE_NO_DUPLICATE,Maktaba Jibreel (PDF Archive),8043,Ya Ar Rahm Ur Rahemeen Maula E Rahmat Ullil-Alameen,
UNIQUE_NO_DUPLICATE,Maktaba Jibreel (PDF Archive),8044,Yaadgaar Baten,
UNIQUE_NO_DUPLICATE,Maktaba Jibreel (PDF Archive),8045,Yaadgaar Mulaqaten,
UNIQUE_NO_DUPLICATE,Maktaba Jibreel (PDF Archive),8046,Yaadgaar Waqiaat,
UNIQUE_NO_DUPLICATE,Maktaba Jibreel (PDF Archive),8050,Yazdah Nujoom Wa Tuhfa Tul Ansaf,
UNIQUE_NO_DUPLICATE,Maktaba Jibreel (PDF Archive),8057,Zabaan Ki Hifazat,
UNIQUE_NO_DUPLICATE,Maktaba Jibreel (PDF Archive),8064,Zakaat Kay Masail Ka Insiclopidia,
UNIQUE_NO_DUPLICATE,Maktaba Jibreel (PDF Archive),8075,Zikr Allah Aur Itmenan E Qalb,
UNIQUE_NO_DUPLICATE,Maktaba Jibreel (PDF Archive),8076,Zikr O Fikr,
UNIQUE_NO_DUPLICATE,Maktaba Jibreel (PDF Archive),8083,أحاديث الموطأ للدارقطني,
UNIQUE_NO_DUPLICATE,Maktaba Jibreel (PDF Archive),8088,أخبار مكة للأزرقي,
UNIQUE_NO_DUPLICATE,Maktaba Jibreel (PDF Archive),8091,أدب المجالسة و حمد اللسان,
UNIQUE_NO_DUPLICATE,Maktaba Jibreel (PDF Archive),8092,أسرار البلاغة- تحقيق محمود شاكر,
UNIQUE_NO_DUPLICATE,Maktaba Jibreel (PDF Archive),8093,أسماء المدلسين للسيوطي,
UNIQUE_NO_DUPLICATE,Maktaba Jibreel (PDF Archive),8094,أطواق الذهب - الزمخشري,
UNIQUE_NO_DUPLICATE,Maktaba Jibreel (PDF Archive),8097,أمراض القلوب وشفائها,
UNIQUE_NO_DUPLICATE,Maktaba Jibreel (PDF Archive),8098,أوثق عرى الإيمان,
UNIQUE_NO_DUPLICATE,Maktaba Jibreel (PDF Archive),8103,إرشاد الثقات إلى إتفاق الشرائع على التوحيد والمعاد والنبوات,
UNIQUE_NO_DUPLICATE,Maktaba Jibreel (PDF Archive),8106,احاديث عبد الله بن حيان,
UNIQUE_NO_DUPLICATE,Maktaba Jibreel (PDF Archive),8107,احاديث هشام بن عمار,
UNIQUE_NO_DUPLICATE,Maktaba Jibreel (PDF Archive),8108,اختصاص القرآن بعودة إلى الرحيم الرحمن,
UNIQUE_NO_DUPLICATE,Maktaba Jibreel (PDF Archive),8109,اختلاف الفقهاء لابن جرير الطبري,
UNIQUE_NO_DUPLICATE,Maktaba Jibreel (PDF Archive),8110,ازاله الدهش و الوله عن المتحير في صحه حديث ماء زمزم لما شرب له,
UNIQUE_NO_DUPLICATE,Maktaba Jibreel (PDF Archive),8111,الآداب للبيهقي,
UNIQUE_NO_DUPLICATE,Maktaba Jibreel (PDF Archive),8112,الأجوبة النافعة عن أسئلة لجنة مسجد الجامعة للألباني,
UNIQUE_NO_DUPLICATE,Maktaba Jibreel (PDF Archive),8113,الأحاديث العوالي من جزء ابن عرفة,
UNIQUE_NO_DUPLICATE,Maktaba Jibreel (PDF Archive),8114,الأدلة الرضية لمتن الدرر البهية في المسائل الفقهية,
UNIQUE_NO_DUPLICATE,Maktaba Jibreel (PDF Archive),8115,الأربعين للحسن بن سفيان,
UNIQUE_NO_DUPLICATE,Maktaba Jibreel (PDF Archive),8118,الأصول والضوابط ــ النووي,
UNIQUE_NO_DUPLICATE,Maktaba Jibreel (PDF Archive),8120,الأمالي المطلقة لابن حجر,
UNIQUE_NO_DUPLICATE,Maktaba Jibreel (PDF Archive),8121,الأمالي والقراءة لابني عفان,
UNIQUE_NO_DUPLICATE,Maktaba Jibreel (PDF Archive),8123,الإرشاد في تراجم علماء الحديث,
UNIQUE_NO_DUPLICATE,Maktaba Jibreel (PDF Archive),8124,الإرشادات في تقوية الأحاديث بالشواهد والمتابعات طارق عوض الله,
UNIQUE_NO_DUPLICATE,Maktaba Jibreel (PDF Archive),8125,الإسراء والمعراج وذكر أحاديثهما وتخريجها وبيان صحيحها من سقيمها,
UNIQUE_NO_DUPLICATE,Maktaba Jibreel (PDF Archive),8128,الإلماع للقاضي عياض,
UNIQUE_NO_DUPLICATE,Maktaba Jibreel (PDF Archive),8129,الإنصاف في مسائل الخلاف لابن الأنباري,
UNIQUE_NO_DUPLICATE,Maktaba Jibreel (PDF Archive),8130,الاحكام السلطانية للماوردي,
UNIQUE_NO_DUPLICATE,Maktaba Jibreel (PDF Archive),8131,الاستيعاب في معرفة الأصحاب,
UNIQUE_NO_DUPLICATE,Maktaba Jibreel (PDF Archive),8132,الاغتباط بمن رمي بالاختلاط,
UNIQUE_NO_DUPLICATE,Maktaba Jibreel (PDF Archive),8133,الالف دينار,
UNIQUE_NO_DUPLICATE,Maktaba Jibreel (PDF Archive),8134,البدر الطالع ج1,
UNIQUE_NO_DUPLICATE,Maktaba Jibreel (PDF Archive),8138,التاج في أخلاق الملوك - الجاحظ,
UNIQUE_NO_DUPLICATE,Maktaba Jibreel (PDF Archive),8141,التحفة السنية في شرح المقدمة الآجرومية,
UNIQUE_NO_DUPLICATE,Maktaba Jibreel (PDF Archive),8145,التهذيب في اختصار المدونة,
UNIQUE_NO_DUPLICATE,Maktaba Jibreel (PDF Archive),8146,التوضيح الأبهر,
UNIQUE_NO_DUPLICATE,Maktaba Jibreel (PDF Archive),8147,التوضيح شرح مختصر ابن الحاجب (المعروف بجامع الامهات) للشيخ خليل بن إسحاق الجندي المتوفي سنة776هـ من بداية التفليس إلى نهاية الحوالة - الرسالة العلمية,
UNIQUE_NO_DUPLICATE,Maktaba Jibreel (PDF Archive),8151,الجزء فيه مسند عبد الله بن أبي أوفى,
UNIQUE_NO_DUPLICATE,Maktaba Jibreel (PDF Archive),8152,الجمعة وفضلها للمروزي,
UNIQUE_NO_DUPLICATE,Maktaba Jibreel (PDF Archive),8155,الحديث حجة بنفسه - للألباني,
UNIQUE_NO_DUPLICATE,Maktaba Jibreel (PDF Archive),8157,الخلافة والملك - ابن تيمية,
UNIQUE_NO_DUPLICATE,Maktaba Jibreel (PDF Archive),8158,الداء والدواء أو الجواب الكافي لمن سأل عن الدواء الشافي,
UNIQUE_NO_DUPLICATE,Maktaba Jibreel (PDF Archive),8164,الرسالة للشافعي تحقيق احمد شاكر,
UNIQUE_NO_DUPLICATE,Maktaba Jibreel (PDF Archive),8165,الروضة الريا,
UNIQUE_NO_DUPLICATE,Maktaba Jibreel (PDF Archive),8169,الزهد للإمام أحمد,
UNIQUE_NO_DUPLICATE,Maktaba Jibreel (PDF Archive),8171,الزهد والرقائق للخطيب ويليه طرق حديث ترائي الهلال,
UNIQUE_NO_DUPLICATE,Maktaba Jibreel (PDF Archive),8177,الشاء الأصمعي,
UNIQUE_NO_DUPLICATE,Maktaba Jibreel (PDF Archive),8178,الشجرة في أحوال الرجال -أمارات النبوة للجوزجاني,
UNIQUE_NO_DUPLICATE,Maktaba Jibreel (PDF Archive),8179,الشعر والشعراء لابن قتيبة,
UNIQUE_NO_DUPLICATE,Maktaba Jibreel (PDF Archive),8180,الشفا ومعه حاشية الشمني,
UNIQUE_NO_DUPLICATE,Maktaba Jibreel (PDF Archive),8183,الصوفية نشأتها وتطورها,
UNIQUE_NO_DUPLICATE,Maktaba Jibreel (PDF Archive),8184,الطهور لأبي عبيد,
UNIQUE_NO_DUPLICATE,Maktaba Jibreel (PDF Archive),8185,العدة شرح العمدة في فقه إمام السنة أحمد بن حنبل الشيباني,
UNIQUE_NO_DUPLICATE,Maktaba Jibreel (PDF Archive),8186,العصبية,
UNIQUE_NO_DUPLICATE,Maktaba Jibreel (PDF Archive),8187,العقد الثمين في دواوين الشعراء الثلاثة الجاهليين - المطبعة اللبنانية- طرفة بن العبد- زهير بن أبي سلمى- امرئ القيس,
UNIQUE_NO_DUPLICATE,Maktaba Jibreel (PDF Archive),8188,العواصم من القواصم لإبن العربي تحقيق محب الدين الخطيب,
UNIQUE_NO_DUPLICATE,Maktaba Jibreel (PDF Archive),8189,الفاضل لأبي العباس المبرد,
UNIQUE_NO_DUPLICATE,Maktaba Jibreel (PDF Archive),8190,الفتاوى الحموية الكبرى,
UNIQUE_NO_DUPLICATE,Maktaba Jibreel (PDF Archive),8192,الفوائد لأبي الشيخ,
UNIQUE_NO_DUPLICATE,Maktaba Jibreel (PDF Archive),8194,القوس العذراء,
UNIQUE_NO_DUPLICATE,Maktaba Jibreel (PDF Archive),8195,القول المسدد في الذب عن مسندالامام احمد,
UNIQUE_NO_DUPLICATE,Maktaba Jibreel (PDF Archive),8196,الكافي لابن عبد البر دار الكتب,
UNIQUE_NO_DUPLICATE,Maktaba Jibreel (PDF Archive),8197,الكبائر- الذهبي,
UNIQUE_NO_DUPLICATE,Maktaba Jibreel (PDF Archive),8198,الكشف الحثيث فيمن رمي بوضع الحديث,
UNIQUE_NO_DUPLICATE,Maktaba Jibreel (PDF Archive),8199,الكليات معجم في المصطلحات,
UNIQUE_NO_DUPLICATE,Maktaba Jibreel (PDF Archive),8200,الكواشف المضية عن لآلئ رسالة العبودية لياسر برهامي,
UNIQUE_NO_DUPLICATE,Maktaba Jibreel (PDF Archive),8201,الكواكب الدرية على متممة الآجرومية,
UNIQUE_NO_DUPLICATE,Maktaba Jibreel (PDF Archive),8202,المحدث الفاصل بين الراوي والسامع,
UNIQUE_NO_DUPLICATE,Maktaba Jibreel (PDF Archive),8203,المحدث الفاصل,
UNIQUE_NO_DUPLICATE,Maktaba Jibreel (PDF Archive),8204,المختلطين - أبو سعيد العلائي - للشاملة,
UNIQUE_NO_DUPLICATE,Maktaba Jibreel (PDF Archive),8206,المذكرات السياسية للسلطان عبد الحميد الثاني,
UNIQUE_NO_DUPLICATE,Maktaba Jibreel (PDF Archive),8207,المسالك والممالك - ابن خرداذبه - مطبعة بريل,
UNIQUE_NO_DUPLICATE,Maktaba Jibreel (PDF Archive),8208,المعارف لابن قتيبة,
UNIQUE_NO_DUPLICATE,Maktaba Jibreel (PDF Archive),8210,المعجم الوسيط,
UNIQUE_NO_DUPLICATE,Maktaba Jibreel (PDF Archive),8211,المعلقات العشر,
UNIQUE_NO_DUPLICATE,Maktaba Jibreel (PDF Archive),8215,المنقذ من الضلال - الغزالي,
UNIQUE_NO_DUPLICATE,Maktaba Jibreel (PDF Archive),8216,الموطأ رواية محمد بن الحسن,
UNIQUE_NO_DUPLICATE,Maktaba Jibreel (PDF Archive),8217,الناسخ والمنسوخ في القرآن الكريم لابن النحاس طبعة المكتبة العلامية مصر 1357 هـ,
UNIQUE_NO_DUPLICATE,Maktaba Jibreel (PDF Archive),8218,النتف في الفتاوى,
UNIQUE_NO_DUPLICATE,Maktaba Jibreel (PDF Archive),8219,النكت على كتاب ابن الصلاح لابن حجر,
UNIQUE_NO_DUPLICATE,Maktaba Jibreel (PDF Archive),8222,بغداد - لابن طيفور,
UNIQUE_NO_DUPLICATE,Maktaba Jibreel (PDF Archive),8223,بيان الدليل على بطلان التحليل- شيخ الإسلام- حمدي السلفي,
UNIQUE_NO_DUPLICATE,Maktaba Jibreel (PDF Archive),8225,تاريخ عثمان الدارمي عن يحيى بن معين,
UNIQUE_NO_DUPLICATE,Maktaba Jibreel (PDF Archive),8226,تاريخ مختصر الدول لابن العبري,
UNIQUE_NO_DUPLICATE,Maktaba Jibreel (PDF Archive),8227,تبيين الامتنان بالأمر بالاختتان,
UNIQUE_NO_DUPLICATE,Maktaba Jibreel (PDF Archive),8231,تخريج أحاديث فضائل الشام للربعي- الألباني,
UNIQUE_NO_DUPLICATE,Maktaba Jibreel (PDF Archive),8232,تخريج أحاديث مشكلة الفقر,
UNIQUE_NO_DUPLICATE,Maktaba Jibreel (PDF Archive),8233,تخريج الأحاديث المرفوعة المسندة في كتاب التاريخ الكب,
UNIQUE_NO_DUPLICATE,Maktaba Jibreel (PDF Archive),8235,تركة النبي صلى الله عليه وسلم,
UNIQUE_NO_DUPLICATE,Maktaba Jibreel (PDF Archive),8237,تصحيح حديث إفطار الصائم,
UNIQUE_NO_DUPLICATE,Maktaba Jibreel (PDF Archive),8239,تفسير القرآن العظيم لعز الدين عبدالعزيز بن عبدالسلام السلمي المتوفي سنة 660هـ من أول سورة الفاتحة الى آخر سورة التوبة - الرسالة العلمية,
UNIQUE_NO_DUPLICATE,Maktaba Jibreel (PDF Archive),8241,تهذيب الآثار,
UNIQUE_NO_DUPLICATE,Maktaba Jibreel (PDF Archive),8243,تيسير مصطلح الحديث -الطحان,
UNIQUE_NO_DUPLICATE,Maktaba Jibreel (PDF Archive),8244,ثلاث رسائل في الجرح والتعديل- ابن هانئ للإمام أحمد- ومحمد بن عثمان بن أبي شيبة - من تكلم فيه الدارقطني في سننه,
UNIQUE_NO_DUPLICATE,Maktaba Jibreel (PDF Archive),8245,جامع التحصيل - العلائي,
UNIQUE_NO_DUPLICATE,Maktaba Jibreel (PDF Archive),8247,جزء الحسن بن عرفة,
UNIQUE_NO_DUPLICATE,Maktaba Jibreel (PDF Archive),8248,جزء المؤمل بن إهاب,
UNIQUE_NO_DUPLICATE,Maktaba Jibreel (PDF Archive),8251,جزء فيه أحاديث أبي الزبير عن غير جابر,
UNIQUE_NO_DUPLICATE,Maktaba Jibreel (PDF Archive),8252,جزء فيه أحاديث أيوب السختياني,
UNIQUE_NO_DUPLICATE,Maktaba Jibreel (PDF Archive),8253,جزء فيه أحاديث الحسن الأشيب,
UNIQUE_NO_DUPLICATE,Maktaba Jibreel (PDF Archive),8254,جزء فيه حديث لوين,
UNIQUE_NO_DUPLICATE,Maktaba Jibreel (PDF Archive),8255,جزء محمد بن عاصم الثقفي- وجزء أحمد بن عاصم,
UNIQUE_NO_DUPLICATE,Maktaba Jibreel (PDF Archive),8256,جمهرة أشعار العرب في الجاهلية,
UNIQUE_NO_DUPLICATE,Maktaba Jibreel (PDF Archive),8262,خبايا الزوابا,
UNIQUE_NO_DUPLICATE,Maktaba Jibreel (PDF Archive),8263,خطبة الحاجة التي كان النبي يعلمها أصحابه,
UNIQUE_NO_DUPLICATE,Maktaba Jibreel (PDF Archive),8265,درة الغواص,
UNIQUE_NO_DUPLICATE,Maktaba Jibreel (PDF Archive),8266,دلائل الاعجاز,
UNIQUE_NO_DUPLICATE,Maktaba Jibreel (PDF Archive),8271,رسالة إلى أهل الثغر,
UNIQUE_NO_DUPLICATE,Maktaba Jibreel (PDF Archive),8272,رفع اللائمه عن فتوى اللجنه الدائمه,
UNIQUE_NO_DUPLICATE,Maktaba Jibreel (PDF Archive),8273,رفع الملام,
UNIQUE_NO_DUPLICATE,Maktaba Jibreel (PDF Archive),8274,زيارة القبور والإستنجاد بالمقبور,
UNIQUE_NO_DUPLICATE,Maktaba Jibreel (PDF Archive),8276,سؤالات البرقاني نسخة أخرى,
UNIQUE_NO_DUPLICATE,Maktaba Jibreel (PDF Archive),8277,سؤالات السجزي,
UNIQUE_NO_DUPLICATE,Maktaba Jibreel (PDF Archive),8279,سؤالات السلمي طبعة الشيخ سعد,
UNIQUE_NO_DUPLICATE,Maktaba Jibreel (PDF Archive),8281,شرح ألفية السيوطي .أحمد شاكر,
UNIQUE_NO_DUPLICATE,Maktaba Jibreel (PDF Archive),8284,شرح المعلقات السبع- الزوزني,
UNIQUE_NO_DUPLICATE,Maktaba Jibreel (PDF Archive),8285,شرح شواهد الإيضاح لأبي علي الفارس تأليف عبد الله بن بري,
UNIQUE_NO_DUPLICATE,Maktaba Jibreel (PDF Archive),8286,صحيح الأدب المفرد - البخاري - الألباني,
UNIQUE_NO_DUPLICATE,Maktaba Jibreel (PDF Archive),8287,صحيح مسلم بيت الأفكار,
UNIQUE_NO_DUPLICATE,Maktaba Jibreel (PDF Archive),8288,صفة النفاق للفريابي,
UNIQUE_NO_DUPLICATE,Maktaba Jibreel (PDF Archive),8289,صفة النفاق ونعت المنافقين,
UNIQUE_NO_DUPLICATE,Maktaba Jibreel (PDF Archive),8290,صفة صلاة النبي,
UNIQUE_NO_DUPLICATE,Maktaba Jibreel (PDF Archive),8292,طبقات الأسماء المفردة، للبرديجي,
UNIQUE_NO_DUPLICATE,Maktaba Jibreel (PDF Archive),8293,طبقات الشافعية لابن شهبة,
UNIQUE_NO_DUPLICATE,Maktaba Jibreel (PDF Archive),8295,طبقات المدلسين- ابن حجر- طبعة القريوتي,
UNIQUE_NO_DUPLICATE,Maktaba Jibreel (PDF Archive),8296,طرق حديث ابن عمر في ترائي الهلال,
UNIQUE_NO_DUPLICATE,Maktaba Jibreel (PDF Archive),8303,فتوح البلدان للبلاذري,
UNIQUE_NO_DUPLICATE,Maktaba Jibreel (PDF Archive),8304,فرق الشيعة للنوبختي و القمي,
UNIQUE_NO_DUPLICATE,Maktaba Jibreel (PDF Archive),8306,فهرسة - ابن خير الإشبيلي,
UNIQUE_NO_DUPLICATE,Maktaba Jibreel (PDF Archive),8308,قيام رمضان للعلامة الألباني,
UNIQUE_NO_DUPLICATE,Maktaba Jibreel (PDF Archive),8309,كتاب الإمام في بيان أدلة الأحكام للإمام الحافظ عز الدين عبد العزيز بن عبد السلام السلمي المتوفى سنة 660 - الرسالة العلمية,
UNIQUE_NO_DUPLICATE,Maktaba Jibreel (PDF Archive),8310,كتاب الازمنة وتلبية الجاهلية,
UNIQUE_NO_DUPLICATE,Maktaba Jibreel (PDF Archive),8311,كتاب البر والصلة للمروزي,
UNIQUE_NO_DUPLICATE,Maktaba Jibreel (PDF Archive),8312,كتاب البرصان و العرجان و العميان و الحولان,
UNIQUE_NO_DUPLICATE,Maktaba Jibreel (PDF Archive),8313,كتاب الزهد للمعافى بن عمران,
UNIQUE_NO_DUPLICATE,Maktaba Jibreel (PDF Archive),8314,كتاب السنة - ظلال الجنة - أبن أبي عاصم - الألباني,
UNIQUE_NO_DUPLICATE,Maktaba Jibreel (PDF Archive),8315,كتاب الضعفاء الصغير للبخاري وضعفاء النسائي,
UNIQUE_NO_DUPLICATE,Maktaba Jibreel (PDF Archive),8316,كتاب القوافي للقاضي أبي يعلى التنوخي,
UNIQUE_NO_DUPLICATE,Maktaba Jibreel (PDF Archive),8317,كتاب في رؤية الله تبارك وتعالى- النحاس - طبعة الهند-محفوظ الرحمن,
UNIQUE_NO_DUPLICATE,Maktaba Jibreel (PDF Archive),8318,كفاية المتحفظ,
UNIQUE_NO_DUPLICATE,Maktaba Jibreel (PDF Archive),8320,متن الرسالة لأبي زيد القيرواني,
UNIQUE_NO_DUPLICATE,Maktaba Jibreel (PDF Archive),8321,متن الرسالة للشافعي- ترقيم للشاملة,
UNIQUE_NO_DUPLICATE,Maktaba Jibreel (PDF Archive),8323,مجلسان من أمالي الصاحب,
UNIQUE_NO_DUPLICATE,Maktaba Jibreel (PDF Archive),8324,محاضرات الأدباء ومحاورات الشعراء والبلغاء للراغب الأصفهان,
UNIQUE_NO_DUPLICATE,Maktaba Jibreel (PDF Archive),8326,مختصر العلو ، للألباني,
UNIQUE_NO_DUPLICATE,Maktaba Jibreel (PDF Archive),8327,مختصر الفتاوى المصرية لابن تيمية,
UNIQUE_NO_DUPLICATE,Maktaba Jibreel (PDF Archive),8329,مسائل الإمام أحمد رواية البغوي,
UNIQUE_NO_DUPLICATE,Maktaba Jibreel (PDF Archive),8330,مسائل الإمام أحمد في الجهاد رواية أبي بكر المروذي,
UNIQUE_NO_DUPLICATE,Maktaba Jibreel (PDF Archive),8331,مسانيد أبي يحي فراس الكوفي,
UNIQUE_NO_DUPLICATE,Maktaba Jibreel (PDF Archive),8332,مسند أبي بكر الصديق للمروزي,
UNIQUE_NO_DUPLICATE,Maktaba Jibreel (PDF Archive),8333,مسند أبي حنيفة,
UNIQUE_NO_DUPLICATE,Maktaba Jibreel (PDF Archive),8334,مسند الحب ابن الحب أسامة بن زيد,
UNIQUE_NO_DUPLICATE,Maktaba Jibreel (PDF Archive),8337,مسند سعد بن ابي وقاص,
UNIQUE_NO_DUPLICATE,Maktaba Jibreel (PDF Archive),8341,مسند عبد الله بن عمر ـ تخريج أبي أمية الطرسوسي,
UNIQUE_NO_DUPLICATE,Maktaba Jibreel (PDF Archive),8342,مسند عمر بن الخطاب لأبي بكر النجاد,
UNIQUE_NO_DUPLICATE,Maktaba Jibreel (PDF Archive),8343,مسند عمر بن خطاب- يعقوب بن شيبة,
UNIQUE_NO_DUPLICATE,Maktaba Jibreel (PDF Archive),8344,مسند عمر بن عبد عبد العزيز,
UNIQUE_NO_DUPLICATE,Maktaba Jibreel (PDF Archive),8345,مشيخة ابن أبي الصقر- معجم مشايخ الدقاق- مجلس في رؤية الله للدقاق,
UNIQUE_NO_DUPLICATE,Maktaba Jibreel (PDF Archive),8348,مفتاح الجنة في الإحتجاج بالسنة- المطبعة المنيرية,
UNIQUE_NO_DUPLICATE,Maktaba Jibreel (PDF Archive),8349,مفتاح العلوم للسكاكي,
UNIQUE_NO_DUPLICATE,Maktaba Jibreel (PDF Archive),8350,مقدمة ابن خلدون - المطبعة الشرفية,
UNIQUE_NO_DUPLICATE,Maktaba Jibreel (PDF Archive),8351,مكارم الأخلاق للخرائطي,
UNIQUE_NO_DUPLICATE,Maktaba Jibreel (PDF Archive),8353,من سؤالات الأثرم,
UNIQUE_NO_DUPLICATE,Maktaba Jibreel (PDF Archive),8354,من كتاب الزهد للرازي,
UNIQUE_NO_DUPLICATE,Maktaba Jibreel (PDF Archive),8355,من كلام يحيى بن معين في الرجال سك,
UNIQUE_NO_DUPLICATE,Maktaba Jibreel (PDF Archive),8356,مناهج المحدثين للشيخ سعد الحميد,
UNIQUE_NO_DUPLICATE,Maktaba Jibreel (PDF Archive),8357,منهج الطلاب للشيخ زكريا الأنصاري,
UNIQUE_NO_DUPLICATE,Maktaba Jibreel (PDF Archive),8359,نبذة العصر في أخبار ملوك بني نصر,
UNIQUE_NO_DUPLICATE,Maktaba Jibreel (PDF Archive),8363,نظرات جديدة في علم الحديث للمليباري,
UNIQUE_NO_DUPLICATE,Maktaba Jibreel (PDF Archive),8364,هدي الساري,
UNIQUE_NO_DUPLICATE,Maktaba Jibreel (PDF Archive),8365,يقظة أولي الاعتبار مما ورد في ذكر النار وأصحاب النار,
