Title,Author,LibraryID,Count,BookIDs
المشكاة في تربية الصغارعلى الصلاة,,10,6,"18538,30605,47154,63987,71384,81562"
الانتصار للصحابة الأخيار في رد أباطيل حسن المالكي,,10,5,"48439,61731,63568,94369,98460"
التوبة,,10,5,"22902,26227,43815,46972,66537"
الفرقان بين أولياء الرحمن وأولياء الشيطان,,10,5,"23643,38158,46492,46497,85735"
فضل الصلاة على النبي صلى الله عليه وسلم,,10,5,"44063,54183,61733,72008,81314"
أبو بكر الصديق,,10,4,"85771,91380,93648,99001"
أحكام أهل الذمة - part 1,,10,4,"39490,78294,98515,105439"
أحكام أهل الذمة - part 2,,10,4,"39491,78295,98516,105440"
إعلان النكير على المفتونين بالتصوير,,10,4,"47061,48248,49702,65090"
إقامة الحجة والدليل وإيضاح المحجة والسبيل,,10,4,"33532,46929,54561,82274"
إيقاظ الأفهام في شرح عمدة الأحكام - part 1,,10,4,"39244,62325,84874,88876"
إيقاظ الأفهام في شرح عمدة الأحكام - part 2,,10,4,"39245,62326,84875,88877"
إيقاظ الأفهام في شرح عمدة الأحكام - part 3,,10,4,"39246,62327,84876,88878"
إيقاظ الأفهام في شرح عمدة الأحكام - part 4,,10,4,"39247,62328,84877,88879"
اكتشفي سعادتك الزوجية,,10,4,"61550,73590,84052,86569"
الآداب للبيهقي - part 1,,10,4,"18021,39555,70645,79984"
الآداب للبيهقي - part 2,,10,4,"18022,39556,70646,79985"
الاستشراق,,10,4,"36604,42245,44405,51480"
التوحيد,,10,4,"38456,63434,73569,79002"
الخشوع في الصلاة,,10,4,"20604,33534,34724,104838"
الشفاعة,,10,4,"34774,39869,46993,73840"
الصحیح لمسلم جلد 1,درس نظامی,2,4,"4499,4500,4501,4502"
الصحیح لمسلم جلد 2,درس نظامی,2,4,"4503,4504,4505,4506"
الصوفية .. نشأتها وتطورها,,10,4,"58706,74904,90005,100877"
القواعد الحسان في تفسير القرآن,,10,4,"21701,49744,80577,102705"
المقنع في رسم مصاحف الأمصار,,10,4,"53584,59344,60818,80626"
المولد النبوي ناصر الحنيني,,10,4,"27108,38216,53044,70137"
الوجيز المفيد في تبيان أسباب ونتائج قتل عثمان بن عفان,,10,4,"28767,48296,53871,57059"
براءة الأصحاب من دم الأحباب,,10,4,"58756,71388,83241,90217"
بروتوكولات آيات قم حول الحرمين المقدسين,,10,4,"31620,81569,82491,88114"
ثبت مؤلفات الألباني,,10,4,"71394,81710,101700,103615"
جواب في الإيمان و نواقضه,,10,4,"28490,57872,96236,103474"
دليل أرباب الفلاح لتحقيق فن الاصطلاح,,10,4,"21253,22619,60650,104333"
رأي شيخ الإسلام ابن تيمية في التفاسير المطبوعة,,10,4,"43814,79582,82866,102816"
شرح الأربعين النووية,,10,4,"29104,39257,103810,106038"
شرح السير الكبير - part 1,,10,4,"54629,54672,70784,80655"
شرح السير الكبير - part 2,,10,4,"54630,54673,70785,80656"
شرح السير الكبير - part 3,,10,4,"54631,54674,70786,80657"
شرح السير الكبير - part 4,,10,4,"54632,54675,70787,80658"
شرح السير الكبير - part 5,,10,4,"54633,54676,70788,80659"
شرح العقيدة الطحاوية,,10,4,"28527,73496,83676,88501"
شرح الكوكب المنير - part 1,,10,4,"17602,74225,104284,104725"
شرح الكوكب المنير - part 2,,10,4,"17603,74226,104285,104726"
شرح الكوكب المنير - part 3,,10,4,"17604,74227,104286,104727"
صراع مع الملاحدة حتى العظم,,10,4,"29687,69925,75108,98848"
طلبة الطلبة في الاصطلاحات الفقهية,,10,4,"70886,71017,80990,100888"
علل الدارقطني 385 - part 1,,10,4,"23676,34049,44415,95758"
علل الدارقطني 385 - part 2,,10,4,"23677,34050,44416,95759"
علل الدارقطني 385 - part 3,,10,4,"23678,34051,44417,95760"
علل الدارقطني 385 - part 4,,10,4,"23679,34052,44418,95761"
علل الدارقطني 385 - part 5,,10,4,"23680,34053,44419,95762"
علل الدارقطني 385 - part 6,,10,4,"23681,34054,44420,95763"
علل الدارقطني 385 - part 7,,10,4,"23682,34055,44421,95764"
علل الدارقطني 385 - part 8,,10,4,"23683,34056,44422,95765"
علل الدارقطني 385 - part 9,,10,4,"23684,34057,44423,95766"
فضل عشر ذي الحجة,,10,4,"26691,26695,67004,78518"
فہم زکاۃ کورس۔ مفتی منیر احمد صاحب,,6,4,"13614,14396,14422,15163"
قتل اور اس کی سنگینی- گھمن صاحب,,6,4,"15135,15143,15154,15597"
كتاب الإجماع للإمام ابن المنذر,,10,4,"20706,39403,78547,102394"
كنت قبوريا,,10,4,"28648,32099,37610,88513"
كيف دخل التتار بلاد المسلمين,,10,4,"17823,32766,47538,50193"
ماذا خسر العالم بانحطاط المسلمين,,10,4,"23645,40825,49646,58212"
مجمع الضمانات - part 1,,10,4,"22127,29136,48855,63059"
مجمع الضمانات - part 2,,10,4,"22128,29137,48856,63060"
مخارج الحروف عند ابن جني,,10,4,"65261,75192,81499,102447"
مصنفات حذر منها الإمام الذهبي في كتابه سير أعلام النبلاء,,10,4,"23786,28153,34137,82386"
منهج ابن حزم في دراسة الفرق والعقائد الإسلامية,,10,4,"22684,40678,88518,103055"
منهج الموازنة في الحكم على الأعيان عند شيخ الإسلام,,10,4,"28680,60744,62243,103500"
موضوعات صالحة للخطب والوعظ,,10,4,"19807,37697,54656,97565"
نیا سال ۔ عبد الکریم ندیم,,6,4,"13350,15498,15718,15734"
و أخيرا ترجل الفارس خطاب,,10,4,"18478,29722,75347,89644"
11 وسيلة للتأثير على القلوب,,10,3,"17318,61866,64315"
13--9  Ramzan - Ramzan Aur Dua-1444.,,6,3,"13599,13620,14259"
آيات الرحمن في جهاد الأفغان,,10,3,"63439,97360,97573"
آيات يحتج بها الشيعة,,10,3,"31907,91897,99515"
آپ زكاۃ كس طرح ادا كریں؟شیخ تقی عثمانی صاحب,,6,3,"13611,14371,14399"
أجيبوا أيها الروافض إن استطعتم,,10,3,"62661,83907,86585"
أحكام أهل الذمة - part 3,,10,3,"39492,78296,105441"
أحكام الإحداد في الإسلام,,10,3,"51166,64270,74215"
أحكام التجويد,,10,3,"28674,29868,106172"
أحكام التلاوة,,10,3,"38414,40059,84538"
أحكام الحج,,10,3,"32645,40680,89067"
أحكام الحج والعمرة,,10,3,"37558,72564,83265"
أحكام الشهيد في الفقه الإسلامي,,10,3,"18484,51064,52512"
أحكام العقيقة,,10,3,"29215,44020,70878"
أحكام القرآن لابن العربي - part 1,,10,3,"31774,86660,87829"
أحكام القرآن لابن العربي - part 2,,10,3,"31775,86661,87830"
أحكام القرآن لابن العربي - part 3,,10,3,"31776,86662,87831"
أحكام القرآن لابن العربي - part 4,,10,3,"31777,86663,87832"
أحكام القرآن لابن العربي - part 5,,10,3,"31778,86664,87833"
أحكام القرآن لابن العربي - part 6,,10,3,"31779,86665,87834"
أحكام القرآن لابن العربي - part 7,,10,3,"31780,86666,87835"
أحكام القرآن لابن العربي - part 8,,10,3,"31781,86667,87836"
أخطاء في العقيدة,,10,3,"48246,78463,87806"
أخطار (الجامعة الأمريكية) في البلاد الإسلامية,,10,3,"29728,51233,75270"
أدلة تغطية الوجه من الكتاب والسنة,,10,3,"32501,39531,90030"
أربعون نصيحة لإصلاح البيوت,,10,3,"74301,78470,83934"
أركان الإيمان,,10,3,"43565,69718,79654"
أفراح الروح,,10,3,"36565,39553,91952"
أفكار دعوية للمعلمات,,10,3,"20972,30911,46916"
أما بعد .. الشيخ عائض القرني,,10,3,"21888,36568,84771"
أنموذج اللبيب في خصائص الحبيب,,10,3,"39721,41318,42177"
أهمية الدعاء والمواضيع المتعلقة به,,10,3,"29747,32067,89098"
أوضح المسالك إلى أحكام المناسك,,10,3,"22764,78974,93425"
إتحاف الإخوان في حكم مصافحة النسوان,,10,3,"60067,71954,73562"
إتحاف القاري بدرر البخاري,,10,3,"46926,84046,96519"
إثبات أن مهدي الرافضة المنتظر هو نفسه الأعور الدجال اليهودي,,10,3,"91986,92113,99592"
إدراك الفوت في ذكر قبائل تاريخ حضرموت,,10,3,"17954,52563,81425"
إعانة المستفيد بشرح كتاب التوحيد - part 1,,10,3,"28384,38034,82448"
إعانة المستفيد بشرح كتاب التوحيد - part 2,,10,3,"28385,38035,82449"
إعانة المستفيد بشرح كتاب التوحيد - part 3,,10,3,"28386,38036,82450"
إمعان في أقسام القرآن,,10,3,"47936,75388,96136"
احذر المخالفة فتهلك,,10,3,"33823,88071,97443"
احکامِ زکوٰۃ۔مفتی مبین الرحمن صاحب۔ سوم ایڈیشن۔1441ھ,,6,3,"13612,14373,14401"
افتتاح واختتام بخاری-مفتی اکرام علی صاحب,,6,3,"13975,14295,14622"
افتراءات المنصرين على القرآن,,10,3,"82320,101561,105745"
الأجوبة النافعة عن أسئلة لجنة مسجد الجامعة,,10,3,"39228,73355,90014"
الأحاديث العوالي من جزء ابن عرفة العبدي,,10,3,"28704,49727,89177"
الأحاديث المختارة للضياء المقدسي - part 1,,10,3,"44434,71367,103112"
الأحاديث المختارة للضياء المقدسي - part 2,,10,3,"44435,71368,103113"
الأحاديث المختارة للضياء المقدسي - part 3,,10,3,"44436,71369,103114"
الأحاديث المختارة للضياء المقدسي - part 4,,10,3,"44437,71370,103115"
الأشربة,,10,3,"43792,89545,100853"
الأشربة لأحمد بن حنبل,,10,3,"36590,39404,79988"
الإتقان في تعليم أحكام القرآن الكريم,,10,3,"53360,60815,69667"
الإسراء والمعراج,,10,3,"70634,83725,86579"
الإسلام أصوله ومبادئه,,10,3,"29239,60758,68562"
الإمام في بيان أدلة الأحكام,,10,3,"63964,83623,88805"
الإمامة,,10,3,"26716,52145,52412"
الإنقاذ من دعاوى الإنقاذ للتاريخ الإسلامي !! رد على حسن بن فرحان المالكي,,10,3,"57051,89362,99639"
الإيضاح في علوم البلاغة,,10,3,"49649,68430,78313"
الاقتراح في فن الاصطلاح للحافظ ابن دقيق العيد,,10,3,"32119,42237,99620"
الانتصار على العادة السرية,,10,3,"21902,60827,86588"
الانتصار لأهل السنة والحديث في رد أباطيل حسن المالكي,,10,3,"47071,51211,90211"
الانصاف في بيان أسباب الاختلاف لولي الله الدهلوي,,10,3,"29593,60154,105130"
البحر الرائق شرح كنز الدقائق - part 1,,10,3,"41734,80740,88884"
البحر الرائق شرح كنز الدقائق - part 10,,10,3,"41743,80749,88893"
البحر الرائق شرح كنز الدقائق - part 11,,10,3,"41744,80750,88894"
البحر الرائق شرح كنز الدقائق - part 12,,10,3,"41745,80751,88895"
البحر الرائق شرح كنز الدقائق - part 13,,10,3,"41746,80752,88896"
البحر الرائق شرح كنز الدقائق - part 14,,10,3,"41747,80753,88897"
البحر الرائق شرح كنز الدقائق - part 15,,10,3,"41748,80754,88898"
البحر الرائق شرح كنز الدقائق - part 16,,10,3,"41749,80755,88899"
البحر الرائق شرح كنز الدقائق - part 17,,10,3,"41750,80756,88900"
البحر الرائق شرح كنز الدقائق - part 18,,10,3,"41751,80757,88901"
البحر الرائق شرح كنز الدقائق - part 19,,10,3,"41752,80758,88902"
البحر الرائق شرح كنز الدقائق - part 2,,10,3,"41735,80741,88885"
البحر الرائق شرح كنز الدقائق - part 20,,10,3,"41753,80759,88903"
البحر الرائق شرح كنز الدقائق - part 21,,10,3,"41754,80760,88904"
البحر الرائق شرح كنز الدقائق - part 22,,10,3,"41755,80761,88905"
البحر الرائق شرح كنز الدقائق - part 23,,10,3,"41756,80762,88906"
البحر الرائق شرح كنز الدقائق - part 3,,10,3,"41736,80742,88886"
البحر الرائق شرح كنز الدقائق - part 4,,10,3,"41737,80743,88887"
البحر الرائق شرح كنز الدقائق - part 5,,10,3,"41738,80744,88888"
البحر الرائق شرح كنز الدقائق - part 6,,10,3,"41739,80745,88889"
البحر الرائق شرح كنز الدقائق - part 7,,10,3,"41740,80746,88890"
البحر الرائق شرح كنز الدقائق - part 8,,10,3,"41741,80747,88891"
البحر الرائق شرح كنز الدقائق - part 9,,10,3,"41742,80748,88892"
البداية لزمن فتن النهاية,,10,3,"18025,22983,104648"
البدر الطالع بمحاسن من بعد القرن السابع - part 1,,10,3,"25572,41320,54601"
البدر الطالع بمحاسن من بعد القرن السابع - part 2,,10,3,"25573,41321,54602"
البدع والنهي عنها لابن وضاح القرطبي,,10,3,"30602,40057,101961"
البرهان في علوم القرآن - part 1,,10,3,"48771,87965,95462"
البرهان في علوم القرآن - part 2,,10,3,"48772,87966,95463"
البرهان في علوم القرآن - part 3,,10,3,"48773,87967,95464"
البرهان في علوم القرآن - part 4,,10,3,"48774,87968,95465"
البرهان في وجوب اللجوء إلى الواحد الديان,,10,3,"52625,57422,79848"
البكاء من خشية الله,,10,3,"26700,44082,71666"
التبشير في منطقة الخليج العربي,,10,3,"39861,49726,87041"
التبيان في آداب حملة القرآن,,10,3,"28228,28302,88403"
التبيين لأسماء المدلسين,,10,3,"77793,99012,105370"
التجلية لحكم الجلوس للتعزية,,10,3,"17566,60564,63578"
التحذير من مختصرات الصابوني في التفسير,,10,3,"38155,69669,88075"
التزكية بين أهل السنة والصوفية,,10,3,"63585,68846,72503"
التنكيل بما في تأنيب الكوثري من الأباطيل - part 1,,10,3,"83658,97454,102353"
التنكيل بما في تأنيب الكوثري من الأباطيل - part 2,,10,3,"83659,97455,102354"
التنكيل بما في تأنيب الكوثري من الأباطيل - part 3,,10,3,"83660,97456,102355"
التنكيل بما في تأنيب الكوثري من الأباطيل - part 4,,10,3,"83661,97457,102356"
التوسل أنواعه وأحكامه,,10,3,"27834,83978,96457"
التوسل حقائق وشبهات,,10,3,"32173,47513,48712"
التوضيح والتتمات على كشف الشبهات,,10,3,"33654,65055,94884"
الجرح والتعديل - part 1,,10,3,"72506,77805,80603"
الجرح والتعديل - part 2,,10,3,"72507,77806,80604"
الجرح والتعديل - part 3,,10,3,"72508,77807,80605"
الجرح والتعديل - part 4,,10,3,"72509,77808,80606"
الجرح والتعديل - part 5,,10,3,"72510,77809,80607"
الجرح والتعديل - part 6,,10,3,"72511,77810,80608"
الجرح والتعديل - part 7,,10,3,"72512,77811,80609"
الجرح والتعديل - part 8,,10,3,"72513,77812,80610"
الجرح والتعديل - part 9,,10,3,"72514,77813,80611"
الجمع بين الصلاتين للمسافر وجمع المقيم,,10,3,"19164,21788,101779"
الجواهر الهريرية من كلام خير البرية - part 1,,10,3,"49053,90159,104652"
الجواهر الهريرية من كلام خير البرية - part 2,,10,3,"49054,90160,104653"
الجواهر الهريرية من كلام خير البرية - part 3,,10,3,"49055,90161,104654"
الحث على التجارة والصناعة لأبي بكر بن الخلال,,10,3,"34117,70105,89632"
الحقائق المطموسة في كتاب هرمجدون,,10,3,"18041,21036,104656"
الحكمة,,10,3,"32211,42411,78543"
الختان شريعة الرحمن - أسامة سليمان,,10,3,"39533,78544,99764"
الدر المصون في علم الكتاب المكنون,,10,3,"28464,58435,88085"
الدرر المفاخر في أخبار العرب الأواخر,,10,3,"68199,71288,104540"
الدرر النقية في شرح المنظومة البيقونية,,10,3,"39685,86613,100293"
الدروز,,10,3,"73759,90004,94266"
الدليل العلمي والسياحي لواحتي القطيف والأحساء,,10,3,"31617,81537,100017"
الذهب الأبيض - الرسالة -النسخة النهائية,,10,3,"19398,52841,89073"
الرد على شبهات من أجاز الاحتفال بالمولد,,10,3,"19318,42471,79477"
الرفع والتكميل في الجرح والتعديل,,10,3,"92206,96466,99826"
الرقائق,,10,3,"29242,65308,72089"
الزواجر عن اقتراف الكبائر - part 1,,10,3,"49735,73080,101318"
الزواجر عن اقتراف الكبائر - part 2,,10,3,"49736,73081,101319"
الزواجر عن اقتراف الكبائر - part 3,,10,3,"49737,73082,101320"
السيرة النبوية لابن هشام - part 1,,10,3,"49593,60318,101355"
السيرة النبوية لابن هشام - part 2,,10,3,"49594,60319,101356"
السيرة النبوية لابن هشام - part 3,,10,3,"49595,60320,101357"
الشامل في فقه الخطيب والخطبة,,10,3,"22866,89520,99091"
الصحوة الإسلامية بين الاختلاف المشروع والتفرق المذموم,,10,3,"29734,42542,81551"
الضعفاء الصغير للبخاري,,10,3,"60268,72000,101387"
الطب النبوي,,10,3,"27014,60321,67381"
العجاب في بيان الأسباب - part 1,,10,3,"17106,79612,81552"
العجاب في بيان الأسباب - part 2,,10,3,"17107,79613,81553"
العقيدة,,10,3,"26998,69745,99153"
العلماء و أمانة الكلمة,,10,3,"64037,71935,81554"
العلمانية,,10,3,"32357,90006,97469"
العنوان في القراءات السبع,,10,3,"39047,88631,97684"
الغاية فى شرح الهداية فى علم الرواية,,10,3,"21658,63556,104308"
الفتاوى الفقهية الكبرى - part 1,,10,3,"41508,41759,85482"
الفتاوى الفقهية الكبرى - part 2,,10,3,"41509,41760,85483"
الفتاوى الفقهية الكبرى - part 3,,10,3,"41510,41761,85484"
الفتاوى الفقهية الكبرى - part 4,,10,3,"41511,41762,85485"
الفتاوى الهندية - part 1,,10,3,"22057,41663,99154"
الفتاوى الهندية - part 2,,10,3,"22058,41664,99155"
الفتاوى الهندية - part 3,,10,3,"22059,41665,99156"
الفتاوى الهندية - part 4,,10,3,"22060,41666,99157"
الفتاوى الهندية - part 5,,10,3,"22061,41667,99158"
الفتاوى الهندية - part 6,,10,3,"22062,41668,99159"
الفجر المنير فى الصلاة على البشير النذير,,10,3,"21662,29636,96932"
الفصل في الملل والأهواء والنحل - part 1,,10,3,"39753,51052,101312"
الفصل في الملل والأهواء والنحل - part 2,,10,3,"39754,51053,101313"
الفصول في الأصول - part 1,,10,3,"31786,39642,49433"
الفصول في الأصول - part 2,,10,3,"31787,39643,49434"
الفكر الصوفي,,10,3,"34818,69748,94292"
الفوائد المحصلة من الصواعق المرسلة,,10,3,"19420,36913,88082"
القواعد الحسان في أسرار الطاعة والاستعداد لرمضان,,10,3,"39878,79488,94294"
القول السديد في مقاصد التوحيد,,10,3,"60588,85758,90024"
القول المفيد على كتاب التوحيد - part 1,,10,3,"48272,82950,101362"
القول المفيد على كتاب التوحيد - part 2,,10,3,"48273,82951,101363"
الكامل في ضعفاء الرجال - part 1,,10,3,"56776,80616,105372"
الكامل في ضعفاء الرجال - part 2,,10,3,"56777,80617,105373"
الكامل في ضعفاء الرجال - part 3,,10,3,"56778,80618,105374"
الكامل في ضعفاء الرجال - part 4,,10,3,"56779,80619,105375"
الكامل في ضعفاء الرجال - part 5,,10,3,"56780,80620,105376"
الكامل في ضعفاء الرجال - part 6,,10,3,"56781,80621,105377"
الكامل في ضعفاء الرجال - part 7,,10,3,"56782,80622,105378"
الكرم والجود للبرجلاني,,10,3,"32434,49369,98674"
الكشاف عن ضلالات حسن السقاف,,10,3,"57541,69752,70129"
الكشف الحثيث عمن رمي بوضع الحديث,,10,3,"19348,62396,85793"
اللآلي المنثورة في الأحاديث المشهورة للزركشي,,10,3,"41659,65588,75461"
اللمع في أصول الفقه,,10,3,"21823,89201,96970"
اللہ کی راہ میں خرچ کیجیے- مفتی محمد رفیع عثمانی صاحبؒ,,6,3,"14579,14590,14595"
المتون والشروح والحواشي والتقريرات في التأليف النحوي,,10,3,"27097,60495,84560"
المختصر الصحيح عن الموت والقبر والحشر,,10,3,"53168,58725,96933"
المرأة وكيد الأعداء,,10,3,"22796,86752,90038"
المعتصر شرح كتاب التوحيد,,10,3,"28457,28761,33554"
المقترب في بيان المضطرب,,10,3,"18059,32188,84083"
الملل والنحل للشهرستاني,,10,3,"28458,49618,90008"
المنتقى من عمل اليوم والليلة,,10,3,"28747,39881,60098"
المنثور لابن الجوزي,,10,3,"76850,78758,104561"
المنظومة الميمية في الوصايا والآداب العلمية,,10,3,"19277,27106,101747"
المنمق في أخبار قريش,,10,3,"71242,86015,93778"
المنهاج في الحكم على القراءات,,10,3,"71657,74041,81751"
المهذب - part 1,,10,3,"54032,64721,96632"
المهذب - part 2,,10,3,"54033,64722,96633"
الموافقات - part 1,,10,3,"96972,100094,104261"
الموافقات - part 2,,10,3,"96973,100095,104262"
الموافقات - part 3,,10,3,"96974,100096,104263"
الموافقات - part 4,,10,3,"96975,100097,104264"
الموجز في مراجع التراجم والبلدان والمصنفات وتعريفات العلوم,,10,3,"49643,68524,89528"
الموسوعة الميسرة في الأديان والمذاهب والأحزاب المعاصرة - part 1,,10,3,"88100,91233,105118"
الموسوعة الميسرة في الأديان والمذاهب والأحزاب المعاصرة - part 2,,10,3,"88101,91234,105119"
الناسخ والمنسوخ لابن حزم,,10,3,"58436,58616,96348"
النجوم الزاهرة في ملوك مصر والقاهرة - part 1,,10,3,"89365,97174,101488"
النجوم الزاهرة في ملوك مصر والقاهرة - part 2,,10,3,"89366,97175,101489"
النجوم الزاهرة في ملوك مصر والقاهرة - part 3,,10,3,"89367,97176,101490"
النجوم الزاهرة في ملوك مصر والقاهرة - part 4,,10,3,"89368,97177,101491"
النجوم الزاهرة في ملوك مصر والقاهرة - part 5,,10,3,"89369,97178,101492"
النخبة البيهة في الأحاديث المكذوبة للأمير المالكي,,10,3,"17235,83560,103608"
الواجهة,,10,3,"49440,72556,83257"
الوصية الجامعة لخير الدنيا والآخرة,,10,3,"17492,51501,100052"
الوفاة,,10,3,"36168,36268,56357"
اليقين,,10,3,"19222,26230,70139"
امام بخاری اور صحیح بخاری-مولانا احمد رضا بجنوری-انوار الباری سے ماخوذ,,6,3,"13888,14297,14625"
امام بخاریؒ کے حالات زندگی-انعام الباری سے ماخوذ,,6,3,"13889,14298,14626"
امام بخاریؒ-مولانا سلیم اللہ خان صاحب- کشف الباری سے ماخوذ,,6,3,"13890,14299,14627"
انحرافات القبوريين ... الداء الدواء,,10,3,"41946,52336,79735"
انصر نبيك,,10,3,"60325,92643,97490"
انفاق فی سبیل اللہ- قاسمی صاحب,,6,3,"14581,14591,14596"
بدائع الفوائد - part 1,,10,3,"26221,44507,90605"
بدائع الفوائد - part 2,,10,3,"26222,44508,90606"
بدائع الفوائد - part 3,,10,3,"26223,44509,90607"
بدائع الفوائد - part 4,,10,3,"26224,44510,90608"
براءة أهل السنة من تحريف الايات,,10,3,"38223,42977,71986"
براءة أهل السنة من شبهة القول بتحريف القران,,10,3,"48304,53262,82436"
بيان كلمة التوحيد والرد على الكشميري عبد المحمود,,10,3,"22768,28473,51085"
بہشتی زیور مکمل,حکیم الامت حضرت مولانا اشرف علی تھانوی صاحب,2,3,"2347,4747,4752"
تأسيس التقديس في كشف تلبيس داود بن جرجيس,,10,3,"58759,61542,81570"
تأويل مختلف الحديث,,10,3,"39696,51803,103546"
تاريخ مدينة دمشق - part 1,,10,3,"17827,62411,93781"
تاريخ مدينة دمشق - part 10,,10,3,"17836,62420,93790"
تاريخ مدينة دمشق - part 11,,10,3,"17837,62421,93791"
تاريخ مدينة دمشق - part 12,,10,3,"17838,62422,93792"
تاريخ مدينة دمشق - part 13,,10,3,"17839,62423,93793"
تاريخ مدينة دمشق - part 14,,10,3,"17840,62424,93794"
تاريخ مدينة دمشق - part 15,,10,3,"17841,62425,93795"
تاريخ مدينة دمشق - part 16,,10,3,"17842,62426,93796"
تاريخ مدينة دمشق - part 17,,10,3,"17843,62427,93797"
تاريخ مدينة دمشق - part 18,,10,3,"17844,62428,93798"
تاريخ مدينة دمشق - part 19,,10,3,"17845,62429,93799"
تاريخ مدينة دمشق - part 2,,10,3,"17828,62412,93782"
تاريخ مدينة دمشق - part 20,,10,3,"17846,62430,93800"
تاريخ مدينة دمشق - part 21,,10,3,"17847,62431,93801"
تاريخ مدينة دمشق - part 22,,10,3,"17848,62432,93802"
تاريخ مدينة دمشق - part 23,,10,3,"17849,62433,93803"
تاريخ مدينة دمشق - part 24,,10,3,"17850,62434,93804"
تاريخ مدينة دمشق - part 25,,10,3,"17851,62435,93805"
تاريخ مدينة دمشق - part 26,,10,3,"17852,62436,93806"
تاريخ مدينة دمشق - part 27,,10,3,"17853,62437,93807"
تاريخ مدينة دمشق - part 28,,10,3,"17854,62438,93808"
تاريخ مدينة دمشق - part 29,,10,3,"17855,62439,93809"
تاريخ مدينة دمشق - part 3,,10,3,"17829,62413,93783"
تاريخ مدينة دمشق - part 30,,10,3,"17856,62440,93810"
تاريخ مدينة دمشق - part 31,,10,3,"17857,62441,93811"
تاريخ مدينة دمشق - part 32,,10,3,"17858,62442,93812"
تاريخ مدينة دمشق - part 33,,10,3,"17859,62443,93813"
تاريخ مدينة دمشق - part 34,,10,3,"17860,62444,93814"
تاريخ مدينة دمشق - part 35,,10,3,"17861,62445,93815"
تاريخ مدينة دمشق - part 36,,10,3,"17862,62446,93816"
تاريخ مدينة دمشق - part 37,,10,3,"17863,62447,93817"
تاريخ مدينة دمشق - part 38,,10,3,"17864,62448,93818"
تاريخ مدينة دمشق - part 39,,10,3,"17865,62449,93819"
تاريخ مدينة دمشق - part 4,,10,3,"17830,62414,93784"
تاريخ مدينة دمشق - part 40,,10,3,"17866,62450,93820"
تاريخ مدينة دمشق - part 41,,10,3,"17867,62451,93821"
تاريخ مدينة دمشق - part 42,,10,3,"17868,62452,93822"
تاريخ مدينة دمشق - part 43,,10,3,"17869,62453,93823"
تاريخ مدينة دمشق - part 44,,10,3,"17870,62454,93824"
تاريخ مدينة دمشق - part 45,,10,3,"17871,62455,93825"
تاريخ مدينة دمشق - part 46,,10,3,"17872,62456,93826"
تاريخ مدينة دمشق - part 47,,10,3,"17873,62457,93827"
تاريخ مدينة دمشق - part 48,,10,3,"17874,62458,93828"
تاريخ مدينة دمشق - part 49,,10,3,"17875,62459,93829"
تاريخ مدينة دمشق - part 5,,10,3,"17831,62415,93785"
تاريخ مدينة دمشق - part 50,,10,3,"17876,62460,93830"
تاريخ مدينة دمشق - part 51,,10,3,"17877,62461,93831"
تاريخ مدينة دمشق - part 52,,10,3,"17878,62462,93832"
تاريخ مدينة دمشق - part 53,,10,3,"17879,62463,93833"
تاريخ مدينة دمشق - part 54,,10,3,"17880,62464,93834"
تاريخ مدينة دمشق - part 55,,10,3,"17881,62465,93835"
تاريخ مدينة دمشق - part 56,,10,3,"17882,62466,93836"
تاريخ مدينة دمشق - part 57,,10,3,"17883,62467,93837"
تاريخ مدينة دمشق - part 58,,10,3,"17884,62468,93838"
تاريخ مدينة دمشق - part 59,,10,3,"17885,62469,93839"
تاريخ مدينة دمشق - part 6,,10,3,"17832,62416,93786"
تاريخ مدينة دمشق - part 60,,10,3,"17886,62470,93840"
تاريخ مدينة دمشق - part 61,,10,3,"17887,62471,93841"
تاريخ مدينة دمشق - part 62,,10,3,"17888,62472,93842"
تاريخ مدينة دمشق - part 63,,10,3,"17889,62473,93843"
تاريخ مدينة دمشق - part 64,,10,3,"17890,62474,93844"
تاريخ مدينة دمشق - part 65,,10,3,"17891,62475,93845"
تاريخ مدينة دمشق - part 66,,10,3,"17892,62476,93846"
تاريخ مدينة دمشق - part 67,,10,3,"17893,62477,93847"
تاريخ مدينة دمشق - part 68,,10,3,"17894,62478,93848"
تاريخ مدينة دمشق - part 69,,10,3,"17895,62479,93849"
تاريخ مدينة دمشق - part 7,,10,3,"17833,62417,93787"
تاريخ مدينة دمشق - part 70,,10,3,"17896,62480,93850"
تاريخ مدينة دمشق - part 8,,10,3,"17834,62418,93788"
تاريخ مدينة دمشق - part 9,,10,3,"17835,62419,93789"
تبرئة الشيخين الامامين من تزوير اهل الكذب,,10,3,"28474,72618,80125"
تحريف القرآن - part 1,,10,3,"22100,100423,106225"
تحريف القرآن - part 2,,10,3,"22101,100424,106226"
تحريف القرآن - part 3,,10,3,"22102,100425,106227"
تحفة الأبرار بنكت الأذكار النووية,,10,3,"20243,29153,100426"
تحفة الأبرار في أذكار طرفي الليل والنهار,,10,3,"27128,40079,97596"
تحفة العروس,,10,3,"30607,54622,57668"
تخريج أحاديث إصلاح المساجد من البدع والعوائد,,10,3,"39222,80580,91992"
تخريج أحاديث الإحتجاج بالقدر,,10,3,"21056,49016,88654"
تخريج أحاديث مشكلة الفقر وكيف عالجها الإسلام,,10,3,"53633,80572,103614"
ترميز كتب الحديث,,10,3,"41399,51796,63694"
تسمية من روي عنه من أولاد العشرة,,10,3,"56953,78819,82463"
تسمية من لم يرو عنه غير رجل واحد,,10,3,"68074,87042,90240"
تعجيل المنفعة - part 1,,10,3,"54623,72533,78159"
تعجيل المنفعة - part 2,,10,3,"54624,72534,78160"
تعريف غير المسلمين بالإسلام,,10,3,"40939,84920,95806"
تفسير الثوري,,10,3,"28248,33040,95815"
تفسير الشعراوي,,10,3,"28550,69866,87865"
تلخيص الناسخ والمنسوخ للكرمي,,10,3,"22396,48981,102718"
تلخيص كتاب الموضوعات للذهبي,,10,3,"80573,83653,88640"
تنبيه الهاجد إلى ما وقع من النظر فى كتب الأماجد - part 1,,10,3,"48778,90162,99309"
تنبيه الهاجد إلى ما وقع من النظر فى كتب الأماجد - part 10,,10,3,"48787,90171,99318"
تنبيه الهاجد إلى ما وقع من النظر فى كتب الأماجد - part 11,,10,3,"48788,90172,99319"
تنبيه الهاجد إلى ما وقع من النظر فى كتب الأماجد - part 12,,10,3,"48789,90173,99320"
تنبيه الهاجد إلى ما وقع من النظر فى كتب الأماجد - part 13,,10,3,"48790,90174,99321"
تنبيه الهاجد إلى ما وقع من النظر فى كتب الأماجد - part 2,,10,3,"48779,90163,99310"
تنبيه الهاجد إلى ما وقع من النظر فى كتب الأماجد - part 3,,10,3,"48780,90164,99311"
تنبيه الهاجد إلى ما وقع من النظر فى كتب الأماجد - part 4,,10,3,"48781,90165,99312"
تنبيه الهاجد إلى ما وقع من النظر فى كتب الأماجد - part 5,,10,3,"48782,90166,99313"
تنبيه الهاجد إلى ما وقع من النظر فى كتب الأماجد - part 6,,10,3,"48783,90167,99314"
تنبيه الهاجد إلى ما وقع من النظر فى كتب الأماجد - part 7,,10,3,"48784,90168,99315"
تنبيه الهاجد إلى ما وقع من النظر فى كتب الأماجد - part 8,,10,3,"48785,90169,99316"
تنبيه الهاجد إلى ما وقع من النظر فى كتب الأماجد - part 9,,10,3,"48786,90170,99317"
تنبيهات على كتاب التوحيد,,10,3,"48325,70337,92976"
ثلاثون طريقة لخدمة الدين,,10,3,"18496,96936,100646"
جامع الترمذی جلد 1,درس نظامی,2,3,"4519,4520,4521"
جامع الترمذی جلد 2,درس نظامی,2,3,"4522,4523,4524"
جزء أشيب,,10,3,"19263,43603,103584"
جزء منتقى من حديث الحافظ العراقي,,10,3,"37110,74989,96441"
حاشية الأجرومية,,10,3,"46611,49679,60647"
حكم الدف للرجال والنساء في غير الأعراس,,10,3,"74858,78847,105132"
حلية الحفاظ نسخة مجمعة,,10,3,"22567,28313,81752"
خطباتِ جمعہ و عیدین(عبد الرؤف سکھروی),,6,3,"13297,14680,14843"
خطبة عيد الفطر,,10,3,"62646,72598,83323"
خلق أفعال العباد,,10,3,"33436,70396,86339"
درء الفتنة,,10,3,"85526,87090,102899"
درء تعارض العقل والنقل - part 1,,10,3,"62230,68233,72344"
درء تعارض العقل والنقل - part 2,,10,3,"62231,68234,72345"
درء تعارض العقل والنقل - part 3,,10,3,"62232,68235,72346"
درء تعارض العقل والنقل - part 4,,10,3,"62233,68236,72347"
درء تعارض العقل والنقل - part 5,,10,3,"62234,68237,72348"
دراسة لسقوط ثلاثين دولة إسلامية,,10,3,"89553,97195,99586"
دراسة منهجية لسنن النسائي وابن ماجه - part 1,,10,3,"75319,80223,97048"
دراسة منهجية لسنن النسائي وابن ماجه - part 2,,10,3,"75320,80224,97049"
دراسة منهجية لسنن النسائي وابن ماجه - part 3,,10,3,"75321,80225,97050"
دراسة منهجية لسنن النسائي وابن ماجه - part 4,,10,3,"75322,80226,97051"
دراسة منهجية لسنن النسائي وابن ماجه - part 5,,10,3,"75323,80227,97052"
دو قومی نظریہ-لدھیانویؒ,,6,3,"13938,15594,15638"
رحلة مع قافلة الحياة,,10,3,"84772,97503,104712"
رسالة إلى المدرسين والمدرسات,,10,3,"21011,60835,99599"
رسالة في إثبات الاستواء والفوقية,,10,3,"28512,43790,94821"
رسالة في الحقيقة والمجاز,,10,3,"41138,44354,49680"
رسالة في الرد على الرافضة,,10,3,"41619,46968,48347"
رفقا أهل السنة بأهل السنة,,10,3,"38280,39575,82456"
رمضان اور انفاق فی سبیل اللہ- ڈسکوی,,6,3,"14582,14592,14597"
رمضان اور زکوٰۃ۔ ڈسکوی۔ مصحح فائل,,6,3,"13613,14379,14405"
روضة الطالبين - part 1,,10,3,"49186,60040,74905"
روضة الطالبين - part 2,,10,3,"49187,60041,74906"
روضة الطالبين - part 3,,10,3,"49188,60042,74907"
روضة الطالبين - part 4,,10,3,"49189,60043,74908"
روضة الطالبين - part 5,,10,3,"49190,60044,74909"
روضة الطالبين - part 6,,10,3,"49191,60045,74910"
روضة الطالبين - part 7,,10,3,"49192,60046,74911"
روضة الطالبين - part 8,,10,3,"49193,60047,74912"
زاد المسلم والداعية من الشعر والبيان,,10,3,"21803,72096,104568"
زاد المعاد في هدي خير العباد - part 1,,10,3,"98520,101551,104389"
زاد المعاد في هدي خير العباد - part 2,,10,3,"98521,101552,104390"
زاد المعاد في هدي خير العباد - part 3,,10,3,"98522,101553,104391"
زاد المعاد في هدي خير العباد - part 4,,10,3,"98523,101554,104392"
زاد المعاد في هدي خير العباد - part 5,,10,3,"98524,101555,104393"
زوجات لا عشيقات,,10,3,"58003,61576,71405"
سال نو کا آغاز اور ہماری ذمہ داری۔آل مسلم پرسن,,6,3,"15487,15707,15729"
سلاح اليقظان لطرد الشيطان,,10,3,"87284,89555,104181"
سنن أبي داود - part 1,,10,3,"38503,39166,64852"
سنن أبي داود - part 2,,10,3,"38504,39167,64853"
سوانح امام بخاریؒ-مولانا فخر الدین احمد صاحب0ایضاح البخاری سے ماخوذ,,6,3,"13891,14304,14640"
شبهات حول المرأة,,10,3,"43861,51107,58813"
شرح الكوكب المنير - part 4,,10,3,"17605,74228,104728"
شرح منظومة الإيمان,,10,3,"18163,48391,103487"
شرح ميارة - part 1,,10,3,"31782,65628,93255"
شرح ميارة - part 2,,10,3,"31783,65629,93256"
شعار أصحاب الحديث,,10,3,"87030,89279,98742"
شفاء العليل في مسائل القضاء والقدر والحكمة والتعليل - part 1,,10,3,"17120,20046,105503"
شفاء العليل في مسائل القضاء والقدر والحكمة والتعليل - part 2,,10,3,"17121,20047,105504"
شيخ المجاهدين أحمد ياسين,,10,3,"44000,89560,97522"
شيخ علماء الإسلام محمد زاهد الكوثري,,10,3,"54114,83656,99340"
صحیح البخاری جلد 1,درس نظامی,2,3,"4526,4527,4528"
صخرة القدس في ضوء العقيدة الإسلامية,,10,3,"28831,38325,71844"
صدقہ کی برکات اور سود کی تباہ کاریاں-ادارہ تالیفات اشرفیہ,,6,3,"14457,14593,14601"
صلاة الجماعة,,10,3,"65450,75042,100056"
صلاة الغائب,,10,3,"49347,61704,92922"
صناعة الصورة باليد مع بيان أحكام التصوير الفوتوغرافي,,10,3,"37562,54122,70924"
صيد الخاطر,,10,3,"81128,85745,97523"
صيد الكتب,,10,3,"54125,83259,87296"
ضوابط الفتيا في النوازل المعاصرة,,10,3,"20450,38572,82379"
طبقات المكثرين من رواية الحديث,,10,3,"33571,62974,81262"
طرق حديث من كذب علي,,10,3,"19308,62017,82541"
طوق الحمامة في التداوي بالحجامة,,10,3,"33577,49834,104182"
عبارات منقولة عن السلف في الوقف والابتداء,,10,3,"60820,75056,87302"
عداوة الشيطان للإنسان,,10,3,"54137,94849,97524"
عدة الصابرين وذخيرة المساهمين,,10,3,"41401,60108,64914"
عشاق الحور,,10,3,"33582,39935,49835"
عقيدة ابي علي الهاشمي الحنبلي,,10,3,"27817,44033,59342"
عليكم بالسنة فإن السنة مفتاح القرآن,,10,3,"33529,95593,96941"
عناية المسلمين بإبراز وجوه الإعجاز في القرآن الكريم,,10,3,"58046,69066,98420"
عندما أبصرت الحقيقة 00 حقائق لا يسع اهل نجران جهلها,,10,3,"28559,74031,104733"
عودة الصفويين,,10,3,"38336,64939,75073"
غذاء القلوب ومفرج الكروب,,10,3,"39580,43342,104845"
غلط الضعفاء من الفقهاء,,10,3,"29414,33601,78396"
فتاوى السبكي - part 1,,10,3,"65735,73075,73084"
فتاوى السبكي - part 2,,10,3,"65736,73076,73085"
فتاوى الشيخ عبدالرحمن عبدالخالق,,10,3,"64943,83411,91563"
فتح العلي الغفار بأن القبض من سنة النبي المختار,,10,3,"65335,71116,104155"
فتح ذي المنة بذكر طرف من النعيم المعنوي لأهل الجنة ويليه فتح العزيز القهار بذكر طرف من العذاب المعنوي لأهل النار,,10,3,"27824,49378,54171"
فضائل أبي بكر الصديق للعشاري,,10,3,"44061,70953,101425"
فضائل الصحابة للدارقطني,,10,3,"31115,52112,89156"
فضائل الصيام وشهر رمضان,,10,3,"28271,40823,75088"
فضل الكلاب على كثير ممن لبس الثياب,,10,3,"17523,40991,72559"
فقة تغير المنكر د محمود توفيق سعد,,10,3,"39937,51180,51306"
فقه الإنكار باليد دراسة ونقد,,10,3,"71960,91440,99068"
فقه المرحلة,,10,3,"27830,81730,82382"
فن المقالة عناصرها وانواعها,,10,3,"27832,44067,49657"
قاعدة في الأموال السلطانية,,10,3,"41147,75931,76572"
قالوا عن الرسول صلى الله عليه وسلم,,10,3,"29484,42801,94873"
قتل انسانیت، عظیم گناہ-امجد علی,,6,3,"15134,15142,15153"
قتل اور خانہ جنگی-مفتی محمد تقی عثمانی صاحب,,6,3,"15136,15144,15155"
قتل ناحق -مولانا اعجاز احمد اعظمی,,6,3,"15138,15145,15157"
قذائف الحق,,10,3,"64181,75114,96021"
قضايا المرأة في المؤتمرات الدولية - part 1,,10,3,"30617,74020,105434"
قضايا المرأة في المؤتمرات الدولية - part 2,,10,3,"30618,74021,105435"
قضايا المرأة في المؤتمرات الدولية - part 3,,10,3,"30619,74022,105436"
قوادح عقدية في بردة البوصيري,,10,3,"16746,54217,59345"
قواعد الأحكام في مصالح الأنام - part 1,,10,3,"60205,71054,84872"
قواعد الأحكام في مصالح الأنام - part 2,,10,3,"60206,71055,84873"
قواعد معرفة البدع,,10,3,"31998,48448,81744"
كبار علماء الرافضة الإمامية يقولون بتحريف القرآن,,10,3,"28620,51891,75123"
كتاب معرفة التذكرة لابن طاهر المقدسي,,10,3,"17254,44106,80127"
كتب أثنى عليها العلماء,,10,3,"58055,61613,88256"
كلمات عابرة للمرأة المسلمة المعاصرة,,10,3,"37618,51113,54261"
كلمات وأشعار في ذم الرافضة الكفار الفجار,,10,3,"33586,79833,91520"
كن من أهل الجنة-جمع وإعداد أمير بن محمد المدري,,10,3,"72560,96945,101343"
لا تكن أعجز الناس فتترك سلاحك,,10,3,"40085,60119,75156"
لغات الرسل وأصول الرسالات,,10,3,"18184,75158,104740"
لقاء حول الخلع وأحكامه,,10,3,"22569,87544,105319"
لماذا لا تقود المرأة السيارة,,10,3,"51243,58172,90052"
ما روي في الحوض والكوثر,,10,3,"59353,73452,79076"
مالك بن نبي وموقفه من القضايا الفكرية المعاصرة,,10,3,"23638,72042,83720"
مجموعة الأحكام الفقهية المختصرة,,10,3,"44150,49349,61708"
مجموعة الحديث على أبواب الفقه - part 1,,10,3,"20562,49269,94964"
مجموعة الحديث على أبواب الفقه - part 2,,10,3,"20563,49270,94965"
مجموعة الحديث على أبواب الفقه - part 3,,10,3,"20564,49271,94966"
مجموعة الحديث على أبواب الفقه - part 4,,10,3,"20565,49272,94967"
محاسبة النفس,,10,3,"16984,37662,75184"
محاضرة - أحكام تخص المرأة -,,10,3,"33741,54327,71890"
محاضرة - الصلاة - فضلها - حكمها - عقوبة تاركها,,10,3,"28144,65255,99107"
محاضرة في أهمية اللغة,,10,3,"44153,71330,87566"
مختصر الانساب الحضرميه,,10,3,"44158,49698,104566"
مختصر سوانح امام بخاریؒ-علامہ عثمانی صاحب,,6,3,"13892,14307,14646"
مختصر سيرة الرسول صلى الله عليه وسلم,,10,3,"35790,49607,73019"
مختصر شادی کورس,,6,3,"14161,15204,15541"
مسألة الأحرف التي أنزلها الله على آدم,,10,3,"28375,54485,62242"
مسألة القيام للداخل,,10,3,"69173,73013,98455"
مسألة صلب المسيح بين الحقيقة والإفتراء,,10,3,"22906,48484,91236"
مستحکم وخوشحال پاکستان۔ ضرب مؤمن,,6,3,"13941,15602,15643"
مسند إسحاق بن راهويه - part 1,,10,3,"23686,29479,88593"
مسند إسحاق بن راهويه - part 2,,10,3,"23687,29480,88594"
مسند إسحاق بن راهويه - part 3,,10,3,"23688,29481,88595"
مسند إسحاق بن راهويه - part 4,,10,3,"23689,29482,88596"
مسند إسحاق بن راهويه - part 5,,10,3,"23690,29483,88597"
مشكاة السنة في أعياد الأمة,,10,3,"37670,44188,104229"
مشكل الآثار - part 1,,10,3,"28978,54469,70387"
مشكل الآثار - part 2,,10,3,"28979,54470,70388"
مشكل الآثار - part 3,,10,3,"28980,54471,70389"
مشكل الآثار - part 4,,10,3,"28981,54472,70390"
مشكل الآثار - part 5,,10,3,"28982,54473,70391"
معالم في الطريق,,10,3,"39977,44196,50100"
معرفة الثقات للعجلي - part 1,,10,3,"31736,61756,104372"
معرفة الثقات للعجلي - part 2,,10,3,"31737,61757,104373"
مفتاح الأفكار للتأهب لدار القرار - part 1,,10,3,"18444,101345,104750"
مفتاح الأفكار للتأهب لدار القرار - part 2,,10,3,"18445,101346,104751"
مفتاح الأفكار للتأهب لدار القرار - part 3,,10,3,"18446,101347,104752"
مفتاح الجنة,,10,3,"17144,52887,65302"
مقارنة بين الحجاب والسفور,,10,3,"29379,64047,90056"
مقامات القرني - part 1,,10,3,"46547,81700,97300"
مقامات القرني - part 2,,10,3,"46548,81701,97301"
مقامات القرني - part 3,,10,3,"46549,81702,97302"
مقامات القرني - part 4,,10,3,"46550,81703,97303"
مقدمة شرح النووي على صحيح مسلم,,10,3,"17212,29431,64886"
مقومات الداعية الناجح,,10,3,"33828,95067,104753"
من أحكام الصيام,,10,3,"58490,69590,102468"
من لم يرو عنه غير واحد,,10,3,"41648,52120,85954"
من محاسن الدين الإسلامي,,10,3,"37689,83263,88517"
من معجزات النبي صلى الله عليه وسلم,,10,3,"45924,60743,96352"
من کنت مولاه فهذا علي مولا-دارالعلوم کراچی فتوی138,,6,3,"13269,13837,14969"
من کنت مولاہ فعلی مولاہ حدیث کی وضاحت - دار الافتاء الاخلاص کراچی - voc,,6,3,"13270,13838,14970"
منظومة القواعد الفقهية,,10,3,"19239,23010,29719"
منهج السالكين في الفقه لابن سعدي,,10,3,"29213,39981,105133"
منهج المحدثين بين نظرية المنهج وتاريخ العلوم,,10,3,"51159,60310,65356"
مواصفات الترجمة المعدة للاستعمال في مجال الدعوة,,10,3,"28727,65358,82387"
موسوعة التاريخ الإسلامي - part 1,,10,3,"62049,75296,97197"
موسوعة التاريخ الإسلامي - part 2,,10,3,"62050,75297,97198"
موسوعة التاريخ الإسلامي - part 3,,10,3,"62051,75298,97199"
موسوعة التاريخ الإسلامي - part 4,,10,3,"62052,75299,97200"
موٹی جرابوں پر مسح کرنا- دارالافتاء دارالعلوم کراچی,,6,3,"15219,15308,15347"
میرا پاکستان۔ مولانا الیاس گھمن صاحب,,6,3,"13943,15166,15606"
ناس لا يحبهم القهار من الكتاب والسنة والاثار,,10,3,"17530,95085,105322"
نداء إلى كل صاحب محل تجاري,,10,3,"28185,29720,75307"
نظرات في أشرطة قصص من التاريخ للدكتور طارق سويدان,,10,3,"101518,104756,106036"
نقض مطاعن فى القرآن الكريم,,10,3,"29721,54454,79650"
نهج الرشاد في نظم الاعتقاد,,10,3,"40828,54384,87799"
نواقض الإسلام,,10,3,"44259,48699,64306"
نيل الأوطار شرح منتقى الأخبار - part 1,,10,3,"40701,49121,70894"
نيل الأوطار شرح منتقى الأخبار - part 10,,10,3,"40710,49130,70903"
نيل الأوطار شرح منتقى الأخبار - part 11,,10,3,"40711,49131,70904"
نيل الأوطار شرح منتقى الأخبار - part 12,,10,3,"40712,49132,70905"
نيل الأوطار شرح منتقى الأخبار - part 13,,10,3,"40713,49133,70906"
نيل الأوطار شرح منتقى الأخبار - part 2,,10,3,"40702,49122,70895"
نيل الأوطار شرح منتقى الأخبار - part 3,,10,3,"40703,49123,70896"
نيل الأوطار شرح منتقى الأخبار - part 4,,10,3,"40704,49124,70897"
نيل الأوطار شرح منتقى الأخبار - part 5,,10,3,"40705,49125,70898"
نيل الأوطار شرح منتقى الأخبار - part 6,,10,3,"40706,49126,70899"
نيل الأوطار شرح منتقى الأخبار - part 7,,10,3,"40707,49127,70900"
نيل الأوطار شرح منتقى الأخبار - part 8,,10,3,"40708,49128,70901"
نيل الأوطار شرح منتقى الأخبار - part 9,,10,3,"40709,49129,70902"
نیا سال اور وقت کی اہمیت-مولانا اکرم بشیر,,6,3,"15495,15715,15733"
هذه نصيحتي إلى كل شيعي,,10,3,"75339,99129,105129"
يا أخي.,,10,3,"29269,37728,63663"
ہجرت رسول۔ پہلا مرحلہ۔  قاسمی,,6,3,"13353,13776,15737"
ہجرت مدینہ۔  دوسرا مرحلہ۔  قاسمی,,6,3,"13354,13777,15738"
یوم آزادی پاکستان۔گھمن صاحب,,6,3,"13951,15620,15658"
یوم آزادی-یوم تشکر-لدھیانویؒ,,6,3,"13952,15622,15659"
یوم پاکستان-لدھیانویؒ,,6,3,"13953,15623,15660"
(حراسة الأمن) هذا ما رأيت في تفجير الوشم,,10,2,"53927,90523"
(س ج) عن تنظيم الوقت,,10,2,"31905,41104"
(سیرت فاطمۃ الزہراء - ( طالب ہاشمی,,6,2,"13705,15018"
(غرائب مالك) للدارقطني,,10,2,"54414,104337"
-سیدہ فاطمۃ الزہراء -علامہ فاروقی ؒ,,6,2,"13706,15019"
09۔ معراجِ مصطفی۔ اکرم بشیر,,6,2,"14540,15254"
100 فائدة من سورة يوسف,,10,2,"42055,60329"
100 فكرة لتربية الأسرة,,10,2,"21892,24406"
1000 سنة,,10,2,"44938,52576"
10۔ معراج کا پیغام اور سبق۔ اکرم بشیر,,6,2,"14541,15255"
12--8 Ramazan Aur Quraan e majeed1444.,,6,2,"13598,13651"
121 وسيلة دعوية,,10,2,"72082,99481"
13 شبهة للقبوريين والجواب عليها,,10,2,"28477,105369"
19- Taseer e Quran.,,6,2,"13652,14176"
2 وصية أبي عثمان الصابوني,,10,2,"28380,65277"
20 ضمانة لحماية جزيرة العرب,,10,2,"38030,83426"
20- Sada o Sakhawat ki fazilat,,6,2,"14589,14594"
30 طريقة لخدمة الدين رضا أحمد صمدي,,10,2,"31994,66440"
30 وقفة في فن الدعوة,,10,2,"73472,105536"
33 سببا للخشوع في الصلاة,,10,2,"51793,76648"
36 Roza Fahm e Ramazan- 1445-یکجا فائلز,,6,2,"13074,14024"
40 قاعدة في قراءة الكتب والاستفادة منها.. - part 1,,10,2,"62617,89469"
40 قاعدة في قراءة الكتب والاستفادة منها.. - part 2,,10,2,"62618,89470"
52 معلما في تربية الأبناء,,10,2,"49352,104833"
7ستمبر یوم ختم نبوت,,6,2,"14205,15764"
92 وسيلة دعوية,,10,2,"53344,85730"
AR-Raheeq Al-Makhtum (The Seald Nectar) - part 1,,10,2,"31161,41119"
AR-Raheeq Al-Makhtum (The Seald Nectar) - part 2,,10,2,"31162,41120"
Christianity,,10,2,"82822,104782"
Islam Its Foundations And Concepts,,10,2,"20012,50172"
Islam Usulleri ve Prensipleri,,10,2,"31163,41121"
Quran translation - part 1,,10,2,"46627,82823"
Quran translation - part 10,,10,2,"46636,82832"
Quran translation - part 11,,10,2,"46637,82833"
Quran translation - part 2,,10,2,"46628,82824"
Quran translation - part 3,,10,2,"46629,82825"
Quran translation - part 4,,10,2,"46630,82826"
Quran translation - part 5,,10,2,"46631,82827"
Quran translation - part 6,,10,2,"46632,82828"
Quran translation - part 7,,10,2,"46633,82829"
Quran translation - part 8,,10,2,"46634,82830"
Quran translation - part 9,,10,2,"46635,82831"
Sharah Uqood E Rasm Il Mufti Al Bushra Color,,4,2,"7549,7552"
The Fundamentals of Tawheed,,10,2,"71540,105758"
The Hijab .. Why,,10,2,"20013,31164"
iftitah e Bykhari- Mufti taqi Usmani Sahib-1444-2023,,6,2,"14290,14614"
آئمہ اربعہ اور اہل بیت- مفتی ابو الحسن شریف اللہ,,6,2,"13783,13893"
آثار البلاد وأخبار العباد,,10,2,"17782,46484"
آداب الزيارة بين النساء,,10,2,"30594,74326"
آداب المدينة في ضوء الكتاب والسنة,,10,2,"17480,99509"
آداب حدیث-مولانا سلیم دھورات صاحب,,6,2,"14291,14616"
آداب خروج المرأة من البيت,,10,2,"83891,91895"
آراء شيخ الإسلام ابن تيمية في الأمرد,,10,2,"31166,90156"
آزادیِ نسواں کی خود فریبی- مولانا اعجاز مصطفی صاحب,,6,2,"14808,14824"
آسان خطبات برائے جمعہ وعیدین ونکاح (1),,6,2,"14677,14839"
آل البيت وحقوقهم الشرعية,,10,2,"93573,95687"
آل رسول اور اصحاب رسول ایک دورسے کے ثناء خوان-مرکز البحوث,,6,2,"13784,13894"
آيات التقوى في القرآن الكريم,,10,2,"42080,69510"
أئمة الرافضة في التوراة,,10,2,"42082,101421"
أبجديات صائمة,,10,2,"63440,102646"
أبجدية الحب كامله,,10,2,"40721,73493"
أبشر أيها المريض,,10,2,"68681,99516"
أبعاد التحالف الرافضي الصليبي في العراق وآثاره على المنطقة,,10,2,"57162,73573"
أبو الحسن الأشعري,,10,2,"68307,72493"
أبو هريرة للضاري,,10,2,"20142,101371"
أتوعد سنات الرسول بمحوها,,10,2,"57361,81458"
أثر الأحاديث الضعيفة والموضوعة في العقيدة,,10,2,"17617,62541"
أثر الإيمان في تحصين الأمة الإسلامية ضد الأفكار الهدامة - part 1,,10,2,"47074,104634"
أثر الإيمان في تحصين الأمة الإسلامية ضد الأفكار الهدامة - part 2,,10,2,"47075,104635"
أثر العمل الصالح في تفريج الكروب,,10,2,"72552,101304"
أجوبة على مسائل سألها النووي في ألفاظ من الحديث,,10,2,"44534,86310"
أجوبة مفيدة عن أسئلة عديدة,,10,2,"78507,99130"
أحاديث الاستفتاح رواية ودراية,,10,2,"52509,105302"
أحاديث الشيوخ الثقات,,10,2,"29381,39201"
أحاديث القراءة في صلاة الفجر جمعا ودراسة,,10,2,"19302,48987"
أحاديث المعازف حجيتها وأثرها في الفقه الإسلامي د. طارق محمد الطواري,,10,2,"39552,42091"
أحاديث حكم عليها شيخ الإسلام,,10,2,"33515,59495"
أحاديث ربا الفضل وأثرها في العلة و,,10,2,"30800,70588"
أحاديث وقصص لا تثبت انتشرت عبر البريد الإلكتروني,,10,2,"49488,63460"
أحداث لبنان... التاريخ يعيد نفسه!!!,,10,2,"83255,85980"
أحسن التقاسيم في معرفة الأقاليم,,10,2,"39763,57130"
أحسن التقاسيم في معرفة الأقاليم للمقدسي,,10,2,"29578,39849"
أحسن ما سمعت,,10,2,"32132,89417"
أحكام الأضحية والذكاة,,10,2,"32031,69045"
أحكام الاحداد ـ اخالد بن عبدالله المصلح,,10,2,"29214,39529"
أحكام الاختلاف في رؤية هلال ذي الحجة,,10,2,"22741,51804"
أحكام السرقة المتعلقة بالسيارات,,10,2,"82364,96903"
أحكام القرآن - part 1,,10,2,"28295,95123"
أحكام القرآن - part 2,,10,2,"28296,95124"
أحكام القرآن - الأمام الشافعي,,10,2,"48493,102692"
أحكام المرأة,,10,2,"52557,71866"
أحكام المرأة الحامل,,10,2,"54076,75053"
أحكام المرأة الحامل ليحيى الخطيب,,10,2,"61546,98442"
أحكام تبادل الهدايا والتهاني,,10,2,"81082,105303"
أحكام جراحة التجميل في الفقه الإسلامي,,10,2,"19303,100859"
أحكام زيارة المسجد النبوي,,10,2,"52513,85689"
أحكام شركة المضاربة,,10,2,"63464,96904"
أحكام ولد الزنا - part 1,,10,2,"17456,30801"
أحكام ولد الزنا - part 2,,10,2,"17457,30802"
أحكام ولد الزنا - part 3,,10,2,"17458,30803"
أحكام ولد الزنا - part 4,,10,2,"17459,30804"
أحكام ولد الزنا - part 5,,10,2,"17460,30805"
أخبار أصبهان - part 1,,10,2,"70986,81462"
أخبار أصبهان - part 10,,10,2,"70995,81471"
أخبار أصبهان - part 2,,10,2,"70987,81463"
أخبار أصبهان - part 3,,10,2,"70988,81464"
أخبار أصبهان - part 4,,10,2,"70989,81465"
أخبار أصبهان - part 5,,10,2,"70990,81466"
أخبار أصبهان - part 6,,10,2,"70991,81467"
أخبار أصبهان - part 7,,10,2,"70992,81468"
أخبار أصبهان - part 8,,10,2,"70993,81469"
أخبار أصبهان - part 9,,10,2,"70994,81470"
أخبار الآحاد في الحديث النبوي,,10,2,"81146,84026"
أخبار النساء,,10,2,"19206,86064"
أخبار مكة للفاكهي - part 1,,10,2,"17516,93865"
أخبار مكة للفاكهي - part 2,,10,2,"17517,93866"
أخبار مكة للفاكهي - part 3,,10,2,"17518,93867"
أخبار مكة للفاكهي - part 4,,10,2,"17519,93868"
أخبار مكة للفاكهي - part 5,,10,2,"17520,93869"
أخبار مكة وما جاء فيها من الآثار - part 1,,10,2,"20630,49614"
أخبار مكة وما جاء فيها من الآثار - part 2,,10,2,"20631,49615"
أختاه هل تريدين الجنة,,10,2,"30595,36552"
أخطاء ابن خلدون في كتابه المقدمة,,10,2,"19316,60346"
أخطاء المحررين في نص التقريب,,10,2,"60212,99535"
أخطاء شائعة في الصيام,,10,2,"32037,58460"
أخطاء يقع فيها بعض المرضى,,10,2,"29216,52520"
أخلاق حملة القرآن للآجري,,10,2,"29566,94185"
أخلاق وآداب المجتمع الإسلامي من خلال سورة الحجرات,,10,2,"20922,71664"
أداء ما وجب من بيان وضع الوضاعين في رجب,,10,2,"91431,91597"
أدب الإختلاف لعبدالله بن بيه,,10,2,"40816,46905"
أدب الإملاء والاستملاء,,10,2,"80206,91990"
أدب الاملاء والاستملاء,,10,2,"49647,81107"
أدب الدنيا والدين,,10,2,"66468,73089"
أدب الطلب,,10,2,"85734,99500"
أربح البضاعة في فوائد صلاة الجماعة,,10,2,"51229,74368"
أربع قواعد تدور الأحكام عليها,,10,2,"20560,96953"
أربعون وسيلة لإستغلال الإجازة الصيفية,,10,2,"92968,94190"
أربعون وسيلة لإستغلال شهر رمضان,,10,2,"53497,79479"
أرجح الأقوال في حكم كشف الفخذ للرجال,,10,2,"49321,54141"
أرقام وحقائق - part 1,,10,2,"71541,81507"
أرقام وحقائق - part 2,,10,2,"71542,81508"
أرقام وحقائق - part 3,,10,2,"71543,81509"
أركان الإسلام,,10,2,"57369,58668"
أزمات الشباب,,10,2,"52522,94191"
أسئلة الأسرة المسلمة للشيخ العثيمين,,10,2,"91539,105143"
أسئلة تبحث عن أجوبة,,10,2,"33710,88267"
أسئلة جريئة وأجوبة صريحة حول تفجيرات الرياض,,10,2,"26644,93555"
أسئلة وأجوبة مختارة من فتاوى الحج,,10,2,"64919,87026"
أساليب العلمانين في تغريب المرأة المسلمة,,10,2,"19207,30596"
أساليب دعوية في صوالين الحلاقة,,10,2,"32611,63474"
أسانيد آية الرجم لحمد العثمان,,10,2,"51167,101716"
أسد الغابة - part 1,,10,2,"46411,106041"
أسد الغابة - part 2,,10,2,"46412,106042"
أسد الغابة - part 3,,10,2,"46413,106043"
أسرار البلاغة للجرجاني,,10,2,"17967,89385"
أسرار ترتيب القرآن,,10,2,"48707,69664"
أسرة بلا مشاكل,,10,2,"40723,101719"
أسطورة المذهب الجعفري,,10,2,"52528,104148"
أسماء من يعرف بكنيته,,10,2,"29314,51214"
أسمى المطالب في سيرة على بن أبى طالب-للصلابی,,6,2,"14781,15295"
أسنى المطالب - part 1,,10,2,"17340,52170"
أسنى المطالب - part 10,,10,2,"17349,52179"
أسنى المطالب - part 11,,10,2,"17350,52180"
أسنى المطالب - part 12,,10,2,"17351,52181"
أسنى المطالب - part 13,,10,2,"17352,52182"
أسنى المطالب - part 14,,10,2,"17353,52183"
أسنى المطالب - part 15,,10,2,"17354,52184"
أسنى المطالب - part 16,,10,2,"17355,52185"
أسنى المطالب - part 17,,10,2,"17356,52186"
أسنى المطالب - part 18,,10,2,"17357,52187"
أسنى المطالب - part 19,,10,2,"17358,52188"
أسنى المطالب - part 2,,10,2,"17341,52171"
أسنى المطالب - part 20,,10,2,"17359,52189"
أسنى المطالب - part 21,,10,2,"17360,52190"
أسنى المطالب - part 22,,10,2,"17361,52191"
أسنى المطالب - part 23,,10,2,"17362,52192"
أسنى المطالب - part 24,,10,2,"17363,52193"
أسنى المطالب - part 3,,10,2,"17342,52172"
أسنى المطالب - part 4,,10,2,"17343,52173"
أسنى المطالب - part 5,,10,2,"17344,52174"
أسنى المطالب - part 6,,10,2,"17345,52175"
أسنى المطالب - part 7,,10,2,"17346,52176"
أسنى المطالب - part 8,,10,2,"17347,52177"
أسنى المطالب - part 9,,10,2,"17348,52178"
أشكو إليك زوجي مصحح نهائي,,10,2,"23647,71352"
أصغر داعية في العالم,,10,2,"73532,90810"
أصغر رسالة في نقض النصرانية,,10,2,"39767,65618"
أصول الحوار وآدابه في الإسلام,,10,2,"17481,36563"
أصول السرخسي - part 1,,10,2,"23809,92349"
أصول السرخسي - part 2,,10,2,"23810,92350"
أصول السنة,,10,2,"60778,100866"
أصول في التفسير,,10,2,"86334,95459"
أصول مذهب الشعية الإمامية الإثني عشرية عرض ونقد - part 1,,10,2,"23629,71651"
أصول مذهب الشعية الإمامية الإثني عشرية عرض ونقد - part 2,,10,2,"23630,71652"
أصول مذهب الشعية الإمامية الإثني عشرية عرض ونقد - part 3,,10,2,"23631,71653"
أصول وتاريخ الفرق الإسلامية - part 1,,10,2,"71826,82204"
أصول وتاريخ الفرق الإسلامية - part 2,,10,2,"71827,82205"
أصول وتاريخ الفرق الإسلامية - part 3,,10,2,"71828,82206"
أصول وتاريخ الفرق الإسلامية - part 4,,10,2,"71829,82207"
أصول وتاريخ الفرق الإسلامية - part 5,,10,2,"71830,82208"
أصول وتاريخ الفرق الإسلامية - part 6,,10,2,"71831,82209"
أصول وتاريخ الفرق الإسلامية - part 7,,10,2,"71832,82210"
أعوذ بالله من الشيطان الرجيم,,10,2,"37740,101723"
أغلو في بعض القرابة وجفاء في الأنبياء والصحابة,,10,2,"82453,99116"
أفضل الطرق لتنشيط الطالب للحفظ والمراجعة,,10,2,"84605,105537"
أفكار لدعوة الطالب,,10,2,"32641,40929"
أفكار لشهر رمضان الكريم,,10,2,"21935,37800"
أفكار للداعيات,,10,2,"32052,68546"
أقسام الحكم العقلي,,10,2,"20727,33933"
أقل وأكثر مدة الحمل دراسة فقهية طبية,,10,2,"39746,73535"
أقوال علماء السنة في قصيدة البردة,,10,2,"91953,98761"
ألفية السيوطي في علم الحديث,,10,2,"98401,99597"
ألفية العراقي في علوم الحديث,,10,2,"52538,52571"
أما آن أن نعود يا شباب الأمة ؟,,10,2,"97691,100285"
أمالي ابن بشران - part 1,,10,2,"79981,97355"
أمالي ابن بشران - part 2,,10,2,"79982,97356"
أمالي ابن بشران - part 3,,10,2,"79983,97357"
أمالي ابن سمعون,,10,2,"88312,104631"
أمان الأمة من الإختلاف (مجلد واحد),,10,2,"30934,40957"
أمل والمخيمات الفلسطينية,,10,2,"20392,26656"
أمهات المؤمنين في مدرسة النبوة,,10,2,"19208,85756"
أمهات قرب أبنائهن,,10,2,"30597,73547"
أنذرتكم النار,,10,2,"63500,73553"
أنوار البروق في أنواع الفروق - part 1,,10,2,"32372,32405"
أنوار البروق في أنواع الفروق - part 2,,10,2,"32373,32406"
أنوار البروق في أنواع الفروق - part 3,,10,2,"32374,32407"
أنوار البروق في أنواع الفروق - part 4,,10,2,"32375,32408"
أنوار البروق في أنواع الفروق - part 5,,10,2,"32376,32409"
أنوار البروق في أنواع الفروق - part 6,,10,2,"32377,32410"
أنوار البروق في أنواع الفروق - part 7,,10,2,"32378,32411"
أنوار البروق في أنواع الفروق - part 8,,10,2,"32379,32412"
أنوار البروق في أنواع الفروق - part 9,,10,2,"32380,32413"
أنوار الهلالين في التعقبات على الجلالين,,10,2,"28382,102693"
أهمية الدعاء وكيفيته في السنة النبوية,,10,2,"40049,73557"
أهمية دراسة السيرة النبوية للمعلمين للدكتوره حصة بنت عبدالكر,,10,2,"49575,91980"
أهمية علم مصطلح الحديث,,10,2,"44388,104297"
أهمية معرفة الاختلافات في المتون والأسانيد,,10,2,"17618,20996"
أوجز الخطاب في بيان موقف الشيعة من الأصحاب,,10,2,"20592,31614"
أولادنا بين البر والعقوق,,10,2,"31567,53366"
أولياء الرحمن وأولياء الشيطان,,10,2,"62217,99350"
أولياء الصوفية عند ابن تيمية في الفرقان,,10,2,"41468,79655"
أيسر التفاسير لكلام العلي الكبير - part 1,,10,2,"47665,48249"
أيسر التفاسير لكلام العلي الكبير - part 2,,10,2,"47666,48250"
أيسر التفاسير لكلام العلي الكبير - part 3,,10,2,"47667,48251"
أيسر التفاسير لكلام العلي الكبير - part 4,,10,2,"47668,48252"
أيسر التفاسير لكلام العلي الكبير - part 5,,10,2,"47669,48253"
أيلتقي النقيضان؟,,10,2,"20757,98315"
أين تقع لا إله إلا الله في دين المرجئة الجدد,,10,2,"31955,60553"
أيها الزنادقة مهلا عن الجبار مهلا,,10,2,"63506,68560"
إبراز الحكم من حديث رفع القلم للسبكي,,10,2,"17482,29382"
إبراز المعاني من حرز الأماني - part 1,,10,2,"60812,79892"
إبراز المعاني من حرز الأماني - part 2,,10,2,"60813,79893"
إبراز المعاني من حرز الأماني - part 3,,10,2,"60814,79894"
إبطال الاستدلال بقلب النعال على العلو الحسي للكبير المتعال,,10,2,"52216,63068"
إتحاف أهل الألباب بمعرفة التوحيد والعقيدة في سؤال وجواب - part 1,,10,2,"42008,88067"
إتحاف أهل الألباب بمعرفة التوحيد والعقيدة في سؤال وجواب - part 2,,10,2,"42009,88068"
إتحاف أهل الألباب بمعرفة التوحيد والعقيدة في سؤال وجواب - part 3,,10,2,"42010,88069"
إتحاف الأحباب بما ثبت في مسألة الحجاب,,10,2,"61692,99590"
إتحاف الأعيان بذكر ما جاء في فضائل أهل عمان,,10,2,"71274,99591"
إتحاف الأمة بفوائد مهمة,,10,2,"26661,74772"
إتحاف العباد بفضائل الجهاد للشيخ عبدالله عزام,,10,2,"29237,52559"
إتحاف الكرام بشرح عمدة الأحكام - part 1,,10,2,"80881,103623"
إتحاف الكرام بشرح عمدة الأحكام - part 10,,10,2,"80890,103632"
إتحاف الكرام بشرح عمدة الأحكام - part 11,,10,2,"80891,103633"
إتحاف الكرام بشرح عمدة الأحكام - part 12,,10,2,"80892,103634"
إتحاف الكرام بشرح عمدة الأحكام - part 13,,10,2,"80893,103635"
إتحاف الكرام بشرح عمدة الأحكام - part 14,,10,2,"80894,103636"
إتحاف الكرام بشرح عمدة الأحكام - part 15,,10,2,"80895,103637"
إتحاف الكرام بشرح عمدة الأحكام - part 16,,10,2,"80896,103638"
إتحاف الكرام بشرح عمدة الأحكام - part 17,,10,2,"80897,103639"
إتحاف الكرام بشرح عمدة الأحكام - part 18,,10,2,"80898,103640"
إتحاف الكرام بشرح عمدة الأحكام - part 19,,10,2,"80899,103641"
إتحاف الكرام بشرح عمدة الأحكام - part 2,,10,2,"80882,103624"
إتحاف الكرام بشرح عمدة الأحكام - part 20,,10,2,"80900,103642"
إتحاف الكرام بشرح عمدة الأحكام - part 21,,10,2,"80901,103643"
إتحاف الكرام بشرح عمدة الأحكام - part 22,,10,2,"80902,103644"
إتحاف الكرام بشرح عمدة الأحكام - part 23,,10,2,"80903,103645"
إتحاف الكرام بشرح عمدة الأحكام - part 24,,10,2,"80904,103646"
إتحاف الكرام بشرح عمدة الأحكام - part 25,,10,2,"80905,103647"
إتحاف الكرام بشرح عمدة الأحكام - part 26,,10,2,"80906,103648"
إتحاف الكرام بشرح عمدة الأحكام - part 27,,10,2,"80907,103649"
إتحاف الكرام بشرح عمدة الأحكام - part 28,,10,2,"80908,103650"
إتحاف الكرام بشرح عمدة الأحكام - part 29,,10,2,"80909,103651"
إتحاف الكرام بشرح عمدة الأحكام - part 3,,10,2,"80883,103625"
إتحاف الكرام بشرح عمدة الأحكام - part 30,,10,2,"80910,103652"
إتحاف الكرام بشرح عمدة الأحكام - part 31,,10,2,"80911,103653"
إتحاف الكرام بشرح عمدة الأحكام - part 32,,10,2,"80912,103654"
إتحاف الكرام بشرح عمدة الأحكام - part 33,,10,2,"80913,103655"
إتحاف الكرام بشرح عمدة الأحكام - part 34,,10,2,"80914,103656"
إتحاف الكرام بشرح عمدة الأحكام - part 35,,10,2,"80915,103657"
إتحاف الكرام بشرح عمدة الأحكام - part 36,,10,2,"80916,103658"
إتحاف الكرام بشرح عمدة الأحكام - part 37,,10,2,"80917,103659"
إتحاف الكرام بشرح عمدة الأحكام - part 38,,10,2,"80918,103660"
إتحاف الكرام بشرح عمدة الأحكام - part 39,,10,2,"80919,103661"
إتحاف الكرام بشرح عمدة الأحكام - part 4,,10,2,"80884,103626"
إتحاف الكرام بشرح عمدة الأحكام - part 40,,10,2,"80920,103662"
إتحاف الكرام بشرح عمدة الأحكام - part 41,,10,2,"80921,103663"
إتحاف الكرام بشرح عمدة الأحكام - part 42,,10,2,"80922,103664"
إتحاف الكرام بشرح عمدة الأحكام - part 43,,10,2,"80923,103665"
إتحاف الكرام بشرح عمدة الأحكام - part 44,,10,2,"80924,103666"
إتحاف الكرام بشرح عمدة الأحكام - part 45,,10,2,"80925,103667"
إتحاف الكرام بشرح عمدة الأحكام - part 46,,10,2,"80926,103668"
إتحاف الكرام بشرح عمدة الأحكام - part 47,,10,2,"80927,103669"
إتحاف الكرام بشرح عمدة الأحكام - part 48,,10,2,"80928,103670"
إتحاف الكرام بشرح عمدة الأحكام - part 49,,10,2,"80929,103671"
إتحاف الكرام بشرح عمدة الأحكام - part 5,,10,2,"80885,103627"
إتحاف الكرام بشرح عمدة الأحكام - part 50,,10,2,"80930,103672"
إتحاف الكرام بشرح عمدة الأحكام - part 51,,10,2,"80931,103673"
إتحاف الكرام بشرح عمدة الأحكام - part 52,,10,2,"80932,103674"
إتحاف الكرام بشرح عمدة الأحكام - part 53,,10,2,"80933,103675"
إتحاف الكرام بشرح عمدة الأحكام - part 54,,10,2,"80934,103676"
إتحاف الكرام بشرح عمدة الأحكام - part 55,,10,2,"80935,103677"
إتحاف الكرام بشرح عمدة الأحكام - part 56,,10,2,"80936,103678"
إتحاف الكرام بشرح عمدة الأحكام - part 57,,10,2,"80937,103679"
إتحاف الكرام بشرح عمدة الأحكام - part 58,,10,2,"80938,103680"
إتحاف الكرام بشرح عمدة الأحكام - part 59,,10,2,"80939,103681"
إتحاف الكرام بشرح عمدة الأحكام - part 6,,10,2,"80886,103628"
إتحاف الكرام بشرح عمدة الأحكام - part 60,,10,2,"80940,103682"
إتحاف الكرام بشرح عمدة الأحكام - part 61,,10,2,"80941,103683"
إتحاف الكرام بشرح عمدة الأحكام - part 62,,10,2,"80942,103684"
إتحاف الكرام بشرح عمدة الأحكام - part 63,,10,2,"80943,103685"
إتحاف الكرام بشرح عمدة الأحكام - part 64,,10,2,"80944,103686"
إتحاف الكرام بشرح عمدة الأحكام - part 65,,10,2,"80945,103687"
إتحاف الكرام بشرح عمدة الأحكام - part 66,,10,2,"80946,103688"
إتحاف الكرام بشرح عمدة الأحكام - part 67,,10,2,"80947,103689"
إتحاف الكرام بشرح عمدة الأحكام - part 68,,10,2,"80948,103690"
إتحاف الكرام بشرح عمدة الأحكام - part 69,,10,2,"80949,103691"
إتحاف الكرام بشرح عمدة الأحكام - part 7,,10,2,"80887,103629"
إتحاف الكرام بشرح عمدة الأحكام - part 70,,10,2,"80950,103692"
إتحاف الكرام بشرح عمدة الأحكام - part 71,,10,2,"80951,103693"
إتحاف الكرام بشرح عمدة الأحكام - part 72,,10,2,"80952,103694"
إتحاف الكرام بشرح عمدة الأحكام - part 73,,10,2,"80953,103695"
إتحاف الكرام بشرح عمدة الأحكام - part 74,,10,2,"80954,103696"
إتحاف الكرام بشرح عمدة الأحكام - part 75,,10,2,"80955,103697"
إتحاف الكرام بشرح عمدة الأحكام - part 76,,10,2,"80956,103698"
إتحاف الكرام بشرح عمدة الأحكام - part 77,,10,2,"80957,103699"
إتحاف الكرام بشرح عمدة الأحكام - part 78,,10,2,"80958,103700"
إتحاف الكرام بشرح عمدة الأحكام - part 79,,10,2,"80959,103701"
إتحاف الكرام بشرح عمدة الأحكام - part 8,,10,2,"80888,103630"
إتحاف الكرام بشرح عمدة الأحكام - part 80,,10,2,"80960,103702"
إتحاف الكرام بشرح عمدة الأحكام - part 81,,10,2,"80961,103703"
إتحاف الكرام بشرح عمدة الأحكام - part 82,,10,2,"80962,103704"
إتحاف الكرام بشرح عمدة الأحكام - part 83,,10,2,"80963,103705"
إتحاف الكرام بشرح عمدة الأحكام - part 84,,10,2,"80964,103706"
إتحاف الكرام بشرح عمدة الأحكام - part 85,,10,2,"80965,103707"
إتحاف الكرام بشرح عمدة الأحكام - part 86,,10,2,"80966,103708"
إتحاف الكرام بشرح عمدة الأحكام - part 87,,10,2,"80967,103709"
إتحاف الكرام بشرح عمدة الأحكام - part 9,,10,2,"80889,103631"
إتحاف النبهاء بضوابط الفقهاء1,,10,2,"73218,81147"
إتحاف فضلاء البشر فى القراءات الأربعة عشر,,10,2,"81745,88306"
إثبات الشفاعة لصاحب المقام المحمود,,10,2,"32273,90158"
إثبات عذاب القبر,,10,2,"36549,39138"
إثبات علو الله ومباينته لخلقه,,10,2,"42509,81511"
إجماع المحدثين,,10,2,"42034,63521"
إحسان سلوك العبد المملوك إلى ملك الملوك مطابق مطبوع,,10,2,"73564,84024"
إحياء علوم الدين ومعه تخريج الحافظ العراقي - part 1,,10,2,"31746,83488"
إحياء علوم الدين ومعه تخريج الحافظ العراقي - part 2,,10,2,"31747,83489"
إحياء علوم الدين ومعه تخريج الحافظ العراقي - part 3,,10,2,"31748,83490"
إحياء علوم الدين ومعه تخريج الحافظ العراقي - part 4,,10,2,"31749,83491"
إحياء علوم الدين ومعه تخريج الحافظ العراقي - part 5,,10,2,"31750,83492"
إحياء علوم الدين ومعه تخريج الحافظ العراقي - part 6,,10,2,"31751,83493"
إحياء علوم الدين ومعه تخريج الحافظ العراقي - part 7,,10,2,"31752,83494"
إذا روي الحديث موصولا ومرسلا,,10,2,"65097,71072"
إرشاد الأنام لما جاء في الإسلام من حقوق ورحمة بالحيوان,,10,2,"36575,105304"
إرشاد الحكيم إلى حادثة التحكيم,,10,2,"91988,91989"
إرشاد العباد إلى سبيل الرشاد,,10,2,"29151,104638"
إرشاد العباد للاستعداد ليوم المعاد,,10,2,"18005,39554"
إرشاد الغبي للشوكاني,,10,2,"20241,22397"
إرشاد الفحول لتحقيق الحق من علم الأصول - part 1,,10,2,"29581,96954"
إرشاد الفحول لتحقيق الحق من علم الأصول - part 2,,10,2,"29582,96955"
إرشاد المهتدين للسيوطي,,10,2,"19304,73946"
إصلاح غلط المحدثين,,10,2,"60486,78366"
إطراف المسند المعتلي بأطراف المسند الحنبلي - part 1,,10,2,"42849,49382"
إطراف المسند المعتلي بأطراف المسند الحنبلي - part 2,,10,2,"42850,49383"
إظهار الحق - part 1,,10,2,"85568,94247"
إظهار الحق - part 2,,10,2,"85569,94248"
إعانة المحتاج من كتاب المنهاج,,10,2,"32080,100861"
إعانة المستفيد بشرح كتاب التوحيد - part 4,,10,2,"28387,82451"
إعجاز القرآن للباقلاني,,10,2,"59184,95460"
إعراب القرآن,,10,2,"28298,37890"
إعراب القرآن الكريم ـ دعاس - part 1,,10,2,"64110,80773"
إعراب القرآن الكريم ـ دعاس - part 2,,10,2,"64111,80774"
إعراب القرآن الكريم ـ دعاس - part 3,,10,2,"64112,80775"
إعراب القرآن للزجاج,,10,2,"88317,88359"
إعراب ما يشكل من ألفاظ الحديث النبوي,,10,2,"41302,81459"
إعلام الورى بأعلام الهدى - part 1,,10,2,"30935,62662"
إعلام الورى بأعلام الهدى - part 2,,10,2,"30936,62663"
إغاثة الغريق وإنارة الطريق إجابات لشيخ الإسلام ابن تيمية,,10,2,"63518,93485"
إغتنام الأوقات في الباقيات الصالحات قبل هجوم هام اللذات ومشتت الشمل ومفرق الجماعات,,10,2,"49356,94212"
إفحام الأعداء والخصوم,,10,2,"51317,59377"
إفحام اليهود,,10,2,"44389,68784"
إقامة البرهان للتويجري,,10,2,"26664,33812"
إلقام الحجر لمن زكى ساب أبي بكر وعمر رضي الله عنهما,,10,2,"63519,78494"
إمعان النظر في مشروعية البغض والهجر,,10,2,"63191,89474"
إنا كفيناك المستهزئين,,10,2,"78495,97442"
إياكم و الغلو,,10,2,"73579,78496"
إيجازالبيان عن معاني القرآن - part 1,,10,2,"42992,69479"
إيجازالبيان عن معاني القرآن - part 2,,10,2,"42993,69480"
إيران من الداخل,,10,2,"84041,101380"
إيصال السالك في أصول الإمام مالك,,10,2,"70789,92002"
ابتدائی بحث صحیح البخاری-مولانا علاء الدین صاحب-الہام الباری سے ماخوذ,,6,2,"14292,14618"
ابتغاء السلامة في بعض أحكام الإمامة,,10,2,"39615,75113"
ابن تيمية لم يكن ناصبيا,,10,2,"22000,77893"
اتباع السنن واجتناب البدع للمقدسي,,10,2,"29866,97020"
احذروا اليأس فإنه قتال,,10,2,"21024,104640"
احكام الجنائز,,10,2,"22639,41956"
احكام زكوۃ۔مفتی شعیب اللی خان مفتاحی,,6,2,"14372,14400"
اختلاف الثقة مع الثقات,,10,2,"17619,32094"
اختلاف الحديث,,10,2,"22486,92528"
اختلاف الضعيف مع الثقات,,10,2,"21025,29383"
اختلاف المفسرين أسبابه وضوابطه,,10,2,"30806,87963"
اختلاف المفسرين نسخة نهائية,,10,2,"93270,95461"
اختيار الأولى في شرح حديث اختصام الملأ الأعلى,,10,2,"31539,99009"
اخطاء التي يفع فيها الحجاج و العمار,,10,2,"22861,73833"
اخطاء المرأة المتعلقة باللباس والزينة,,10,2,"51094,91770"
اداب النوم والاستيقاظ نهائي,,10,2,"26671,89717"
اربعین فی النکاح-ملا علی قاریؒ,,6,2,"14493,15457"
ارواء الضمآن من فضائل الرحمن,,10,2,"21026,39855"
اسباب النزول للشيخ الواحدي,,10,2,"16981,102696"
استثمار الوقف وطرقه القديمة والحديثة,,10,2,"40817,68571"
استخراج الجدال من القرآن الكريم,,10,2,"68191,78499"
استشهاد الحسين ـ رضي الله عنه ـ بين الحقائق والأوهام,,10,2,"35906,49720"
استقبال رمضان - ڈسکوی,,6,2,"13178,13517"
استقبال رمضان کے لیے 30 اہم ہدایات۔ مولانا محمد یاسر,,6,2,"13179,13519"
استقبال رمضان-گھمن صاحب,,6,2,"13180,13520"
استقبال رمضان۔ تحفظ سنت میڈیا,,6,2,"13181,13521"
استقبال رمضان۔ مفتی محمد تقی عثمانی صاحب,,6,2,"13182,13522"
استقبال رمضان۔مفتی ساجدالرحیم صاحب۔ساہیوال_compressed,,6,2,"13183,13523"
استقبال رمضان۔مفتی منیر احمد صاحب,,6,2,"13184,13524"
استقبال رمضان۔مولانا عبد الکریم ندیم صاحب_compressed,,6,2,"13185,13525"
استقبال رمضان۔مولانا کریم بخش صاحب,,6,2,"13186,13526"
اسراء یا معراج۔بنوریؒ,,6,2,"14542,15256"
اسلام اور خواتین کے حقوق۔مولانا زاہد الراشدی,,6,2,"14809,14825"
اسلام اور سزاءِ قتل-ابو الکلام آزاد,,6,2,"15131,15147"
اسلام عورت اور یورپ-ابو سعد احسان الحق شہباز,,6,2,"14810,14826"
اسلام كا قانون زكاۃ وعشر۔حضرت لدھیانوی شہیدؒ,,6,2,"14374,14402"
اسلام میں امام مہدی کا تصور-مولانا ظفر اقبال ساحب,,6,2,"14220,14734"
اسلام میں زكوۃ كی اہمیت۔ندویؒ,,6,2,"14375,14403"
اسلام میں زکوٰۃ کی اہمیت- مولانا خالد سیف اللہ رحمانی,,6,2,"14376,14404"
اسلام میں شرم وحیاء-قاری نسیم احمد,,6,2,"13198,15672"
اسلام کے نام پر حاصل کردہ مملکت پاکستان۔ بنوریؒ,,6,2,"13931,15584"
اسلامی تقویم کا پہلا مہینہ۔عبد المجید لدھیانوی,,6,2,"13344,15726"
اسلامی سال کا آغاز واختتام-سبق-مفتی محمد صادق,,6,2,"13345,15727"
اسلامی شادی-تھانویؒ,,6,2,"14494,15460"
اسلامی مملکت کی قدر واہمیت۔ حکیم اختر شاہ ؒ,,6,2,"13932,15585"
اسماء اللہ الحسنٰی قواعد معارف اور ایمانی ثمرات,پیرزادہ شفیق الرحمن شاہ الدراوی,9,2,"16076,16443"
اصلاح نفس اور تبلیغی جماعت- قاری طیب صاحب ؒ,,6,2,"13995,14271"
اصول السرخسي ـ محمد بن أحمد السرخسي - part 1,,10,2,"17538,104235"
اصول السرخسي ـ محمد بن أحمد السرخسي - part 2,,10,2,"17539,104236"
اضطراب في المتن,,10,2,"71073,99617"
اعتقاد أهل السنة - part 1,,10,2,"38254,58239"
اعتقاد أهل السنة - part 2,,10,2,"38255,58240"
اعتقاد أهل السنة - part 3,,10,2,"38256,58241"
اعتقاد أهل السنة - part 4,,10,2,"38257,58242"
اعتقاد أهل السنة في الصحابة,,10,2,"42216,69787"
اعتقاد الشيعة الاثنى عشرية سؤال وجواب,,10,2,"68260,99117"
اعتکاف اور شب قدر، حضرت تھانوی رح,,6,2,"13541,13661"
اعتکاف فائلز-ڈسکوی-1444,,6,2,"13542,13553"
اعلام السنة المنشورة لاعتقاد الطائفة الناجية المنصورةحافظ بن احمد الحكمي رحمة الله,,10,2,"36585,58786"
اغتنام_الأوقات_الضائعة_بالأذكار_النافعة,,10,2,"21031,68574"
افتتاح بخاری و ختم بخاری-مفتی زید مظاہری ندوی,,6,2,"14293,14620"
افتتاح بخاری- ڈاکٹر عبد الحی عارفی رحمہ اللہ-1405ھ,,6,2,"14294,14621"
اقامة البرهان على وجوب كسر الأوثان,,10,2,"21013,95826"
اقتراح في تدريس الفقه,,10,2,"39616,42217"
اقناع الضمیر ترجمہ نحو میر طبع قدیمی کتب خانہ,درس نظامی,2,2,"4191,4198"
الآثار المترتبة على الرسوم المتحركة لمحمد السبيعي,,10,2,"22026,46939"
الآداب الإسلامية للناشئة,,10,2,"17483,21032"
الآداب الشرعية في المعاشرة الزوجية,,10,2,"29238,55316"
الآداب للبيهقي - part 3,,10,2,"18023,79986"
الآداب و الأخلاق الشرعية,,10,2,"32101,49357"
الآيات القرآنية الواردة في المستهزئين بالإسلام ودعاته,,10,2,"54627,92767"
الأجوبة المفيدة عن أسئلة المناهج الجديدة,,10,2,"68321,90223"
الأحاديث الضعيفة في رياض الصالحين,,10,2,"17233,99273"
الأحاديث الضعيفة والموضوعة في كتاب - تربية الأولاد في الإسلام,,10,2,"29004,97021"
الأحاديث المرفوعة من التاريخ الكبير للبخاري - part 1,,10,2,"16894,81534"
الأحاديث المرفوعة من التاريخ الكبير للبخاري - part 2,,10,2,"16895,81535"
الأحاديث النبوية في فضائل معاوية بن أبي سفيان,,10,2,"20144,93939"
الأحاديث والآثار التي تكلم عليها شيخ الإسلام ابن تيمية,,10,2,"73731,75898"
الأحاديث والآثار الواردة في التسليم,,10,2,"63541,80628"
الأحاديث والآثار الواردة في سنة الجمعة القبلية,,10,2,"28988,84055"
الأحداث التي تلت حرب الجمل,,10,2,"57187,68576"
الأحكام السلطانية والولايات الدينية,,10,2,"49180,71544"
الأحكام الملمة على الدروس المهمة لعامة الأمة,,10,2,"38275,68334"
الأخلاق النبوية في الصراعات السياسية والعسكرية,,10,2,"42221,93615"
الأدب الشعبي مفهومه وخصائصه,,10,2,"71286,73594"
الأدب المفرد,,10,2,"59378,104233"
الأدلة الرضية للإمام الشوكاني,,10,2,"22775,100862"
الأذكار المتعلقة بالصلوات نهائي,,10,2,"33561,89646"
الأربعون الصغرى للبيهقي,,10,2,"17536,59497"
الأربعون النووية,,10,2,"39617,79987"
الأربعون في المهدي,,10,2,"57293,88619"
الأربعون للطوسي,,10,2,"28731,89100"
الأربعين التي رواها شيخ الإسلام بالسند,,10,2,"81561,105766"
الأربعين في الجهاد,,10,2,"39885,88524"
الأربعين من المساواة,,10,2,"52593,59185"
الأزمة العقيدية بين الأشاعرة و أهل الحديث,,10,2,"30557,101623"
الأسئلة والأجوبة الفقهية المقرونة بالأدلة الشرعية - part 1,,10,2,"18012,29169"
الأسئلة والأجوبة الفقهية المقرونة بالأدلة الشرعية - part 2,,10,2,"18013,29170"
الأسئلة والأجوبة الفقهية المقرونة بالأدلة الشرعية - part 3,,10,2,"18014,29171"
الأسئلة والأجوبة الفقهية المقرونة بالأدلة الشرعية - part 4,,10,2,"18015,29172"
الأسئلة والأجوبة الفقهية المقرونة بالأدلة الشرعية - part 5,,10,2,"18016,29173"
الأسئلة والأجوبة الفقهية المقرونة بالأدلة الشرعية - part 6,,10,2,"18017,29174"
الأسئلة والأجوبة الفقهية المقرونة بالأدلة الشرعية - part 7,,10,2,"18018,29175"
الأسامي والكنى لأبي أحمد الحاكم - part 1,,10,2,"44476,84479"
الأسامي والكنى لأبي أحمد الحاكم - part 2,,10,2,"44477,84480"
الأسامي والكنى لأبي أحمد الحاكم - part 3,,10,2,"44478,84481"
الأسامي والكنى لأبي أحمد الحاكم - part 4,,10,2,"44479,84482"
الأسامي والكنى لأبي أحمد الحاكم - part 5,,10,2,"44480,84483"
الأسباب التي يعتصم بها العبد من الشيطان,,10,2,"29884,78368"
الأسرة في بعض المجتمعات الغربية المعاصرة,,10,2,"40883,42794"
الأسماء المبهمة في الأنباء المحكمة,,10,2,"29384,67660"
الأسماء والصفات نقلا وعقلا,,10,2,"26684,28494"
الأشباه والنظائر - part 1,,10,2,"70975,81150"
الأشباه والنظائر - part 2,,10,2,"70976,81151"
الأشباه والنظائر ـ للإمام تاج الدين السبكى - part 1,,10,2,"53087,70806"
الأشباه والنظائر ـ للإمام تاج الدين السبكى - part 2,,10,2,"53088,70807"
الأصول العامة الجامعة للفتاوى,,10,2,"52598,84596"
الأصول اللسانية في المصادر العربية,,10,2,"17968,68580"
الأصول في النحو - part 1,,10,2,"29552,46595"
الأصول في النحو - part 2,,10,2,"29553,46596"
الأصول في النحو - part 3,,10,2,"29554,46597"
الأصول من علم الأصول,,10,2,"21797,96956"
الأطعمة وأحكام الصيد والذبائح,,10,2,"73599,98475"
الأعلام العلية في مناقب ابن تيمية,,10,2,"51733,85776"
الألفاظ المستعملة في المنطق,,10,2,"42951,99968"
الأمة الإسلامية من جديد وليس الشرق الأوسط الجديد,,10,2,"46949,61771"
الأمر بالمعروف والنهي عن المنكر,,10,2,"46503,86038"
الأمر بالمعروف والنهي عن المنكر للشيخ صالح,,10,2,"90812,101752"
الأمراض والكفارات والطب والرقيات,,10,2,"71232,86333"
الأموال لابن زنجويه - part 1,,10,2,"71410,103117"
الأموال لابن زنجويه - part 2,,10,2,"71411,103118"
الأموال لابن زنجويه - part 3,,10,2,"71412,103119"
الأموال لابن زنجويه - part 4,,10,2,"71413,103120"
الأموال لابن زنجويه - part 5,,10,2,"71414,103121"
الأموال للقاسم بن سلام - part 1,,10,2,"16897,81637"
الأموال للقاسم بن سلام - part 2,,10,2,"16898,81638"
الأموال للقاسم بن سلام - part 3,,10,2,"16899,81639"
الأناجيل الأربعة ورسائل بولس ويوحنا تنفي ألوهية المسيح كما ينفيها القرآن,,10,2,"31148,57330"
الأناجيل والعقيدة,,10,2,"68485,74370"
الأنجيل والصليب,,10,2,"41113,86209"
الأنوار الكاشفة,,10,2,"42211,73576"
الأوجه بين السور للشيخ سلطان المزاحي,,10,2,"33949,50210"
الإباضية الخوارج,,10,2,"40665,101753"
الإبانة - الأشعري,,10,2,"28724,78456"
الإبحار في جمع الأسفار,,10,2,"19675,104163"
الإبداع الدعوي,,10,2,"26687,99632"
الإبطال لنظرية الخلط بين دين الإسلام وغيره من الأديان,,10,2,"81515,101707"
الإتحاف فى الرد على الصحاف,,10,2,"48755,90022"
الإتحافات السنية بالأحاديث القدسية,,10,2,"73058,106050"
الإتقان في علوم القرآن - part 1,,10,2,"70130,70365"
الإتقان في علوم القرآن - part 2,,10,2,"70131,70366"
الإتقان والإحكام فى شرح تحفة الحكام - part 1,,10,2,"17396,80776"
الإتقان والإحكام فى شرح تحفة الحكام - part 2,,10,2,"17397,80777"
الإتقان والإحكام فى شرح تحفة الحكام - part 3,,10,2,"17398,80778"
الإجابة لما استدركته عائشة على الصحابة,,10,2,"71955,89477"
الإجارة المنتهية بالتمليك في الفقه الإسلامي,,10,2,"29186,76268"
الإحداثيات المبتدعة في قراءة جاك بيرك الاستشراقية للقرآن الكريم,,10,2,"44170,57366"
الإخلاص والشرك الأصغر,,10,2,"16723,78471"
الإخلاص والنية,,10,2,"68261,86057"
الإخوان,,10,2,"32115,78300"
الإدراج,,10,2,"42232,71074"
الإذن في إجراء العمليات الطبية أحكامه وأثره,,10,2,"52603,81317"
الإرشادات في تقوية الأحاديث بالشواهد والمتابعات,,10,2,"73587,92001"
الإستعداد للموت وسؤال القبر,,10,2,"44993,104642"
الإستقامة حقيقتها أسبابها وآثارها,,10,2,"17484,46953"
الإستهزاء بالدين وأهله,,10,2,"58848,101728"
الإسرائيليات في تفسير آية الكرسي عرض ونقد أحمد محمد الشرقاوي,,10,2,"87964,92030"
الإسعاف في الكشف عن حقيقة حسن السقاف,,10,2,"94232,99634"
الإسلام بين الإفراط و التفريط,,10,2,"42233,71545"
الإسماعيلية,,10,2,"61475,68573"
الإصابة في تمييز الصحابة - part 1,,10,2,"25552,91385"
الإصابة في تمييز الصحابة - part 2,,10,2,"25553,91386"
الإصابة في تمييز الصحابة - part 3,,10,2,"25554,91387"
الإصابة في تمييز الصحابة - part 4,,10,2,"25555,91388"
الإصابة في تمييز الصحابة - part 5,,10,2,"25556,91389"
الإصابة في تمييز الصحابة - part 6,,10,2,"25557,91390"
الإصابة في تمييز الصحابة - part 7,,10,2,"25558,91391"
الإصابة في تمييز الصحابة - part 8,,10,2,"25559,91392"
الإعجاز والإيجاز للثعالبي,,10,2,"29534,60488"
الإعلام بأن صيام السبت في النفل ليس بحرام,,10,2,"73606,95301"
الإعلام بحدود قواعد الإسلام,,10,2,"63554,98327"
الإعلام بحكم المولد في الإسلام للشيخ أحمد السلمي,,10,2,"60068,84068"
الإعلام بكفر من ابتغى غير الإسلام,,10,2,"69931,86571"
الإفاضة في بيان وجوب الوضوء لكل صلاة على المستحاضة,,10,2,"90246,92032"
الإقناع في الفقه الشافعي للماوردي,,10,2,"88814,96631"
الإقناع والتأثير دراسة تاصيلية دعوية,,10,2,"86582,91209"
الإكمال في ذكر من له رواية في مسند الإمام أحمد من الرجال,,10,2,"28875,82458"
الإلمام بشيء من أحكام الصيام,,10,2,"85601,102650"
الإمام البخاري وكتابه الجامع الصحيح,,10,2,"30840,56638"
الإمامة عند الجعفرية,,10,2,"78521,84070"
الإمامة عند الجمهور والفرق المختلفة,,10,2,"92034,101767"
الإمامة في ضوء الكتاب والسنة - part 1,,10,2,"31615,69937"
الإمامة في ضوء الكتاب والسنة - part 2,,10,2,"31616,69938"
الإمتاع والمؤانسة لأبو حيان التوحيدي,,10,2,"39795,81516"
الإنابة في الحج,,10,2,"36554,102425"
الإنباه على قبائل الرواة 2,,10,2,"60216,89478"
الإنترنت بين الدعوة والمقاهي,,10,2,"21052,40932"
الإنسان بين علو الهمة وهبوطها,,10,2,"52609,63558"
الإنصاف - part 1,,10,2,"22644,70832"
الإنصاف - part 10,,10,2,"22653,70841"
الإنصاف - part 11,,10,2,"22654,70842"
الإنصاف - part 12,,10,2,"22655,70843"
الإنصاف - part 2,,10,2,"22645,70833"
الإنصاف - part 3,,10,2,"22646,70834"
الإنصاف - part 4,,10,2,"22647,70835"
الإنصاف - part 5,,10,2,"22648,70836"
الإنصاف - part 6,,10,2,"22649,70837"
الإنصاف - part 7,,10,2,"22650,70838"
الإنصاف - part 8,,10,2,"22651,70839"
الإنصاف - part 9,,10,2,"22652,70840"
الإنصاف في معرفة الراجح من الخلاف - part 1,,10,2,"17543,59746"
الإنصاف في معرفة الراجح من الخلاف - part 10,,10,2,"17552,59755"
الإنصاف في معرفة الراجح من الخلاف - part 11,,10,2,"17553,59756"
الإنصاف في معرفة الراجح من الخلاف - part 12,,10,2,"17554,59757"
الإنصاف في معرفة الراجح من الخلاف - part 13,,10,2,"17555,59758"
الإنصاف في معرفة الراجح من الخلاف - part 14,,10,2,"17556,59759"
الإنصاف في معرفة الراجح من الخلاف - part 15,,10,2,"17557,59760"
الإنصاف في معرفة الراجح من الخلاف - part 16,,10,2,"17558,59761"
الإنصاف في معرفة الراجح من الخلاف - part 17,,10,2,"17559,59762"
الإنصاف في معرفة الراجح من الخلاف - part 18,,10,2,"17560,59763"
الإنصاف في معرفة الراجح من الخلاف - part 19,,10,2,"17561,59764"
الإنصاف في معرفة الراجح من الخلاف - part 2,,10,2,"17544,59747"
الإنصاف في معرفة الراجح من الخلاف - part 20,,10,2,"17562,59765"
الإنصاف في معرفة الراجح من الخلاف - part 3,,10,2,"17545,59748"
الإنصاف في معرفة الراجح من الخلاف - part 4,,10,2,"17546,59749"
الإنصاف في معرفة الراجح من الخلاف - part 5,,10,2,"17547,59750"
الإنصاف في معرفة الراجح من الخلاف - part 6,,10,2,"17548,59751"
الإنصاف في معرفة الراجح من الخلاف - part 7,,10,2,"17549,59752"
الإنصاف في معرفة الراجح من الخلاف - part 8,,10,2,"17550,59753"
الإنصاف في معرفة الراجح من الخلاف - part 9,,10,2,"17551,59754"
الإيضاح والتبيين لبعض صفات المؤمنين,,10,2,"26693,104643"
الإيضاح والتبيين لما وقع فيه الأكثرون من مشابهة المشركين,,10,2,"68624,88241"
الإيمان لابن تيمية - part 1,,10,2,"41131,80578"
الإيمان لابن تيمية - part 2,,10,2,"41132,80579"
الإيمان لابن منده - part 1,,10,2,"17726,39203"
الإيمان لابن منده - part 2,,10,2,"17727,39204"
الإيمان للعدني,,10,2,"29496,48994"
الإيمان والرد على أهل البدع,,10,2,"47046,98331"
الإيناس بعلم الأنساب للوزير المغربي,,10,2,"39858,60455"
الابداع في تعليم القرآن الكريم,,10,2,"37893,61870"
الاتباع والمزاوجة لابن فارس,,10,2,"71306,81460"
الاختتان,,10,2,"71471,88316"
الاختلاف بسبب خطأ الراوي,,10,2,"71075,92041"
الاختلاف في اسم الراوي ونسبه إذا كان مترددا بين ثقة وضعيف,,10,2,"32126,81221"
الاختلاف في التفسير حقيقته وأسبابه,,10,2,"47938,91860"
الاختيار لتعليل المختار,,10,2,"43268,92882"
الاسباب المفيدة في اكتساب الاخلاق الحميدة,,10,2,"49358,94236"
الاستبانة بعد الخاتمة,,10,2,"33833,101759"
الاستثمار في الأسهم,,10,2,"21059,81085"
الاستذكار - part 1,,10,2,"23634,31764"
الاستشراق ومكانته بين المذاهب الفكرية المعاصرة,,10,2,"26696,34039"
الاستشراق وموقفه من السنة النبوية,,10,2,"36914,89259"
الاستصناع سعد السبر,,10,2,"44080,63564"
الاستعاذة حكم وأحكام,,10,2,"62620,92042"
الاستنفار للذب عن الصحابة الأخيار,,10,2,"28614,47053"
الاضطراب في المتن,,10,2,"92043,104303"
الاضطراب والاختلاف,,10,2,"17623,42922"
الاعتصام,,10,2,"32460,74090"
الاعتقاد,,10,2,"78609,81518"
الاعتقاد للبيهقي,,10,2,"81656,96096"
الاعجاز البلاغي في قصة يوسف عليه السلام,,10,2,"59331,97450"
الاعجاز العلمى بين الحقية والوهم1,,10,2,"58606,101760"
الاعلام بوجوب الهجرة من دار الكفر الى دار الاسلام,,10,2,"86655,98506"
الافتراق .. مفهومه - أسبابه - سبل الوقاية منه,,10,2,"36605,50220"
الاقناع في حل ألفاظ أبي شجاع - part 1,,10,2,"17364,104645"
الاقناع في حل ألفاظ أبي شجاع - part 2,,10,2,"17365,104646"
الاقناع في حل ألفاظ أبي شجاع - part 3,,10,2,"17366,104647"
الامام المہدی-سید بدر العالم میرٹھی صاحب,,6,2,"14221,14735"
الانتصار في الرد على المعتزلة القدرية الأشرار - part 1,,10,2,"18168,36984"
الانتصار في الرد على المعتزلة القدرية الأشرار - part 2,,10,2,"18169,36985"
الانتصار في الرد على المعتزلة القدرية الأشرار - part 3,,10,2,"18170,36986"
الانتصار لحزب الله الموحدين والرد على المجادل عن المشركين,,10,2,"40025,57559"
الايمان بالله,,10,2,"43374,47149"
الباعث الحثيث,,10,2,"39681,49724"
الباعث الحثيث في اختصار علوم الحديث,,10,2,"32093,63545"
البحث العروضي والبلاغي في لسان العرب مع معجم بمصطلحات العروض والبلاغة,,10,2,"26306,60561"
البحر الرائق شرح كنز الدقائق - part 24,,10,2,"41757,80763"
البحر الرائق شرح كنز الدقائق - part 25,,10,2,"41758,80764"
البحر الزخار ـ مسند البزار - part 1,,10,2,"70590,103122"
البحر الزخار ـ مسند البزار - part 2,,10,2,"70591,103123"
البحر الزخار ـ مسند البزار - part 3,,10,2,"70592,103124"
البحر الزخار ـ مسند البزار - part 4,,10,2,"70593,103125"
البحر الزخار ـ مسند البزار - part 5,,10,2,"70594,103126"
البحر الزخار ـ مسند البزار - part 6,,10,2,"70595,103127"
البحر الزخار ـ مسند البزار - part 7,,10,2,"70596,103128"
البحر الزخار ـ مسند البزار - part 8,,10,2,"70597,103129"
البحر الزخار ـ مسند البزار - part 9,,10,2,"70598,103130"
البحر المحيط - part 1,,10,2,"63051,81160"
البحر المحيط - part 2,,10,2,"63052,81161"
البحر المحيط - part 3,,10,2,"63053,81162"
البحر المحيط - part 4,,10,2,"63054,81163"
البحر المحيط - part 5,,10,2,"63055,81164"
البحر المحيط - part 6,,10,2,"63056,81165"
البحر المحيط - part 7,,10,2,"63057,81166"
البحر المحيط - part 8,,10,2,"63058,81167"
البحر المحيط في أصول الفقه - part 1,,10,2,"53170,70981"
البحر المحيط في أصول الفقه - part 2,,10,2,"53171,70982"
البحر المحيط في أصول الفقه - part 3,,10,2,"53172,70983"
البحر المحيط في أصول الفقه - part 4,,10,2,"53173,70984"
البحر المديد - part 1,,10,2,"69724,102573"
البحر المديد - part 2,,10,2,"69725,102574"
البحر المديد - part 3,,10,2,"69726,102575"
البحر المديد - part 4,,10,2,"69727,102576"
البحر المديد - part 5,,10,2,"69728,102577"
البحر المديد - part 6,,10,2,"69729,102578"
البحر المديد - part 7,,10,2,"69730,102579"
البخلاء للجاحظ,,10,2,"71287,97451"
البداية في طريق الهداية,,10,2,"57421,99650"
البداية والنهاية - part 1,,10,2,"65540,85990"
البداية والنهاية - part 10,,10,2,"65549,85999"
البداية والنهاية - part 11,,10,2,"65550,86000"
البداية والنهاية - part 12,,10,2,"65551,86001"
البداية والنهاية - part 13,,10,2,"65552,86002"
البداية والنهاية - part 14,,10,2,"65553,86003"
البداية والنهاية - part 2,,10,2,"65541,85991"
البداية والنهاية - part 3,,10,2,"65542,85992"
البداية والنهاية - part 4,,10,2,"65543,85993"
البداية والنهاية - part 5,,10,2,"65544,85994"
البداية والنهاية - part 6,,10,2,"65545,85995"
البداية والنهاية - part 7,,10,2,"65546,85996"
البداية والنهاية - part 8,,10,2,"65547,85997"
البداية والنهاية - part 9,,10,2,"65548,85998"
البدر الطالع بمحاسن من بعد القرن السابع - part 3,,10,2,"25574,41322"
البدع وأثرها السيء في الأمة,,10,2,"32134,94413"
البدع والمخالفات في الحج,,10,2,"31551,75116"
البدور الزاهرة,,10,2,"38519,80185"
البديع لابن المعتز,,10,2,"36477,81432"
البراهين على ألا بدعة حسنة في الدين والرد على شبه المخالفين,,10,2,"84085,87018"
البرزخ-رسالة دكتوراة للشيخ محمد حيدر,,10,2,"70934,94423"
البرنامج اليومي لربة المنزل في رمضان,,10,2,"28255,82286"
البرهان المؤيد,,10,2,"31901,90208"
البرهان في أصول الفقه - part 1,,10,2,"63984,89192"
البرهان في أصول الفقه - part 2,,10,2,"63985,89193"
البرهان في تبرئة أبي هريرة من البهتان,,10,2,"27114,49725"
البسيط في علم التجويد,,10,2,"71654,103484"
البشارة في تحقيق الاشارة,,10,2,"86590,89101"
البعث لابن أبي داود السجستاني,,10,2,"18441,84087"
البلاليون,,10,2,"42255,62206"
البلوتوث لعادل العبدالجبار,,10,2,"30877,78522"
البناية شرح الهداية - part 1,,10,2,"45518,78082"
البناية شرح الهداية - part 10,,10,2,"45527,78091"
البناية شرح الهداية - part 11,,10,2,"45528,78092"
البناية شرح الهداية - part 12,,10,2,"45529,78093"
البناية شرح الهداية - part 13,,10,2,"45530,78094"
البناية شرح الهداية - part 2,,10,2,"45519,78083"
البناية شرح الهداية - part 3,,10,2,"45520,78084"
البناية شرح الهداية - part 4,,10,2,"45521,78085"
البناية شرح الهداية - part 5,,10,2,"45522,78086"
البناية شرح الهداية - part 6,,10,2,"45523,78087"
البناية شرح الهداية - part 7,,10,2,"45524,78088"
البناية شرح الهداية - part 8,,10,2,"45525,78089"
البناية شرح الهداية - part 9,,10,2,"45526,78090"
البهائية,,10,2,"57658,84088"
البوذية,,10,2,"72310,99655"
البيان لخطر العلمانية على الدين الأخلاق وشريعة القرآن,,10,2,"36609,98316"
البيان والتبيين لضوابط ووسائل تمييز الرواة المهملين,,10,2,"51734,84089"
البيان والتبيين للجاحظ - part 1,,10,2,"65728,104164"
البيان والتبيين للجاحظ - part 2,,10,2,"65729,104165"
التأدب مع الرسول في ضوء الكتاب والسنة,,10,2,"53540,60317"
التأريخ و الوفيات - 16صفحة ـ عامودان,,10,2,"29494,57424"
التأصيل في طلب العلم,,10,2,"32140,98424"
التاريخ الكبير - part 1,,10,2,"67710,83226"
التاريخ الكبير - part 2,,10,2,"67711,83227"
التاريخ الكبير - part 3,,10,2,"67712,83228"
التاريخ الكبير - part 4,,10,2,"67713,83229"
التاريخ الكبير - part 5,,10,2,"67714,83230"
التاريخ الكبير - part 6,,10,2,"67715,83231"
التاريخ الكبير - part 7,,10,2,"67716,83232"
التاريخ الكبير - part 8,,10,2,"67717,83233"
التبشير بالتشيع,,10,2,"64029,78817"
التبليغ خلف الإمام وما فيه من المحاذير,,10,2,"84090,98498"
التبيان شرح نواقض الإسلام,,10,2,"28661,94486"
التبيان في إعراب القرآن - part 1,,10,2,"31887,96154"
التبيان في إعراب القرآن - part 2,,10,2,"31888,96155"
التبيان في نزول القرآن,,10,2,"28830,62218"
التبيان لكل شئ من خلال القرآن,,10,2,"36610,47940"
التحبير في المعجم الكبير - part 1,,10,2,"85779,93653"
التحبير في المعجم الكبير - part 2,,10,2,"85780,93654"
التحجيل في تخريج ما لم يخرج في إرواء الغليل,,10,2,"31763,83495"
التحذير من تعظيم الآثار غير المشروعة,,10,2,"71996,78828"
التحرير والتنوير,,10,2,"21771,41661"
التحصين ضد الجريمة في الشريعة الإسلامية,,10,2,"32142,104087"
التحف في مذاهب السلف,,10,2,"101766,105699"
التحفة السنية شرح المقدمة الآجرومية لمحمد محيى الدين عبدالحميد,,10,2,"42260,78370"
التحفة العراقية في الأعمال القلبية,,10,2,"27147,99063"
التحفة العنبرية في شرح تحفة الأطفال,,10,2,"79610,89701"
التخطيط في خدمة الدعوة إلى الله,,10,2,"64122,90813"
التدليس والمدلسون لحماد الأنصاري,,10,2,"19347,71076"
التدوين في أخبار قزوين - part 1,,10,2,"39751,78276"
التدوين في أخبار قزوين - part 2,,10,2,"39752,78277"
التذكار بشرف أهل الحديث وحفظة الآثار,,10,2,"81222,99660"
التذكرة في أحوال الموتى وأمور الآخرة - part 1,,10,2,"39558,101768"
التذكرة في أحوال الموتى وأمور الآخرة - part 2,,10,2,"39559,101769"
التذكرة في علوم الحديث,,10,2,"21075,89260"
التربية الجنسية للطفل,,10,2,"90033,97694"
التربية الجهادية في ضوء الكتاب والسنة,,10,2,"18027,104837"
الترخص بمسائل الخلاف ضوابطه وأقوال العلماء فيه,,10,2,"17464,29287"
الترف .. مظاهره وأسبابه وعلاجه,,10,2,"24517,46965"
الترويح النبوي,,10,2,"52669,78526"
التسهيل لعلوم التنزيل لابن جزي,,10,2,"48266,102827"
التصحيف والتحريف,,10,2,"84097,104304"
التصور السياسي للحركة الإسلامية,,10,2,"72031,74312"
التطبيقات الفقهية لقاعدة اليسير مغتفر في البيوع - part 1,,10,2,"39624,44693"
التطبيقات الفقهية لقاعدة اليسير مغتفر في البيوع - part 10,,10,2,"39633,44702"
التطبيقات الفقهية لقاعدة اليسير مغتفر في البيوع - part 2,,10,2,"39625,44694"
التطبيقات الفقهية لقاعدة اليسير مغتفر في البيوع - part 3,,10,2,"39626,44695"
التطبيقات الفقهية لقاعدة اليسير مغتفر في البيوع - part 4,,10,2,"39627,44696"
التطبيقات الفقهية لقاعدة اليسير مغتفر في البيوع - part 5,,10,2,"39628,44697"
التطبيقات الفقهية لقاعدة اليسير مغتفر في البيوع - part 6,,10,2,"39629,44698"
التطبيقات الفقهية لقاعدة اليسير مغتفر في البيوع - part 7,,10,2,"39630,44699"
التطبيقات الفقهية لقاعدة اليسير مغتفر في البيوع - part 8,,10,2,"39631,44700"
التطبيقات الفقهية لقاعدة اليسير مغتفر في البيوع - part 9,,10,2,"39632,44701"
التعديل والتجريح - part 1,,10,2,"20150,30844"
التعديل والتجريح - part 2,,10,2,"20151,30845"
التعديل والتجريح - part 3,,10,2,"20152,30846"
التعريف بالأنساب والتنويه بذوي الأحساب,,10,2,"17956,57046"
التعريف ببعض علوم الإسلام الحنيف,,10,2,"39862,57882"
التعريفات الندية على المنظومة البيقونية,,10,2,"32127,83712"
التعليقات البازية على الطحاوية,,10,2,"48483,54138"
التفسير,,10,2,"26708,83391"
التفسير الموضوعي لسورة المنافقون,,10,2,"34129,100652"
التفسير الميسر - part 1,,10,2,"38166,87840"
التفسير الميسر - part 2,,10,2,"38167,87841"
التفسير من سنن سعيد بن منصور,,10,2,"28229,79998"
التفسير من سنن سعيد بن منصور - part 1,,10,2,"48282,58712"
التفسير من سنن سعيد بن منصور - part 2,,10,2,"48283,58713"
التفسير من سنن سعيد بن منصور - part 3,,10,2,"48284,58714"
التفسير من سنن سعيد بن منصور - part 4,,10,2,"48285,58715"
التفسير والمفسرون - د. محمد حسين الذهبى - part 1,,10,2,"48942,80152"
التفسير والمفسرون - د. محمد حسين الذهبى - part 2,,10,2,"48943,80153"
التفسير والمفسرون - د. محمد حسين الذهبى - part 3,,10,2,"48944,80154"
التفسير والمفسرون - د. محمد حسين الذهبى - part 4,,10,2,"48945,80155"
التفسير والمفسرون - د. محمد حسين الذهبى - part 5,,10,2,"48946,80156"
التفكير العلمي والإبداعي,,10,2,"63590,82796"
التقصير في تربية الأولاد,,10,2,"29885,86599"
التقوى,,10,2,"74973,81522"
التقييد والإيضاح لقولهم لا مشاحة في الإصطلاح,,10,2,"36616,92735"
التكفير حكمه وضوابطه والغلو فيه,,10,2,"47468,79874"
التكفير عند الرافضة,,10,2,"105107,106557"
التكفير وضوابطه لسفر الحوالي,,10,2,"63591,78969"
التكميل لما فات تخريجه من إرواء الغليل,,10,2,"20593,52236"
التلخيص الحبير في تخريج أحاديث الرافعي الكبير - part 1,,10,2,"31754,49010"
التلخيص الحبير في تخريج أحاديث الرافعي الكبير - part 2,,10,2,"31755,49011"
التلخيص الحبير في تخريج أحاديث الرافعي الكبير - part 3,,10,2,"31756,49012"
التلخيص الحبير في تخريج أحاديث الرافعي الكبير - part 4,,10,2,"31757,49013"
التمهيد لشرح كتاب التوحيد - part 1,,10,2,"87288,96062"
التمهيد لشرح كتاب التوحيد - part 2,,10,2,"87289,96063"
التمييز للإمام مسلم,,10,2,"32105,92048"
التنبيه على المخالفات العقدية في فتح الباري,,10,2,"39248,99671"
التنبيه في الفقه الشافعي,,10,2,"29152,92068"
التنبيهات اللطيفة فيما احتوت عليه الواسطية من المباحث المنيفة,,10,2,"78979,89509"
التنبيهات على أغاليط الرواة,,10,2,"36478,89261"
التنصير,,10,2,"36617,91232"
التنويع في اذكار الصلاة,,10,2,"57433,105396"
التواضع والخمول لابن أبي الدنيا,,10,2,"78532,88525"
التوبة لأبو إسحاق الإلبيري,,10,2,"26711,51121"
التوبيخ والتنبيه لأبو الشيخ,,10,2,"57434,81113"
التوثيق والاشهاد للنشر,,10,2,"32812,37770"
التوحيد لا بن رجب,,10,2,"75129,96083"
التوسط والاقتصاد في أن الكفر يكون بالقول أو الفعل أو الاعتقاد,,10,2,"87325,103103"
التوصل إلى حقيقة التوسل,,10,2,"59175,79021"
التوكل على الله,,10,2,"36414,78304"
الثقافة العربية بين الأصالة والمعاصر,,10,2,"21096,78536"
الجامع الصغير,,10,2,"44376,74335"
الجامع الصغير من حديث البشير النذير - part 1,,10,2,"41656,91714"
الجامع الصغير من حديث البشير النذير - part 2,,10,2,"41657,91715"
الجامع في الخاتم للبيهقي,,10,2,"97570,103132"
الجامع في الرسائل الدعوية - part 1,,10,2,"96927,101776"
الجامع في الرسائل الدعوية - part 2,,10,2,"96928,101777"
الجامع في الرسائل الدعوية - part 3,,10,2,"96929,101778"
الجامع في طلب العلم الشريف - part 1,,10,2,"30759,99689"
الجامع في طلب العلم الشريف - part 2,,10,2,"30760,99690"
الجامع لأحكام القرآن - part 1,,10,2,"49235,79678"
الجامع لأحكام القرآن - part 10,,10,2,"49244,79687"
الجامع لأحكام القرآن - part 11,,10,2,"49245,79688"
الجامع لأحكام القرآن - part 12,,10,2,"49246,79689"
الجامع لأحكام القرآن - part 13,,10,2,"49247,79690"
الجامع لأحكام القرآن - part 14,,10,2,"49248,79691"
الجامع لأحكام القرآن - part 15,,10,2,"49249,79692"
الجامع لأحكام القرآن - part 16,,10,2,"49250,79693"
الجامع لأحكام القرآن - part 17,,10,2,"49251,79694"
الجامع لأحكام القرآن - part 18,,10,2,"49252,79695"
الجامع لأحكام القرآن - part 19,,10,2,"49253,79696"
الجامع لأحكام القرآن - part 2,,10,2,"49236,79679"
الجامع لأحكام القرآن - part 20,,10,2,"49254,79697"
الجامع لأحكام القرآن - part 3,,10,2,"49237,79680"
الجامع لأحكام القرآن - part 4,,10,2,"49238,79681"
الجامع لأحكام القرآن - part 5,,10,2,"49239,79682"
الجامع لأحكام القرآن - part 6,,10,2,"49240,79683"
الجامع لأحكام القرآن - part 7,,10,2,"49241,79684"
الجامع لأحكام القرآن - part 8,,10,2,"49242,79685"
الجامع لأحكام القرآن - part 9,,10,2,"49243,79686"
الجامع لأخلاق الراوي وآداب السامع للخطيب البغدادي - part 1,,10,2,"16900,104777"
الجامع لأخلاق الراوي وآداب السامع للخطيب البغدادي - part 2,,10,2,"16901,104778"
الجامع لأخلاق الراوي وآداب السامع للخطيب البغدادي - part 3,,10,2,"16902,104779"
الجامع لأخلاق الراوي وآداب السامع للخطيب البغدادي - part 4,,10,2,"16903,104780"
الجامع لأخلاق الراوي وآداب السامع للخطيب البغدادي - part 5,,10,2,"16904,104781"
الجامع لفتاوى ومقالات العلماء في المولد النبوي - part 1,,10,2,"79899,99134"
الجامع لفتاوى ومقالات العلماء في المولد النبوي - part 10,,10,2,"79908,99143"
الجامع لفتاوى ومقالات العلماء في المولد النبوي - part 11,,10,2,"79909,99144"
الجامع لفتاوى ومقالات العلماء في المولد النبوي - part 12,,10,2,"79910,99145"
الجامع لفتاوى ومقالات العلماء في المولد النبوي - part 13,,10,2,"79911,99146"
الجامع لفتاوى ومقالات العلماء في المولد النبوي - part 14,,10,2,"79912,99147"
الجامع لفتاوى ومقالات العلماء في المولد النبوي - part 15,,10,2,"79913,99148"
الجامع لفتاوى ومقالات العلماء في المولد النبوي - part 16,,10,2,"79914,99149"
الجامع لفتاوى ومقالات العلماء في المولد النبوي - part 17,,10,2,"79915,99150"
الجامع لفتاوى ومقالات العلماء في المولد النبوي - part 18,,10,2,"79916,99151"
الجامع لفتاوى ومقالات العلماء في المولد النبوي - part 19,,10,2,"79917,99152"
الجامع لفتاوى ومقالات العلماء في المولد النبوي - part 2,,10,2,"79900,99135"
الجامع لفتاوى ومقالات العلماء في المولد النبوي - part 3,,10,2,"79901,99136"
الجامع لفتاوى ومقالات العلماء في المولد النبوي - part 4,,10,2,"79902,99137"
الجامع لفتاوى ومقالات العلماء في المولد النبوي - part 5,,10,2,"79903,99138"
الجامع لفتاوى ومقالات العلماء في المولد النبوي - part 6,,10,2,"79904,99139"
الجامع لفتاوى ومقالات العلماء في المولد النبوي - part 7,,10,2,"79905,99140"
الجامع لفتاوى ومقالات العلماء في المولد النبوي - part 8,,10,2,"79906,99141"
الجامع لفتاوى ومقالات العلماء في المولد النبوي - part 9,,10,2,"79907,99142"
الجامع للمواضيع الدعوية عن الحج,,10,2,"47550,63193"
الجامع لمفردات الأدوية والأغذية - part 1,,10,2,"34112,89356"
الجامع لمفردات الأدوية والأغذية - part 2,,10,2,"34113,89357"
الجامع لمفردات الأدوية والأغذية - part 3,,10,2,"34114,89358"
الجد الحثيث في بيان ما ليس بحديث للعامري,,10,2,"52135,70640"
الجرح والتعديل - part 10,,10,2,"72515,80612"
الجرح والتعديل - part 11,,10,2,"72516,80613"
الجرح والتعديل - part 12,,10,2,"72517,80614"
الجرح والتعديل - part 13,,10,2,"72518,80615"
الجزرية,,10,2,"17096,96403"
الجزية في الإسلام,,10,2,"73679,96091"
الجمعة .. آداب وأحكام دراسة فقهية مقارنة,,10,2,"19387,21116"
الجمعة وفضلها لأحمد بن علي المروزي,,10,2,"38479,40029"
الجنة دار الأبرار والطريق الموصل إليها,,10,2,"17486,78538"
الجهاد لابن أبي عاصم,,10,2,"29241,40033"
الجهاد لابن المبارك,,10,2,"39560,71547"
الجواب الباهر في زوار المقابر,,10,2,"73684,82850"
الجواب الصحيح لمن بدل دين المسيح - part 1,,10,2,"91250,98844"
الجواب الصحيح لمن بدل دين المسيح - part 2,,10,2,"91251,98845"
الجواب الصحيح لمن بدل دين المسيح - part 3,,10,2,"91252,98846"
الجوال آداب وأحكام,,10,2,"46976,92109"
الجوال آداب وتنبهيات,,10,2,"57438,92589"
الجوانب الروحية للتداوي,,10,2,"49328,84748"
الجواهر الهريرية من كلام خير البرية - part 4,,10,2,"49056,104655"
الجوع - part 1,,10,2,"46504,86062"
الجوع - part 2,,10,2,"46505,86063"
الجوهر النفيس في سياسة الرئيس,,10,2,"23675,101569"
الجوهرة النيرة - part 1,,10,2,"84987,100388"
الجوهرة النيرة - part 2,,10,2,"84988,100389"
الجوهرة النيرة - part 3,,10,2,"84989,100390"
الجوهرة النيرة - part 4,,10,2,"84990,100391"
الجوهرة النيرة - part 5,,10,2,"84991,100392"
الجوهرة النيرة - part 6,,10,2,"84992,100393"
الحاوي للفتاوي للسيوطي - part 1,,10,2,"31639,44548"
الحاوي للفتاوي للسيوطي - part 2,,10,2,"31640,44549"
الحب بين الله وعباده,,10,2,"60094,92110"
الحب في الله والبغض في الله,,10,2,"16892,99719"
الحث على اتباع السنة والتحذير من البدع وبيان خطرها,,10,2,"82455,102421"
الحج عبادة وميدان دعو ة,,10,2,"47555,83273"
الحج والعمرة,,10,2,"41507,74584"
الحجاب ... إيمان .. طهارة .. تقوى,,10,2,"19210,68610"
الحجاج بن يوسف الثقفي في ميزان أهل السنة والجماعة,,10,2,"28729,32205"
الحد الفاصل الرامهرمزي,,10,2,"29598,71078"
الحداثة في ميزان الإسلام,,10,2,"30558,60568"
الحديث المعلول قواعد وضوابط,,10,2,"84061,84094"
الحديث حجة بنفسه,,10,2,"52413,52444"
الحروف,,10,2,"64166,92588"
الحساب الفلكي بين القطعية والاضطراب,,10,2,"68611,92122"
الحساب الفلكي لجبر الدوسري - part 1,,10,2,"81524,105305"
الحساب الفلكي لجبر الدوسري - part 10,,10,2,"81533,105314"
الحساب الفلكي لجبر الدوسري - part 2,,10,2,"81525,105306"
الحساب الفلكي لجبر الدوسري - part 3,,10,2,"81526,105307"
الحساب الفلكي لجبر الدوسري - part 4,,10,2,"81527,105308"
الحساب الفلكي لجبر الدوسري - part 5,,10,2,"81528,105309"
الحساب الفلكي لجبر الدوسري - part 6,,10,2,"81529,105310"
الحساب الفلكي لجبر الدوسري - part 7,,10,2,"81530,105311"
الحساب الفلكي لجبر الدوسري - part 8,,10,2,"81531,105312"
الحساب الفلكي لجبر الدوسري - part 9,,10,2,"81532,105313"
الحشر,,10,2,"47557,101785"
الحضارة الإسلامية بين أصالة الماضي وآمال المستقبل - part 1,,10,2,"26719,91281"
الحضارة الإسلامية بين أصالة الماضي وآمال المستقبل - part 10,,10,2,"26728,91290"
الحضارة الإسلامية بين أصالة الماضي وآمال المستقبل - part 11,,10,2,"26729,91291"
الحضارة الإسلامية بين أصالة الماضي وآمال المستقبل - part 12,,10,2,"26730,91292"
الحضارة الإسلامية بين أصالة الماضي وآمال المستقبل - part 13,,10,2,"26731,91293"
الحضارة الإسلامية بين أصالة الماضي وآمال المستقبل - part 14,,10,2,"26732,91294"
الحضارة الإسلامية بين أصالة الماضي وآمال المستقبل - part 15,,10,2,"26733,91295"
الحضارة الإسلامية بين أصالة الماضي وآمال المستقبل - part 16,,10,2,"26734,91296"
الحضارة الإسلامية بين أصالة الماضي وآمال المستقبل - part 17,,10,2,"26735,91297"
الحضارة الإسلامية بين أصالة الماضي وآمال المستقبل - part 18,,10,2,"26736,91298"
الحضارة الإسلامية بين أصالة الماضي وآمال المستقبل - part 2,,10,2,"26720,91282"
الحضارة الإسلامية بين أصالة الماضي وآمال المستقبل - part 3,,10,2,"26721,91283"
الحضارة الإسلامية بين أصالة الماضي وآمال المستقبل - part 4,,10,2,"26722,91284"
الحضارة الإسلامية بين أصالة الماضي وآمال المستقبل - part 5,,10,2,"26723,91285"
الحضارة الإسلامية بين أصالة الماضي وآمال المستقبل - part 6,,10,2,"26724,91286"
الحضارة الإسلامية بين أصالة الماضي وآمال المستقبل - part 7,,10,2,"26725,91287"
الحضارة الإسلامية بين أصالة الماضي وآمال المستقبل - part 8,,10,2,"26726,91288"
الحضارة الإسلامية بين أصالة الماضي وآمال المستقبل - part 9,,10,2,"26727,91289"
الحطة في ذكر الصحاح الستة,,10,2,"86251,104306"
الحق المستبين في بيان ضلال اللحيدي حسين,,10,2,"89511,92123"
الحق الواضح المبين في الذب عن عرض الصادق الأمين,,10,2,"73712,89303"
الحقيقة الجلية في حرمة العادة السرية,,10,2,"68612,84228"
الحقيقة الجلية في كون عشائر العراق عربية سنية,,10,2,"40034,73713"
الحقيقة الشرعية للبرمجة اللغوية العصبية,,10,2,"29599,69169"
الحكم بغير ما أنزل الله,,10,2,"21140,59183"
الحكمة من ارسال الرسل,,10,2,"63661,70097"
الحل القصدي للغة في مواجهة الاعتباطية لعالم سبيط النيلي,,10,2,"75130,89420"
الحلة الذهبية لتيسير التحفة السنية,,10,2,"92125,97308"
الحليةفي إعفاء اللحية,,10,2,"39865,92126"
الحوار القرآني بحث مقدم لمؤتمر الحوار 1428هـ 2007,,10,2,"22480,69670"
الحوافز التجارية التسويقية وأحكامها في الفقه الإسلامي,,10,2,"24247,65526"
الحوالة والسفتجة بين الدراسة والتطبيق - part 1,,10,2,"73661,92092"
الحوالة والسفتجة بين الدراسة والتطبيق - part 2,,10,2,"73662,92093"
الحوالة والسفتجة بين الدراسة والتطبيق - part 3,,10,2,"73663,92094"
الحوالة والسفتجة بين الدراسة والتطبيق - part 4,,10,2,"73664,92095"
الحياء في حياة المسلم,,10,2,"63674,89104"
الخراج لأبي يوسف,,10,2,"60036,96558"
الخراج ليحيى بن آدم - part 1,,10,2,"88319,104792"
الخراج ليحيى بن آدم - part 2,,10,2,"88320,104793"
الخصائص اللغوية لراوية حفص,,10,2,"32230,104575"
الخصال الموجبة لظل العرش - part 1,,10,2,"42423,73734"
الخصال الموجبة لظل العرش - part 10,,10,2,"42432,73743"
الخصال الموجبة لظل العرش - part 11,,10,2,"42433,73744"
الخصال الموجبة لظل العرش - part 12,,10,2,"42434,73745"
الخصال الموجبة لظل العرش - part 2,,10,2,"42424,73735"
الخصال الموجبة لظل العرش - part 3,,10,2,"42425,73736"
الخصال الموجبة لظل العرش - part 4,,10,2,"42426,73737"
الخصال الموجبة لظل العرش - part 5,,10,2,"42427,73738"
الخصال الموجبة لظل العرش - part 6,,10,2,"42428,73739"
الخصال الموجبة لظل العرش - part 7,,10,2,"42429,73740"
الخصال الموجبة لظل العرش - part 8,,10,2,"42430,73741"
الخصال الموجبة لظل العرش - part 9,,10,2,"42431,73742"
الخطبة أحكام وآداب,,10,2,"17970,32231"
الخطر اليهودي بروتوكولات حكماء صهيون,,10,2,"50178,104657"
الخطوط العريضة للأسس التي قام عليها دين الشيعة الإمامية الاثني عشرية,,10,2,"28165,63677"
الخلاصة في فقه الابتلاء,,10,2,"98631,99771"
الخلاصة في فقه القلوب,,10,2,"18536,73755"
الخمسين من طب سيد الأولين والآخرين,,10,2,"52817,103577"
الخير المأمول بتبسيط كتاب جمع المحصول,,10,2,"36630,81169"
الدر الثمين والمورد المعين - part 1,,10,2,"59697,61715"
الدر الثمين والمورد المعين - part 2,,10,2,"59698,61716"
الدر الثمين والمورد المعين - part 3,,10,2,"59699,61717"
الدرة المضيئة,,10,2,"52323,68616"
الدرر البهية في المسائل الفقهية,,10,2,"75151,85603"
الدرر البهية في المسائل الفقهية وعليه الغرر النقية,,10,2,"40681,60070"
الدرر الكامنة في أعيان المئة الثامنة - part 1,,10,2,"25617,31472"
الدرر الكامنة في أعيان المئة الثامنة - part 2,,10,2,"25618,31473"
الدرر اللامعة في نصح فتاة الجامعة,,10,2,"63690,82287"
الدرر المنتثرة في الأحاديث المشتهرة,,10,2,"75231,91723"
الدرر المنثور في الأحاديث المشتهرة,,10,2,"39866,52239"
الدعاء,,10,2,"63380,63692"
الدعاء المشروع في الحج,,10,2,"28142,33698"
الدعاء في الحج,,10,2,"51066,69167"
الدعاء لمحمد بن فضيل الضبي,,10,2,"40040,103133"
الدعاء لولاة الأمر,,10,2,"38478,50199"
الدعوة إلى الإسلام في أوروبا,,10,2,"40935,53552"
الدعوة إلى الله في أقطار مختلفة,,10,2,"71373,86614"
الدعوة إلى الله وأخلاق الدعاة,,10,2,"82537,101791"
الدعوة إلى تحرير المرأة,,10,2,"44077,90034"
الدعوة الفردية منهج سلفى,,10,2,"32245,98632"
الدعوة عن طريق رسائل الجوال,,10,2,"19678,21871"
الدعوة ووسائل الاتصال الحديثة,,10,2,"30918,73761"
الدفاتر المستعملة,,10,2,"36632,63511"
الدلائل والإشارات على كشف الشبهات1,,10,2,"44165,96097"
الدليل إلى المتون العلمية,,10,2,"71934,78548"
الدليل إلى الوسائل والأفكار الدعوية,,10,2,"40936,74036"
الدليل الطبي للمريض في شهر الصيام,,10,2,"28258,29491"
الدولة الأموية عوامل الإزدهار وتداعيات الإنهيار - part 1,,10,2,"71238,86004"
الدولة الأموية عوامل الإزدهار وتداعيات الإنهيار - part 2,,10,2,"71239,86005"
الدولة الأموية عوامل الإزدهار وتداعيات الإنهيار - part 3,,10,2,"71240,86006"
الدولة الأموية عوامل الإزدهار وتداعيات الإنهيار - part 4,,10,2,"71241,86007"
الدولة الزنكية - part 1,,10,2,"33919,93773"
الدولة الزنكية - part 2,,10,2,"33920,93774"
الديباج المذهب في معرفة أعيان علماء المذهب,,10,2,"46068,49514"
الديمقراطية آثار وثمرات,,10,2,"18043,105427"
الدين الصحيح يحل جميع المشاكل,,10,2,"26747,87812"
الذكر الجماعي بين الاتباع والابتداع,,10,2,"81087,104167"
الرأسمالية,,10,2,"19990,98317"
الرؤية للدارقطني,,10,2,"38480,89642"
الرافضة وطهارة المولد,,10,2,"79407,92187"
الربا وبدائله في الإسلام,,10,2,"44786,87842"
الرحبية,,10,2,"22545,33295"
الرحلة في طلب الحديث,,10,2,"59380,99631"
الرد الصارم على المتنبيء السوداني أبي القاسم,,10,2,"21240,98461"
الرد الوافر على من زعم أن من سمى ابن تيمية شيخ الإسلام كافر,,10,2,"31168,49734"
الرد على أصول الرافضة مفهرسا - part 1,,10,2,"62667,79416"
الرد على أصول الرافضة مفهرسا - part 2,,10,2,"62668,79417"
الرد على أصول الرافضة مفهرسا - part 3,,10,2,"62669,79418"
الرد على أصول الرافضة مفهرسا - part 4,,10,2,"62670,79419"
الرد على الأخنائي,,10,2,"21977,106119"
الرد على الطاعن في أبي هريرة رضي الله عنه,,10,2,"37774,53542"
الرد على جريدة الوطن - مقال هدم التماثيل من منظور اسلامي,,10,2,"32279,94271"
الرد على حسن المالكي لسليمان العودة,,10,2,"73466,92035"
الرد على من زعم أن الخضر حي,,10,2,"38493,82392"
الرد على من عظم الفلاسفة الملاحدة,,10,2,"57452,99822"
الردعلى الرافضة محمد بن عبدالوهاب,,10,2,"74363,95309"
الرسائل الواردة,,10,2,"21244,78551"
الرسالة - part 1,,10,2,"17568,104243"
الرسالة - part 2,,10,2,"17569,104244"
الرسالة الزكية في ثناء الأئمة على ابن تيمية,,10,2,"41326,71374"
الرسالة القبرصية,,10,2,"19151,93539"
الرسالة المنسوبة إلى شيخ الإسلام ابن تيمية,,10,2,"72333,97579"
الرعب المدمر,,10,2,"37813,73807"
الرقية الشرعية التي يرقي المسلم بها نفسه وأهله,,10,2,"39747,42506"
الرواة المتروكون في مسند الإمام أحمد جمع ودراسة,,10,2,"34128,93257"
الروض الأنف - part 1,,10,2,"71210,101351"
الروض الأنف - part 2,,10,2,"71211,101352"
الروض الأنف - part 3,,10,2,"71212,101353"
الروض الأنف - part 4,,10,2,"71213,101354"
الروض الباسم لابن الوزير - part 1,,10,2,"21045,21079"
الروض الباسم لابن الوزير - part 2,,10,2,"21046,21080"
الروضة الندية شرح الدرر البهية - part 1,,10,2,"33663,61521"
الروضة الندية شرح الدرر البهية - part 2,,10,2,"33664,61522"
الزاد في أحاديث الجهاد,,10,2,"52863,70599"
الزكاة,,10,2,"54243,78552"
الزهد الكبير للبيهقي - part 1,,10,2,"29748,59189"
الزهد الكبير للبيهقي - part 2,,10,2,"29749,59190"
الزهد لأبي حاتم الرازي,,10,2,"40051,70106"
الزهد لأبي داود - part 1,,10,2,"50201,80000"
الزهد لأبي داود - part 2,,10,2,"50202,80001"
الزهد لأحمد بن حنبل,,10,2,"60806,88321"
الزهد لأسد بن موسى,,10,2,"71645,96104"
الزهد لابن المبارك,,10,2,"49367,89693"
الزهد للمعافى بن عمران الموصلي,,10,2,"97680,103135"
الزهد لوكيع - part 1,,10,2,"16906,18519"
الزهد لوكيع - part 2,,10,2,"16907,18520"
الزهد والورع والعبادة,,10,2,"68231,93580"
الزهر الفاتح في ذكر من تنزه عن الذنوب والقبائح,,10,2,"60095,89363"
الزهر النضر في أخبار الخضر لابن حجر,,10,2,"32297,48740"
الزيارة الشرعية والزيارة البدعية,,10,2,"38501,100324"
الزيدية,,10,2,"40669,92235"
السبحة تاريخها وحكمها,,10,2,"54252,85606"
السبعة في القراءات,,10,2,"60816,80171"
السحر و الشعوذة في القنوات الفضائية,,10,2,"26752,102672"
السر المصون في رواية قالون - part 1,,10,2,"28303,63363"
السر المصون في رواية قالون - part 2,,10,2,"28304,63364"
السلاجقة - part 1,,10,2,"51747,97170"
السلاجقة - part 2,,10,2,"51748,97171"
السلب ومظاهره في العربية,,10,2,"39812,71375"
السلسة الضعيفة - part 1,,10,2,"73438,73925"
السلسة الضعيفة - part 2,,10,2,"73439,73926"
السلسة الضعيفة - part 3,,10,2,"73440,73927"
السلسة الضعيفة - part 4,,10,2,"73441,73928"
السلسة الضعيفة - part 5,,10,2,"73442,73929"
السلسلة الصحيحة المجلدات الكاملة 1-9 - part 1,,10,2,"42113,83754"
السلسلة الصحيحة المجلدات الكاملة 1-9 - part 10,,10,2,"42122,83763"
السلسلة الصحيحة المجلدات الكاملة 1-9 - part 11,,10,2,"42123,83764"
السلسلة الصحيحة المجلدات الكاملة 1-9 - part 12,,10,2,"42124,83765"
السلسلة الصحيحة المجلدات الكاملة 1-9 - part 13,,10,2,"42125,83766"
السلسلة الصحيحة المجلدات الكاملة 1-9 - part 14,,10,2,"42126,83767"
السلسلة الصحيحة المجلدات الكاملة 1-9 - part 15,,10,2,"42127,83768"
السلسلة الصحيحة المجلدات الكاملة 1-9 - part 16,,10,2,"42128,83769"
السلسلة الصحيحة المجلدات الكاملة 1-9 - part 17,,10,2,"42129,83770"
السلسلة الصحيحة المجلدات الكاملة 1-9 - part 18,,10,2,"42130,83771"
السلسلة الصحيحة المجلدات الكاملة 1-9 - part 19,,10,2,"42131,83772"
السلسلة الصحيحة المجلدات الكاملة 1-9 - part 2,,10,2,"42114,83755"
السلسلة الصحيحة المجلدات الكاملة 1-9 - part 20,,10,2,"42132,83773"
السلسلة الصحيحة المجلدات الكاملة 1-9 - part 21,,10,2,"42133,83774"
السلسلة الصحيحة المجلدات الكاملة 1-9 - part 22,,10,2,"42134,83775"
السلسلة الصحيحة المجلدات الكاملة 1-9 - part 23,,10,2,"42135,83776"
السلسلة الصحيحة المجلدات الكاملة 1-9 - part 24,,10,2,"42136,83777"
السلسلة الصحيحة المجلدات الكاملة 1-9 - part 25,,10,2,"42137,83778"
السلسلة الصحيحة المجلدات الكاملة 1-9 - part 26,,10,2,"42138,83779"
السلسلة الصحيحة المجلدات الكاملة 1-9 - part 27,,10,2,"42139,83780"
السلسلة الصحيحة المجلدات الكاملة 1-9 - part 28,,10,2,"42140,83781"
السلسلة الصحيحة المجلدات الكاملة 1-9 - part 29,,10,2,"42141,83782"
السلسلة الصحيحة المجلدات الكاملة 1-9 - part 3,,10,2,"42115,83756"
السلسلة الصحيحة المجلدات الكاملة 1-9 - part 30,,10,2,"42142,83783"
السلسلة الصحيحة المجلدات الكاملة 1-9 - part 31,,10,2,"42143,83784"
السلسلة الصحيحة المجلدات الكاملة 1-9 - part 32,,10,2,"42144,83785"
السلسلة الصحيحة المجلدات الكاملة 1-9 - part 4,,10,2,"42116,83757"
السلسلة الصحيحة المجلدات الكاملة 1-9 - part 5,,10,2,"42117,83758"
السلسلة الصحيحة المجلدات الكاملة 1-9 - part 6,,10,2,"42118,83759"
السلسلة الصحيحة المجلدات الكاملة 1-9 - part 7,,10,2,"42119,83760"
السلسلة الصحيحة المجلدات الكاملة 1-9 - part 8,,10,2,"42120,83761"
السلسلة الصحيحة المجلدات الكاملة 1-9 - part 9,,10,2,"42121,83762"
السلفية قواعد وأصول,,10,2,"21265,70121"
السنة لابن أبي عاصم - part 1,,10,2,"28739,103150"
السنة لابن أبي عاصم - part 2,,10,2,"28740,103151"
السنة لعبد الله بن أحمد - part 1,,10,2,"17220,85520"
السنة لعبد الله بن أحمد - part 2,,10,2,"17221,85521"
السنن الكبرى للنسائي,,10,2,"31819,99949"
السير الصغير لمحمد الشيباني,,10,2,"17299,36638"
السير لأبي إسحاق الفزاري,,10,2,"70107,71659"
السيرة النبوية لابن هشام - part 4,,10,2,"49596,101358"
السيف البتار على من يوالي الكفار,,10,2,"46992,47939"
السيف الصقيل في الرد على ابن زفيل,,10,2,"41826,52241"
الشاطبية,,10,2,"47942,89702"
الشخصية الإسلامية وموقعها اليوم بين النظم والعقائد,,10,2,"17400,73839"
الشذا الفياح من علوم ابن الصلاح - part 1,,10,2,"29393,42234"
الشذا الفياح من علوم ابن الصلاح - part 2,,10,2,"29394,42235"
الشرح اليسير على مقدمة أصول التفسير,,10,2,"17217,92294"
الشرح على شرح جلال الدين المحلي للورقات,,10,2,"49432,64178"
الشفاعة للوادعي,,10,2,"64883,102714"
الشمائل المحمدية للترمذي,,10,2,"17153,28877"
الشمس والدابة,,10,2,"28309,86622"
الشناعة على من رد أحاديث الشفاعة,,10,2,"40836,84400"
الشهر الأخير من حياة البشير النذير,,10,2,"17719,49740"
الشورى,,10,2,"73841,106139"
الشيخ الغامدي دروس رمضان,,10,2,"33453,47852"
الشيخ الغامدي من القبر إلى الجنة,,10,2,"75274,81115"
الشيخ عمر بن محمد فلاته رحمه الله وكيف عرفته,,10,2,"30841,67773"
الشيعة الإمامية,,10,2,"63779,72616"
الشيعة قادمون,,10,2,"88051,99123"
الشيعة هم العدو فاحذرهم,,10,2,"84403,85924"
الشيعة وأهل البيت,,10,2,"78620,92310"
الشيعة والتشيع ..فرق وتاريخ,,10,2,"20395,69732"
الشيعة والقرآن,,10,2,"51886,102823"
الشيعة وتحريف القرآن,,10,2,"28438,65464"
الشيعة وصكوك الغفران,,10,2,"38149,62671"
الشيوعية,,10,2,"21291,51481"
الصبر والثواب عليه,,10,2,"70138,101558"
الصحابة المعتزلون للفتنة الكبرى,,10,2,"85784,99015"
الصحابة ومكانتهم عند المسلمين,,10,2,"38150,99873"
الصحيح في اسم كتاب ابن الصلاح,,10,2,"39686,84405"
الصحیح لمسلم جلد 4,درس نظامی,2,2,"4510,4511"
الصحیح لمسلم جلد 5,درس نظامی,2,2,"4512,4513"
الصحیح لمسلم جلد 6,درس نظامی,2,2,"4514,4515"
الصحیح لمسلم جلد 7,درس نظامی,2,2,"4516,4517"
الصراط,,10,2,"69734,101803"
الصفات ورؤية الله عز وجل للحافظ الدارقطني,,10,2,"33657,70124"
الصهيونية,,10,2,"84409,94280"
الصواعق المرسلة الشهابية على الشبه الداحضة الشامية,,10,2,"38151,51084"
الصواعق المرسلة في الرد على الجهمية والمعطلة - part 1,,10,2,"61782,72051"
الصواعق المرسلة في الرد على الجهمية والمعطلة - part 2,,10,2,"61783,72052"
الصواعق المرسلة في الرد على الجهمية والمعطلة - part 3,,10,2,"61784,72053"
الصوفية,,10,2,"32336,98318"
الضياء الشارق في رد شبهات الماذق المارق - part 1,,10,2,"61540,95742"
الضياء الشارق في رد شبهات الماذق المارق - part 2,,10,2,"61541,95743"
الطبقات الكبرى - part 1,,10,2,"62360,85785"
الطبقات الكبرى - part 2,,10,2,"62361,85786"
الطبقات الكبرى - part 3,,10,2,"62362,85787"
الطبقات الكبرى - part 4,,10,2,"62363,85788"
الطبقات الكبرى - part 5,,10,2,"62364,85789"
الطبقات الكبرى - part 6,,10,2,"62365,85790"
الطبقات الكبرى - part 7,,10,2,"62366,85791"
الطبقات الكبرى - part 8,,10,2,"62367,85792"
الطبيب الداعية (ملف) دعوي,,10,2,"57545,105544"
الطرق الحكمية,,10,2,"78297,89074"
الطريق إلى الجنة,,10,2,"47044,64776"
الطعن في عدالة الصحابة - part 1,,10,2,"51170,69736"
الطعن في عدالة الصحابة - part 2,,10,2,"51171,69737"
الطعن في عدالة الصحابة - part 3,,10,2,"51172,69738"
الطعن في عدالة الصحابة - part 4,,10,2,"51173,69739"
الطعن في عدالة الصحابة - part 5,,10,2,"51174,69740"
الطعن في عدالة الصحابة - part 6,,10,2,"51175,69741"
الطعن في عدالة الصحابة - part 7,,10,2,"51176,69742"
الطعن في عدالة الصحابة - part 8,,10,2,"51177,69743"
الطغيان السياسي وسبل تغييره من المنظور القرآني,,10,2,"60584,69672"
الطفيل بن عمرو الدوسي رضي الله عنه,,10,2,"73851,83237"
الطهور للقاسم بن سلام,,10,2,"96105,97692"
الطيوريات - part 1,,10,2,"89388,101572"
الطيوريات - part 10,,10,2,"89397,101581"
الطيوريات - part 11,,10,2,"89398,101582"
الطيوريات - part 12,,10,2,"89399,101583"
الطيوريات - part 13,,10,2,"89400,101584"
الطيوريات - part 14,,10,2,"89401,101585"
الطيوريات - part 15,,10,2,"89402,101586"
الطيوريات - part 16,,10,2,"89403,101587"
الطيوريات - part 17,,10,2,"89404,101588"
الطيوريات - part 18,,10,2,"89405,101589"
الطيوريات - part 2,,10,2,"89389,101573"
الطيوريات - part 3,,10,2,"89390,101574"
الطيوريات - part 4,,10,2,"89391,101575"
الطيوريات - part 5,,10,2,"89392,101576"
الطيوريات - part 6,,10,2,"89393,101577"
الطيوريات - part 7,,10,2,"89394,101578"
الطيوريات - part 8,,10,2,"89395,101579"
الطيوريات - part 9,,10,2,"89396,101580"
العبودية مسائل وقواعد ومباحث,,10,2,"42554,103162"
العدة شرح العمدة - part 1,,10,2,"29176,93404"
العدة شرح العمدة - part 2,,10,2,"29177,93405"
العزة,,10,2,"18537,64823"
العزلة لأبو سليمان الخطابي,,10,2,"104169,104663"
العزلة للخطابي,,10,2,"18534,103136"
العشرات في غريب اللغة,,10,2,"29558,101635"
العظمة لأبي الشيخ الأصبهاني - part 1,,10,2,"65613,80300"
العظمة لأبي الشيخ الأصبهاني - part 2,,10,2,"65614,80301"
العظمة لأبي الشيخ الأصبهاني - part 3,,10,2,"65615,80302"
العقد الفريد - part 1,,10,2,"26242,39871"
العقد الفريد - part 2,,10,2,"26243,39872"
العقد الفريد - part 3,,10,2,"26244,39873"
العقد الفريد على نظم الشيخ سعيد,,10,2,"32352,39813"
العقل والنقل عند ابن رشد,,10,2,"66028,94284"
العقوبات,,10,2,"46506,80118"
العقيدة السفارينية,,10,2,"23632,105205"
العقيدة الصحيحة وما يضادها,,10,2,"28443,76002"
العقيدة الطحاوية,,10,2,"28756,38154"
العقيدة الواسطية,,10,2,"26212,59226"
العلاج بالقرآن,,10,2,"63893,94304"
العلاقات الدولية بين منهج الإسلام والمنهج الحضاري المعاصر,,10,2,"47048,90520"
العلاقة الحميمة بين الصحابة وآل البيت,,10,2,"88348,105599"
العلل الصغير للترمذي,,10,2,"41927,52606"
العلل المتناهية - part 1,,10,2,"20594,31759"
العلل المتناهية - part 2,,10,2,"20595,31760"
العلل للدارقطني - part 1,,10,2,"41629,106059"
العلل للدارقطني - part 10,,10,2,"41638,106068"
العلل للدارقطني - part 11,,10,2,"41639,106069"
العلل للدارقطني - part 2,,10,2,"41630,106060"
العلل للدارقطني - part 3,,10,2,"41631,106061"
العلل للدارقطني - part 4,,10,2,"41632,106062"
العلل للدارقطني - part 5,,10,2,"41633,106063"
العلل للدارقطني - part 6,,10,2,"41634,106064"
العلل للدارقطني - part 7,,10,2,"41635,106065"
العلل للدارقطني - part 8,,10,2,"41636,106066"
العلل للدارقطني - part 9,,10,2,"41637,106067"
العلم لأبي خيثمة,,10,2,"29886,63926"
العلم للشيخ ناصر العمر,,10,2,"30767,53013"
العلماء هم الدعاة,,10,2,"61608,78576"
العلماء و الميثاق,,10,2,"63894,73858"
العلماء يردون على اسطورة هرمجدون,,10,2,"88079,89523"
العلمانية عبدالوهاب المسيري,,10,2,"61478,99925"
العلمانية وموقف الإسلام منها,,10,2,"82215,92338"
العمرة,,10,2,"53345,54300"
العمل للدين واجب الجميع,,10,2,"40937,43032"
العناية بالقرآن الكريم في العهد النبوي الشريف,,10,2,"78577,82321"
العهد والميثاق في القرآن الكريم,,10,2,"42793,104664"
العواصم_من_القواصم_1,,10,2,"69746,73146"
العواصم_من_القواصم_2,,10,2,"52300,79674"
العوامل الأسرية للجريمة,,10,2,"73860,90035"
العولمة,,10,2,"78579,88080"
الغرر السافر فيما يحتاج إليه المسافر,,10,2,"47051,49368"
الغرر في فضائل عمر,,10,2,"20155,25668"
الغضب وكيفية علاجه في ضوء السنة النبوية,,10,2,"78580,99929"
الغلو في التكفير ـ مضبوط,,10,2,"38157,96118"
الغيبة والنميمة,,10,2,"78303,88364"
الفتاوى الحديثية للحويني - part 1,,10,2,"20699,39687"
الفتاوى الحديثية للحويني - part 2,,10,2,"20700,39688"
الفتاوى الفقهية الكبرى - part 10,,10,2,"41517,41768"
الفتاوى الفقهية الكبرى - part 5,,10,2,"41512,41763"
الفتاوى الفقهية الكبرى - part 6,,10,2,"41513,41764"
الفتاوى الفقهية الكبرى - part 7,,10,2,"41514,41765"
الفتاوى الفقهية الكبرى - part 8,,10,2,"41515,41766"
الفتاوى الفقهية الكبرى - part 9,,10,2,"41516,41767"
الفتاوى الكبرى - part 1,,10,2,"36399,91261"
الفتاوى الكبرى - part 2,,10,2,"36400,91262"
الفتاوى الكبرى - part 3,,10,2,"36401,91263"
الفتاوى الكبرى - part 4,,10,2,"36402,91264"
الفتاوى الكبرى - part 5,,10,2,"36403,91265"
الفتاوى الكبرى - part 6,,10,2,"36404,91266"
الفتاوى الكبرى لابن تيمية - part 1,,10,2,"51980,82855"
الفتاوى الكبرى لابن تيمية - part 2,,10,2,"51981,82856"
الفتاوى الكبرى لابن تيمية - part 3,,10,2,"51982,82857"
الفتاوى الكبرى لابن تيمية - part 4,,10,2,"51983,82858"
الفتاوى الكبرى لابن تيمية - part 5,,10,2,"51984,82859"
الفتاوى الكبرى لابن تيمية - part 6,,10,2,"51985,82860"
الفتاوى المعاصرة في الرافضة,,10,2,"64341,69747"
الفتاوى الملاح في منكرات الأفراح,,10,2,"32361,83393"
الفتاوى الندية في العمليات الاستشهادية,,10,2,"79675,91558"
الفتاوى الهندية - part 10,,10,2,"41672,99163"
الفتاوى الهندية - part 11,,10,2,"41673,99164"
الفتاوى الهندية - part 12,,10,2,"41674,99165"
الفتاوى الهندية - part 13,,10,2,"41675,99166"
الفتاوى الهندية - part 14,,10,2,"41676,99167"
الفتاوى الهندية - part 15,,10,2,"41677,99168"
الفتاوى الهندية - part 16,,10,2,"41678,99169"
الفتاوى الهندية - part 17,,10,2,"41679,99170"
الفتاوى الهندية - part 18,,10,2,"41680,99171"
الفتاوى الهندية - part 19,,10,2,"41681,99172"
الفتاوى الهندية - part 20,,10,2,"41682,99173"
الفتاوى الهندية - part 21,,10,2,"41683,99174"
الفتاوى الهندية - part 22,,10,2,"41684,99175"
الفتاوى الهندية - part 23,,10,2,"41685,99176"
الفتاوى الهندية - part 24,,10,2,"41686,99177"
الفتاوى الهندية - part 25,,10,2,"41687,99178"
الفتاوى الهندية - part 26,,10,2,"41688,99179"
الفتاوى الهندية - part 27,,10,2,"41689,99180"
الفتاوى الهندية - part 28,,10,2,"41690,99181"
الفتاوى الهندية - part 29,,10,2,"41691,99182"
الفتاوى الهندية - part 30,,10,2,"41692,99183"
الفتاوى الهندية - part 31,,10,2,"41693,99184"
الفتاوى الهندية - part 32,,10,2,"41694,99185"
الفتاوى الهندية - part 33,,10,2,"41695,99186"
الفتاوى الهندية - part 34,,10,2,"41696,99187"
الفتاوى الهندية - part 35,,10,2,"41697,99188"
الفتاوى الهندية - part 36,,10,2,"41698,99189"
الفتاوى الهندية - part 37,,10,2,"41699,99190"
الفتاوى الهندية - part 38,,10,2,"41700,99191"
الفتاوى الهندية - part 39,,10,2,"41701,99192"
الفتاوى الهندية - part 40,,10,2,"41702,99193"
الفتاوى الهندية - part 41,,10,2,"41703,99194"
الفتاوى الهندية - part 42,,10,2,"41704,99195"
الفتاوى الهندية - part 43,,10,2,"41705,99196"
الفتاوى الهندية - part 44,,10,2,"41706,99197"
الفتاوى الهندية - part 45,,10,2,"41707,99198"
الفتاوى الهندية - part 46,,10,2,"41708,99199"
الفتاوى الهندية - part 47,,10,2,"41709,99200"
الفتاوى الهندية - part 48,,10,2,"41710,99201"
الفتاوى الهندية - part 49,,10,2,"41711,99202"
الفتاوى الهندية - part 50,,10,2,"41712,99203"
الفتاوى الهندية - part 51,,10,2,"41713,99204"
الفتاوى الهندية - part 7,,10,2,"41669,99160"
الفتاوى الهندية - part 8,,10,2,"41670,99161"
الفتاوى الهندية - part 9,,10,2,"41671,99162"
الفتنة ووقعة الجمل,,10,2,"26182,98672"
الفتوحات الإلهية شرح الأسماء الحسنى للذات العلية,,10,2,"92344,102832"
الفحص الطبي قبل الزواج ومدى مشروعيته,,10,2,"93479,105148"
الفرج بعد الشدة,,10,2,"86059,96139"
الفرج بعد الشدة - التنوخي - part 1,,10,2,"39876,104170"
الفرج بعد الشدة - التنوخي - part 2,,10,2,"39877,104171"
الفرج بعد الشدة للتنوخي,,10,2,"85739,105600"
الفرق بين الرقية الشرعية والرقية التجارية ووجوب تعظيم واحترام ذكر الله تعالى,,10,2,"51192,81737"
الفرق بين النصيحة والتعيير,,10,2,"22821,78582"
الفروع الاسلامية التابعة للمصارف الربوية,,10,2,"53023,63901"
الفرويدية,,10,2,"40671,73871"
الفريدة في المصطلح - يوسف الغزي,,10,2,"60269,84433"
الفصل في الملل والأهواء والنحل - part 3,,10,2,"51054,101314"
الفصول في الأصول - part 3,,10,2,"31788,49435"
الفصول في السيرة,,10,2,"49617,85763"
الفصول في مصطلح حديث الرسول,,10,2,"32149,73874"
الفقه الواضح المسألة وأدلتها عبد العزيز السعدون,,10,2,"22877,74170"
الفقه على المذاهب الأربعة - part 1,,10,2,"33734,54264"
الفقه على المذاهب الأربعة - part 2,,10,2,"33735,54265"
الفقه على المذاهب الأربعة - part 3,,10,2,"33736,54266"
الفقه على المذاهب الأربعة - part 4,,10,2,"33737,54267"
الفقه على المذاهب الأربعة - part 5,,10,2,"33738,54268"
الفقيه والمتفقه - part 1,,10,2,"70998,84609"
الفقيه والمتفقه - part 2,,10,2,"70999,84610"
الفكر الإسلامي الحديث في البوسنة و الهرسك و تأثره بالسنة النبوية,,10,2,"19399,99935"
الفوائد,,10,2,"51260,93908"
الفوائد المجموعة للشوكاني بتحقيق المعلمي,,10,2,"17234,71093"
الفوائد المعتبرة في تنظيم أوقات المذاكرة,,10,2,"57536,92818"
الفوائد الموضوعة في الأحاديث الموضوعة للكرمي,,10,2,"70641,91603"
الفوائد في اختصار المقاصد,,10,2,"81173,92599"
الفوائد والزهد والرقائق والمراثي لجعفر الخلدي,,10,2,"28744,105092"
الفواكه الشهية في الخطب المنبرية والخطب المنبرية على المناسبات,,10,2,"78584,89524"
القاعدة الذهبية في المعاملات الإسلامية لا ضرر ولا ضرار,,10,2,"21732,92774"
القاموس الوجيز لمعاني كلمات القرآن الكريم,,10,2,"32371,95150"
القبورية في اليمن - part 1,,10,2,"48269,71840"
القبورية في اليمن - part 2,,10,2,"48270,71841"
القدس بين الوعد الحق .. والوعد المفترى - للشيخ سفر ابن عبد الرحمن الحوالي,,10,2,"18053,104665"
القرآن الكريم,,10,2,"69673,79616"
القرآن الكريم الخط العثماني,,10,2,"47943,102583"
القراء الكبار,,10,2,"31488,50211"
القراءة خلف الإمام للبخاري,,10,2,"59196,90015"
القراءة عند القبور لأبي بكر بن الخلال,,10,2,"71839,80004"
القصاص,,10,2,"47052,65256"
القصة وسيلة دعوية,,10,2,"31401,32785"
القضاء لسريج بن يونس البغدادي,,10,2,"82217,88332"
القواعد الذهبية لحفظ القرآن الكريم,,10,2,"28306,60817"
القواعد العلمية في النقد عند شيخ الإسلام ابن تيمية,,10,2,"27008,58719"
القواعد النورانية الفقهية,,10,2,"57139,96962"
القواعد لابن رجب - part 1,,10,2,"17572,52166"
القواعد لابن رجب - part 2,,10,2,"17573,52167"
القواعد لابن رجب - part 3,,10,2,"17574,52168"
القواعد لابن رجب - part 4,,10,2,"17575,52169"
القواعد والإشارات في أصول القرآن,,10,2,"37906,96459"
القول الأقوم في معجزات النبي الأكرم - part 1,,10,2,"17720,79698"
القول الأقوم في معجزات النبي الأكرم - part 2,,10,2,"17721,79699"
القول الرائد في أن الحجاب الشرعي من الفرائض,,10,2,"86641,99373"
القول الرشيدفي سرد فوائد التوحيد1,,10,2,"48760,53056"
القول السديد شرح كتاب التوحيد,,10,2,"67326,95756"
القول الفصل في قضية الهم بين يوسف وإمرأة العزيز,,10,2,"69788,71380"
القول المبين في أخطاء المصلين,,10,2,"24317,98328"
القول المبين في بيان منزلة رسول رب العالمين,,10,2,"29448,81557"
القول المبين في قواعد الترجيح بين المفسرين,,10,2,"47944,63918"
القول المبين لما عليه الرافضة من الدين المشين,,10,2,"38161,63151"
القول المختار في حكم الاستعانة بالكفار - part 1,,10,2,"80083,96120"
القول المختار في حكم الاستعانة بالكفار - part 2,,10,2,"80084,96121"
القول المختار في حكم الاستعانة بالكفار - part 3,,10,2,"80085,96122"
القول المختار في حكم الاستعانة بالكفار - part 4,,10,2,"80086,96123"
القول المختار في حكم الاستعانة بالكفار - part 5,,10,2,"80087,96124"
القول المسدد في مسند أحمد,,10,2,"39156,89267"
القول المفيد في أدلة الاجتهاد والتقليد,,10,2,"92638,97471"
القول المفيد في حكم التقليد للشوكاني,,10,2,"60037,105131"
الكاشف الصغير عن مواقع الغلط في كتب الفيلسوف ابن رشد,,10,2,"42848,91718"
الكاشف في معرفة من له رواية في الكتب الستة - part 1,,10,2,"41332,46112"
الكاشف في معرفة من له رواية في الكتب الستة - part 2,,10,2,"41333,46113"
الكافي في فقه ابن حنبل - part 1,,10,2,"33511,75011"
الكافي في فقه ابن حنبل - part 2,,10,2,"33512,75012"
الكافي في فقه ابن حنبل - part 3,,10,2,"33513,75013"
الكافي في فقه ابن حنبل - part 4,,10,2,"33514,75014"
الكافية الشافية في الانتصار للفرقة الناجية - part 1,,10,2,"28450,35774"
الكافية الشافية في الانتصار للفرقة الناجية - part 2,,10,2,"28451,35775"
الكامل في التاريخ - part 1,,10,2,"46417,81327"
الكامل في التاريخ - part 2,,10,2,"46418,81328"
الكامل في التاريخ - part 3,,10,2,"46419,81329"
الكامل في التاريخ - part 4,,10,2,"46420,81330"
الكامل في التاريخ - part 5,,10,2,"46421,81331"
الكتب والمؤلفات التي تحدثت عن دعوة الشيخ بإنصاف أو دافعت عنها,,10,2,"27010,82539"
الكشف المبدي لتمويه أبي الحسن السبكي,,10,2,"67521,79701"
الكلم الطيب,,10,2,"31171,68232"
الكلمات المتشابهة في القرآن,,10,2,"54611,69674"
الكمال والتمام في رد المصلي السلام لإسماعيل الرميح,,10,2,"53154,86642"
الكنوز الملية في الفرائض الجلية,,10,2,"17468,49745"
الكواكب النيرات لمحمد الذهبي,,10,2,"71000,99021"
الكوكب المنير شرح مختصر التحرير - part 1,,10,2,"71381,84778"
الكوكب المنير شرح مختصر التحرير - part 2,,10,2,"71382,84779"
الكوكب المنير شرح مختصر التحرير - part 3,,10,2,"71383,84780"
اللآلئ المصنوعة في الأحاديث الموضوعة - part 1,,10,2,"29020,88670"
اللآلئ المصنوعة في الأحاديث الموضوعة - part 2,,10,2,"29021,88671"
اللآلئ المصنوعة في الأحاديث الموضوعة - part 3,,10,2,"29022,88672"
اللآلئ المصنوعة في الأحاديث الموضوعة - part 4,,10,2,"29023,88673"
اللباب في تسلية المصاب,,10,2,"68680,89106"
اللباب في علوم الكتاب - part 1,,10,2,"79710,91748"
اللباب في علوم الكتاب - part 2,,10,2,"79711,91749"
اللمعة في حكم ضرب الزوجة,,10,2,"39535,63970"
اللموع فيما يختلف فيه الرجال والنساء من أحكام البيوع,,10,2,"17576,74001"
الله أكبر في الذب عن الصديق الأكبر,,10,2,"28452,78718"
الليبرالية نشأتها ومجالاتها,,10,2,"30562,88089"
اللہ کے راستے میں نکلنے کی اہمیت-افادات باندوی-مفتی زید ندوی مظاہری,,6,2,"13996,14272"
المؤامرة على المرأة المسلمة,,10,2,"40886,82289"
الماسونية,,10,2,"40672,72311"
الماسونية للشيخ عبدالرحمن الدوسري,,10,2,"27096,95775"
المبادئ القضائية في الشرعة الإسلامية,,10,2,"47150,49331"
المبادىء الإدارية من سورة الإسراء - الكهف - مريم,,10,2,"57631,62192"
المتحف في معنى السبعة أحرف,,10,2,"63972,95493"
المتواري على أبواب البخاري,,10,2,"83274,96522"
المحاضرات في اللغة والأدب,,10,2,"17958,81474"
المحصول للرازي - part 1,,10,2,"53255,60176"
المحصول للرازي - part 2,,10,2,"53256,60177"
المحصول للرازي - part 3,,10,2,"53257,60178"
المحصول للرازي - part 4,,10,2,"53258,60179"
المحصول للرازي - part 5,,10,2,"53259,60180"
المحصول للرازي - part 6,,10,2,"53260,60181"
المحلى - part 1,,10,2,"54279,88908"
المحلى - part 10,,10,2,"54288,88917"
المحلى - part 2,,10,2,"54280,88909"
المحلى - part 3,,10,2,"54281,88910"
المحلى - part 4,,10,2,"54282,88911"
المحلى - part 5,,10,2,"54283,88912"
المحلى - part 6,,10,2,"54284,88913"
المحلى - part 7,,10,2,"54285,88914"
المحلى - part 8,,10,2,"54286,88915"
المحلى - part 9,,10,2,"54287,88916"
المحيط في اللغة - part 1,,10,2,"26316,97313"
المحيط في اللغة - part 2,,10,2,"26317,97314"
المختصر المفيد في تحديد جنس الوليد اعداد د. عبدالرحمن عبدالله اليحيى,,10,2,"33749,57634"
المختصر فى مسائل القضاء والقدر,,10,2,"95777,96134"
المختصر في أصول الحديث,,10,2,"52675,89268"
المخزون في علم الحديث,,10,2,"97039,104311"
المدخل إلى السنن الكبرى للبيهقي - part 1,,10,2,"28745,71855"
المدخل إلى السنن الكبرى للبيهقي - part 2,,10,2,"28746,71856"
المدخل إلى الصحيح,,10,2,"23754,52618"
المدرس ومهارات التوجيه,,10,2,"37062,97697"
المدونة - part 1,,10,2,"20611,100594"
المدونة - part 2,,10,2,"20612,100595"
المدونة - part 3,,10,2,"20613,100596"
المدونة - part 4,,10,2,"20614,100597"
المدونة الكبرى - part 1,,10,2,"96593,103962"
المدونة الكبرى - part 2,,10,2,"96594,103963"
المدونة الكبرى - part 3,,10,2,"96595,103964"
المدونة الكبرى - part 4,,10,2,"96596,103965"
المدونة الكبرى - part 5,,10,2,"96597,103966"
المدونة الكبرى - part 6,,10,2,"96598,103967"
المدونة الكبرى - part 7,,10,2,"96599,103968"
المدونة الكبرى - part 8,,10,2,"96600,103969"
المدونة الكبرى - part 9,,10,2,"96601,103970"
المذاهب الفلسفية الإلحادية الروحية وتطبيقاتها المعاصرة,,10,2,"42928,61482"
المذكر والتذكير والذكر ابن ابي عاصم,,10,2,"17491,57635"
المرأة في الإسلام,,10,2,"64963,82290"
المرأة في موكب الدعوة,,10,2,"30604,92557"
المراسيل لأبي داود - part 1,,10,2,"31871,65584"
المراسيل لأبي داود - part 2,,10,2,"31872,65585"
المسائل و الدلائل,حضرت مولانا فیض احمد صاحب,2,2,"2339,4136"
المسابقات القرآنية المحلية والدولية,,10,2,"101958,105220"
المستدرك على الصحيحين للحاكم مع تعليقات الذهبي في التلخيص - part 1,,10,2,"60188,80213"
المستدرك على الصحيحين للحاكم مع تعليقات الذهبي في التلخيص - part 2,,10,2,"60189,80214"
المستدرك على الصحيحين للحاكم مع تعليقات الذهبي في التلخيص - part 3,,10,2,"60190,80215"
المستدرك على الصحيحين للحاكم مع تعليقات الذهبي في التلخيص - part 4,,10,2,"60191,80216"
المسجد الأقصى.. وقفات وعبرات,,10,2,"49746,72033"
المسند الجامع - part 1,,10,2,"41860,83507"
المسند الجامع - part 10,,10,2,"41869,83516"
المسند الجامع - part 11,,10,2,"41870,83517"
المسند الجامع - part 12,,10,2,"41871,83518"
المسند الجامع - part 13,,10,2,"41872,83519"
المسند الجامع - part 14,,10,2,"41873,83520"
المسند الجامع - part 15,,10,2,"41874,83521"
المسند الجامع - part 16,,10,2,"41875,83522"
المسند الجامع - part 17,,10,2,"41876,83523"
المسند الجامع - part 18,,10,2,"41877,83524"
المسند الجامع - part 19,,10,2,"41878,83525"
المسند الجامع - part 2,,10,2,"41861,83508"
المسند الجامع - part 20,,10,2,"41879,83526"
المسند الجامع - part 21,,10,2,"41880,83527"
المسند الجامع - part 22,,10,2,"41881,83528"
المسند الجامع - part 23,,10,2,"41882,83529"
المسند الجامع - part 24,,10,2,"41883,83530"
المسند الجامع - part 25,,10,2,"41884,83531"
المسند الجامع - part 26,,10,2,"41885,83532"
المسند الجامع - part 27,,10,2,"41886,83533"
المسند الجامع - part 28,,10,2,"41887,83534"
المسند الجامع - part 29,,10,2,"41888,83535"
المسند الجامع - part 3,,10,2,"41862,83509"
المسند الجامع - part 30,,10,2,"41889,83536"
المسند الجامع - part 31,,10,2,"41890,83537"
المسند الجامع - part 32,,10,2,"41891,83538"
المسند الجامع - part 33,,10,2,"41892,83539"
المسند الجامع - part 34,,10,2,"41893,83540"
المسند الجامع - part 35,,10,2,"41894,83541"
المسند الجامع - part 36,,10,2,"41895,83542"
المسند الجامع - part 37,,10,2,"41896,83543"
المسند الجامع - part 38,,10,2,"41897,83544"
المسند الجامع - part 39,,10,2,"41898,83545"
المسند الجامع - part 4,,10,2,"41863,83510"
المسند الجامع - part 40,,10,2,"41899,83546"
المسند الجامع - part 41,,10,2,"41900,83547"
المسند الجامع - part 42,,10,2,"41901,83548"
المسند الجامع - part 43,,10,2,"41902,83549"
المسند الجامع - part 44,,10,2,"41903,83550"
المسند الجامع - part 45,,10,2,"41904,83551"
المسند الجامع - part 46,,10,2,"41905,83552"
المسند الجامع - part 47,,10,2,"41906,83553"
المسند الجامع - part 48,,10,2,"41907,83554"
المسند الجامع - part 49,,10,2,"41908,83555"
المسند الجامع - part 5,,10,2,"41864,83511"
المسند الجامع - part 50,,10,2,"41909,83556"
المسند الجامع - part 51,,10,2,"41910,83557"
المسند الجامع - part 52,,10,2,"41911,83558"
المسند الجامع - part 53,,10,2,"41912,83559"
المسند الجامع - part 6,,10,2,"41865,83512"
المسند الجامع - part 7,,10,2,"41866,83513"
المسند الجامع - part 8,,10,2,"41867,83514"
المسند الجامع - part 9,,10,2,"41868,83515"
المسند للشاشي - part 1,,10,2,"38488,98333"
المسند للشاشي - part 2,,10,2,"38489,98334"
المسند للشاشي - part 3,,10,2,"38490,98335"
المسند للشاشي - part 4,,10,2,"38491,98336"
المسودة في أصول الفقه,,10,2,"51500,96971"
المسيح لم يصلب هكذا قال القرآن والإنجيل,,10,2,"44515,102861"
المشابهة بين قاسم أمين في كتابه تحرير المرأة و دعاة التحرير في هذا العصر,,10,2,"19215,75111"
المصاحف لابن أبي داود - part 1,,10,2,"48736,105136"
المصاحف لابن أبي داود - part 2,,10,2,"48737,105137"
المصنوع في معرفة الحديث الموضوع,,10,2,"29398,91604"
المطالب العالية للحافظ ابن حجر العسقلاني - part 10,,10,2,"19192,59206"
المطالب العالية للحافظ ابن حجر العسقلاني - part 11,,10,2,"19193,59207"
المطالب العالية للحافظ ابن حجر العسقلاني - part 12,,10,2,"19194,59208"
المطالب العالية للحافظ ابن حجر العسقلاني - part 13,,10,2,"19195,59209"
المطالب العالية للحافظ ابن حجر العسقلاني - part 2,,10,2,"19184,59198"
المطالب العالية للحافظ ابن حجر العسقلاني - part 3,,10,2,"19185,59199"
المطالب العالية للحافظ ابن حجر العسقلاني - part 4,,10,2,"19186,59200"
المطالب العالية للحافظ ابن حجر العسقلاني - part 5,,10,2,"19187,59201"
المطالب العالية للحافظ ابن حجر العسقلاني - part 6,,10,2,"19188,59202"
المطالب العالية للحافظ ابن حجر العسقلاني - part 7,,10,2,"19189,59203"
المطالب العالية للحافظ ابن حجر العسقلاني - part 8,,10,2,"19190,59204"
المطالب العالية للحافظ ابن حجر العسقلاني - part 9,,10,2,"19191,59205"
المطر والرعد والبرق,,10,2,"48770,57159"
المعاملات المالية المعاصرة في الفكر الاقتصادي الإسلامي,,10,2,"41396,85725"
المعتصر من المختصر من مشكل الآثار - part 1,,10,2,"20259,72554"
المعتصر من المختصر من مشكل الآثار - part 2,,10,2,"20260,72555"
المعجب في تلخيص أخبار المغرب,,10,2,"89364,101486"
المعجم المفهرس,,10,2,"57354,100007"
المعجم المفهرس للتراكيب المتشابهة لفظا في القرآن الكريم,,10,2,"75464,95499"
المعجم الموسوعي لألفاظ القرآن الكريم وقراءاته,,10,2,"40779,101962"
المعركة الفاصلة مع اليهود,,10,2,"27103,38204"
المعنى القرآنى فى ضوء اختلاف القراءات,,10,2,"29874,42933"
المغرب في ترتيب المعرب - part 1,,10,2,"36489,97473"
المغرب في ترتيب المعرب - part 2,,10,2,"36490,97474"
المغني - part 1,,10,2,"93407,104054"
المغني - part 10,,10,2,"93416,104063"
المغني - part 11,,10,2,"93417,104064"
المغني - part 12,,10,2,"93418,104065"
المغني - part 2,,10,2,"93408,104055"
المغني - part 3,,10,2,"93409,104056"
المغني - part 4,,10,2,"93410,104057"
المغني - part 5,,10,2,"93411,104058"
المغني - part 6,,10,2,"93412,104059"
المغني - part 7,,10,2,"93413,104060"
المغني - part 8,,10,2,"93414,104061"
المغني - part 9,,10,2,"93415,104062"
المفصل في أحكام الأضحية,,10,2,"53179,99076"
المفصل في الرد على الحضارة الغربية - part 1,,10,2,"104668,105328"
المفصل في الرد على الحضارة الغربية - part 10,,10,2,"104677,105337"
المفصل في الرد على الحضارة الغربية - part 11,,10,2,"104678,105338"
المفصل في الرد على الحضارة الغربية - part 12,,10,2,"104679,105339"
المفصل في الرد على الحضارة الغربية - part 13,,10,2,"104680,105340"
المفصل في الرد على الحضارة الغربية - part 14,,10,2,"104681,105341"
المفصل في الرد على الحضارة الغربية - part 15,,10,2,"104682,105342"
المفصل في الرد على الحضارة الغربية - part 16,,10,2,"104683,105343"
المفصل في الرد على الحضارة الغربية - part 17,,10,2,"104684,105344"
المفصل في الرد على الحضارة الغربية - part 18,,10,2,"104685,105345"
المفصل في الرد على الحضارة الغربية - part 19,,10,2,"104686,105346"
المفصل في الرد على الحضارة الغربية - part 2,,10,2,"104669,105329"
المفصل في الرد على الحضارة الغربية - part 20,,10,2,"104687,105347"
المفصل في الرد على الحضارة الغربية - part 21,,10,2,"104688,105348"
المفصل في الرد على الحضارة الغربية - part 22,,10,2,"104689,105349"
المفصل في الرد على الحضارة الغربية - part 23,,10,2,"104690,105350"
المفصل في الرد على الحضارة الغربية - part 24,,10,2,"104691,105351"
المفصل في الرد على الحضارة الغربية - part 3,,10,2,"104670,105330"
المفصل في الرد على الحضارة الغربية - part 4,,10,2,"104671,105331"
المفصل في الرد على الحضارة الغربية - part 5,,10,2,"104672,105332"
المفصل في الرد على الحضارة الغربية - part 6,,10,2,"104673,105333"
المفصل في الرد على الحضارة الغربية - part 7,,10,2,"104674,105334"
المفصل في الرد على الحضارة الغربية - part 8,,10,2,"104675,105335"
المفصل في الرد على الحضارة الغربية - part 9,,10,2,"104676,105336"
المفصل في الرد على شبهات أعداء الإسلام - part 1,,10,2,"19320,58731"
المفصل في الرد على شبهات أعداء الإسلام - part 10,,10,2,"19329,58740"
المفصل في الرد على شبهات أعداء الإسلام - part 11,,10,2,"19330,58741"
المفصل في الرد على شبهات أعداء الإسلام - part 12,,10,2,"19331,58742"
المفصل في الرد على شبهات أعداء الإسلام - part 13,,10,2,"19332,58743"
المفصل في الرد على شبهات أعداء الإسلام - part 14,,10,2,"19333,58744"
المفصل في الرد على شبهات أعداء الإسلام - part 2,,10,2,"19321,58732"
المفصل في الرد على شبهات أعداء الإسلام - part 3,,10,2,"19322,58733"
المفصل في الرد على شبهات أعداء الإسلام - part 4,,10,2,"19323,58734"
المفصل في الرد على شبهات أعداء الإسلام - part 5,,10,2,"19324,58735"
المفصل في الرد على شبهات أعداء الإسلام - part 6,,10,2,"19325,58736"
المفصل في الرد على شبهات أعداء الإسلام - part 7,,10,2,"19326,58737"
المفصل في الرد على شبهات أعداء الإسلام - part 8,,10,2,"19327,58738"
المفصل في الرد على شبهات أعداء الإسلام - part 9,,10,2,"19328,58739"
المفهوم على مقدمة ابن آجروم,,10,2,"86757,97319"
المقابسات ..لأبي حيان التوحيدي,,10,2,"38512,89407"
المقالات السنية في كشف ضلالات الفرقة الحبشية,,10,2,"64024,82218"
المقترح في أجوبة أسئلة المصطلح,,10,2,"29642,71095"
المقتنى في سرد الكنى - part 1,,10,2,"46149,81245"
المقتنى في سرد الكنى - part 2,,10,2,"46150,81246"
المقتنى في سرد الكنى للذهبي - part 1,,10,2,"27041,40851"
المقتنى في سرد الكنى للذهبي - part 2,,10,2,"27042,40852"
المقدمة الآجرومية,,10,2,"17979,27104"
المقومات الشخصية لمعلم القرآن الكريم,,10,2,"47157,51131"
المكي والمدني,,10,2,"78757,88678"
الملخص الوافي لعلامات الساعة الصغرى والكبرى,,10,2,"48766,92594"
المنار المنيف,,10,2,"41660,101550"
المناظر,,10,2,"71385,81563"
المناظرة في أصول التشريع الإسلامي,,10,2,"29313,97475"
المنة الكبرى شرح وتخريج السنن الصغرى - part 1,,10,2,"17259,80570"
المنة الكبرى شرح وتخريج السنن الصغرى - part 2,,10,2,"17260,80571"
المنتخب في ذكر نسب قبائل العرب,,10,2,"97243,101477"
المنتخب من علل الخلال,,10,2,"48824,83449"
المنتخب من كتب شيخ الإسلام ابن تيمية,,10,2,"62224,68797"
المنتخب من مسند عبد بن حميد,,10,2,"80220,92467"
المنتقى - شرح الموطأ - part 1,,10,2,"91435,103144"
المنتقى - شرح الموطأ - part 2,,10,2,"91436,103145"
المنتقى - شرح الموطأ - part 3,,10,2,"91437,103146"
المنتقى - شرح الموطأ - part 4,,10,2,"91438,103147"
المنتقى من السنن المسندة لابن الجارود,,10,2,"17607,96394"
المنتقى من كتاب الطبقات لأبي عروبة الحراني,,10,2,"38492,72529"
المنجد,,10,2,"44199,86759"
المنخول,,10,2,"60184,74116"
المنظمات اليهودية ودورها في إيذاء عيسى عليه السلام,,10,2,"49748,60593"
المنفردات والوحدان لمسلم النيسابوري,,10,2,"29399,83239"
المنقذ من الضلال,,10,2,"69767,101464"
المنهاج للنووي,,10,2,"33457,43666"
المنهيات للحكيم الترمذي,,10,2,"70940,71386"
المهدي بين أهل السنة والروافض,,10,2,"38215,53222"
الموافقات - part 5,,10,2,"100098,104265"
الموافقات - part 6,,10,2,"100099,104266"
المواقف - part 1,,10,2,"16977,73077"
المواقف - part 2,,10,2,"16978,73078"
المواقف - part 3,,10,2,"16979,73079"
المورد العذب المعين من آثار أعلام التابعين - part 1,,10,2,"68799,99022"
المورد العذب المعين من آثار أعلام التابعين - part 2,,10,2,"68800,99023"
المورد العذب المعين من آثار أعلام التابعين - part 3,,10,2,"68801,99024"
الموسوعة الفقهية الكويتية - part 1,,10,2,"65179,96723"
الموسوعة الفقهية الكويتية - part 10,,10,2,"65188,96732"
الموسوعة الفقهية الكويتية - part 11,,10,2,"65189,96733"
الموسوعة الفقهية الكويتية - part 12,,10,2,"65190,96734"
الموسوعة الفقهية الكويتية - part 13,,10,2,"65191,96735"
الموسوعة الفقهية الكويتية - part 14,,10,2,"65192,96736"
الموسوعة الفقهية الكويتية - part 15,,10,2,"65193,96737"
الموسوعة الفقهية الكويتية - part 16,,10,2,"65194,96738"
الموسوعة الفقهية الكويتية - part 17,,10,2,"65195,96739"
الموسوعة الفقهية الكويتية - part 18,,10,2,"65196,96740"
الموسوعة الفقهية الكويتية - part 19,,10,2,"65197,96741"
الموسوعة الفقهية الكويتية - part 2,,10,2,"65180,96724"
الموسوعة الفقهية الكويتية - part 20,,10,2,"65198,96742"
الموسوعة الفقهية الكويتية - part 21,,10,2,"65199,96743"
الموسوعة الفقهية الكويتية - part 22,,10,2,"65200,96744"
الموسوعة الفقهية الكويتية - part 23,,10,2,"65201,96745"
الموسوعة الفقهية الكويتية - part 24,,10,2,"65202,96746"
الموسوعة الفقهية الكويتية - part 25,,10,2,"65203,96747"
الموسوعة الفقهية الكويتية - part 26,,10,2,"65204,96748"
الموسوعة الفقهية الكويتية - part 27,,10,2,"65205,96749"
الموسوعة الفقهية الكويتية - part 28,,10,2,"65206,96750"
الموسوعة الفقهية الكويتية - part 29,,10,2,"65207,96751"
الموسوعة الفقهية الكويتية - part 3,,10,2,"65181,96725"
الموسوعة الفقهية الكويتية - part 30,,10,2,"65208,96752"
الموسوعة الفقهية الكويتية - part 31,,10,2,"65209,96753"
الموسوعة الفقهية الكويتية - part 32,,10,2,"65210,96754"
الموسوعة الفقهية الكويتية - part 33,,10,2,"65211,96755"
الموسوعة الفقهية الكويتية - part 34,,10,2,"65212,96756"
الموسوعة الفقهية الكويتية - part 35,,10,2,"65213,96757"
الموسوعة الفقهية الكويتية - part 36,,10,2,"65214,96758"
الموسوعة الفقهية الكويتية - part 37,,10,2,"65215,96759"
الموسوعة الفقهية الكويتية - part 38,,10,2,"65216,96760"
الموسوعة الفقهية الكويتية - part 39,,10,2,"65217,96761"
الموسوعة الفقهية الكويتية - part 4,,10,2,"65182,96726"
الموسوعة الفقهية الكويتية - part 40,,10,2,"65218,96762"
الموسوعة الفقهية الكويتية - part 41,,10,2,"65219,96763"
الموسوعة الفقهية الكويتية - part 42,,10,2,"65220,96764"
الموسوعة الفقهية الكويتية - part 43,,10,2,"65221,96765"
الموسوعة الفقهية الكويتية - part 44,,10,2,"65222,96766"
الموسوعة الفقهية الكويتية - part 45,,10,2,"65223,96767"
الموسوعة الفقهية الكويتية - part 5,,10,2,"65183,96727"
الموسوعة الفقهية الكويتية - part 6,,10,2,"65184,96728"
الموسوعة الفقهية الكويتية - part 7,,10,2,"65185,96729"
الموسوعة الفقهية الكويتية - part 8,,10,2,"65186,96730"
الموسوعة الفقهية الكويتية - part 9,,10,2,"65187,96731"
الموضوعات لابن الجوزي - part 1,,10,2,"29055,52142"
الموضوعات لابن الجوزي - part 2,,10,2,"29056,52143"
الموضوعات لابن الجوزي - part 3,,10,2,"29057,52144"
الموضوعات للجوزي - part 1,,10,2,"88637,97041"
الموضوعات للجوزي - part 2,,10,2,"88638,97042"
الموضوعات للجوزي - part 3,,10,2,"88639,97043"
الموضوعات للصغاني,,10,2,"39242,41923"
الموطأ - رواية محمد بن الحسن - part 1,,10,2,"29340,59211"
الموطأ - رواية محمد بن الحسن - part 2,,10,2,"29341,59212"
الموطأ - رواية محمد بن الحسن - part 3,,10,2,"29342,59213"
الموطأ نسخة نادرة - part 1,,10,2,"28888,29091"
الموطأ نسخة نادرة - part 2,,10,2,"28889,29092"
الموطا للامام المالک جلد 1,درس نظامی,2,2,"4487,4488"
الموطا للامام المالک جلد 2,درس نظامی,2,2,"4489,4490"
الموطا للامام المالک جلد 3,درس نظامی,2,2,"4491,4492"
الموطا للامام محمد جلد 1,درس نظامی,2,2,"4494,4495"
الموطا للامام محمد جلد 2,درس نظامی,2,2,"4497,4498"
الموقظة في علم مصطلح الحديث,,10,2,"32207,42257"
الموقف مما شجر بين الصحابة رضوان الله عليهم أجمعين,,10,2,"48767,81332"
المولد,,10,2,"48294,106154"
المولد النبوي بين المشروعية والبدعية,,10,2,"28460,42959"
الميزان,,10,2,"37071,58747"
الميسر لفهم معاني السلم - سعيد فودة,,10,2,"53225,91720"
الناسخ والمنسوخ لقتادة,,10,2,"17142,69676"
الناسخ والمنسوخ للسدوسي,,10,2,"41413,79627"
النتف في الفتاوى - part 1,,10,2,"23800,64425"
النتف في الفتاوى - part 2,,10,2,"23801,64426"
النجوم الزاهرة في ملوك مصر والقاهرة - part 10,,10,2,"97183,101497"
النجوم الزاهرة في ملوك مصر والقاهرة - part 6,,10,2,"97179,101493"
النجوم الزاهرة في ملوك مصر والقاهرة - part 7,,10,2,"97180,101494"
النجوم الزاهرة في ملوك مصر والقاهرة - part 8,,10,2,"97181,101495"
النجوم الزاهرة في ملوك مصر والقاهرة - part 9,,10,2,"97182,101496"
النحاة وحروف الجر ـــ صلاح الدين الزعبلاوي,,10,2,"39815,78761"
النشر الإلكتروني لترجمات معاني القرآن الكريم في خدمة الدعوة,,10,2,"87990,101968"
النظام الاقتصادي في الإسلام,,10,2,"50181,71854"
النفحات الزكية من المراسلات العلمية,,10,2,"21867,37073"
النفحة القدسية والتحفة الأنسية,,10,2,"47164,64316"
النقد والتقويم لمنتقدعقائد الماتريدية,,10,2,"53227,99305"
النمص .. رؤية شرعية شاملة,,10,2,"93486,101970"
النهاية في غريب الأثر - part 1,,10,2,"31576,39692"
النهاية في غريب الأثر - part 2,,10,2,"31577,39693"
النهاية في غريب الأثر - part 3,,10,2,"31578,39694"
النهاية في غريب الأثر - part 4,,10,2,"31579,39695"
النهضة.. من الصحوة إلى اليقظة,,10,2,"30880,33523"
النور الأسنى فى شرح أسماء الله الحسنى,,10,2,"59248,100049"
النور السافر عن أخبار القرن العاشر,,10,2,"25959,53386"
الهدي النبوي في الطب,,10,2,"18061,68684"
الهوى وأثره في الخلاف,,10,2,"82348,101971"
الواسطة بين الحق والخلق,,10,2,"88365,95783"
الوافي بالوفيات - part 1,,10,2,"41335,46447"
الوافي بالوفيات - part 10,,10,2,"41344,46456"
الوافي بالوفيات - part 11,,10,2,"41345,46457"
الوافي بالوفيات - part 12,,10,2,"41346,46458"
الوافي بالوفيات - part 13,,10,2,"41347,46459"
الوافي بالوفيات - part 14,,10,2,"41348,46460"
الوافي بالوفيات - part 15,,10,2,"41349,46461"
الوافي بالوفيات - part 16,,10,2,"41350,46462"
الوافي بالوفيات - part 17,,10,2,"41351,46463"
الوافي بالوفيات - part 18,,10,2,"41352,46464"
الوافي بالوفيات - part 19,,10,2,"41353,46465"
الوافي بالوفيات - part 2,,10,2,"41336,46448"
الوافي بالوفيات - part 20,,10,2,"41354,46466"
الوافي بالوفيات - part 21,,10,2,"41355,46467"
الوافي بالوفيات - part 22,,10,2,"41356,46468"
الوافي بالوفيات - part 24,,10,2,"41358,46469"
الوافي بالوفيات - part 26,,10,2,"41360,46470"
الوافي بالوفيات - part 27,,10,2,"41361,46471"
الوافي بالوفيات - part 28,,10,2,"41362,46472"
الوافي بالوفيات - part 29,,10,2,"41363,46473"
الوافي بالوفيات - part 3,,10,2,"41337,46449"
الوافي بالوفيات - part 4,,10,2,"41338,46450"
الوافي بالوفيات - part 5,,10,2,"41339,46451"
الوافي بالوفيات - part 6,,10,2,"41340,46452"
الوافي بالوفيات - part 7,,10,2,"41341,46453"
الوافي بالوفيات - part 8,,10,2,"41342,46454"
الوافي بالوفيات - part 9,,10,2,"41343,46455"
الوافية نظم الشافية,,10,2,"57320,82314"
الوثائق الدفاعية عن علماء السلفية الشرعية,,10,2,"51193,102866"
الوجوه المسفرة في القراءات الثلاث,,10,2,"52416,89704"
الوجوه والنظائر في القرآن الكريم,,10,2,"53230,102715"
الوجيز الميسر في أصول الفقه المالكي,,10,2,"60185,93275"
الوجيز في تجويد الكتاب العزيز,,10,2,"97686,104830"
الوجيز في ذكر المجاز والمجيز,,10,2,"71102,73715"
الورقات,,10,2,"32612,84845"
الوشيعة في كشف شنائع عقائد الشيعة,,10,2,"42966,88109"
الوصف الكامل لرسول الله,,10,2,"39729,95784"
الوصول إلى نظم علم الأصول,,10,2,"92627,98403"
الوصية ضوابط وأحكام,,10,2,"21818,29223"
الوصية على مذهب الامام ابي حنيفة النعمان,,10,2,"96212,96976"
الوفيات لابن قنفذ,,10,2,"56885,67984"
اليواقيت العشرية من كلام خير البرية - part 1,,10,2,"62400,82368"
اليواقيت العشرية من كلام خير البرية - part 10,,10,2,"62409,82377"
اليواقيت العشرية من كلام خير البرية - part 11,,10,2,"62410,82378"
اليواقيت العشرية من كلام خير البرية - part 2,,10,2,"62401,82369"
اليواقيت العشرية من كلام خير البرية - part 3,,10,2,"62402,82370"
اليواقيت العشرية من كلام خير البرية - part 4,,10,2,"62403,82371"
اليواقيت العشرية من كلام خير البرية - part 5,,10,2,"62404,82372"
اليواقيت العشرية من كلام خير البرية - part 6,,10,2,"62405,82373"
اليواقيت العشرية من كلام خير البرية - part 7,,10,2,"62406,82374"
اليواقيت العشرية من كلام خير البرية - part 8,,10,2,"62407,82375"
اليواقيت العشرية من كلام خير البرية - part 9,,10,2,"62408,82376"
الکلام الحاوی فی تحقیق عبارۃ الطحاوی,حضرت مولانا سرفراز خان صفدر صاحب,2,2,"4672,4676"
الھدایۃ شرح بدایۃ المبتدی جلد نمبر 1,درس نظامی,2,2,"4348,4349"
الھدایۃ شرح بدایۃ المبتدی جلد نمبر 2,درس نظامی,2,2,"4350,4352"
الہدایہ جلد 3,درس نظامی,2,2,"4441,4442"
الہدایہ جلد 4,درس نظامی,2,2,"4443,4444"
الہدایہ جلد 5,درس نظامی,2,2,"4445,4446"
الہدایہ جلد 6,درس نظامی,2,2,"4447,4448"
الہدایہ جلد 7,درس نظامی,2,2,"4449,4450"
الہدایہ جلد 8,درس نظامی,2,2,"4452,4453"
امام مھدی اور فتنہ قادیانی-مولانا منیر احمد علوی,,6,2,"14222,14737"
امام مہدی_شخصیت وحقیقت_مفتی اسعد قاسمی,,6,2,"14223,14738"
انبیاء علیہم السلام کے اصول دعوت ومنہج اور مزاج نبوت- ندویؒ,,6,2,"13997,14273"
انسان نہیں انسانیت کا قتل- مولانا ندیم احمد انصاری,,6,2,"15141,15148"
اهتمام الاسلام بالمرأة,,10,2,"75363,98349"
اہل بیت اور ان کے حقوق-التبیان,,6,2,"13785,13895"
اہل بیت اور صحابہ کرام کا باہمی تعلق-مفتی محمد عارف گلگتی,,6,2,"13786,13896"
اہل بیت اوردیگر صحابہ  کے مشترکہ فضائل-التبیان,,6,2,"13787,13897"
اہل بیت کا مختصر تعارف-فارروقی صاحب,,6,2,"13788,13898"
اہل بیت کا مصداق-دارالعلوم حقانی اکوڑہ خٹک,,6,2,"13789,13899"
اہل بیت کون- فاروقی شہیدؒ,,6,2,"13790,13900"
اہل بیت کون؟ مولانا اقبال رنگونی صاحب,,6,2,"13791,13901"
اہل بیت کے بارے میں شیعہ کا مؤقف-علامہ احسان الہی ظہیر,,6,2,"13792,13902"
ایک اور اینٹ گر گئی دیوار حیات سے- التبیان,,6,2,"15486,15706"
ایک نئی قسم کے موزوں پر مسح کا حکم- بنوری ٹاؤن کراچی,,6,2,"15205,15338"
بأي عقل ودين يكون التفجير والتدمير جهادا؟,,10,2,"28466,61732"
بحث أحاديث تعظم الربا على الزنا دراسة نقدية,,10,2,"80025,97044"
بحث تفصيلي عن رافضة المدينة النخاولة,,10,2,"20404,53248"
بحث حول تفسير الرازي للشيخ عبدالرحمن المعلمي,,10,2,"28308,88836"
"بحث عن "" صلاة الأوابين """,,10,2,"47173,100059"
بحر الدم,,10,2,"78063,84672"
بحوث وفتاوى في المسح على الخفين,,10,2,"44186,106037"
بخاری شریف کا تعارف-انعام الباری سے ماخوذ,,6,2,"14300,14631"
بخاری شریف کی پہلی حدیث کا درس-مفتی جمال الدین صاحب,,6,2,"14301,14632"
بدائع الصنائع في ترتيب الشرائع - part 1,,10,2,"96560,103941"
بدائع الصنائع في ترتيب الشرائع - part 10,,10,2,"96569,103950"
بدائع الصنائع في ترتيب الشرائع - part 11,,10,2,"96570,103951"
بدائع الصنائع في ترتيب الشرائع - part 12,,10,2,"96571,103952"
بدائع الصنائع في ترتيب الشرائع - part 13,,10,2,"96572,103953"
بدائع الصنائع في ترتيب الشرائع - part 14,,10,2,"96573,103954"
بدائع الصنائع في ترتيب الشرائع - part 15,,10,2,"96574,103955"
بدائع الصنائع في ترتيب الشرائع - part 16,,10,2,"96575,103956"
بدائع الصنائع في ترتيب الشرائع - part 17,,10,2,"96576,103957"
بدائع الصنائع في ترتيب الشرائع - part 2,,10,2,"96561,103942"
بدائع الصنائع في ترتيب الشرائع - part 3,,10,2,"96562,103943"
بدائع الصنائع في ترتيب الشرائع - part 4,,10,2,"96563,103944"
بدائع الصنائع في ترتيب الشرائع - part 5,,10,2,"96564,103945"
بدائع الصنائع في ترتيب الشرائع - part 6,,10,2,"96565,103946"
بدائع الصنائع في ترتيب الشرائع - part 7,,10,2,"96566,103947"
بدائع الصنائع في ترتيب الشرائع - part 8,,10,2,"96567,103948"
بدائع الصنائع في ترتيب الشرائع - part 9,,10,2,"96568,103949"
بداية السول في تفضيل الرسول صلى الله عليه وسلم,,10,2,"83692,89308"
بدعة الاحتفال بالمولد النبوي .. من كتاب البدع الحولية,,10,2,"69775,81743"
بذل الهمة في التعليق على نكبات الأمة,,10,2,"54084,91433"
بر الوالدين وصلة الأرحام,,10,2,"27119,43628"
براءة دعوة الشيخ محمد بن عبدالوهاب,,10,2,"69776,72092"
برامج الشريط الإسلامي,,10,2,"47174,53554"
برامج مقترحة لتفعيل المسجد,,10,2,"43274,82540"
برنامج استقبال ومتابعة المسلمين الجدد,,10,2,"100319,104794"
بروتوكولات حكماء صهيون,,10,2,"89530,102873"
بستان العارفين للنووي,,10,2,"49372,97492"
بشارات العهد الجديد بمحمد صلى الله عليه وسلم,,10,2,"63235,92974"
بشارة الشباب بما جاء في غض البصر من الثواب,,10,2,"27120,60099"
بشريات السلامة من أهوال القيامة,,10,2,"43626,53888"
بطاقات وعبارات دعوية تصلح رسائل صوتية,,10,2,"105546,106193"
بطاقة الائتمان ـ بكر بن عبدالله أبو زيد,,10,2,"20448,81089"
بطلان عقائد الشيعة,,10,2,"43284,79739"
بفهم سلف الأمة ... تنجلى الغمة,,10,2,"18064,74353"
بلغة الراوي نظم عقيدة الطحاوي,,10,2,"48306,54643"
بلو توث BlueTooth . تعريفه . فوائده . مخاطره,,10,2,"47176,74355"
بلوغ الأمل في فن الزجل,,10,2,"57178,99064"
بلوغ المرام من أدلة الأحكام,,10,2,"60209,88535"
بلوغ المرام من أدلة الأحكام - part 1,,10,2,"17417,70661"
بلوغ المرام من أدلة الأحكام - part 2,,10,2,"17418,70662"
بماذا نسمي الحاكم العبيدي؟,,10,2,"68818,92978"
بهجة اللحاظ بما لحفص من روضة الحفاظ,,10,2,"64394,80980"
بيان العلم الأصيل والمزاحم الدخيل,,10,2,"49751,53590"
بيان تلبيس الجهمية في تأسيس بدعهم الكلامية - part 1,,10,2,"40673,62225"
بيان تلبيس الجهمية في تأسيس بدعهم الكلامية - part 2,,10,2,"40674,62226"
بيان حقيقة الإيمان والرد على مرجئة العصر فيما خالفوا فيه محكم القرآن,,10,2,"92980,105352"
بيان للأمة وخطاب إلى بوش للشيخ سفر الحوالي,,10,2,"43259,60768"
بين الحجاب والتبرج,,10,2,"43586,105154"
بين الشيعة وأهل السنة,,10,2,"32878,38226"
بچہ مزدوری اسلامی نقطئہ نظر۔ مولانا خالد سیف اللہ صاحب ,,6,2,"14302,15783"
بہشتی گوہر,حکیم الامت حضرت مولانا اشرف علی تھانوی صاحب,2,2,"2345,4746"
بیانات پالنپوریؒ,,6,2,"13998,14274"
بیانات-جلد اول-مولانا ابراہیم دیولہ,,6,2,"13999,14275"
بیانات-جلد دوم-مولانا ابراہیم دیولہ,,6,2,"14000,14276"
بیت اللہ کے اندر پیدا ہونے والے ایک صحابی رسول-ڈسکوی,,6,2,"14782,15296"
بیعت رضوان-گھمن,,6,2,"14603,14982"
بیعت رضوان، قاسمی,,6,2,"14604,14983"
تأملات في كتاب نهج البلاغة,,10,2,"64413,69779"
تاريخ أسماء الثقات لابن شاهين,,10,2,"49532,61754"
تاريخ ابن خلدون - part 1,,10,2,"36369,81333"
تاريخ ابن خلدون - part 2,,10,2,"36370,81334"
تاريخ ابن خلدون - part 3,,10,2,"36371,81335"
تاريخ ابن خلدون - part 4,,10,2,"36372,81336"
تاريخ ابن خلدون - part 5,,10,2,"36373,81337"
تاريخ ابن خلدون - part 6,,10,2,"36374,81338"
تاريخ ابن خلدون - part 7,,10,2,"36375,81339"
تاريخ الإسلام للإمام الذهبي - part 1,,10,2,"57060,104449"
تاريخ الإسلام للإمام الذهبي - part 10,,10,2,"57069,104458"
تاريخ الإسلام للإمام الذهبي - part 11,,10,2,"57070,104459"
تاريخ الإسلام للإمام الذهبي - part 12,,10,2,"57071,104460"
تاريخ الإسلام للإمام الذهبي - part 13,,10,2,"57072,104461"
تاريخ الإسلام للإمام الذهبي - part 14,,10,2,"57073,104462"
تاريخ الإسلام للإمام الذهبي - part 15,,10,2,"57074,104463"
تاريخ الإسلام للإمام الذهبي - part 16,,10,2,"57075,104464"
تاريخ الإسلام للإمام الذهبي - part 17,,10,2,"57076,104465"
تاريخ الإسلام للإمام الذهبي - part 18,,10,2,"57077,104466"
تاريخ الإسلام للإمام الذهبي - part 19,,10,2,"57078,104467"
تاريخ الإسلام للإمام الذهبي - part 2,,10,2,"57061,104450"
تاريخ الإسلام للإمام الذهبي - part 20,,10,2,"57079,104468"
تاريخ الإسلام للإمام الذهبي - part 21,,10,2,"57080,104469"
تاريخ الإسلام للإمام الذهبي - part 22,,10,2,"57081,104470"
تاريخ الإسلام للإمام الذهبي - part 23,,10,2,"57082,104471"
تاريخ الإسلام للإمام الذهبي - part 24,,10,2,"57083,104472"
تاريخ الإسلام للإمام الذهبي - part 25,,10,2,"57084,104473"
تاريخ الإسلام للإمام الذهبي - part 26,,10,2,"57085,104474"
تاريخ الإسلام للإمام الذهبي - part 27,,10,2,"57086,104475"
تاريخ الإسلام للإمام الذهبي - part 28,,10,2,"57087,104476"
تاريخ الإسلام للإمام الذهبي - part 29,,10,2,"57088,104477"
تاريخ الإسلام للإمام الذهبي - part 3,,10,2,"57062,104451"
تاريخ الإسلام للإمام الذهبي - part 30,,10,2,"57089,104478"
تاريخ الإسلام للإمام الذهبي - part 31,,10,2,"57090,104479"
تاريخ الإسلام للإمام الذهبي - part 32,,10,2,"57091,104480"
تاريخ الإسلام للإمام الذهبي - part 33,,10,2,"57092,104481"
تاريخ الإسلام للإمام الذهبي - part 34,,10,2,"57093,104482"
تاريخ الإسلام للإمام الذهبي - part 35,,10,2,"57094,104483"
تاريخ الإسلام للإمام الذهبي - part 36,,10,2,"57095,104484"
تاريخ الإسلام للإمام الذهبي - part 37,,10,2,"57096,104485"
تاريخ الإسلام للإمام الذهبي - part 38,,10,2,"57097,104486"
تاريخ الإسلام للإمام الذهبي - part 39,,10,2,"57098,104487"
تاريخ الإسلام للإمام الذهبي - part 4,,10,2,"57063,104452"
تاريخ الإسلام للإمام الذهبي - part 40,,10,2,"57099,104488"
تاريخ الإسلام للإمام الذهبي - part 41,,10,2,"57100,104489"
تاريخ الإسلام للإمام الذهبي - part 42,,10,2,"57101,104490"
تاريخ الإسلام للإمام الذهبي - part 43,,10,2,"57102,104491"
تاريخ الإسلام للإمام الذهبي - part 44,,10,2,"57103,104492"
تاريخ الإسلام للإمام الذهبي - part 45,,10,2,"57104,104493"
تاريخ الإسلام للإمام الذهبي - part 46,,10,2,"57105,104494"
تاريخ الإسلام للإمام الذهبي - part 47,,10,2,"57106,104495"
تاريخ الإسلام للإمام الذهبي - part 48,,10,2,"57107,104496"
تاريخ الإسلام للإمام الذهبي - part 49,,10,2,"57108,104497"
تاريخ الإسلام للإمام الذهبي - part 5,,10,2,"57064,104453"
تاريخ الإسلام للإمام الذهبي - part 50,,10,2,"57109,104498"
تاريخ الإسلام للإمام الذهبي - part 51,,10,2,"57110,104499"
تاريخ الإسلام للإمام الذهبي - part 52,,10,2,"57111,104500"
تاريخ الإسلام للإمام الذهبي - part 6,,10,2,"57065,104454"
تاريخ الإسلام للإمام الذهبي - part 7,,10,2,"57066,104455"
تاريخ الإسلام للإمام الذهبي - part 8,,10,2,"57067,104456"
تاريخ الإسلام للإمام الذهبي - part 9,,10,2,"57068,104457"
تاريخ الطبري - part 1,,10,2,"31499,54551"
تاريخ الطبري - part 2,,10,2,"31500,54552"
تاريخ الطبري - part 3,,10,2,"31501,54553"
تاريخ الطبري - part 4,,10,2,"31502,54554"
تاريخ الطبري - part 5,,10,2,"31503,54555"
تاريخ المساجد الشهيرة,,10,2,"36393,97493"
تاريخ بغداد - part 1,,10,2,"67995,89377"
تاريخ بغداد - part 2,,10,2,"67996,89378"
تاريخ بغداد - part 3,,10,2,"67997,89379"
تاريخ بغداد - part 4,,10,2,"67998,89380"
تاريخ بغداد - part 5,,10,2,"67999,89381"
تاريخ بغداد - part 6,,10,2,"68000,89382"
تاريخ جرجان,,10,2,"78074,104541"
تاريخ خليفة بن خياط,,10,2,"78265,89371"
تاريخ مدينة دمشق - part 100,,10,2,"17926,62510"
تاريخ مدينة دمشق - part 101,,10,2,"17927,62511"
تاريخ مدينة دمشق - part 102,,10,2,"17928,62512"
تاريخ مدينة دمشق - part 103,,10,2,"17929,62513"
تاريخ مدينة دمشق - part 104,,10,2,"17930,62514"
تاريخ مدينة دمشق - part 105,,10,2,"17931,62515"
تاريخ مدينة دمشق - part 106,,10,2,"17932,62516"
تاريخ مدينة دمشق - part 107,,10,2,"17933,62517"
تاريخ مدينة دمشق - part 108,,10,2,"17934,62518"
تاريخ مدينة دمشق - part 109,,10,2,"17935,62519"
تاريخ مدينة دمشق - part 110,,10,2,"17936,62520"
تاريخ مدينة دمشق - part 111,,10,2,"17937,62521"
تاريخ مدينة دمشق - part 112,,10,2,"17938,62522"
تاريخ مدينة دمشق - part 113,,10,2,"17939,62523"
تاريخ مدينة دمشق - part 114,,10,2,"17940,62524"
تاريخ مدينة دمشق - part 115,,10,2,"17941,62525"
تاريخ مدينة دمشق - part 116,,10,2,"17942,62526"
تاريخ مدينة دمشق - part 117,,10,2,"17943,62527"
تاريخ مدينة دمشق - part 118,,10,2,"17944,62528"
تاريخ مدينة دمشق - part 119,,10,2,"17945,62529"
تاريخ مدينة دمشق - part 120,,10,2,"17946,62530"
تاريخ مدينة دمشق - part 121,,10,2,"17947,62531"
تاريخ مدينة دمشق - part 122,,10,2,"17948,62532"
تاريخ مدينة دمشق - part 71,,10,2,"17897,62481"
تاريخ مدينة دمشق - part 72,,10,2,"17898,62482"
تاريخ مدينة دمشق - part 73,,10,2,"17899,62483"
تاريخ مدينة دمشق - part 74,,10,2,"17900,62484"
تاريخ مدينة دمشق - part 75,,10,2,"17901,62485"
تاريخ مدينة دمشق - part 76,,10,2,"17902,62486"
تاريخ مدينة دمشق - part 77,,10,2,"17903,62487"
تاريخ مدينة دمشق - part 78,,10,2,"17904,62488"
تاريخ مدينة دمشق - part 79,,10,2,"17905,62489"
تاريخ مدينة دمشق - part 80,,10,2,"17906,62490"
تاريخ مدينة دمشق - part 81,,10,2,"17907,62491"
تاريخ مدينة دمشق - part 82,,10,2,"17908,62492"
تاريخ مدينة دمشق - part 83,,10,2,"17909,62493"
تاريخ مدينة دمشق - part 84,,10,2,"17910,62494"
تاريخ مدينة دمشق - part 85,,10,2,"17911,62495"
تاريخ مدينة دمشق - part 86,,10,2,"17912,62496"
تاريخ مدينة دمشق - part 87,,10,2,"17913,62497"
تاريخ مدينة دمشق - part 88,,10,2,"17914,62498"
تاريخ مدينة دمشق - part 89,,10,2,"17915,62499"
تاريخ مدينة دمشق - part 90,,10,2,"17916,62500"
تاريخ مدينة دمشق - part 91,,10,2,"17917,62501"
تاريخ مدينة دمشق - part 92,,10,2,"17918,62502"
تاريخ مدينة دمشق - part 93,,10,2,"17919,62503"
تاريخ مدينة دمشق - part 94,,10,2,"17920,62504"
تاريخ مدينة دمشق - part 95,,10,2,"17921,62505"
تاريخ مدينة دمشق - part 96,,10,2,"17922,62506"
تاريخ مدينة دمشق - part 97,,10,2,"17923,62507"
تاريخ مدينة دمشق - part 98,,10,2,"17924,62508"
تاريخ مدينة دمشق - part 99,,10,2,"17925,62509"
تبلیغی جماعت کے اہم اصول- مولانا سعید احمد خان صاحب کا خط,,6,2,"14005,14278"
تبلیغی جماعت- مفتی صابر محمود,,6,2,"14006,14279"
تجلیات محرم الحرام-مولانا عبد الکریم ندیم,,6,2,"13363,13814"
تحبير التيسير في القراءات العشر,,10,2,"34023,80229"
تحت ظلال السيوف - part 1,,10,2,"60600,89108"
تحت ظلال السيوف - part 10,,10,2,"60609,89117"
تحت ظلال السيوف - part 11,,10,2,"60610,89118"
تحت ظلال السيوف - part 12,,10,2,"60611,89119"
تحت ظلال السيوف - part 13,,10,2,"60612,89120"
تحت ظلال السيوف - part 14,,10,2,"60613,89121"
تحت ظلال السيوف - part 15,,10,2,"60614,89122"
تحت ظلال السيوف - part 16,,10,2,"60615,89123"
تحت ظلال السيوف - part 17,,10,2,"60616,89124"
تحت ظلال السيوف - part 18,,10,2,"60617,89125"
تحت ظلال السيوف - part 19,,10,2,"60618,89126"
تحت ظلال السيوف - part 2,,10,2,"60601,89109"
تحت ظلال السيوف - part 20,,10,2,"60619,89127"
تحت ظلال السيوف - part 21,,10,2,"60620,89128"
تحت ظلال السيوف - part 22,,10,2,"60621,89129"
تحت ظلال السيوف - part 23,,10,2,"60622,89130"
تحت ظلال السيوف - part 24,,10,2,"60623,89131"
تحت ظلال السيوف - part 25,,10,2,"60624,89132"
تحت ظلال السيوف - part 26,,10,2,"60625,89133"
تحت ظلال السيوف - part 27,,10,2,"60626,89134"
تحت ظلال السيوف - part 28,,10,2,"60627,89135"
تحت ظلال السيوف - part 29,,10,2,"60628,89136"
تحت ظلال السيوف - part 3,,10,2,"60602,89110"
تحت ظلال السيوف - part 30,,10,2,"60629,89137"
تحت ظلال السيوف - part 31,,10,2,"60630,89138"
تحت ظلال السيوف - part 32,,10,2,"60631,89139"
تحت ظلال السيوف - part 33,,10,2,"60632,89140"
تحت ظلال السيوف - part 34,,10,2,"60633,89141"
تحت ظلال السيوف - part 35,,10,2,"60634,89142"
تحت ظلال السيوف - part 36,,10,2,"60635,89143"
تحت ظلال السيوف - part 37,,10,2,"60636,89144"
تحت ظلال السيوف - part 38,,10,2,"60637,89145"
تحت ظلال السيوف - part 39,,10,2,"60638,89146"
تحت ظلال السيوف - part 4,,10,2,"60603,89111"
تحت ظلال السيوف - part 40,,10,2,"60639,89147"
تحت ظلال السيوف - part 41,,10,2,"60640,89148"
تحت ظلال السيوف - part 42,,10,2,"60641,89149"
تحت ظلال السيوف - part 43,,10,2,"60642,89150"
تحت ظلال السيوف - part 5,,10,2,"60604,89112"
تحت ظلال السيوف - part 6,,10,2,"60605,89113"
تحت ظلال السيوف - part 7,,10,2,"60606,89114"
تحت ظلال السيوف - part 8,,10,2,"60607,89115"
تحت ظلال السيوف - part 9,,10,2,"60608,89116"
تحذير الأنام بما في الأقوال والأفعال من الآثام - part 1,,10,2,"38534,106221"
تحذير الأنام بما في الأقوال والأفعال من الآثام - part 2,,10,2,"38535,106222"
تحذير الأنام بما في الأقوال والأفعال من الآثام - part 3,,10,2,"38536,106223"
تحذير الأنام بما في الأقوال والأفعال من الآثام - part 4,,10,2,"38537,106224"
تحذير الساجد من اتخاذ القبور مساجد,,10,2,"42054,48791"
تحرير القواعد ومجمع الفرائد,,10,2,"71005,85046"
تحرير القواعد ومجمع الفرائد - part 1,,10,2,"23771,64423"
تحرير القواعد ومجمع الفرائد - part 2,,10,2,"23772,64424"
تحرير النشر,,10,2,"70911,88550"
تحرير قول الإمام عبد اللطيف بن عبد الرحمن آل الشيخ رحمه الله في موالاة الكفار,,10,2,"88405,91767"
تحريم آلات الطرب,,10,2,"52430,59538"
تحريم التصوير,,10,2,"20915,65300"
تحریک پاکستان میں علماء کا کردار۔ مفتی رفیق احمد بالاکوٹی,,6,2,"13933,15588"
تحسين القبيح وتقبيح الحسن,,10,2,"39801,46528"
تحطيم الصنم الديمقراطي,,10,2,"43266,51194"
تحفة الأحوذي - part 1,,10,2,"33640,62565"
تحفة الأحوذي - part 2,,10,2,"33641,62566"
تحفة الأحوذي - part 3,,10,2,"33642,62567"
تحفة الأحوذي - part 4,,10,2,"33643,62568"
تحفة الأحوذي - part 5,,10,2,"33644,62569"
تحفة الأحوذي - part 6,,10,2,"33645,62570"
تحفة الأحوذي - part 7,,10,2,"33646,62571"
تحفة الأحوذي - part 8,,10,2,"33647,62572"
تحفة الأحوذي - part 9,,10,2,"33648,62573"
تحفة الأخوانة للتويجري,,10,2,"96935,104699"
تحفة الأريب .. في نصرة الحبيب,,10,2,"18065,31953"
تحفة الأشراف بمعرفة الأطراف - part 1,,10,2,"20636,71525"
تحفة الأشراف بمعرفة الأطراف - part 10,,10,2,"20645,71534"
تحفة الأشراف بمعرفة الأطراف - part 11,,10,2,"20646,71535"
تحفة الأشراف بمعرفة الأطراف - part 12,,10,2,"20647,71536"
تحفة الأشراف بمعرفة الأطراف - part 13,,10,2,"20648,71537"
تحفة الأشراف بمعرفة الأطراف - part 2,,10,2,"20637,71526"
تحفة الأشراف بمعرفة الأطراف - part 3,,10,2,"20638,71527"
تحفة الأشراف بمعرفة الأطراف - part 4,,10,2,"20639,71528"
تحفة الأشراف بمعرفة الأطراف - part 5,,10,2,"20640,71529"
تحفة الأشراف بمعرفة الأطراف - part 6,,10,2,"20641,71530"
تحفة الأشراف بمعرفة الأطراف - part 7,,10,2,"20642,71531"
تحفة الأشراف بمعرفة الأطراف - part 8,,10,2,"20643,71532"
تحفة الأشراف بمعرفة الأطراف - part 9,,10,2,"20644,71533"
تحفة الأمراء في تاريخ الوزراء,,10,2,"36196,64332"
تحفة التحصيل في ذكر رواة المراسيل,,10,2,"21903,46251"
تحفة الحبيب على شرح الخطيب - part 1,,10,2,"29650,100795"
تحفة الحبيب على شرح الخطيب - part 2,,10,2,"29651,100796"
تحفة الحبيب على شرح الخطيب - part 3,,10,2,"29652,100797"
تحفة الحبيب على شرح الخطيب - part 4,,10,2,"29653,100798"
تحفة الحبيب على شرح الخطيب - part 5,,10,2,"29654,100799"
تحفة الطالب بمعرفة أحاديث مختصر ابن الحاجب,,10,2,"29024,74159"
تحفة الطالب والجليس في كشف شبه داود بن جرجيس,,10,2,"28475,71861"
تحفة الطحاوي,,10,2,"23760,38228"
تحفة العروسين,,10,2,"54644,85047"
تحفة المحتاج بشرح المنهاج - part 1,,10,2,"39384,39507"
تحفة المحتاج بشرح المنهاج - part 10,,10,2,"39393,39516"
تحفة المحتاج بشرح المنهاج - part 11,,10,2,"39394,39517"
تحفة المحتاج بشرح المنهاج - part 2,,10,2,"39385,39508"
تحفة المحتاج بشرح المنهاج - part 3,,10,2,"39386,39509"
تحفة المحتاج بشرح المنهاج - part 4,,10,2,"39387,39510"
تحفة المحتاج بشرح المنهاج - part 5,,10,2,"39388,39511"
تحفة المحتاج بشرح المنهاج - part 6,,10,2,"39389,39512"
تحفة المحتاج بشرح المنهاج - part 7,,10,2,"39390,39513"
تحفة المحتاج بشرح المنهاج - part 8,,10,2,"39391,39514"
تحفة المحتاج بشرح المنهاج - part 9,,10,2,"39392,39515"
تحفة الملوك,,10,2,"39298,85016"
تحفة المودود بأحكام المولود,,10,2,"36411,49261"
تحقيق إيجاز التعريف في علم التصريف لابن مالك - part 1,,10,2,"65528,86698"
تحقيق إيجاز التعريف في علم التصريف لابن مالك - part 10,,10,2,"65537,86707"
تحقيق إيجاز التعريف في علم التصريف لابن مالك - part 2,,10,2,"65529,86699"
تحقيق إيجاز التعريف في علم التصريف لابن مالك - part 3,,10,2,"65530,86700"
تحقيق إيجاز التعريف في علم التصريف لابن مالك - part 4,,10,2,"65531,86701"
تحقيق إيجاز التعريف في علم التصريف لابن مالك - part 5,,10,2,"65532,86702"
تحقيق إيجاز التعريف في علم التصريف لابن مالك - part 6,,10,2,"65533,86703"
تحقيق إيجاز التعريف في علم التصريف لابن مالك - part 7,,10,2,"65534,86704"
تحقيق إيجاز التعريف في علم التصريف لابن مالك - part 8,,10,2,"65535,86705"
تحقيق إيجاز التعريف في علم التصريف لابن مالك - part 9,,10,2,"65536,86706"
تحقیق شب معراج-مفتی رشید احمد لدھیانویؒ,,6,2,"14543,15257"
تخجيل من حرف التوراة والإنجيل - part 1,,10,2,"48309,78691"
تخجيل من حرف التوراة والإنجيل - part 2,,10,2,"48310,78692"
تخجيل من حرف التوراة والإنجيل - part 3,,10,2,"48311,78693"
تخجيل من حرف التوراة والإنجيل - part 4,,10,2,"48312,78694"
تخريج حديث أنا مدينة العلم وعلي بابها,,10,2,"96454,103408"
تخريج وتحقيق كتاب مفردات القرآن الكريم للحمصي السوري أبوحذيفة الشواني الكردي,,10,2,"39223,102716"
تذكرة السامع والمتكلم في أدب العالم والمتعلم,,10,2,"39573,43211"
تذكير الأبرار بحقوق الجار,,10,2,"60833,106566"
تذكير المسلمين بصفات المؤمنين,,10,2,"33273,97699"
تراویح كے مسلمان۔مفتی محمد صاحب,,6,2,"13568,13644"
تربية ملكة الاجتهاد من خلال بداية المجتهد لابن رشد - part 1,,10,2,"100154,104274"
تربية ملكة الاجتهاد من خلال بداية المجتهد لابن رشد - part 2,,10,2,"100155,104275"
تربية ملكة الاجتهاد من خلال بداية المجتهد لابن رشد - part 3,,10,2,"100156,104276"
ترتيب المدارك وتقريب المسالك - part 1,,10,2,"17648,56929"
ترتيب المدارك وتقريب المسالك - part 2,,10,2,"17649,56930"
ترتيب علل الترمذي الكبير,,10,2,"70119,71058"
ترجمة الحافظ ابن رجب الحنبلي,,10,2,"62533,78816"
ترجمة معاني القرآن الكريم - part 1,,10,2,"37930,62215"
ترجمة معاني القرآن الكريم - part 2,,10,2,"37931,62216"
تركة النبي صلى الله عليه وسلم والسبل التي وجهها فيها,,10,2,"17723,87040"
تركة النبي لحماد بن إسحاق,,10,2,"40761,80026"
تزايد النزعة الدينية لدى البشر,,10,2,"27132,53178"
تزكية النفوس,,10,2,"78511,104700"
تزكية النفوس للدكتور أحمد فريد,,10,2,"40080,49373"
تزيين الممالك بمناقب الإمام مالك للسيوطي,,10,2,"31523,39699"
تسهيل الطرقات في نظم الورقات,,10,2,"34126,94485"
تشبيه الخسيس بأهل الخميس,,10,2,"48313,48823"
تشنيف الأسماع ببعض مسائل الإجماع,,10,2,"17598,60074"
تصحيح التصحيف وتحرير التحريف,,10,2,"29658,86080"
تطريز رياض الصالحين - part 1,,10,2,"39161,106210"
تطريز رياض الصالحين - part 2,,10,2,"39162,106211"
تطريز رياض الصالحين - part 3,,10,2,"39163,106212"
تطهير الاعتقاد من أدران الإلحاد,,10,2,"80139,102882"
تعدد الزوجات,,10,2,"75244,78821"
تعدد الزوجات وحكمته في الإسلام,,10,2,"51102,70919"
تعرف على الإسلام,,10,2,"71843,87044"
تعريفات ومصطلحات فقهية في لغة معاصرة,,10,2,"54387,70884"
تعليقات الشيخ البراك على المخالفات العقدية في فتح الباري,,10,2,"58764,88421"
تعليقات على شرح لمعة الاعتقاد,,10,2,"37099,69784"
تعليقات على كشف الشبهات,,10,2,"79746,80140"
تعليم الأحب أحاديث النووي وابن رجب,,10,2,"47191,49062"
تعليم المرأة وأقلام السوء,,10,2,"52539,71877"
تفجيرات لندن والبعد الغائب,,10,2,"40888,54328"
تفريغ شرح مدارج السالكين,,10,2,"32608,60834"
تفسير آيات من القرآن الكريم,,10,2,"20561,28521"
تفسير ابن أبي حاتم - part 1,,10,2,"70449,79445"
تفسير ابن أبي حاتم - part 10,,10,2,"70458,79454"
تفسير ابن أبي حاتم - part 11,,10,2,"70459,79455"
تفسير ابن أبي حاتم - part 12,,10,2,"70460,79456"
تفسير ابن أبي حاتم - part 2,,10,2,"70450,79446"
تفسير ابن أبي حاتم - part 3,,10,2,"70451,79447"
تفسير ابن أبي حاتم - part 4,,10,2,"70452,79448"
تفسير ابن أبي حاتم - part 5,,10,2,"70453,79449"
تفسير ابن أبي حاتم - part 6,,10,2,"70454,79450"
تفسير ابن أبي حاتم - part 7,,10,2,"70455,79451"
تفسير ابن أبي حاتم - part 8,,10,2,"70456,79452"
تفسير ابن أبي حاتم - part 9,,10,2,"70457,79453"
تفسير الإمام ابن أبي العز جمعا ودراسة - part 1,,10,2,"43453,69550"
تفسير الإمام ابن أبي العز جمعا ودراسة - part 2,,10,2,"43454,69551"
تفسير البحر المحيط - part 1,,10,2,"18067,38232"
تفسير البحر المحيط - part 2,,10,2,"18068,38233"
تفسير البحر المحيط - part 3,,10,2,"18069,38234"
تفسير البحر المحيط - part 4,,10,2,"18070,38235"
تفسير البحر المحيط - part 5,,10,2,"18071,38236"
تفسير البحر المحيط - part 6,,10,2,"18072,38237"
تفسير البحر المحيط - part 7,,10,2,"18073,38238"
تفسير البحر المحيط - part 8,,10,2,"18074,38239"
تفسير الجلالين,,10,2,"74102,102892"
تفسير الخازن - part 1,,10,2,"16642,83679"
تفسير الخازن - part 2,,10,2,"16643,83680"
تفسير السلمي - part 1,,10,2,"44519,48335"
تفسير السلمي - part 2,,10,2,"44520,48336"
تفسير السمعاني - part 1,,10,2,"58777,79465"
تفسير السمعاني - part 2,,10,2,"58778,79466"
تفسير السمعاني - part 3,,10,2,"58779,79467"
تفسير السمعاني - part 4,,10,2,"58780,79468"
تفسير السمعاني - part 5,,10,2,"58781,79469"
تفسير السمعاني - part 6,,10,2,"58782,79470"
تفسير القرآن الكريم ـ ابن القيم,,10,2,"74114,78621"
تفسير القرآن لعبدالرزاق الصنعاني - part 1,,10,2,"28249,37795"
تفسير القرآن لعبدالرزاق الصنعاني - part 2,,10,2,"28250,37796"
تفسير القرآن لعبدالرزاق الصنعاني - part 3,,10,2,"28251,37797"
تفسير القرطبي - part 1,,10,2,"38339,47828"
تفسير القرطبي - part 10,,10,2,"38348,47837"
تفسير القرطبي - part 11,,10,2,"38349,47838"
تفسير القرطبي - part 12,,10,2,"38350,47839"
تفسير القرطبي - part 13,,10,2,"38351,47840"
تفسير القرطبي - part 14,,10,2,"38352,47841"
تفسير القرطبي - part 15,,10,2,"38353,47842"
تفسير القرطبي - part 16,,10,2,"38354,47843"
تفسير القرطبي - part 17,,10,2,"38355,47844"
تفسير القرطبي - part 18,,10,2,"38356,47845"
تفسير القرطبي - part 19,,10,2,"38357,47846"
تفسير القرطبي - part 2,,10,2,"38340,47829"
تفسير القرطبي - part 20,,10,2,"38358,47847"
تفسير القرطبي - part 3,,10,2,"38341,47830"
تفسير القرطبي - part 4,,10,2,"38342,47831"
تفسير القرطبي - part 5,,10,2,"38343,47832"
تفسير القرطبي - part 6,,10,2,"38344,47833"
تفسير القرطبي - part 7,,10,2,"38345,47834"
تفسير القرطبي - part 8,,10,2,"38346,47835"
تفسير القرطبي - part 9,,10,2,"38347,47836"
تفسير سورة النبأ وسورة الملك تفسيرا موضوعيا,,10,2,"79630,88263"
تفسير سورة النور,,10,2,"37801,82294"
تفسير سورة النور - part 1,,10,2,"22291,103031"
تفسير سورة النور - part 2,,10,2,"22292,103032"
تفسير سورة النور - part 3,,10,2,"22293,103033"
تفسير سورة النور - part 4,,10,2,"22294,103034"
تفسير سورة النور - part 5,,10,2,"22295,103035"
تفسير سورة النور - part 6,,10,2,"22296,103036"
تفسير مجاهد - part 1,,10,2,"70603,79794"
تفسير مجاهد - part 2,,10,2,"70604,79795"
تفسیر جلالین جلد 1,درس نظامی,2,2,"4431,4432"
تفسیر جلالین جلد 2,درس نظامی,2,2,"4433,4434"
تفسیر جلالین جلد 3,درس نظامی,2,2,"4435,4436"
تقبيح الحسن وتحسين القبيح,,10,2,"57788,70946"
تقديس الأولياء,,10,2,"93161,96206"
تقريب الأسانيد وترتيب المسانيد للعراقي_تمت,,10,2,"33101,89276"
تقريب التدمرية,,10,2,"16630,22354"
تقريب التهذيب - part 1,,10,2,"49756,85870"
تقريب التهذيب - part 2,,10,2,"49757,85871"
تقريب التهذيب لأحمد العسقلاني - part 1,,10,2,"83244,98492"
تقريب التهذيب لأحمد العسقلاني - part 2,,10,2,"83245,98493"
تقريب التهذيب لأحمد العسقلاني - part 3,,10,2,"83246,98494"
تقريب التهذيب لأحمد العسقلاني - part 4,,10,2,"83247,98495"
تقريب الوصول إلي معرفة الرسول صلى الله عليه وسلم,,10,2,"87059,106441"
تقريرات ابن تيمية في بيان ما يشكل من الرسالة التدمرية,,10,2,"38240,59308"
تقويم أساليب تعليم القرآن الكريم وعلومه في وسائل الإعلام,,10,2,"87060,105221"
تقویم ہجری اور ایک علمی مکتوب-مولانا عبد القدوس ہاشمی,,6,2,"13346,15728"
تقييد العلم للخطيب البغدادي,,10,2,"30769,97046"
تلاوت قرآن مجید اور رمضان- مولانا محمد اقبال رنگونی صاحب,,6,2,"13654,14180"
تلبيس إبليس,,10,2,"86106,88427"
تلخيص أحكام الجنائز,,10,2,"42065,49026"
تلخيص الحبير لأحمد العسقلاني - part 1,,10,2,"59726,70617"
تلخيص الحبير لأحمد العسقلاني - part 2,,10,2,"59727,70618"
تلخيص الحبير لأحمد العسقلاني - part 3,,10,2,"59728,70619"
تلخيص الحبير لأحمد العسقلاني - part 4,,10,2,"59729,70620"
تلخيص منسك الشنقيطي ـ عبدالرحمن بن محمد الهرفي,,10,2,"49343,99077"
تمام المنة في التعليق على فقه السنة,,10,2,"54353,80581"
تمام النصح في أحكام المسح,,10,2,"85617,96460"
تمهيد الفرش في الخصال الموجبة لظل العرش,,10,2,"62659,72093"
تنبيه القارئ على تقوية ما ضعفه الألباني,,10,2,"17651,38533"
تنبيه ذوي الألباب السليمة عن والوقوع في الألفاظ المبتدعة الوخيمة,,10,2,"38241,82276"
تنبیھات(اضافہ شدہ ایڈیشن)۔متعلقات محرم,,6,2,"13364,13815"
تنزيل القرآن,,10,2,"37932,59478"
تنزيه الشريعة عن الألفاظ الشنيعة,,10,2,"33662,69786"
تنقيح المناظرة في تصحيح المخابرة,,10,2,"27143,70810"
تنوير الصدور في التحذير من فتنة القبور - part 1,,10,2,"22446,80164"
تنوير الصدور في التحذير من فتنة القبور - part 2,,10,2,"22447,80165"
تنویر السراج فی لیلۃ المعراج ,,6,2,"14544,15258"
تهافت الفلاسفة,,10,2,"90009,104702"
تهذيب التهذيب - part 1,,10,2,"18078,56965"
تهذيب التهذيب - part 10,,10,2,"18087,56974"
تهذيب التهذيب - part 11,,10,2,"18088,56975"
تهذيب التهذيب - part 12,,10,2,"18089,56976"
تهذيب التهذيب - part 2,,10,2,"18079,56966"
تهذيب التهذيب - part 3,,10,2,"18080,56967"
تهذيب التهذيب - part 4,,10,2,"18081,56968"
تهذيب التهذيب - part 5,,10,2,"18082,56969"
تهذيب التهذيب - part 6,,10,2,"18083,56970"
تهذيب التهذيب - part 7,,10,2,"18084,56971"
تهذيب التهذيب - part 8,,10,2,"18085,56972"
تهذيب التهذيب - part 9,,10,2,"18086,56973"
تهذيب الفروق والقواعد السنية فى الأسرار الفقهية - part 1,,10,2,"49174,64271"
تهذيب الفروق والقواعد السنية فى الأسرار الفقهية - part 2,,10,2,"49175,64272"
تهذيب الفروق والقواعد السنية فى الأسرار الفقهية - part 3,,10,2,"49176,64273"
تهذيب الفروق والقواعد السنية فى الأسرار الفقهية - part 4,,10,2,"49177,64274"
تهذيب المدونة - part 1,,10,2,"22398,70340"
تهذيب المدونة - part 2,,10,2,"22399,70341"
تهذيب المدونة - part 3,,10,2,"22400,70342"
تهذيب المدونة - part 4,,10,2,"22401,70343"
تهذيب مستمر الأوهام,,10,2,"29660,78169"
توجيه وتنبيه لهواة الصيد ومحبيه - part 1,,10,2,"57793,98447"
توجيه وتنبيه لهواة الصيد ومحبيه - part 2,,10,2,"57794,98448"
توجيه وتنبيه لهواة الصيد ومحبيه - part 3,,10,2,"57795,98449"
توجيه وتنبيه لهواة الصيد ومحبيه - part 4,,10,2,"57796,98450"
توجيهات لطالب العلم,,10,2,"51153,64177"
توضيح المشتبه في ضبط أسماء الرواة وأنسابهم وألقابهم وكناهم - part 1,,10,2,"85872,93671"
توضيح المشتبه في ضبط أسماء الرواة وأنسابهم وألقابهم وكناهم - part 2,,10,2,"85873,93672"
توضيح المشتبه في ضبط أسماء الرواة وأنسابهم وألقابهم وكناهم - part 3,,10,2,"85874,93673"
توضيح المشتبه في ضبط أسماء الرواة وأنسابهم وألقابهم وكناهم - part 4,,10,2,"85875,93674"
توضيح المشتبه في ضبط أسماء الرواة وأنسابهم وألقابهم وكناهم - part 5,,10,2,"85876,93675"
توضيح المشتبه في ضبط أسماء الرواة وأنسابهم وألقابهم وكناهم - part 6,,10,2,"85877,93676"
توضيح المشتبه في ضبط أسماء الرواة وأنسابهم وألقابهم وكناهم - part 7,,10,2,"85878,93677"
توضيح المشتبه في ضبط أسماء الرواة وأنسابهم وألقابهم وكناهم - part 8,,10,2,"85879,93678"
توضيح المشتبه في ضبط أسماء الرواة وأنسابهم وألقابهم وكناهم - part 9,,10,2,"85880,93679"
تولية المرأة للمناصب ( شبهات وردها ),,10,2,"98351,100644"
تيسر العلام شرح عمدة الأحكام - part 1,,10,2,"80983,88925"
تيسر العلام شرح عمدة الأحكام - part 2,,10,2,"80984,88926"
تيسير الاعتقاد,,10,2,"21016,70338"
تيسير التحرير - part 1,,10,2,"43558,74171"
تيسير التحرير - part 2,,10,2,"43559,74172"
تيسير التحرير - part 3,,10,2,"43560,74173"
تيسير التحرير - part 4,,10,2,"43561,74174"
تيسير الرحمن في أحكام سجود تلاوة القرآن,,10,2,"49341,79631"
تيسير العزيز الحميد شرح كتاب الحقائق في التوحيد,,10,2,"48326,59316"
تيسير الوصول إلى الثلاثة الأصول,,10,2,"17102,96979"
تيسير الوصول إلى معرفة الثلاثة الأصول في سؤال وجواب,,10,2,"17104,79749"
تيسير بعض أحكام البيوع والمعاملات المالية المعاصرة,,10,2,"64650,66352"
تکمیل الامانی جلد 1,حضرت مولانا جمیل احمد سکروڈھوی صاحب,2,2,"3791,3793"
تکمیل الامانی جلد 2,حضرت مولانا جمیل احمد سکروڈھوی صاحب,2,2,"3792,3794"
ثلاث رسائل في المحبة,,10,2,"55628,78832"
ثلاثون سببا للمعاكسة,,10,2,"47200,93263"
ثلاثون طريقة دعوية للاجتماعات الأسرية,,10,2,"64187,106543"
ثلاثون وصية ووصية لتكون قائدا ناجحا,,10,2,"68841,72298"
ثم اهتديت لمحمد التيجاني,,10,2,"41030,73589"
ثمار من غرس النبوة,,10,2,"72557,74708"
ثمرات التدوين من مسائل ابن عثيمين,,10,2,"54400,81589"
ثمین الدراری اردو شرح مقدمہ بخاری,,6,2,"13980,14303"
جامع الآثار لعلیؓ,,6,2,"14783,15297"
جامع الأحاديث - part 1,,10,2,"60220,65638"
جامع الأحاديث - part 10,,10,2,"60229,65647"
جامع الأحاديث - part 11,,10,2,"60230,65648"
جامع الأحاديث - part 12,,10,2,"60231,65649"
جامع الأحاديث - part 13,,10,2,"60232,65650"
جامع الأحاديث - part 14,,10,2,"60233,65651"
جامع الأحاديث - part 15,,10,2,"60234,65652"
جامع الأحاديث - part 16,,10,2,"60235,65653"
جامع الأحاديث - part 17,,10,2,"60236,65654"
جامع الأحاديث - part 18,,10,2,"60237,65655"
جامع الأحاديث - part 19,,10,2,"60238,65656"
جامع الأحاديث - part 2,,10,2,"60221,65639"
جامع الأحاديث - part 20,,10,2,"60239,65657"
جامع الأحاديث - part 21,,10,2,"60240,65658"
جامع الأحاديث - part 22,,10,2,"60241,65659"
جامع الأحاديث - part 23,,10,2,"60242,65660"
جامع الأحاديث - part 24,,10,2,"60243,65661"
جامع الأحاديث - part 25,,10,2,"60244,65662"
جامع الأحاديث - part 26,,10,2,"60245,65663"
جامع الأحاديث - part 27,,10,2,"60246,65664"
جامع الأحاديث - part 28,,10,2,"60247,65665"
جامع الأحاديث - part 29,,10,2,"60248,65666"
جامع الأحاديث - part 3,,10,2,"60222,65640"
جامع الأحاديث - part 30,,10,2,"60249,65667"
جامع الأحاديث - part 31,,10,2,"60250,65668"
جامع الأحاديث - part 32,,10,2,"60251,65669"
جامع الأحاديث - part 33,,10,2,"60252,65670"
جامع الأحاديث - part 34,,10,2,"60253,65671"
جامع الأحاديث - part 35,,10,2,"60254,65672"
جامع الأحاديث - part 36,,10,2,"60255,65673"
جامع الأحاديث - part 37,,10,2,"60256,65674"
جامع الأحاديث - part 38,,10,2,"60257,65675"
جامع الأحاديث - part 39,,10,2,"60258,65676"
جامع الأحاديث - part 4,,10,2,"60223,65641"
جامع الأحاديث - part 40,,10,2,"60259,65677"
جامع الأحاديث - part 41,,10,2,"60260,65678"
جامع الأحاديث - part 5,,10,2,"60224,65642"
جامع الأحاديث - part 6,,10,2,"60225,65643"
جامع الأحاديث - part 7,,10,2,"60226,65644"
جامع الأحاديث - part 8,,10,2,"60227,65645"
جامع الأحاديث - part 9,,10,2,"60228,65646"
جامع الأحاديث القدسية,,10,2,"52286,96396"
جامع الرسائل لابن تيمية,,10,2,"82865,91271"
جدید تحریک نسواں اور اسلام ( جدید ایڈیشن )- پروفیسر ثریا بتول,,6,2,"14811,14827"
جرابوں پر مسح کرنے والے کے پیچھے نماز کا حکم,,6,2,"15207,15340"
جزء أبي الطاهر,,10,2,"63632,82317"
جزء أبي عروبة الحراني برواية الأنطاكي,,10,2,"51134,88628"
جزء سفيان بن عيينة,,10,2,"19301,80308"
جزء في زيارة النساء للقبور,,10,2,"95812,106558"
جزء في مسائل عن الإمام أحمد,,10,2,"33548,100662"
جزء فيه تحرير الجواب عن ضرب الدواب,,10,2,"18125,51199"
جزء من حديث لوين,,10,2,"72035,105354"
جلباب المرأة المسلمة,,10,2,"29048,73482"
جلسات الحج,,10,2,"69063,85618"
جلسة رمضانية في البدائع,,10,2,"22500,58470"
جلسة مع مغترب,,10,2,"75281,102014"
جماع العلم,,10,2,"22565,100172"
جماع العلم للإمام الشافعي,,10,2,"80818,90145"
جماع العلم للشافعي,,10,2,"17226,17599"
جمع الجواهر في الملح والنوادر,,10,2,"46529,104179"
جمع الفوائد اختصار إصلاح المساجد من البدع والعوائد,,10,2,"98467,100665"
جمع المعلومات عن مصر,,10,2,"39893,93874"
جملة من الأحاديث الضعيفة والموضوعة,,10,2,"65686,80126"
جمهرة الأجزاء الحديثية,,10,2,"40842,84057"
جهود المحدثين في بيان علل الحديث,,10,2,"84334,89277"
جواب اهل العلم والإيمان,,10,2,"80180,98912"
جوانب تفضيلية للمرأة في الإسلام,,10,2,"40735,106161"
جواهر العقود - part 1,,10,2,"24351,33405"
جواهر العقود - part 2,,10,2,"24352,33406"
جوهر العقيدة النصرانية,,10,2,"38244,41116"
جہیز ایک ناسور-مولانا محمد شمشاد,,6,2,"14499,15466"
حادثہ کربلا کا پس منظر-مفتی عبد الرشید نعمانی,,6,2,"13816,13847"
حاشية ابن القيم على سنن أبي داود - part 1,,10,2,"68245,88701"
حاشية ابن القيم على سنن أبي داود - part 11,,10,2,"68255,88710"
حاشية ابن القيم على سنن أبي داود - part 12,,10,2,"68256,88711"
حاشية ابن القيم على سنن أبي داود - part 13,,10,2,"68257,88712"
حاشية ابن القيم على سنن أبي داود - part 14,,10,2,"68258,88713"
حاشية ابن القيم على سنن أبي داود - part 2,,10,2,"68246,88702"
حاشية ابن القيم على سنن أبي داود - part 3,,10,2,"68247,88703"
حاشية ابن القيم على سنن أبي داود - part 4,,10,2,"68248,88704"
حاشية ابن القيم على سنن أبي داود - part 5,,10,2,"68249,88705"
حاشية ابن القيم على سنن أبي داود - part 6,,10,2,"68250,88706"
حاشية ابن القيم على سنن أبي داود - part 7,,10,2,"68251,88707"
حاشية ابن القيم على سنن أبي داود - part 8,,10,2,"68252,88708"
حاشية ابن القيم على سنن أبي داود - part 9,,10,2,"68253,88709"
حاشية البنانى - part 1,,10,2,"33341,70802"
حاشية البنانى - part 2,,10,2,"33342,70803"
حاشية البنانى - part 3,,10,2,"33343,70804"
حاشية الدرة المضية في عقد الفرقة المرضية,,10,2,"17111,19182"
حاشية الدسوقي - part 1,,10,2,"43566,71395"
حاشية الدسوقي - part 2,,10,2,"43567,71396"
حاشية الدسوقي - part 3,,10,2,"43568,71397"
حاشية الدسوقي - part 4,,10,2,"43569,71398"
حاشية الروض المربع - part 1,,10,2,"49446,54077"
حاشية الروض المربع - part 2,,10,2,"49447,54078"
حاشية الروض المربع - part 3,,10,2,"49448,54079"
حاشية الروض المربع - part 4,,10,2,"49449,54080"
حاشية الروض المربع - part 5,,10,2,"49450,54081"
حاشية الروض المربع - part 6,,10,2,"49451,54082"
حاشية الروض المربع - part 7,,10,2,"49452,54083"
حاشية السندي على ابن ماجه - part 1,,10,2,"20396,101834"
حاشية السندي على ابن ماجه - part 2,,10,2,"20397,101835"
حاشية السندي على ابن ماجه - part 3,,10,2,"20398,101836"
حاشية السندي على ابن ماجه - part 4,,10,2,"20399,101837"
حاشية السندي على ابن ماجه - part 5,,10,2,"20400,101838"
حاشية السندي على ابن ماجه - part 6,,10,2,"20401,101839"
حاشية السندي على ابن ماجه - part 7,,10,2,"20402,101840"
حاشية السندي على ابن ماجه - part 8,,10,2,"20403,101841"
حاشية السندي على النسائي - part 1,,10,2,"28891,31557"
حاشية السندي على النسائي - part 2,,10,2,"28892,31558"
حاشية السندي على النسائي - part 3,,10,2,"28893,31559"
حاشية السندي على النسائي - part 4,,10,2,"28894,31560"
حاشية السندي على النسائي - part 5,,10,2,"28895,31561"
حاشية السندي على النسائي - part 6,,10,2,"28896,31562"
حاشية السندي على النسائي - part 7,,10,2,"28897,31563"
حاشية السندي على النسائي - part 8,,10,2,"28898,31564"
حاشية العدوي - part 1,,10,2,"64093,64637"
حاشية العدوي - part 2,,10,2,"64094,64638"
حاشية مقدمة التفسير,,10,2,"79632,88070"
حالات حضرت مہدی اور علامات قیامت_خصوصی شمارہ ماہ نامہ شاہراہ علم,,6,2,"14225,14741"
حب الفتنة,,10,2,"74797,94502"
حتى لا تغرق السفينة,,10,2,"32638,97500"
حتى لا تكون كلا,,10,2,"27153,91221"
حتى لا نصاب بالفتور في رمضان,,10,2,"54329,87880"
حجاب المرأة,,10,2,"57140,82295"
حجاب المسلمة بين انتحال المبطلين وتأويل الجاهلين,,10,2,"90042,104704"
حجة الله البالغة,,10,2,"21904,91765"
حجة النبي صلى الله عليه وسلم كما رواها عنه جابر رضي الله عنه,,10,2,"27818,74798"
حدائق الموت,,10,2,"32745,87072"
حدث التاريح المر ت فيصل عبدالرحمن الشدي,,10,2,"97106,104388"
حديث أبي محمد الفاكهي,,10,2,"59216,82454"
حديث إدراك الجمعة وأثره في اختلاف الفقهاء دراسة نقدية,,10,2,"74812,85431"
حديث إفطار الصائم,,10,2,"88406,91892"
حديث الستة من التابعين,,10,2,"39164,40853"
حديث المسبوق في الصلاة,,10,2,"59511,64708"
حديث النصف من شعبان,,10,2,"33347,88629"
حديث النضح وأثر اختلاف الفقهاء,,10,2,"37115,74813"
حديث سترة المصلي,,10,2,"33730,96442"
حديث شيبتني هود واخواتها,,10,2,"17652,100727"
حديث لا وضوء إلا من صوت أو ريح,,10,2,"33487,39215"
حديث محمد بن عبد الله الأنصاري,,10,2,"49002,90249"
حديث هشام بن عمار,,10,2,"30876,59512"
حدیث ( من کنت مولاہ فعلی مولاہ ) کا درجہ اورمعنی,,6,2,"13255,14961"
حراسة العقيدة,,10,2,"26624,88137"
حراسة الفضيلة,,10,2,"46957,64710"
حرب الاحقاد,,10,2,"74814,95814"
حرمت ماتم اور تعلیمات اھل بیت-مولانا مہر محمد میانوالی,,6,2,"13806,13848"
حرمت ماتم-مولانا اللہ یار خان صاحب,,6,2,"13807,13849"
حرمتِ سود ۔ اکرم بشیر,,6,2,"14432,14441"
حروف المعاني بين الأصالة والحداثة,,10,2,"53928,60529"
حزب الله اللبناني في الميزان - part 1,,10,2,"16639,105120"
حزب الله اللبناني في الميزان - part 2,,10,2,"16640,105121"
حسین بن علی۔ فاروقی,,6,2,"13850,15288"
حصول آزادی میں علماء کا کردار۔-مفتی ساجد رحیم ساحب,,6,2,"13934,15590"
حصول المأمول,,10,2,"57417,70395"
حصول پاکستان اور علماء دیوبند-مولانا عبد المتین صاحب,,6,2,"13935,15591"
حصول پاکستان میں حضرت تھانوی رحمہ اللہ کی کوششیں-مولانا وکیل احمد شیروانی,,6,2,"13936,15592"
حصول پاکستان کا مقصد اور ہمارا طرز عمل-مفتی عبد الشکور ترمذی,,6,2,"13937,15593"
حضرات حسنین کا بچپن-مولانا محمد شاداب,,6,2,"13851,15289"
حضرت عائشہ کی نکاح کے وقت عمر مبارک از مولانا محمد الیاس گھمن,,6,2,"13739,14676"
حضرت علی المرتضی کے سو قصے-مولانا خالد محمود,,6,2,"14784,15298"
حضرت علی بن ابی طالب۔ ازالۃ الخفا کا باب ۔شاہ ولی اللہ محدث,,6,2,"14785,15299"
حضرت علیؓ۔ مولانا عبید اللہ خان قاسمی,,6,2,"14788,15300"
حضرت فاطمہ کے سو قصے-مولانا محمد اویس سرور صاحب,,6,2,"13710,15020"
حفظ القرآن الكريم وتعليمه في جميع مراحل التعليم العام والتعليم الجامعي,,10,2,"19266,94505"
حق الزوج,,10,2,"27156,100734"
حق المرأة على زوجها,,10,2,"40736,75110"
حقوق آل البيت بين السنة والبدعة,,10,2,"31174,102891"
حقوق الإنسان,,10,2,"22978,49761"
حقوق الإنسان ( الغلاف والملخص ),,10,2,"32561,87076"
حقوق نسواں بارے اشکالات- ڈاکٹر عبد الرحمن بن حمد الجلالی,,6,2,"14812,14828"
حقوق نسواں۔۔۔ ایک تقابلی مطالعہ- ڈاکٹر بشیر احمد رند,,6,2,"14813,14829"
حقيبة انطلق نحو القمة,,10,2,"43667,98832"
حقيقة الإنتصار,,10,2,"21905,47211"
حقيقة التأويل,,10,2,"64719,88498"
حقيقة الديمقراطية - محمد شاكر الشريف,,10,2,"43250,47212"
حكم إمامة المرأة للرجال,,10,2,"82297,105315"
حكم الاحتفال بذكرى المولد النبوي .. الفوزان,,10,2,"16650,78846"
حكم التكبير المعدلة,,10,2,"81091,83699"
حكم التمثيل للشيخ بكر أبو زيد,,10,2,"19402,37120"
حكم التوسل بالأولياء والصالحين,,10,2,"47215,53936"
حكم العطورات الكحولية,,10,2,"43677,75277"
حكم المراهنة في الألعاب الرياضية,,10,2,"29408,85473"
حكم الوقف على رؤوس الآي وتخريج الحديث الوارد في ذلك,,10,2,"17472,60819"
حكم تولي المرأة الأذان والإمامة في الصلاة,,10,2,"19307,90043"
حكم تولي المرأة القضاء,,10,2,"85679,96980"
حكم عزف الموسيقى وسماعها,,10,2,"53939,78849"
حكم قراءة الجنب للقرآن,,10,2,"22683,54423"
حكم قراءة الفاتحة للمأموم من مجموع الفتاوى,,10,2,"30860,65353"
حكم وأمثال في التخطيط والتفكير والإبداع,,10,2,"22566,47218"
حل المشكلات وتوضيح التحريرات في القراءات,,10,2,"65060,71658"
حلية طالب العلم,,10,2,"30771,102029"
حوادث الدهور في مدى الأيام و الشهور,,10,2,"60432,68206"
حوار الحضارات وخناجر في جسد الإسلام,,10,2,"27168,40839"
حوار علمي مع الشيخ أحمد الخليلي,,10,2,"19157,64043"
حوار مع الإرهاب,,10,2,"52441,89552"
حول المولد النبوي .. مرزوق الغامدي,,10,2,"33409,37125"
حول سيارتك لوسيلة دعوية,,10,2,"43175,72094"
حياة الأنبياء بعد وفاتهم,,10,2,"57377,71269"
حیاء اور پاکدامنی-نقشبندی,,6,2,"13199,15677"
حیاء پر بے حیائی کی فتح-مولانا خالد سیف اللہ صاحب,,6,2,"13200,15678"
خالد بن الوليد,,10,2,"16653,101404"
خاندان! .... تہذیب کی اولین آماجگاہ- ڈاکٹر ساجد خاکوانی,,6,2,"14814,14830"
ختان الإناث بين علماء الشريعة والأطباء,,10,2,"17600,39540"
خرافات الشيعة,,10,2,"30564,93357"
خزانة الأدب وغاية الأرب - part 1,,10,2,"36437,60104"
خزانة الأدب وغاية الأرب - part 2,,10,2,"36438,60105"
خصائص التصور الإسلامي ومقوماته,,10,2,"58623,71557"
خصائص جزيرة العرب,,10,2,"36394,39765"
خصائص علیؓ۔للنسائی,,6,2,"14789,15301"
خصائص مسند أحمد,,10,2,"42408,99355"
خطاب غدیر خم-تاریخ امت مسلمہ سے,,6,2,"13257,14962"
خطبات العیدین {الشیخ اسماعیل},,6,2,"14678,14840"
خطبات جمعہ و عیدین، مفتی شفیع عثمانی,,6,2,"14679,14842"
خطبات دعوت-جلد اول- مولانا احمد لاٹ صاحب,,6,2,"14007,14281"
خطبہ غدیر خم-سیرت مصطفی صلی اللہ علیہ وسلم سے,,6,2,"13258,14963"
خطر إدمان النظر,,10,2,"33434,68863"
خطر العولمة الثقافية,,10,2,"30882,53985"
خلاصة التأصيل لعلم الجرح والتعديل للشيخ حاتم الشريف,,10,2,"39702,74896"
خلفاء راشدینؓ اور اہل بیت کے باہمی تعلقات-ترجمہ مولانا احتشام الحق کاندہلویؒ,,6,2,"13793,13903"
خمسون وصية ووصية لتكون خطيبا ناجحا,,10,2,"39894,78856"
خواتین کا عالمی دن- ثریا بتول,,6,2,"14815,14831"
خيانات الشيعة وأثرها في هزائم الأمة الإسلامية - part 1,,10,2,"58784,74899"
خيانات الشيعة وأثرها في هزائم الأمة الإسلامية - part 2,,10,2,"58785,74900"
د-مولا علی کہنے کا حکم (92-2043)دارالعلوم کراچی,,6,2,"13260,14964"
دار الأبرار,,10,2,"57900,99065"
داووا مرضاكم بالصدقة,,10,2,"68865,74044"
دجال اور قیامت کی نشانیاں-مدثر حسین سیان,,6,2,"14255,14742"
دحر افتراءات أهل الزيغ والارتياب عن دعوة الإمام محمد بن عبدالوهاب,,10,2,"51195,95821"
دحض شبهات على التوحيد من سوء الفهم لثلاثة أحاديث,,10,2,"51086,60649"
درء تعارض العقل والنقل - part 6,,10,2,"62235,72349"
دراسات تجديدية في أصول الحديث,,10,2,"49543,100849"
دراسة حول قول أبي زرعة في سنن ابن ماجه,,10,2,"54003,96204"
دراسة في أصول الفقه,,10,2,"22612,92952"
درة الغواص في أوهام الخواص,,10,2,"36494,97330"
درجات الصاعدين الى مقامات الموحدين,,10,2,"28505,80183"
درر الحكام في شرح مجلة الأحكام - part 1,,10,2,"75372,93541"
درر الحكام في شرح مجلة الأحكام - part 10,,10,2,"75381,93550"
درر الحكام في شرح مجلة الأحكام - part 11,,10,2,"75382,93551"
درر الحكام في شرح مجلة الأحكام - part 12,,10,2,"75383,93552"
درر الحكام في شرح مجلة الأحكام - part 13,,10,2,"75384,93553"
درر الحكام في شرح مجلة الأحكام - part 2,,10,2,"75373,93542"
درر الحكام في شرح مجلة الأحكام - part 3,,10,2,"75374,93543"
درر الحكام في شرح مجلة الأحكام - part 4,,10,2,"75375,93544"
درر الحكام في شرح مجلة الأحكام - part 5,,10,2,"75376,93545"
درر الحكام في شرح مجلة الأحكام - part 6,,10,2,"75377,93546"
درر الحكام في شرح مجلة الأحكام - part 7,,10,2,"75378,93547"
درر الحكام في شرح مجلة الأحكام - part 8,,10,2,"75379,93548"
درر الحكام في شرح مجلة الأحكام - part 9,,10,2,"75380,93549"
درسی بہشتی زیور,حکیم الامت حضرت مولانا اشرف علی تھانوی صاحب,2,2,"3128,3129"
درسی تقریر جلد 1,حضرت مولانا محمد امین صاحب,2,2,"3727,3772"
دروس الشيخ رياض المسيميري,,10,2,"22613,69573"
دروس وفتاوى سؤال من حاج,,10,2,"23017,47175"
دستور معالم الحكم لابن سلامة,,10,2,"90880,96397"
دعا کی اہمیت وفضیلت-التبیان,,6,2,"13621,14263"
دعاة تحرير المرأة,,10,2,"61575,63520"
دعوت وتبلیغ کا نہج نبوی- مفتی عارف محمود گلگتی,,6,2,"14008,14282"
دفاع اور شہادت-مفتیمحمد توصیف قاسمی,,6,2,"13817,14574"
دفاع وطن اور اسوہ نبوی ﷺ۔1. راشدی صاحب,,6,2,"15662,15765"
دفاع وطن اور اسوہ نبوی ﷺ۔2. راشدی صاحب,,6,2,"15663,15766"
دقائق التفسير - part 1,,10,2,"78289,79816"
دقائق التفسير - part 3,,10,2,"78291,79817"
دلائل النبوة,,10,2,"22617,49763"
دلائل النبوة للأصبهاني,,10,2,"17188,28824"
دلائل النبوة للبيهقي - part 1,,10,2,"28899,56368"
دلائل النبوة للبيهقي - part 2,,10,2,"28900,56369"
دلائل النبوة للبيهقي - part 3,,10,2,"28901,56370"
دلائل النبوة للبيهقي - part 4,,10,2,"28902,56371"
دلائل النبوة للبيهقي - part 5,,10,2,"28903,56372"
دلائل النبوة للبيهقي - part 6,,10,2,"28904,56373"
دلائل النبوة للبيهقي - part 7,,10,2,"28905,56374"
دلائل النبوة للفريابي,,10,2,"39051,67419"
دلالات الألوان في القرآن,,10,2,"54016,64778"
دليل السالك إلى ألفية ابن مالك - part 1,,10,2,"17981,33458"
دليل السالك إلى ألفية ابن مالك - part 2,,10,2,"17982,33459"
دليل الطالب لنيل المطالب,,10,2,"44207,64842"
دليل الفالحين لطرق رياض الصالحين - part 1,,10,2,"72577,72627"
دليل الفالحين لطرق رياض الصالحين - part 2,,10,2,"72578,72628"
دليل الفالحين لطرق رياض الصالحين - part 3,,10,2,"72579,72629"
دليل الفالحين لطرق رياض الصالحين - part 4,,10,2,"72580,72630"
دليل الفالحين لطرق رياض الصالحين - part 5,,10,2,"72581,72631"
دليل الفالحين لطرق رياض الصالحين - part 6,,10,2,"72582,72632"
دليل الفالحين لطرق رياض الصالحين - part 7,,10,2,"72583,72633"
دموع السجينات,,10,2,"64780,87266"
دواوين الشعر العربي على مر العصور - part 1,,10,2,"57191,85072"
دواوين الشعر العربي على مر العصور - part 2,,10,2,"57192,85073"
دواوين الشعر العربي على مر العصور - part 3,,10,2,"57193,85074"
دواوين الشعر العربي على مر العصور - part 4,,10,2,"57194,85075"
دواوين الشعر العربي على مر العصور - part 5,,10,2,"57195,85076"
دواوين الشعر العربي على مر العصور - part 6,,10,2,"57196,85077"
دور المربي في الدعوة الفردية,,10,2,"64781,90820"
ديوان محمود سامي البارودي,,10,2,"46570,63570"
ذم اللواط للآجري,,10,2,"43776,72185"
ذيل التقييد في رواة السنن والأسانيد - part 1,,10,2,"29409,51225"
ذيل التقييد في رواة السنن والأسانيد - part 2,,10,2,"29410,51226"
ذيل جمهرة خطب العرب,,10,2,"73209,86083"
ذيل ميزان الاعتدال,,10,2,"43066,85893"
رؤية الله لابن النحاس,,10,2,"59217,82493"
رؤية شرعية في الجدال والحوار مع أهل الكتاب,,10,2,"41400,48343"
رؤية فرنسية في النحو العربي,,10,2,"36495,74931"
ربانيون لا رمضانيون,,10,2,"21901,102324"
رحلات أهل العلم في الحج,,10,2,"32758,51810"
رحلة الخط العربي من المسند… إلى الحديث,,10,2,"39703,39802"
رد المحتار - part 1,,10,2,"32887,103434"
رد المحتار - part 10,,10,2,"32896,103443"
رد المحتار - part 11,,10,2,"32897,103444"
رد المحتار - part 12,,10,2,"32898,103445"
رد المحتار - part 13,,10,2,"32899,103446"
رد المحتار - part 14,,10,2,"32900,103447"
رد المحتار - part 15,,10,2,"32901,103448"
رد المحتار - part 16,,10,2,"32902,103449"
رد المحتار - part 17,,10,2,"32903,103450"
رد المحتار - part 18,,10,2,"32904,103451"
رد المحتار - part 19,,10,2,"32905,103452"
رد المحتار - part 2,,10,2,"32888,103435"
رد المحتار - part 20,,10,2,"32906,103453"
رد المحتار - part 21,,10,2,"32907,103454"
رد المحتار - part 22,,10,2,"32908,103455"
رد المحتار - part 23,,10,2,"32909,103456"
رد المحتار - part 24,,10,2,"32910,103457"
رد المحتار - part 25,,10,2,"32911,103458"
رد المحتار - part 26,,10,2,"32912,103459"
رد المحتار - part 27,,10,2,"32913,103460"
رد المحتار - part 28,,10,2,"32914,103461"
رد المحتار - part 29,,10,2,"32915,103462"
رد المحتار - part 3,,10,2,"32889,103436"
رد المحتار - part 30,,10,2,"32916,103463"
رد المحتار - part 4,,10,2,"32890,103437"
رد المحتار - part 5,,10,2,"32891,103438"
رد المحتار - part 6,,10,2,"32892,103439"
رد المحتار - part 7,,10,2,"32893,103440"
رد المحتار - part 8,,10,2,"32894,103441"
رد المحتار - part 9,,10,2,"32895,103442"
رد شبهات حول ابن تيمية,,10,2,"28510,71988"
ردود أهل العلم على الطاعنين في حديث السحر,,10,2,"29664,98468"
رسائل إلى الحجاج والمعتمرين,,10,2,"58044,78957"
رسائل الى المرأة في الحج,,10,2,"58413,94817"
رسائل وردود على الرافضة,,10,2,"16660,72619"
رسائل وفتاوى الشيخ حمد بن ناصر بن عثمان بن معمر,,10,2,"61543,65721"
رسالة أخوية,,10,2,"47460,64796"
رسالة إلى الرياضي لعبد الوهاب الناصر الطريري,,10,2,"33476,78958"
رسالة الحجاب لمحمد العثيمين,,10,2,"27788,30611"
رسالة الرد الأقوم على ما في كتاب فصوص الحكم,,10,2,"44348,47462"
رسالة الصفات للخطيب البغدادي,,10,2,"78960,88177"
رسالة جامعة في أصول الفقه,,10,2,"17601,64799"
رسالة جوال خطيرة,,10,2,"37546,74953"
رسالة في آلام الأطفال وتشوهاتهم الخلقية,,10,2,"29492,33481"
رسالة في أمراض القلوب وشفاؤها,,10,2,"31175,87278"
رسالة في الدماء الطبيعية للنساء,,10,2,"82954,102330"
رسالة في الزيادة التي تدفعها البنوك في البلاد غير الإسلامية,,10,2,"27790,101300"
رسالة في الغناء الملهي أمباح هو أم محظور,,10,2,"43809,43811"
رسالة في بيان وسطية أهل السنة,,10,2,"43791,70398"
رسالة في تحقيق قواعد النية,,10,2,"80184,88426"
رسالة في رواية حذيفة بن اليمان رضي الله عنه في الصحيحين,,10,2,"17228,64801"
رسالة في علم الباطن والظاهر,,10,2,"51504,69034"
رسالة.....إلى ذات النقاب,,10,2,"19220,27787"
رفع الإصر للحافظ ابن حجر,,10,2,"62539,71112"
رفع اللائمة عن فتوى اللجنة الدائمة,,10,2,"28513,101780"
رفع الملام عن الأئمة الأعلام,,10,2,"62236,86046"
ركائز الايمان,,10,2,"48348,96240"
رمضان .. فضائل وأحكام,,10,2,"28265,33485"
رمضان المبارک اور اس کے تقاضے۔ابو الحسن علی ندویؒ,,6,2,"13190,13532"
رمضان اور قرآن مجید-ڈسکوی,,6,2,"13655,14187"
رمضان بين الصبر والشكر,,10,2,"31897,79568"
رمضان قرآن اور کوثر- علامہ خالد محمود صاحب,,6,2,"13656,14188"
رمضان كس طرح گزاریں,,6,2,"13192,13534"
رمضان_کی_پلاننگ_کیسے_کریں؟الحکمۃ انٹرنیشنل,,6,2,"13196,13535"
رمضان، قرآن اور ھم-الحکمۃانٹرنیشنل,,6,2,"13657,14189"
رواية بنات الرياض,,10,2,"54048,94824"
روح وريحان لتسهيل حفظ القرآن,,10,2,"23784,74972"
روزہ ہم سے کیا چاہتا ہے ؟اور تقوی کی جامع فائل,,6,2,"13585,14037"
روضة الطالبين - part 10,,10,2,"49195,74914"
روضة الطالبين - part 11,,10,2,"49196,74915"
روضة الطالبين - part 12,,10,2,"49197,74916"
روضة الطالبين - part 9,,10,2,"49194,74913"
روضة العقلاء ونزهة الفضلاء,,10,2,"60106,93941"
ري الظمآن في بيان القرآن,,10,2,"16882,88003"
رياض النعيم في ظل الرحمن الرحيم - part 1,,10,2,"75082,103478"
رياض النعيم في ظل الرحمن الرحيم - part 2,,10,2,"75083,103479"
رياض النعيم في ظل الرحمن الرحيم - part 3,,10,2,"75084,103480"
زاد المستقنع,,10,2,"49218,74992"
زاد المسير في علم التفسير - part 1,,10,2,"95332,102676"
زاد المسير في علم التفسير - part 2,,10,2,"95333,102677"
زاد المسير في علم التفسير - part 3,,10,2,"95334,102678"
زاد المسير في علم التفسير - part 4,,10,2,"95335,102679"
زاد المسير في علم التفسير - part 5,,10,2,"95336,102680"
زاد المسير في علم التفسير - part 6,,10,2,"95337,102681"
زاد المسير في علم التفسير - part 7,,10,2,"95338,102682"
زاد المسير في علم التفسير - part 8,,10,2,"95339,102683"
زراعة عضو استؤصل من حد أو قصاص,,10,2,"33488,60200"
زكاة الأسهم المتعثرة,,10,2,"40879,43799"
زكاة الفطر,,10,2,"22638,28266"
زكاة رواتب الموظفين و كسب أصحاب المهن الحرة,,10,2,"24375,71014"
زكاۃ كےمختصرمسائل۔مفتی عبد اللہ نعمانی,,6,2,"14380,14406"
زكاۃ كےمسائل كا انسائیكلوپیڈیا,,6,2,"14381,14407"
زكوۃ كے مسائل۔مفتی محمد صاحب,,6,2,"14382,14408"
زيادات القطيعي,,10,2,"33489,88345"
زيادة رجل في أحد الأسانيد,,10,2,"74975,81255"
زيارة المراقد عند الشيعة,,10,2,"16664,53501"
زيارة قبر هود عليه السلام وما فيها من ضلالات ومنكرات,,10,2,"28515,106099"
زکاۃ فارم۔اشرفیہ لاہور,,6,2,"14383,14409"
زکاۃ کے فضائل واحکام۔ مفتی محمد رضوابن صاحب,,6,2,"14384,14410"
زکاۃ کے نئے مسائل۔اسلامک فقہ اکیڈمی,,6,2,"14385,14411"
زکوٰۃ کے فضائل و مسائل (اول)-گھمن صاحب,,6,2,"14386,14412"
زکوٰۃ کے فضائل و مسائل (دوم)-گھمن صاحب,,6,2,"14387,14413"
زکوٰۃ، جامعۃ الرشید,,6,2,"14388,14414"
زکوۃ تربیتی نشست,,6,2,"14389,14415"
زکوۃ وصدقات کی فضیلت- مفتی محمد تقی عثمانی صاحب,,6,2,"14390,14416"
زکوۃ پریزینٹیشن,,6,2,"14391,14417"
زکوۃ کی فرضیت اور اہمیت- مفتی محمد تقی عثمانی صاحب,,6,2,"14392,14418"
سؤال حول عبد الله بن سبأ,,10,2,"54052,79776"
سؤالات أبي داود لأحمد,,10,2,"31743,103426"
سؤالات البرقاني للدارقطني,,10,2,"96507,103621"
سؤالات الحاكم للدارقطني,,10,2,"17253,29058"
سؤالات السلمي للدارقطني,,10,2,"38566,63012"
سات ستمبر مسئلہ ختم نبوت پر قومیاسمبلی کا متفقہ فیصلہ-مفتی محمود ؒ,,6,2,"14208,15767"
سال نو,,6,2,"15491,15711"
سال نو کا جشن اور یہود و نصاری کی پیروی,,6,2,"15488,15708"
سال نو کا پیغام، احتشام,,6,2,"13347,15730"
سال نو کی آمد- مقام جشن یا احتساب؟ تحفظ شریعت ٹرسٹ,,6,2,"15489,15709"
سال نو- عبرت و موعظت کے چند پہلو-مفتی محمد صادق,,6,2,"15490,15710"
سالِ نو کا آغاز؛جشن کا نہیں- منبر ومحراب فآنڈیشن,,6,2,"15492,15712"
سبعون حديثا في الجهاد لابن بطة الحنبلي,,10,2,"80228,89153"
سبعون سؤالا في الصيام,,10,2,"37811,85621"
سبق ملا ہے یہ معراج مصطفی سے مجھے۔ منبر ومحراب انڈیا,,6,2,"14545,15259"
سبل السلام - part 1,,10,2,"83291,88539"
سبل السلام - part 2,,10,2,"83292,88540"
سبل السلام - part 3,,10,2,"83293,88541"
سبل السلام - part 4,,10,2,"83294,88542"
سبيل الرشاد في توضيح الاعتقاد,,10,2,"17114,21017"
سحر البلاغة وسر البراعة,,10,2,"29551,36440"
سد الحاجة في أحكام الحجامة,,10,2,"44318,96890"
سد الذرائع في مسائل العقيدة - part 1,,10,2,"39052,64814"
سد الذرائع في مسائل العقيدة - part 2,,10,2,"39053,64815"
سر الفصاحة للخفاجي,,10,2,"39808,71321"
سركاری زكاۃ بورڈ كی شرعی حیثیت۔مفتی شعیب اللہ خان مفتاحی,,6,2,"14393,14419"
سفر بن عبدالرحمن الحوالي - part 1,,10,2,"40103,50525"
سفر بن عبدالرحمن الحوالي - part 10,,10,2,"40112,50534"
سفر بن عبدالرحمن الحوالي - part 100,,10,2,"40202,50624"
سفر بن عبدالرحمن الحوالي - part 101,,10,2,"40203,50625"
سفر بن عبدالرحمن الحوالي - part 102,,10,2,"40204,50626"
سفر بن عبدالرحمن الحوالي - part 103,,10,2,"40205,50627"
سفر بن عبدالرحمن الحوالي - part 104,,10,2,"40206,50628"
سفر بن عبدالرحمن الحوالي - part 105,,10,2,"40207,50629"
سفر بن عبدالرحمن الحوالي - part 106,,10,2,"40208,50630"
سفر بن عبدالرحمن الحوالي - part 107,,10,2,"40209,50631"
سفر بن عبدالرحمن الحوالي - part 108,,10,2,"40210,50632"
سفر بن عبدالرحمن الحوالي - part 109,,10,2,"40211,50633"
سفر بن عبدالرحمن الحوالي - part 11,,10,2,"40113,50535"
سفر بن عبدالرحمن الحوالي - part 110,,10,2,"40212,50634"
سفر بن عبدالرحمن الحوالي - part 111,,10,2,"40213,50635"
سفر بن عبدالرحمن الحوالي - part 112,,10,2,"40214,50636"
سفر بن عبدالرحمن الحوالي - part 113,,10,2,"40215,50637"
سفر بن عبدالرحمن الحوالي - part 114,,10,2,"40216,50638"
سفر بن عبدالرحمن الحوالي - part 115,,10,2,"40217,50639"
سفر بن عبدالرحمن الحوالي - part 116,,10,2,"40218,50640"
سفر بن عبدالرحمن الحوالي - part 117,,10,2,"40219,50641"
سفر بن عبدالرحمن الحوالي - part 118,,10,2,"40220,50642"
سفر بن عبدالرحمن الحوالي - part 119,,10,2,"40221,50643"
سفر بن عبدالرحمن الحوالي - part 12,,10,2,"40114,50536"
سفر بن عبدالرحمن الحوالي - part 120,,10,2,"40222,50644"
سفر بن عبدالرحمن الحوالي - part 121,,10,2,"40223,50645"
سفر بن عبدالرحمن الحوالي - part 122,,10,2,"40224,50646"
سفر بن عبدالرحمن الحوالي - part 123,,10,2,"40225,50647"
سفر بن عبدالرحمن الحوالي - part 124,,10,2,"40226,50648"
سفر بن عبدالرحمن الحوالي - part 125,,10,2,"40227,50649"
سفر بن عبدالرحمن الحوالي - part 126,,10,2,"40228,50650"
سفر بن عبدالرحمن الحوالي - part 127,,10,2,"40229,50651"
سفر بن عبدالرحمن الحوالي - part 128,,10,2,"40230,50652"
سفر بن عبدالرحمن الحوالي - part 129,,10,2,"40231,50653"
سفر بن عبدالرحمن الحوالي - part 13,,10,2,"40115,50537"
سفر بن عبدالرحمن الحوالي - part 130,,10,2,"40232,50654"
سفر بن عبدالرحمن الحوالي - part 131,,10,2,"40233,50655"
سفر بن عبدالرحمن الحوالي - part 14,,10,2,"40116,50538"
سفر بن عبدالرحمن الحوالي - part 15,,10,2,"40117,50539"
سفر بن عبدالرحمن الحوالي - part 16,,10,2,"40118,50540"
سفر بن عبدالرحمن الحوالي - part 17,,10,2,"40119,50541"
سفر بن عبدالرحمن الحوالي - part 18,,10,2,"40120,50542"
سفر بن عبدالرحمن الحوالي - part 19,,10,2,"40121,50543"
سفر بن عبدالرحمن الحوالي - part 2,,10,2,"40104,50526"
سفر بن عبدالرحمن الحوالي - part 20,,10,2,"40122,50544"
سفر بن عبدالرحمن الحوالي - part 21,,10,2,"40123,50545"
سفر بن عبدالرحمن الحوالي - part 22,,10,2,"40124,50546"
سفر بن عبدالرحمن الحوالي - part 23,,10,2,"40125,50547"
سفر بن عبدالرحمن الحوالي - part 24,,10,2,"40126,50548"
سفر بن عبدالرحمن الحوالي - part 25,,10,2,"40127,50549"
سفر بن عبدالرحمن الحوالي - part 26,,10,2,"40128,50550"
سفر بن عبدالرحمن الحوالي - part 27,,10,2,"40129,50551"
سفر بن عبدالرحمن الحوالي - part 28,,10,2,"40130,50552"
سفر بن عبدالرحمن الحوالي - part 29,,10,2,"40131,50553"
سفر بن عبدالرحمن الحوالي - part 3,,10,2,"40105,50527"
سفر بن عبدالرحمن الحوالي - part 30,,10,2,"40132,50554"
سفر بن عبدالرحمن الحوالي - part 31,,10,2,"40133,50555"
سفر بن عبدالرحمن الحوالي - part 32,,10,2,"40134,50556"
سفر بن عبدالرحمن الحوالي - part 33,,10,2,"40135,50557"
سفر بن عبدالرحمن الحوالي - part 34,,10,2,"40136,50558"
سفر بن عبدالرحمن الحوالي - part 35,,10,2,"40137,50559"
سفر بن عبدالرحمن الحوالي - part 36,,10,2,"40138,50560"
سفر بن عبدالرحمن الحوالي - part 37,,10,2,"40139,50561"
سفر بن عبدالرحمن الحوالي - part 38,,10,2,"40140,50562"
سفر بن عبدالرحمن الحوالي - part 39,,10,2,"40141,50563"
سفر بن عبدالرحمن الحوالي - part 4,,10,2,"40106,50528"
سفر بن عبدالرحمن الحوالي - part 40,,10,2,"40142,50564"
سفر بن عبدالرحمن الحوالي - part 41,,10,2,"40143,50565"
سفر بن عبدالرحمن الحوالي - part 42,,10,2,"40144,50566"
سفر بن عبدالرحمن الحوالي - part 43,,10,2,"40145,50567"
سفر بن عبدالرحمن الحوالي - part 44,,10,2,"40146,50568"
سفر بن عبدالرحمن الحوالي - part 45,,10,2,"40147,50569"
سفر بن عبدالرحمن الحوالي - part 46,,10,2,"40148,50570"
سفر بن عبدالرحمن الحوالي - part 47,,10,2,"40149,50571"
سفر بن عبدالرحمن الحوالي - part 48,,10,2,"40150,50572"
سفر بن عبدالرحمن الحوالي - part 49,,10,2,"40151,50573"
سفر بن عبدالرحمن الحوالي - part 5,,10,2,"40107,50529"
سفر بن عبدالرحمن الحوالي - part 50,,10,2,"40152,50574"
سفر بن عبدالرحمن الحوالي - part 51,,10,2,"40153,50575"
سفر بن عبدالرحمن الحوالي - part 52,,10,2,"40154,50576"
سفر بن عبدالرحمن الحوالي - part 53,,10,2,"40155,50577"
سفر بن عبدالرحمن الحوالي - part 54,,10,2,"40156,50578"
سفر بن عبدالرحمن الحوالي - part 55,,10,2,"40157,50579"
سفر بن عبدالرحمن الحوالي - part 56,,10,2,"40158,50580"
سفر بن عبدالرحمن الحوالي - part 57,,10,2,"40159,50581"
سفر بن عبدالرحمن الحوالي - part 58,,10,2,"40160,50582"
سفر بن عبدالرحمن الحوالي - part 59,,10,2,"40161,50583"
سفر بن عبدالرحمن الحوالي - part 6,,10,2,"40108,50530"
سفر بن عبدالرحمن الحوالي - part 60,,10,2,"40162,50584"
سفر بن عبدالرحمن الحوالي - part 61,,10,2,"40163,50585"
سفر بن عبدالرحمن الحوالي - part 62,,10,2,"40164,50586"
سفر بن عبدالرحمن الحوالي - part 63,,10,2,"40165,50587"
سفر بن عبدالرحمن الحوالي - part 64,,10,2,"40166,50588"
سفر بن عبدالرحمن الحوالي - part 65,,10,2,"40167,50589"
سفر بن عبدالرحمن الحوالي - part 66,,10,2,"40168,50590"
سفر بن عبدالرحمن الحوالي - part 67,,10,2,"40169,50591"
سفر بن عبدالرحمن الحوالي - part 68,,10,2,"40170,50592"
سفر بن عبدالرحمن الحوالي - part 69,,10,2,"40171,50593"
سفر بن عبدالرحمن الحوالي - part 7,,10,2,"40109,50531"
سفر بن عبدالرحمن الحوالي - part 70,,10,2,"40172,50594"
سفر بن عبدالرحمن الحوالي - part 71,,10,2,"40173,50595"
سفر بن عبدالرحمن الحوالي - part 72,,10,2,"40174,50596"
سفر بن عبدالرحمن الحوالي - part 73,,10,2,"40175,50597"
سفر بن عبدالرحمن الحوالي - part 74,,10,2,"40176,50598"
سفر بن عبدالرحمن الحوالي - part 75,,10,2,"40177,50599"
سفر بن عبدالرحمن الحوالي - part 76,,10,2,"40178,50600"
سفر بن عبدالرحمن الحوالي - part 77,,10,2,"40179,50601"
سفر بن عبدالرحمن الحوالي - part 78,,10,2,"40180,50602"
سفر بن عبدالرحمن الحوالي - part 79,,10,2,"40181,50603"
سفر بن عبدالرحمن الحوالي - part 8,,10,2,"40110,50532"
سفر بن عبدالرحمن الحوالي - part 80,,10,2,"40182,50604"
سفر بن عبدالرحمن الحوالي - part 81,,10,2,"40183,50605"
سفر بن عبدالرحمن الحوالي - part 82,,10,2,"40184,50606"
سفر بن عبدالرحمن الحوالي - part 83,,10,2,"40185,50607"
سفر بن عبدالرحمن الحوالي - part 84,,10,2,"40186,50608"
سفر بن عبدالرحمن الحوالي - part 85,,10,2,"40187,50609"
سفر بن عبدالرحمن الحوالي - part 86,,10,2,"40188,50610"
سفر بن عبدالرحمن الحوالي - part 87,,10,2,"40189,50611"
سفر بن عبدالرحمن الحوالي - part 88,,10,2,"40190,50612"
سفر بن عبدالرحمن الحوالي - part 89,,10,2,"40191,50613"
سفر بن عبدالرحمن الحوالي - part 9,,10,2,"40111,50533"
سفر بن عبدالرحمن الحوالي - part 90,,10,2,"40192,50614"
سفر بن عبدالرحمن الحوالي - part 91,,10,2,"40193,50615"
سفر بن عبدالرحمن الحوالي - part 92,,10,2,"40194,50616"
سفر بن عبدالرحمن الحوالي - part 93,,10,2,"40195,50617"
سفر بن عبدالرحمن الحوالي - part 94,,10,2,"40196,50618"
سفر بن عبدالرحمن الحوالي - part 95,,10,2,"40197,50619"
سفر بن عبدالرحمن الحوالي - part 96,,10,2,"40198,50620"
سفر بن عبدالرحمن الحوالي - part 97,,10,2,"40199,50621"
سفر بن عبدالرحمن الحوالي - part 98,,10,2,"40200,50622"
سفر بن عبدالرحمن الحوالي - part 99,,10,2,"40201,50623"
سفر معراج کی تفصیلات ۔ تھانویؒ,,6,2,"14546,15260"
سفر معراج۔ مفتی رفیع صاحب,,6,2,"14547,15261"
سقوط الأندلس دروس وعبر,,10,2,"22673,47469"
سل السنان في الذب عن معاوية بن أبي سفيان,,10,2,"64818,72003"
سلسلة الأحاديث الواهية و صحح حديثك,,10,2,"17071,70644"
سلسلة الضوابط الفقهية 4,,10,2,"47495,100404"
سلطان العلماء لسلمان العودة,,10,2,"83253,94831"
سلوكيات مرفوضة في شهر رمضان و العيدين,,10,2,"87884,92593"
سماء المقال في علم الرجال - part 1,,10,2,"51396,75000"
سماء المقال في علم الرجال - part 2,,10,2,"51397,75001"
سن عیسوی کی حقیقت- مولانا محمد سلمان سکھروی,,6,2,"15493,15713"
سن ہجری کا آغاز-مولانا احتشام الحق صاحبؒ,,6,2,"13348,15731"
سنة الوفاة بالهجري,,10,2,"17654,73618"
سنن أبي داود - part 3,,10,2,"39168,64854"
سنن أبي داود - part 4,,10,2,"39169,64855"
سنن ابن ماجه - part 1,,10,2,"39697,48743"
سنن ابن ماجه - part 2,,10,2,"39698,48744"
سنن الترمذي - part 1,,10,2,"71107,80230"
سنن الترمذي - part 2,,10,2,"71108,80231"
سنن الترمذي - part 3,,10,2,"71109,80232"
سنن الترمذي - part 4,,10,2,"71110,80233"
سنن الترمذي - part 5,,10,2,"71111,80234"
سنن الدارمي - part 1,,10,2,"63020,89280"
سنن الدارمي - part 2,,10,2,"63021,89281"
سنن الله في المجتمع من خلال القرآن محمد الصادق عرجون,,10,2,"78968,102728"
سنن النسائي الكبرى - part 1,,10,2,"20597,28910"
سنن النسائي الكبرى - part 2,,10,2,"20598,28911"
سنن النسائي الكبرى - part 3,,10,2,"20599,28912"
سنن النسائي الكبرى - part 4,,10,2,"20600,28913"
سنن النسائي الكبرى - part 5,,10,2,"20601,28914"
سنن النسائي الكبرى - part 6,,10,2,"20602,28915"
سود سے پاک پاکستان-گھمن صاحب,,6,2,"14433,14445"
سود لینے سے بخل بڑھتا ہے-مفتی تقی عثمانی صاحب,,6,2,"14434,14446"
سود کا وبال-گھمن صاحب,,6,2,"14435,14448"
سود کے نقصانات-مفتی عبد القادر جیلانی صاحب,,6,2,"14436,14453"
سودی نظام کی خرابیاں اور اس کا متبادل-مفتی تقی عثمانی صاحب,,6,2,"14437,14456"
سورة القصص دراسة تحليلية - part 1,,10,2,"22697,48709"
سورة القصص دراسة تحليلية - part 2,,10,2,"22698,48710"
سوشل بائیکاٹ کی شرعی حیثیت,,6,2,"13966,15230"
سياحة في عالم التشيع - الحوزة العلمية أسرار وخفايا- لمحب الدين عباس الكاظمي,,10,2,"38284,75015"
سيرة أمير المؤمنين علي بن أبي طالب - part 1,,10,2,"26092,99058"
سيرة أمير المؤمنين علي بن أبي طالب - part 2,,10,2,"26093,99059"
سيرة أمير المؤمنين علي بن أبي طالب - part 3,,10,2,"26094,99060"
سيرة ابن هشام - part 1,,10,2,"39732,56386"
سيرة ابن هشام - part 2,,10,2,"39733,56387"
سيرة الصديق رضي الله عنه,,10,2,"22699,51791"
سيرة سماحة الشيخ محمد بن إبراهيم آل الشيخ,,10,2,"75016,91430"
سیدنا حسن بن علی-محمد علی الصلابی,,6,2,"13854,15290"
سیدنا حسین بن علی- محمد علی الصلابی,,6,2,"13856,15291"
سیدنا علی المرتضی۔فاروقیؒ,,6,2,"14793,15302"
سیدنا علی بن ابی طالب-مترجم۔صلابی,,6,2,"14795,15303"
سیدنا علی وحسینؓ۔ نفیس,,6,2,"14797,15304"
سیدہ فاطمہ-سید حقانی میاں صاحب,,6,2,"13722,15022"
سیدہ فاطمۃ رضی اللہ عنہا۔ تاریخ امت مسلمہ سے,,6,2,"13723,15023"
سیرت النبی ﷺ اور مزدوروں کے حقوق۔مولانا زاہد الراشدی صاحب,,6,2,"13474,15785"
سیرت حسنین شریفین-مولانا محمد نافع صاحبؒ,,6,2,"13857,15292"
سیرت حسین کے گمنام گوشے-گھمن,,6,2,"13858,15293"
سیرت سیدنا علی المرتضیٰ۔مولانا محمد نافع,,6,2,"14798,15305"
سیرت کا پیغام نوجوان کے نام-ندویؒ,,6,2,"15416,15436"
سیرت_ومناقب_حضرت_حسین_رض۔_گلدستہ_سیرت_اہل_بیت_کا_ایک_باب,,6,2,"13794,13904"
شب عید کی فضیلت-سکھروی صاحب,,6,2,"14845,14856"
شب عید یعنی چاند رات۔ مفتی محمد رضوان صاحب,,6,2,"14846,14857"
شبهات حول الدجال,,10,2,"59334,64864"
شبهات حول الصحابة ذو النورين عثمان,,10,2,"33545,40840"
شبهات شيعية والرد عليها,,10,2,"75018,95844"
شبهات وأباطيل حول معاوية ابن أبي سفيان,,10,2,"70399,102918"
شبهات وأقاويل حول الحجاب,,10,2,"71882,94834"
شبهات_حول_الصحابة_أم_المؤمنين_عائشة,,10,2,"28520,99126"
شبِ معراج اور ستائیس رجب سے متعلق غلط فہمیاں-مفتی مبین الرحمن صاحب,,6,2,"14551,15262"
شخصية الرسول وأثرة,,10,2,"58027,71227"
شرح التلويح على التوضيح - part 1,,10,2,"81203,89219"
شرح التلويح على التوضيح - part 2,,10,2,"81204,89220"
شرح الرسالة التدمرية,,10,2,"39054,102920"
شرح السر المصون في رواية قالون,,10,2,"18529,99751"
شرح السنة للبغوي - part 1,,10,2,"48899,103154"
شرح السنة للبغوي - part 2,,10,2,"48900,103155"
شرح السنة للبغوي - part 3,,10,2,"48901,103156"
شرح السنة للبغوي - part 4,,10,2,"48902,103157"
شرح السنة للبغوي - part 5,,10,2,"48903,103158"
شرح السنة للبغوي - part 6,,10,2,"48904,103159"
شرح السنة للبغوي - part 7,,10,2,"48905,103160"
شرح السنة للبغوي - part 8,,10,2,"48906,103161"
شرح الصدور بتحريم رفع القبور,,10,2,"59335,102340"
شرح الصيام من دليل الطالب,,10,2,"65439,95311"
شرح العقيدة السفارينية - part 1,,10,2,"48359,80187"
شرح العقيدة السفارينية - part 2,,10,2,"48360,80188"
شرح العقيدة الطحاوية - part 1,,10,2,"75021,96242"
شرح العقيدة الطحاوية - part 2,,10,2,"75022,96243"
شرح العقيدة الطحاوية - صالح الفوزان,,10,2,"47065,79791"
شرح العقيدة الواسطية - هراس,,10,2,"68739,95848"
شرح القواعد الفقهية ــ للزرقا,,10,2,"17094,64231"
شرح المنظومة البيقونية,,10,2,"54103,74993"
شرح المنظومة البيقونية في مصطلح الحديث,,10,2,"41315,54695"
شرح النووي على مسلم - مشكول - part 1,,10,2,"55843,96142"
شرح النووي على مسلم - مشكول - part 2,,10,2,"55844,96143"
شرح النووي على مسلم - مشكول - part 3,,10,2,"55845,96144"
شرح النووي على مسلم - مشكول - part 4,,10,2,"55846,96145"
شرح النووي على مسلم - مشكول - part 5,,10,2,"55847,96146"
شرح النووي على مسلم - مشكول - part 6,,10,2,"55848,96147"
شرح النووي على مسلم - مشكول - part 7,,10,2,"55849,96148"
شرح النووي على مسلم - مشكول - part 8,,10,2,"55850,96149"
شرح النووي على مسلم - مشكول - part 9,,10,2,"55851,96150"
شرح الوقاية - part 1,,10,2,"44540,96526"
شرح الوقاية - part 2,,10,2,"44541,96527"
شرح الوقاية - part 3,,10,2,"44542,96528"
شرح الوقاية - part 4,,10,2,"44543,96529"
شرح تحفة الأحكام - part 1,,10,2,"39541,43990"
شرح تحفة الأحكام - part 2,,10,2,"39542,43991"
شرح تنقيح الفصول - part 1,,10,2,"32722,80159"
شرح تنقيح الفصول - part 2,,10,2,"32723,80160"
شرح تنقيح الفصول - part 3,,10,2,"32724,80161"
شرح حدود ابن عرفة - part 1,,10,2,"20627,26327"
شرح حدود ابن عرفة - part 2,,10,2,"20628,26328"
شرح حدود ابن عرفة - part 3,,10,2,"20629,26329"
شرح رسالة أصول التفسير للسيوطي,,10,2,"48219,75026"
شرح رسالة ابن سعدي في الأصول,,10,2,"44218,81207"
شرح زاد المستقنع للشنقيطي - part 1,,10,2,"38624,70860"
شرح زاد المستقنع للشنقيطي - part 10,,10,2,"38633,70869"
شرح زاد المستقنع للشنقيطي - part 11,,10,2,"38634,70870"
شرح زاد المستقنع للشنقيطي - part 12,,10,2,"38635,70871"
شرح زاد المستقنع للشنقيطي - part 13,,10,2,"38636,70872"
شرح زاد المستقنع للشنقيطي - part 14,,10,2,"38637,70873"
شرح زاد المستقنع للشنقيطي - part 15,,10,2,"38638,70874"
شرح زاد المستقنع للشنقيطي - part 16,,10,2,"38639,70875"
شرح زاد المستقنع للشنقيطي - part 2,,10,2,"38625,70861"
شرح زاد المستقنع للشنقيطي - part 3,,10,2,"38626,70862"
شرح زاد المستقنع للشنقيطي - part 4,,10,2,"38627,70863"
شرح زاد المستقنع للشنقيطي - part 5,,10,2,"38628,70864"
شرح زاد المستقنع للشنقيطي - part 6,,10,2,"38629,70865"
شرح زاد المستقنع للشنقيطي - part 7,,10,2,"38630,70866"
شرح زاد المستقنع للشنقيطي - part 8,,10,2,"38631,70867"
شرح زاد المستقنع للشنقيطي - part 9,,10,2,"38632,70868"
شرح شرح نخبة الفكر - part 1,,10,2,"43992,81260"
شرح شرح نخبة الفكر - part 2,,10,2,"43993,81261"
شرح شروط الصلاة وأركانها وواجباتها,,10,2,"85622,98479"
شرح علل الترمذي لابن رجب,,10,2,"48829,83487"
شرح كتاب (مقدمة في أصول التفسير),,10,2,"58625,103102"
شرح كتاب آداب المشي إلى الصلاة,,10,2,"43854,98500"
شرح كتاب الحج من دليل الطالب,,10,2,"64391,94862"
شرح كتاب الحج من عمدة الفقه للدكتور محمد سعد اليوبي حفظه الله,,10,2,"27827,48859"
شرح كتاب الرد على الزنادقة,,10,2,"38322,39056"
شرح كتاب الصلاة من عمدة الطالب - part 1,,10,2,"19389,59321"
شرح كتاب الصلاة من عمدة الطالب - part 2,,10,2,"19390,59322"
شرح كتاب الصوم من بلوغ المرام,,10,2,"28267,32491"
شرح كتاب كشف الشبهات,,10,2,"90224,98338"
شرح كتاب كشف الشبهات في التوحيد,,10,2,"48914,58839"
شرح لامية شيخ الإسلام ابن تيمية - part 1,,10,2,"59338,88201"
شرح لامية شيخ الإسلام ابن تيمية - part 2,,10,2,"59339,88202"
شرح لامية شيخ الإسلام ابن تيمية - part 3,,10,2,"59340,88203"
شرح مختصر خليل للخرشي - part 1,,10,2,"39305,63027"
شرح مختصر خليل للخرشي - part 10,,10,2,"39314,63036"
شرح مختصر خليل للخرشي - part 11,,10,2,"39315,63037"
شرح مختصر خليل للخرشي - part 12,,10,2,"39316,63038"
شرح مختصر خليل للخرشي - part 13,,10,2,"39317,63039"
شرح مختصر خليل للخرشي - part 14,,10,2,"39318,63040"
شرح مختصر خليل للخرشي - part 15,,10,2,"39319,63041"
شرح مختصر خليل للخرشي - part 16,,10,2,"39320,63042"
شرح مختصر خليل للخرشي - part 17,,10,2,"39321,63043"
شرح مختصر خليل للخرشي - part 18,,10,2,"39322,63044"
شرح مختصر خليل للخرشي - part 19,,10,2,"39323,63045"
شرح مختصر خليل للخرشي - part 2,,10,2,"39306,63028"
شرح مختصر خليل للخرشي - part 20,,10,2,"39324,63046"
شرح مختصر خليل للخرشي - part 21,,10,2,"39325,63047"
شرح مختصر خليل للخرشي - part 22,,10,2,"39326,63048"
شرح مختصر خليل للخرشي - part 23,,10,2,"39327,63049"
شرح مختصر خليل للخرشي - part 24,,10,2,"39328,63050"
شرح مختصر خليل للخرشي - part 3,,10,2,"39307,63029"
شرح مختصر خليل للخرشي - part 4,,10,2,"39308,63030"
شرح مختصر خليل للخرشي - part 5,,10,2,"39309,63031"
شرح مختصر خليل للخرشي - part 6,,10,2,"39310,63032"
شرح مختصر خليل للخرشي - part 7,,10,2,"39311,63033"
شرح مختصر خليل للخرشي - part 8,,10,2,"39312,63034"
شرح مختصر خليل للخرشي - part 9,,10,2,"39313,63035"
شرح مسند أبي حنيفة,,10,2,"39286,83387"
شرح معاني الآثار - part 1,,10,2,"49107,88799"
شرح معاني الآثار - part 2,,10,2,"49108,88800"
شرح معاني الآثار - part 3,,10,2,"49109,88801"
شرح معاني الآثار - part 4,,10,2,"49110,88802"
شرح معاني الآثار - part 5,,10,2,"49111,88803"
شرح معاني الآثار - part 6,,10,2,"49112,88804"
شرح مقاصد الشريعة - part 1,,10,2,"32386,92356"
شرح مقاصد الشريعة - part 2,,10,2,"32387,92357"
شرح مقاصد الشريعة - part 3,,10,2,"32388,92358"
شرح مقاصد الشريعة - part 4,,10,2,"32389,92359"
شرح منظومة القواعد الفقهية,,10,2,"64880,104287"
شرح ميارة - part 3,,10,2,"31784,65630"
شرح ميارة - part 4,,10,2,"31785,65631"
شرف أصحاب الحديث للخطيب البغدادي,,10,2,"28754,82530"
شرم و حیاء-نقشبندی,,6,2,"13201,15685"
شعب الإيمان - البيهقي - part 1,,10,2,"71197,101323"
شعب الإيمان - البيهقي - part 2,,10,2,"71198,101324"
شعب الإيمان - البيهقي - part 3,,10,2,"71199,101325"
شعب الإيمان - البيهقي - part 4,,10,2,"71200,101326"
شعب الإيمان - البيهقي - part 5,,10,2,"71201,101327"
شعب الإيمان - البيهقي - part 6,,10,2,"71202,101328"
شعب الإيمان - البيهقي - part 7,,10,2,"71203,101329"
شعر أهل الحديث - part 1,,10,2,"60468,97054"
شعر أهل الحديث - part 2,,10,2,"60469,97055"
شعر أهل الحديث - part 3,,10,2,"60470,97056"
شعر أهل الحديث - part 4,,10,2,"60471,97057"
شعر البرعي في ميزان الكتاب والسنة,,10,2,"98472,102946"
شعر الحجاب,,10,2,"90046,93262"
شهر محرم ويوم عاشوراء,,10,2,"42414,87292"
شهر_رجب_بين_المبتدع_والمشروع,,10,2,"50208,60811"
شوال اور عید الفطر کے احکام۔ مفتی محمد رضوان صاحب-پنڈی,,6,2,"14847,14858"
شوقي ضيف,,10,2,"29569,39824"
شيعة ممدوحة .. وأشياع مذمومة,,10,2,"20406,69924"
شيوخ البيهقي في السنن الكبرى,,10,2,"23825,82464"
شہدائے مظلوم کا تذکرہ-مفتی ابو بکر قاسمی,,6,2,"13823,14576"
صحابہ اور اہل بیت -صوفی عبد الحمید سواتی صاحبؒ,,6,2,"13795,13905"
صحابہ اور اہل بیت کےدرمیان تعلقات-ابو معاذ سید محمد بن احمد,,6,2,"13796,13906"
صحابہ اور اہلِ بیت کی باہم محبت و الفت,,6,2,"13797,13907"
صحابہ کرام اور اہل بیت کے مابین محبت والفت-التبیان,,6,2,"13798,13908"
صحابہ کرامؓ اور خانوادہ علیؓ-مولانا نور الحسن راشد کاندھلوی,,6,2,"13799,13909"
صحبة رسول الله صلى الله عليه وسلم,,10,2,"20568,88223"
صحيح أبي داود - part 1,,10,2,"83900,96461"
صحيح أبي داود - part 2,,10,2,"83901,96462"
صحيح أبي داود - part 3,,10,2,"83902,96463"
صحيح ابن حبان - part 1,,10,2,"70510,81275"
صحيح ابن حبان - part 10,,10,2,"70519,81284"
صحيح ابن حبان - part 11,,10,2,"70520,81285"
صحيح ابن حبان - part 12,,10,2,"70521,81286"
صحيح ابن حبان - part 13,,10,2,"70522,81287"
صحيح ابن حبان - part 14,,10,2,"70523,81288"
صحيح ابن حبان - part 15,,10,2,"70524,81289"
صحيح ابن حبان - part 16,,10,2,"70525,81290"
صحيح ابن حبان - part 2,,10,2,"70511,81276"
صحيح ابن حبان - part 3,,10,2,"70512,81277"
صحيح ابن حبان - part 4,,10,2,"70513,81278"
صحيح ابن حبان - part 5,,10,2,"70514,81279"
صحيح ابن حبان - part 6,,10,2,"70515,81280"
صحيح ابن حبان - part 7,,10,2,"70516,81281"
صحيح ابن حبان - part 8,,10,2,"70517,81282"
صحيح ابن حبان - part 9,,10,2,"70518,81283"
صحيح ابن خزيمة - part 1,,10,2,"80235,89295"
صحيح ابن خزيمة - part 2,,10,2,"80236,89296"
صحيح ابن خزيمة - part 3,,10,2,"80237,89297"
صحيح ابن خزيمة - part 4,,10,2,"80238,89298"
صحيح الطب النبوي,,10,2,"44010,54558"
صحيح المقال في مسألة شد الرحال,,10,2,"40821,78973"
صحيح كنوز السلام لأمة الإسلام,,10,2,"87293,104730"
صحيح مسلم - part 1,,10,2,"59440,70533"
صحيح مسلم - part 2,,10,2,"59441,70534"
صحيح مسلم - part 3,,10,2,"59442,70535"
صحيح مسلم - part 4,,10,2,"59443,70536"
صحيفة همام بن منبه,,10,2,"21749,90916"
صحیح البخاری جلد 2,درس نظامی,2,2,"4530,4531"
صحیح دعائیں اور اذکار,علامہ ناصر الدین البانی,9,2,"16085,16086"
صدق الوعد,,10,2,"22733,94839"
صريح السنة لمحمد الطبري,,10,2,"39057,105649"
صفات الله عز وجل الواردة في الكتاب والسنة,,10,2,"59341,95997"
صفة العمرة,,10,2,"28269,100886"
صفة النار,,10,2,"49376,60107"
صفة جزيرة العرب,,10,2,"26196,60078"
صلاة الاستخارة,,10,2,"21783,89080"
صلاة العيدين في المصلى هي السنة,,10,2,"39543,80601"
صلح حدیبیہ کا واقعہ، عثمانی,,6,2,"14605,14984"
صلح حدیبیہ کی تقریب، ولی اللہ,,6,2,"14606,14985"
صلح حدیبیہ، شیخوپوری,,6,2,"14609,14986"
صلح حدیبیہ، قدم بقدم,,6,2,"14610,14987"
صلح حدیبیہ۔ تاریخ امت مسلمہ کا باب,,6,2,"14611,14988"
صنائع المعروف,,10,2,"22736,89561"
صور مشرقة من تاريخ المرأة المسلمة,,10,2,"22737,40759"
صور من ابتلاء العلماء,,10,2,"33566,102346"
صور من الصوفية,,10,2,"21985,28549"
صوفيات خطاب مفتوح,,10,2,"48394,82220"
صيانة الإنسان عن وسوسة الشيخ دحلان - part 1,,10,2,"58844,105359"
صيانة الإنسان عن وسوسة الشيخ دحلان - part 2,,10,2,"58845,105360"
صيانة الاسلام وعبث اللئام,,10,2,"44195,61578"
ضعفاء العقيلي - part 1,,10,2,"36263,52105"
ضعفاء العقيلي - part 2,,10,2,"36264,52106"
ضعفاء العقيلي - part 3,,10,2,"36265,52107"
ضعفاء العقيلي - part 4,,10,2,"36266,52108"
ضعيف أبي داود,,10,2,"99477,103424"
ضعيف الأدب المفرد,,10,2,"63484,88667"
ضوابط الاستمتاع بالزوجة في الصيام,,10,2,"75046,79571"
ضوابط التكفيرعند أهل السنة والجماعة,,10,2,"95998,103488"
ضوابط تعبير الرؤيا لعبدالله الطيار,,10,2,"78977,90177"
طاش ما طاش استهزؤوا إن الله مخرج ما تحذرون,,10,2,"37565,106192"
طبقات المحدثين بأصبهان - part 1,,10,2,"20569,31726"
طبقات المحدثين بأصبهان - part 2,,10,2,"20570,31727"
طبقات المحدثين بأصبهان - part 3,,10,2,"20571,31728"
طبقات المحدثين بأصبهان - part 4,,10,2,"20572,31729"
طبقات المفسرين لجلال الدين السيوطي,,10,2,"52109,87931"
طبقات النسابين,,10,2,"26098,73029"
طرق أهل الباطل في نشر الخرافة,,10,2,"19338,28551"
طرق الأبواب الخلفية بين الحل والتحريم,,10,2,"30836,98451"
طرق الكشف عن الإدراج,,10,2,"44021,104336"
طرق تدريس القرآن الكريم لكبار السن,,10,2,"51305,53201"
طرق حديث إن لله تسعة وتسعين اسما,,10,2,"54129,105661"
طرق حديث الأسماء الحسنى,,10,2,"57789,105316"
طرق دعوية بسيطة وفعالة للدعوة عبر الإنترنت,,10,2,"32679,61880"
طرق ووسائل الدعوة إلى الله في أماكن العمل,,10,2,"75050,82546"
طريق الهجرتين و باب السعادتين - part 1,,10,2,"19421,39933"
طريق الهجرتين و باب السعادتين - part 2,,10,2,"19422,39934"
طريقة الحصول على غاية الوصول - part 1,,10,2,"49462,99256"
طريقة الحصول على غاية الوصول - part 2,,10,2,"49463,99257"
طعون الشيعة في آل بيت النبوة,,10,2,"41482,102952"
طل الربو,,10,2,"20245,22746"
طهارة النفس وأمراض القلوب,,10,2,"78981,89154"
طيب الكلم في صلة الرحم,,10,2,"17514,94846"
ظاهرة الإعجاب بين الفتيات,,10,2,"64910,82301"
ظاهرة الرعب من الإسلام وحقوق المرأة,,10,2,"40890,75054"
عاشق في غرفة العمليات,,10,2,"54134,71417"
عثمان بن عفان شخصيته وعصره - part 1,,10,2,"41625,85903"
عثمان بن عفان شخصيته وعصره - part 2,,10,2,"41626,85904"
عجالة المبتدي وفضالة المنتهي في النسب,,10,2,"68186,104563"
عداوة حذ ر منها ...و... مبآهاة بين الأمم,,10,2,"18166,102357"
عرب بعيون زرقاء,,10,2,"29689,58041"
عربی کا معلم جلد نمبر 1,درس نظامی,2,2,"4632,4636"
عربی کا معلم جلد نمبر 2,درس نظامی,2,2,"4633,4637"
عربی کا معلم جلد نمبر 3,درس نظامی,2,2,"4634,4638"
عربی کا معلم جلد نمبر 4,درس نظامی,2,2,"4635,4639"
عشق الحور العين بالأذن قبل العين,,10,2,"27816,70952"
عصمة الأئمة بين أهل السنة والشيعة,,10,2,"22755,48419"
عظم المنة في رؤية المؤمنين ربهم في الجنة,,10,2,"61705,79814"
عظمت قرآن- حضرت مدنیؒ,,6,2,"14192,15169"
عظمت قرآن-لدھیانویؒ,,6,2,"14193,15170"
عظمت قرآن-مولانا عاشق حسین شجاع آبادی,,6,2,"14194,15171"
عظمت ماہ محرم-مفتی کلیم اللہ-مراد آباد,,6,2,"13368,13826"
عقود الزبرجد على مسند الإمام أحمد في إعراب الحديث - part 1,,10,2,"17656,71418"
عقود الزبرجد على مسند الإمام أحمد في إعراب الحديث - part 2,,10,2,"17657,71419"
عقود الزبرجد على مسند الإمام أحمد في إعراب الحديث - part 3,,10,2,"17658,71420"
عقود الزبرجد على مسند الإمام أحمد في إعراب الحديث - part 4,,10,2,"17659,71421"
عقود الزبرجد على مسند الإمام أحمد في إعراب الحديث - part 5,,10,2,"17660,71422"
عقيدة أهل السنة والجماعة,,10,2,"22757,31875"
عقيدة الإمامة عند الشيعة,,10,2,"96003,98323"
عقيدة الدروز - part 1,,10,2,"48421,105122"
عقيدة الدروز - part 2,,10,2,"48422,105123"
عقيدة الدروز - part 3,,10,2,"48423,105124"
عقيدة السلف أصحاب الحديث,,10,2,"70404,75062"
عقیدہ امامت اور حدیث غدیر,,6,2,"13261,14965"
عقیدہ ظہور مہدی-مفتی نظام الدین شامزئی,,6,2,"14227,14743"
علامات الساعة الصغرى,,10,2,"51798,79819"
علامات الساعة الكبرى,,10,2,"62559,88237"
علل الترمذي الكبير - part 1,,10,2,"39705,70125"
علل الترمذي الكبير - part 2,,10,2,"39706,70126"
علل الحديث لابن أبي حاتم,,10,2,"20584,88641"
علل الدارقطني 385 - part 10,,10,2,"34058,95767"
علل الدارقطني 385 - part 11,,10,2,"34059,95768"
علل الدارقطني 385 - part 12,,10,2,"34060,95769"
علل الدارقطني 385 - part 13,,10,2,"34061,95770"
علل الدارقطني 385 - part 14,,10,2,"34062,95771"
علل الدارقطني 385 - part 15,,10,2,"34063,95772"
علم الرجال للمعلمي,,10,2,"44037,90241"
علم المواريث,,10,2,"75067,89222"
علم حدیث اور علماء حدیث-مفتی محمد تقی صاحب-انعام الباری سے,,6,2,"14305,14642"
علم مقاصد الشريعة,,10,2,"19158,99498"
علماء دیوبند کا تقوی,,6,2,"13587,14038"
علماء کا یزیدبن معاویہ کے بارے عقیدہ _ جامعہ علوم اسلامیہ علامہ محمد یوسف بنوری ٹاؤن,,6,2,"13869,15754"
علوم الحديث بين المتقدمين والمتأخرين,,10,2,"71115,81263"
علوم القرآن عند ابن عبد البر,,10,2,"42205,88006"
على صدره دراسة حديثية فقهية,,10,2,"39216,106588"
على ضوء الإجابة عن موانع الإستجابة,,10,2,"89155,102361"
على قمم الجبال,,10,2,"81767,100330"
علي بن أبي طالب رضي الله عنه,,10,2,"21141,79820"
عمدة البيان في معرفة فروض العيان,,10,2,"49179,54157"
عمدة العرفان فى تحرير أوجه القران,,10,2,"31912,81753"
عمرۃ الحدیبیہ، سیرت مصطفی,,6,2,"14612,14989"
عمل المرأة في الميزان,,10,2,"33594,102362"
عناصر اللغة العربية و خصائصها,,10,2,"60531,106121"
عناية الإعلام السعودي بالقرآن الكريم,,10,2,"47494,90137"
عناية المسلمين باللغة العربية,,10,2,"19267,30717"
عناية المسلمين باللغة العربية خدمة للقرآن الكريم,,10,2,"78990,87312"
عناية المسلمين بالوقف خدمة للقرآن الكريم,,10,2,"40796,94855"
عنوان الدليل من مرسوم خط التنزيل,,10,2,"89714,103752"
عورت مارچ کی بجائے حجاب کی اہمیت کو اُجاگر کیا جائے-مولانا اعجاز مصطفی صاحب,,6,2,"14816,14832"
عيون الأثر - part 1,,10,2,"39760,93642"
عيون الأثر - part 2,,10,2,"39761,93643"
عید الفطر اور عید الاضحی کی راتوں کی فضیلت۔مولانا نعیم الدین صاحب,,6,2,"14849,14861"
عید جمعہ کے دن ہو تو کیا حکم ہے؟,,6,2,"14081,14904"
عید غدیر 18 ذوالحج,,6,2,"13262,13827"
عید کے اہم مسائل-مفتی محمد رضوان صاحب-پنڈٰی,,6,2,"14882,14896"
عیدغدیراوراسکی حقیقت,,6,2,"13266,14967"
غارة الفصل على المعتدين على كتب العلل,,10,2,"33599,51197"
غاية المريد في علم التجويد,,10,2,"16886,97689"
غاية المقصد فى زوائد المسند - part 1,,10,2,"103163,103555"
غاية المقصد فى زوائد المسند - part 2,,10,2,"103164,103556"
غدیر خم کی کیا حقیقت ہے؟ _ جامعہ علوم اسلامیہ علامہ محمد یوسف بنوری ٹاؤن,,6,2,"13268,14968"
غرائب فقهية عند الشيعة الإمامية,,10,2,"58855,99127"
غرر التبيان لمبهمات القرآن,,10,2,"52273,100073"
غرر الفوائد المجموعة,,10,2,"17203,52298"
غريب الحديث لابن قتيبة - part 1,,10,2,"51996,71322"
غريب الحديث لابن قتيبة - part 2,,10,2,"51997,71323"
غريب الحديث للحربي - part 1,,10,2,"62909,81493"
غريب الحديث للحربي - part 2,,10,2,"62910,81494"
غريب الحديث للحربي - part 3,,10,2,"62911,81495"
غريب القرآن,,10,2,"44105,79657"
غلاء المهور وأضراره,,10,2,"94859,106562"
غنية الملتمس في توضيح الملتبس للخطيب البغدادي,,10,2,"39707,63131"
غياث الأمم في التياث الظلم,,10,2,"18167,29690"
غيث العقيدة السلفية شرح منظومة الحائية,,10,2,"16739,96345"
غير المسلمين في المجتمع المسلم,,10,2,"44050,72041"
غير متزوجات ... ولكن سعيدات,,10,2,"90048,102368"
غیرت کے نام پر قتل- قاری حنیف جالندھری صاحب,,6,2,"15132,15151"
فتاوى إمام المفتين ورسول رب العالمين,,10,2,"51261,93559"
فتاوى ابن الصلاح - part 1,,10,2,"52001,88481"
فتاوى ابن الصلاح - part 2,,10,2,"52002,88482"
فتاوى ابن حجر الهيثمى - part 1,,10,2,"62913,100901"
فتاوى ابن حجر الهيثمى - part 2,,10,2,"62914,100902"
فتاوى ابن حجر الهيثمى - part 3,,10,2,"62915,100903"
فتاوى ابن حجر الهيثمى - part 4,,10,2,"62916,100904"
فتاوى ابن حجر الهيثمى - part 5,,10,2,"62917,100905"
فتاوى ابن حجر الهيثمى - part 6,,10,2,"62918,100906"
فتاوى ابن حجر الهيثمى - part 7,,10,2,"62919,100907"
فتاوى الأسهم والبنوك,,10,2,"34186,72880"
فتاوى الحجاب واللباس والزينة,,10,2,"91562,98365"
فتاوى الرملي - part 1,,10,2,"20605,54700"
فتاوى الرملي - part 2,,10,2,"20606,54701"
فتاوى الرملي - part 3,,10,2,"20607,54702"
فتاوى الرملي - part 4,,10,2,"20608,54703"
فتاوى الرملي - part 5,,10,2,"20609,54704"
فتاوى الرملي - part 6,,10,2,"20610,54705"
فتاوى الشيخ ابن باز في المسح على الخفين,,10,2,"58051,93560"
فتاوى الشيخ ابن جبرين - part 1,,10,2,"20451,100908"
فتاوى الشيخ ابن جبرين - part 10,,10,2,"20460,100917"
فتاوى الشيخ ابن جبرين - part 11,,10,2,"20461,100918"
فتاوى الشيخ ابن جبرين - part 12,,10,2,"20462,100919"
فتاوى الشيخ ابن جبرين - part 13,,10,2,"20463,100920"
فتاوى الشيخ ابن جبرين - part 14,,10,2,"20464,100921"
فتاوى الشيخ ابن جبرين - part 15,,10,2,"20465,100922"
فتاوى الشيخ ابن جبرين - part 16,,10,2,"20466,100923"
فتاوى الشيخ ابن جبرين - part 17,,10,2,"20467,100924"
فتاوى الشيخ ابن جبرين - part 18,,10,2,"20468,100925"
فتاوى الشيخ ابن جبرين - part 19,,10,2,"20469,100926"
فتاوى الشيخ ابن جبرين - part 2,,10,2,"20452,100909"
فتاوى الشيخ ابن جبرين - part 20,,10,2,"20470,100927"
فتاوى الشيخ ابن جبرين - part 21,,10,2,"20471,100928"
فتاوى الشيخ ابن جبرين - part 22,,10,2,"20472,100929"
فتاوى الشيخ ابن جبرين - part 23,,10,2,"20473,100930"
فتاوى الشيخ ابن جبرين - part 24,,10,2,"20474,100931"
فتاوى الشيخ ابن جبرين - part 25,,10,2,"20475,100932"
فتاوى الشيخ ابن جبرين - part 26,,10,2,"20476,100933"
فتاوى الشيخ ابن جبرين - part 27,,10,2,"20477,100934"
فتاوى الشيخ ابن جبرين - part 28,,10,2,"20478,100935"
فتاوى الشيخ ابن جبرين - part 29,,10,2,"20479,100936"
فتاوى الشيخ ابن جبرين - part 3,,10,2,"20453,100910"
فتاوى الشيخ ابن جبرين - part 30,,10,2,"20480,100937"
فتاوى الشيخ ابن جبرين - part 31,,10,2,"20481,100938"
فتاوى الشيخ ابن جبرين - part 32,,10,2,"20482,100939"
فتاوى الشيخ ابن جبرين - part 33,,10,2,"20483,100940"
فتاوى الشيخ ابن جبرين - part 34,,10,2,"20484,100941"
فتاوى الشيخ ابن جبرين - part 35,,10,2,"20485,100942"
فتاوى الشيخ ابن جبرين - part 36,,10,2,"20486,100943"
فتاوى الشيخ ابن جبرين - part 37,,10,2,"20487,100944"
فتاوى الشيخ ابن جبرين - part 38,,10,2,"20488,100945"
فتاوى الشيخ ابن جبرين - part 39,,10,2,"20489,100946"
فتاوى الشيخ ابن جبرين - part 4,,10,2,"20454,100911"
فتاوى الشيخ ابن جبرين - part 40,,10,2,"20490,100947"
فتاوى الشيخ ابن جبرين - part 41,,10,2,"20491,100948"
فتاوى الشيخ ابن جبرين - part 42,,10,2,"20492,100949"
فتاوى الشيخ ابن جبرين - part 43,,10,2,"20493,100950"
فتاوى الشيخ ابن جبرين - part 44,,10,2,"20494,100951"
فتاوى الشيخ ابن جبرين - part 45,,10,2,"20495,100952"
فتاوى الشيخ ابن جبرين - part 46,,10,2,"20496,100953"
فتاوى الشيخ ابن جبرين - part 47,,10,2,"20497,100954"
فتاوى الشيخ ابن جبرين - part 48,,10,2,"20498,100955"
فتاوى الشيخ ابن جبرين - part 49,,10,2,"20499,100956"
فتاوى الشيخ ابن جبرين - part 5,,10,2,"20455,100912"
فتاوى الشيخ ابن جبرين - part 50,,10,2,"20500,100957"
فتاوى الشيخ ابن جبرين - part 51,,10,2,"20501,100958"
فتاوى الشيخ ابن جبرين - part 52,,10,2,"20502,100959"
فتاوى الشيخ ابن جبرين - part 53,,10,2,"20503,100960"
فتاوى الشيخ ابن جبرين - part 54,,10,2,"20504,100961"
فتاوى الشيخ ابن جبرين - part 55,,10,2,"20505,100962"
فتاوى الشيخ ابن جبرين - part 56,,10,2,"20506,100963"
فتاوى الشيخ ابن جبرين - part 57,,10,2,"20507,100964"
فتاوى الشيخ ابن جبرين - part 58,,10,2,"20508,100965"
فتاوى الشيخ ابن جبرين - part 59,,10,2,"20509,100966"
فتاوى الشيخ ابن جبرين - part 6,,10,2,"20456,100913"
فتاوى الشيخ ابن جبرين - part 60,,10,2,"20510,100967"
فتاوى الشيخ ابن جبرين - part 61,,10,2,"20511,100968"
فتاوى الشيخ ابن جبرين - part 62,,10,2,"20512,100969"
فتاوى الشيخ ابن جبرين - part 63,,10,2,"20513,100970"
فتاوى الشيخ ابن جبرين - part 64,,10,2,"20514,100971"
فتاوى الشيخ ابن جبرين - part 65,,10,2,"20515,100972"
فتاوى الشيخ ابن جبرين - part 66,,10,2,"20516,100973"
فتاوى الشيخ ابن جبرين - part 67,,10,2,"20517,100974"
فتاوى الشيخ ابن جبرين - part 68,,10,2,"20518,100975"
فتاوى الشيخ ابن جبرين - part 69,,10,2,"20519,100976"
فتاوى الشيخ ابن جبرين - part 7,,10,2,"20457,100914"
فتاوى الشيخ ابن جبرين - part 70,,10,2,"20520,100977"
فتاوى الشيخ ابن جبرين - part 71,,10,2,"20521,100978"
فتاوى الشيخ ابن جبرين - part 72,,10,2,"20522,100979"
فتاوى الشيخ ابن جبرين - part 73,,10,2,"20523,100980"
فتاوى الشيخ ابن جبرين - part 74,,10,2,"20524,100981"
فتاوى الشيخ ابن جبرين - part 75,,10,2,"20525,100982"
فتاوى الشيخ ابن جبرين - part 8,,10,2,"20458,100915"
فتاوى الشيخ ابن جبرين - part 9,,10,2,"20459,100916"
فتاوى الشيخ عبدالله بن عقيل - part 1,,10,2,"44591,99213"
فتاوى الشيخ عبدالله بن عقيل - part 2,,10,2,"44592,99214"
فتاوى العلماء في وجوب حفظ العورات ومنع الاختلاط في المستشفيات,,10,2,"78996,106153"
فتاوى اللجنة الدائمة للبحوث العلمية والإفتاء - part 1,,10,2,"20526,31663"
فتاوى اللجنة الدائمة للبحوث العلمية والإفتاء - part 10,,10,2,"20535,31672"
فتاوى اللجنة الدائمة للبحوث العلمية والإفتاء - part 11,,10,2,"20536,31673"
فتاوى اللجنة الدائمة للبحوث العلمية والإفتاء - part 12,,10,2,"20537,31674"
فتاوى اللجنة الدائمة للبحوث العلمية والإفتاء - part 13,,10,2,"20538,31675"
فتاوى اللجنة الدائمة للبحوث العلمية والإفتاء - part 14,,10,2,"20539,31676"
فتاوى اللجنة الدائمة للبحوث العلمية والإفتاء - part 15,,10,2,"20540,31677"
فتاوى اللجنة الدائمة للبحوث العلمية والإفتاء - part 16,,10,2,"20541,31678"
فتاوى اللجنة الدائمة للبحوث العلمية والإفتاء - part 2,,10,2,"20527,31664"
فتاوى اللجنة الدائمة للبحوث العلمية والإفتاء - part 3,,10,2,"20528,31665"
فتاوى اللجنة الدائمة للبحوث العلمية والإفتاء - part 4,,10,2,"20529,31666"
فتاوى اللجنة الدائمة للبحوث العلمية والإفتاء - part 5,,10,2,"20530,31667"
فتاوى اللجنة الدائمة للبحوث العلمية والإفتاء - part 6,,10,2,"20531,31668"
فتاوى اللجنة الدائمة للبحوث العلمية والإفتاء - part 7,,10,2,"20532,31669"
فتاوى اللجنة الدائمة للبحوث العلمية والإفتاء - part 8,,10,2,"20533,31670"
فتاوى اللجنة الدائمة للبحوث العلمية والإفتاء - part 9,,10,2,"20534,31671"
فتاوى عاجلة لمنسوبي الصحة,,10,2,"20553,54984"
فتاوى علماء الإسلام الأمجاد في حكم التمثيل والإنشاد,,10,2,"31679,33603"
فتاوى مهمة,,10,2,"37130,101991"
فتح آفاق للعمل الجاد,,10,2,"75080,102369"
فتح الباب في الكنى والألقاب,,10,2,"60300,85905"
فتح الباري لابن حجر - part 1,,10,2,"28917,71423"
فتح الباري لابن حجر - part 10,,10,2,"28926,71432"
فتح الباري لابن حجر - part 11,,10,2,"28927,71433"
فتح الباري لابن حجر - part 12,,10,2,"28928,71434"
فتح الباري لابن حجر - part 13,,10,2,"28929,71435"
فتح الباري لابن حجر - part 2,,10,2,"28918,71424"
فتح الباري لابن حجر - part 3,,10,2,"28919,71425"
فتح الباري لابن حجر - part 4,,10,2,"28920,71426"
فتح الباري لابن حجر - part 5,,10,2,"28921,71427"
فتح الباري لابن حجر - part 6,,10,2,"28922,71428"
فتح الباري لابن حجر - part 7,,10,2,"28923,71429"
فتح الباري لابن حجر - part 8,,10,2,"28924,71430"
فتح الباري لابن حجر - part 9,,10,2,"28925,71431"
فتح العزيز شرح الوجيز - part 1,,10,2,"80819,104129"
فتح العزيز شرح الوجيز - part 10,,10,2,"80828,104138"
فتح العزيز شرح الوجيز - part 11,,10,2,"80829,104139"
فتح العزيز شرح الوجيز - part 2,,10,2,"80820,104130"
فتح العزيز شرح الوجيز - part 3,,10,2,"80821,104131"
فتح العزيز شرح الوجيز - part 4,,10,2,"80822,104132"
فتح العزيز شرح الوجيز - part 5,,10,2,"80823,104133"
فتح العزيز شرح الوجيز - part 6,,10,2,"80824,104134"
فتح العزيز شرح الوجيز - part 7,,10,2,"80825,104135"
فتح العزيز شرح الوجيز - part 8,,10,2,"80826,104136"
فتح العزيز شرح الوجيز - part 9,,10,2,"80827,104137"
فتح الغفور في وضع الأيدي على الصدور,,10,2,"90178,100889"
فتح القوي المتين في شرح الأربعين وتتمة الخمسين,,10,2,"40848,96151"
فتح الكبير في الأستعاذة والتكبير,,10,2,"75081,98452"
فتح المجيد شرح كتاب التوحيد,,10,2,"47225,99356"
فتح المجيد شرح كتاب التوحيد - part 1,,10,2,"40718,103489"
فتح المجيد شرح كتاب التوحيد - part 2,,10,2,"40719,103490"
فتح الوهاب بشرح منهج الطلاب - part 1,,10,2,"17449,96672"
فتح الوهاب بشرح منهج الطلاب - part 2,,10,2,"17450,96673"
فتح رب البرية في تقريب مقدمة شرح العقيدة الطحاوية,,10,2,"28833,88240"
فتح رب العبيد في الرد على مختصر شرح الطحاوية وكتاب التوحيد,,10,2,"39060,96016"
فتح مبین، احتشام الحق,,6,2,"14613,14990"
فتنة التكفير,,10,2,"30565,38563"
فتنۂ غامدیت، ایک تحقیقی وتنقیدی جائزہ,حافظ صلاح الدین یوسف حفظہ اللہ,9,2,"16478,16479"
فرانس کے تجارتی بائیکاٹ کی شرعی حیثیت _ ابوعمار زاہد الراشدی,,6,2,"13967,15231"
فرصة سانحة للدعاة,,10,2,"22780,53480"
فرعون موسى بين الحقيقة والخرافة,,10,2,"22901,102371"
فریضہ زکوٰۃ عبادت بھی ضرورت بھی- مفتی سلمان منصورپوری صاحب,,6,2,"14394,14420"
فصل الخطاب في سيرة ابن الخطاب - part 1,,10,2,"85774,106216"
فصل الخطاب في سيرة ابن الخطاب - part 2,,10,2,"85775,106217"
فصل الخطاب في محاورة أهل الكتاب,,10,2,"38359,97535"
فصل الخطاب في ميزان قيادة المرأة للسيارة,,10,2,"61580,105317"
فصل المقال في إمامة النساء للرجال,,10,2,"19309,71885"
فضائل أبي بكر الصديق رضي الله عنه,,10,2,"20575,69940"
فضائل التسمية بأحمد ومحمد,,10,2,"51405,72102"
فضائل الصحابة رضي الله عنهم,,10,2,"30817,41628"
فضائل القرآن للقاسم بن سلام - part 1,,10,2,"51324,88349"
فضائل القرآن للقاسم بن سلام - part 2,,10,2,"51325,88350"
فضائل القرآن وتلاوته للرازي,,10,2,"69694,88781"
فضائل بيت المقدس,,10,2,"71559,82594"
فضائل زکوٰۃ- مولانا  حماد اللہ درخوااستی,,6,2,"14395,14421"
فضائل سور القرآن الكريم كما حققها العلامة الألباني,,10,2,"23792,70090"
فضائل شهر رمضان لابن شاهين,,10,2,"16920,98669"
فضائل صحابہ واہل بیت- شاہ عبد العزیز محدث دہلویؒ,,6,2,"13800,13910"
فضائل ومسند اہل بیت-امام سیوطی مترجم,,6,2,"13801,13911"
فضل الحج وعشر ذي الحجة,,10,2,"83278,86576"
فضل الكلمات الأربع,,10,2,"22546,29259"
فضل المدينة وآداب سكناها وزيارتها,,10,2,"71998,78284"
فضل علم السلف على الخلف لابن رجب الحنبلي,,10,2,"83260,98431"
فضل يوم عرفة,,10,2,"47658,91453"
فضیلت ومنقبت حسنین شریفین-مفتی عبد الصمد ساجد صاحب,,6,2,"13802,13912"
فطوبى للغرباء,,10,2,"18172,44064"
فقه الإجراءات والمرافعات - عبد الله عزام,,10,2,"29339,40700"
فقه التمكين عند دولة المرابطين,,10,2,"39766,78269"
فقه الحج والعمرة,,10,2,"57423,101763"
فقه الخلاف وأثره في القضاء على الإرهاب,,10,2,"70336,87324"
فقه العبادات - حنفي,,10,2,"38577,44066"
فقه اللغة للثعالبي,,10,2,"97335,104604"
فقه المعاملات المصرفية,,10,2,"34557,100074"
فقه المعاملات المصرفية - part 1,,10,2,"39544,49464"
فقه المعاملات المصرفية - part 2,,10,2,"39545,49465"
فقه المعاملات المصرفية - part 3,,10,2,"39546,49466"
فقه المعاملات المصرفية - part 4,,10,2,"39547,49467"
فقه المعاملات المصرفية - part 5,,10,2,"39548,49468"
فقه النصيحة لمحمد أبو صعيليك,,10,2,"50091,60110"
فقه النوازل في العبادات,,10,2,"49348,59323"
فقه الواقع,,10,2,"59290,81209"
فقه الواقع ضوابط وأصول,,10,2,"71053,90179"
فلسفہ معراج رسولﷺ ۔شمس الحق افغانی,,6,2,"14552,15263"
فن التأليف للخطبة وللكتاب وللمادة التدريبية,,10,2,"33619,94868"
فن التأمل لهاورن يحيى,,10,2,"89566,97536"
فن التعامل مع الناس,,10,2,"19979,40083"
فهارس رجال تفسير الإمام الطبري,,10,2,"74932,104735"
فوائد ابن ماسي,,10,2,"30998,88632"
فوائد من حديث,,10,2,"75106,80194"
في الأقتصاد الإسلامي المرتكزات,,10,2,"18173,29741"
في التاريخ فكرة ومنهاج,,10,2,"60434,87329"
في السلوك الإسلامي القويم للشوكاني,,10,2,"50231,94870"
في بطن الحوت,,10,2,"39938,99406"
في بيتنا مشكلة,,10,2,"37598,105189"
في ظلال القرآن - part 1,,10,2,"95691,102732"
في ظلال القرآن - part 2,,10,2,"95692,102733"
في ظلال القرآن - part 3,,10,2,"95693,102734"
في ظلال القرآن - part 4,,10,2,"95694,102735"
في ظلال القرآن - part 5,,10,2,"95695,102736"
في ظلال سيد قطب,,10,2,"60705,91588"
في موكب الدعوة,,10,2,"54396,65323"
فيض البارى شرح صحيح البخارى - part 1,,10,2,"39287,49114"
فيض البارى شرح صحيح البخارى - part 2,,10,2,"39288,49115"
فيض البارى شرح صحيح البخارى - part 3,,10,2,"39289,49116"
فيض البارى شرح صحيح البخارى - part 4,,10,2,"39290,49117"
فيض البارى شرح صحيح البخارى - part 5,,10,2,"39291,49118"
فيض البارى شرح صحيح البخارى - part 6,,10,2,"39292,49119"
فہم نکاح کورس-ربیع الثانی،جمادی الاولی،یکجا فائلیں,,6,2,"15095,15114"
قائمة بأسماء الكتب المطبوعة والمخطوطة عن المدينة المنورة,,10,2,"21757,71538"
قادة الغرب يقولون دمروا الإسلام أبيدوا أهله للأستاذ جلال العالم,,10,2,"16743,50192"
قادیانیوں کو غیر مسلم اقلیت قرار دینے ک سرکاری ترمیمی بل,,6,2,"14216,15768"
قاعدة اهل السنة في معاملة الامة,,10,2,"47512,103491"
قاعدة حسنة في الباقيات الصالحات,,10,2,"68239,105775"
قبائلی عصبیت میں قتل ہونے والوں کا غسل کفن دفن جنازہ کا حکم؟دراالعلوم کراچی,,6,2,"14725,15133"
قبسات من الرسول صلى الله عليه وسلم,,10,2,"39741,70954"
قبولیت دعا کے آداب اسباب اوقات اور مقامات-مولانا محمد نعمان,,6,2,"13622,14265"
قتل اور خودکشی جہنم کے راستے-شیخ احمد بن حجر,,6,2,"15137,15156"
قتل ناحق سے اجتناب- مفتی سلمان منصور پوری,,6,2,"15146,15158"
قتل وغارت کی ممانعت- پروفیسر صلاح الدین,,6,2,"15139,15160"
قراءات تاريخية,,10,2,"71270,102994"
قراءة راشدة لكتاب نهج البلاغة,,10,2,"16744,81449"
قراءة فى فكر علماء الإستراتيجية,,10,2,"98512,102387"
قراءة في بردة البوصيري وشعره,,10,2,"33633,54213"
قراءة في فكر علماء الاستراتيجية,,10,2,"81651,89567"
قرغیزستان_میں_تیار_کردہ_مخصوص_موزوں_وضوء_سوکس_پر_مسح_کا_حکم__(مصدقہ_حضرت_شیخ,,6,2,"15212,15342"
قصة غدير خم .. دراسة نقدية تحليلية,,10,2,"16745,84844"
قصة موسى والخضر - part 1,,10,2,"20084,48440"
قصة موسى والخضر - part 2,,10,2,"20085,48441"
قصر الأمل,,10,2,"41041,46509"
قصص ومعانى,,10,2,"37604,75118"
قضاء الحوائج,,10,2,"57161,82755"
قضايا المرأة,,10,2,"22019,40763"
قطف الأزهار من آداب الأسفار,,10,2,"74331,81137"
قطوف من الشمائل المحمدية,,10,2,"47518,60331"
قلائد الجمان في التعريف بقبائل عرب الزمان,,10,2,"39804,85979"
قنوت الوتر,,10,2,"80172,94883"
قواطع الأدلة في الأصول - part 1,,10,2,"49470,74280"
قواطع الأدلة في الأصول - part 2,,10,2,"49471,74281"
قواعد إحصاء أسماء الله الحسنى,,10,2,"70406,102390"
قواعد الأصول ومعاقد الفصول,,10,2,"54677,92912"
قواعد في الحكم على الآخرين,,10,2,"50093,64354"
قواعد واصول في المقلدين والجهال في الشرك الاكبر والبدع,,10,2,"75121,80195"
قيادة,,10,2,"60706,75122"
قيادة المرأة للسيارة بين الحق والباطل,,10,2,"27843,71886"
قيام رمضان,,10,2,"73554,80602"
قیام پاکستان میں علماء دیوبند کا کردار مفتی عبدالصمد ساجد ماہنامہ الصیانہ لاہور اگست 2021ء,,6,2,"13939,15599"
قیام پاکستان کا مقصد ، ماہنامہ بینات، ذوالحجہ 1429ھ,,6,2,"13940,15600"
كاميرا الجوال .. تحقيقات - رسائل - فتاوى - قصص,,10,2,"44090,71439"
كتاب أخصر المختصرات,,10,2,"17103,89568"
كتاب إشارات على الطريق,,10,2,"33652,89735"
كتاب اقتضاء العلم العمل للخطيب البغدادي,,10,2,"30773,39708"
كتاب الأنوار الكاشفة,,10,2,"17135,88422"
كتاب الأوسط في السنن والإجماع والاختلاف,,10,2,"17367,50094"
كتاب الإيمان لابن سلام,,10,2,"48917,88668"
كتاب الإيمان للعدني,,10,2,"59346,88591"
كتاب التمييز للإمام مسلم,,10,2,"49550,94888"
كتاب الجمع والتجريد في شرح كتاب التوحيد,,10,2,"31886,69951"
كتاب الحج من المغني,,10,2,"20261,47213"
كتاب الحدود والسلطان,,10,2,"54242,93554"
كتاب الحوار لمنقذ السقار,,10,2,"40824,89569"
كتاب الدعاء للطبراني - part 1,,10,2,"17205,70955"
كتاب الدعاء للطبراني - part 2,,10,2,"17206,70956"
كتاب الدليل إلى المتون العلمية,,10,2,"40807,71896"
كتاب السكينة أيها الناس,,10,2,"27836,58073"
كتاب الصيام,,10,2,"44097,102667"
كتاب الصيام و كتاب الاعتكاف,,10,2,"95316,96220"
كتاب الضعفاء للأصبهاني,,10,2,"19384,60301"
كتاب العقيدة للإمام أحمد بن حنبل,,10,2,"70408,75132"
كتاب العلم للعثيمين,,10,2,"91379,102397"
كتاب العين - part 1,,10,2,"78434,97336"
كتاب العين - part 2,,10,2,"78435,97337"
كتاب العين - part 3,,10,2,"78436,97338"
كتاب العين - part 4,,10,2,"78437,97339"
كتاب العين - part 5,,10,2,"78438,97340"
كتاب العين - part 6,,10,2,"78439,97341"
كتاب العين - part 7,,10,2,"78440,97342"
كتاب العين - part 8,,10,2,"78441,97343"
كتاب الفرص والوسائل,,10,2,"27847,74923"
كتاب الفرق,,10,2,"71845,104605"
كتاب القناعة لابن السني,,10,2,"47525,89159"
كتاب المؤاكلة لأبو البركات الغزني,,10,2,"58074,96944"
كتاب المهتدين إلى مذهب أهل السنة والجماعة,,10,2,"53479,96026"
كتاب جمع القران,,10,2,"38459,58628"
كتاب جمل الغرائب للنيسابوري,,10,2,"37613,71117"
كتاب طرائق التدريس,,10,2,"82547,102399"
كتاب كشف الغمة عن علماء الأمة للشيخ سفر الحوالي,,10,2,"81654,83714"
كتاب لا تقتلوا النفس التي حرم الله إلا بالحق,,10,2,"81731,89570"
كتاب مراتب الإجماع لابن حزم,,10,2,"31877,96919"
كتابة القرآن الكريم في العهد المكي,,10,2,"22837,95649"
كتب عن اللغة وعلومها من صرف ونحو وبلاغة,,10,2,"65494,81711"
كتب غريب القرآن,,10,2,"22838,28405"
كتب ودراسات في بيان عقائد الشيعة الإمامية,,10,2,"44108,97571"
كتب ورسائل سعيد فودة في ميزان النقد العلمي,,10,2,"54255,97554"
كتيب ..التربية الإسلامية ..المصطلح والمفهوم .,,10,2,"39591,50232"
كتيب مهمات حول الجهاد,,10,2,"94929,97590"
كرامات المجاهدين في ساحة الجهاد,,10,2,"49381,104800"
كسر الصنم - part 1,,10,2,"69953,102381"
كسر الصنم - part 2,,10,2,"69954,102382"
كشف أسرار الباطنية وأخبار القرامطة,,10,2,"72625,105126"
كشف الإلتباس عن كثير من مسائل الحيض والنفاس,,10,2,"42202,47529"
كشف الستارة عن صلاة الإستخارة,,10,2,"80173,82383"
كشف الشبهات,,10,2,"59352,96027"
كشف الكربة في وصف أهل الغربة,,10,2,"68620,70957"
كشف المعانى فى المتشابه من المثانى,,10,2,"31850,53293"
كشف الوجه بين المبيحين والمانعين,,10,2,"39943,88487"
كشف شبهات حسن المالكي,,10,2,"50095,75144"
كفاية المستزيد بشرح كتاب التوحيد للشيخ صالح - part 1,,10,2,"69086,92181"
كفاية المستزيد بشرح كتاب التوحيد للشيخ صالح - part 2,,10,2,"69087,92182"
كفى بالموت واعظا,,10,2,"37617,44112"
كل الحروق قابلة للشفاء,,10,2,"47530,54259"
كلام السالفين الصالحين فيما يكون عليه المعتكفين,,10,2,"71472,96221"
كلمات السداد على متن الزاد,,10,2,"34143,39041"
كلنا دعاة,,10,2,"28107,65072"
كليلة ودمنة,,10,2,"36448,89571"
كن مستجاب الدعوة,,10,2,"33689,97555"
كن نافعا أين ما كنت,,10,2,"28109,44117"
كنت نصرانيا,,10,2,"72487,79057"
كنز العمال - part 1,,10,2,"20711,80243"
كنز العمال - part 10,,10,2,"20720,80252"
كنز العمال - part 11,,10,2,"20721,80253"
كنز العمال - part 12,,10,2,"20722,80254"
كنز العمال - part 13,,10,2,"20723,80255"
كنز العمال - part 14,,10,2,"20724,80256"
كنز العمال - part 15,,10,2,"20725,80257"
كنز العمال - part 16,,10,2,"20726,80258"
كنز العمال - part 2,,10,2,"20712,80244"
كنز العمال - part 3,,10,2,"20713,80245"
كنز العمال - part 4,,10,2,"20714,80246"
كنز العمال - part 5,,10,2,"20715,80247"
كنز العمال - part 6,,10,2,"20716,80248"
كنز العمال - part 7,,10,2,"20717,80249"
كنز العمال - part 8,,10,2,"20718,80250"
كنز العمال - part 9,,10,2,"20719,80251"
كنوز السنة النبوية,,10,2,"87534,96426"
كنوز في الرقية والطب النبوي,,10,2,"27017,94934"
كي لا يستمر الهوان(جاهزلصيد الفوائد),,10,2,"29742,47534"
كيف تربي ولدك,,10,2,"79059,89736"
كيف تصلي وتخشع,,10,2,"25048,39592"
كيف تنجو من كرب الصراط,,10,2,"49391,77284"
كيف ربى النبي اصحابه,,10,2,"81315,97710"
كيف ندعو الناس,,10,2,"44122,94938"
كيف نستفيد من الكتب الحديثية الستة,,10,2,"90229,103427"
كيف يؤدي الموظف الأمانة,,10,2,"83261,98481"
كيف يجب علينا أن نفسر القرآن الكريم,,10,2,"59176,96465"
كيفية دراسة الفقه لصالح آل الشيخ,,10,2,"17451,71056"
لؤلؤة البحرين في حكم صوم السبتين,,10,2,"90060,103469"
لا تخافوهم,,10,2,"22855,69152"
لباس المرأة أمام النساء,,10,2,"19227,54276"
لزوم التزام المسلم بأحكام الشريعة الإسلامية,,10,2,"22857,105368"
لسان الحكام في معرفة الأحكام,,10,2,"29230,33699"
لسان الميزان - part 1,,10,2,"81657,101426"
لسان الميزان - part 2,,10,2,"81658,101427"
لسان الميزان - part 3,,10,2,"81659,101428"
لسان الميزان - part 4,,10,2,"81660,101429"
لسان الميزان - part 5,,10,2,"81661,101430"
لسان الميزان - part 6,,10,2,"81662,101431"
لسان الميزان - part 7,,10,2,"81663,101432"
لطائف المعارف,,10,2,"45634,89572"
لغات القبائل الواردة في القرآن الكريم,,10,2,"70091,88010"
لقاء الدكتور غانم قدوري الحمد مع شبكة التفسير,,10,2,"53162,95650"
لقطة العجلان مما تمس إلى معرفته حاجة الإنسان,,10,2,"29505,29699"
لكي لا يتناثر العقد !!,,10,2,"61584,69155"
للصغار فقط في رمضان,,10,2,"99069,102669"
لله ثم للتاريخ[ كشف الأسرار وتبرئة الأئمة الأطهار],,10,2,"28655,40677"
لماذا حرمت الشريعة الإسلامية الربا,,10,2,"44310,101302"
لمحة عن الفرق الضالة,,10,2,"61487,99361"
لمحة عن حياة الإمام ابن تيمية,,10,2,"20248,69158"
لمعة الاعتقاد الهادي إلى سبيل الرشاد,,10,2,"48919,79072"
ليس عليك وحشة,,10,2,"32484,69160"
لیلۃ الجائزۃ … چاند رات-گھمن صاحب,,6,2,"14885,14915"
مؤسسات الطوافة في الفقه الإسلامي,,10,2,"41427,75168"
مئة فائدة حديثية من كتاب التنكيل للمعلمي اليماني,,10,2,"30819,48831"
ما الهم الذي تحمله,,10,2,"47551,75348"
ما جاء فى التوراة عن رسول الله صلى الله عليه وسلم,,10,2,"28658,54299"
ما هكذا تورد الإبل يا دكتور,,10,2,"44137,102438"
ما وقع في القرآن بغير لغة العرب,,10,2,"41403,96087"
ماتم عبادت یا شرارت مولانا عبدالغفور ندیم شہید,,6,2,"13808,13870"
ماتم ونوحہ شریعت کی نظر میں-مولانا کلیم اللہ قاسمی,,6,2,"13809,13871"
ماذا بعد الحج,,10,2,"51813,58421"
ماذا تفعل ليلة البناء,,10,2,"29264,37657"
ماذا تنقمون من عمرو خالد,,10,2,"33711,47554"
ماذا نريد من شباب الصحوة,,10,2,"53339,81770"
مال تجارت اور کرنسی کی زکاۃ کا معیار۔ مفتی محمد رضوان صاحب,,6,2,"14397,14423"
ماہ رمضآن اور قرآن کا تعلق-مولانا مشتاق عباسی,,6,2,"13660,14201"
ماہ محرم   ماہ محترم۔  عبد الکریم ندیم,,6,2,"13369,13828"
ماہ محرم اور ذکر شہادت-مفتی سلمان منصورپوری صاحب,,6,2,"13829,14577"
ماہ محرم کی اہمیت وعظمت-مولانا اسرار الحق قاسمی,,6,2,"13371,13831"
ماہ محرم کے فضائل ومسائل-مفتی خالد محمود طاہر,,6,2,"13373,13832"
ماہنامہ الفاروق محرم الحرام 1437ھ,جامعہ فاروقیہ کراچی پاکستان,1,2,"1058,1071"
ماہنامہ دار العلوم دیوبندرجب 1429 ھ مطابق جولائی 2008ء,دار العلوم دیوبند الہند,1,2,"2080,2081"
ماہِ محرم۔فضائل۔احکام۔منکرات-مفتی مبین الرحمن,,6,2,"13374,13833"
مباحث في الحديث المسلسل - part 1,,10,2,"29422,59295"
مباحث في الحديث المسلسل - part 2,,10,2,"29423,59296"
مباحث في الحديث المسلسل - part 3,,10,2,"29424,59297"
مباحث في الحديث المسلسل - part 4,,10,2,"29425,59298"
مباحث في الحديث المسلسل - part 5,,10,2,"29426,59299"
مباحث في الحديث المسلسل - part 6,,10,2,"29427,59300"
مباحث في الحديث المسلسل - part 7,,10,2,"29428,59301"
مباحث في الحديث المسلسل - part 8,,10,2,"29429,59302"
مباحث في تحرير اصطلاح الحديث المرسل وحجيته عند السادة المحدثين,,10,2,"39713,65224"
مبادیات بخاری-مولانا ادریس ہوشیار پوری-عنایۃ الباری سے ماخوذ,,6,2,"14306,14644"
مباهج الزواج في ضوء البيان القرآني,,10,2,"19228,93274"
مبحث الاجتهاد والخلاف,,10,2,"74304,97016"
متن أبي شجاع,,10,2,"49202,85529"
متن الأربعين النووية,,10,2,"17207,72561"
متن الرسالة في الفقه المالكي,,10,2,"44143,70805"
متن الزبد,,10,2,"20707,54304"
مثال لاختلاف الضعيف مع الثقات,,10,2,"22874,60303"
مجالس شهر رمضان لمحمد العثيمين,,10,2,"79577,106039"
مجدد ملةعمرو بن لحي وداعيةالشرك في هذا الزمان,,10,2,"17141,58214"
مجلة البحوث الإسلامية - part 1,,10,2,"23482,62245"
مجلة البحوث الإسلامية - part 10,,10,2,"23491,62254"
مجلة البحوث الإسلامية - part 11,,10,2,"23492,62255"
مجلة البحوث الإسلامية - part 12,,10,2,"23493,62256"
مجلة البحوث الإسلامية - part 13,,10,2,"23494,62257"
مجلة البحوث الإسلامية - part 14,,10,2,"23495,62258"
مجلة البحوث الإسلامية - part 15,,10,2,"23496,62259"
مجلة البحوث الإسلامية - part 16,,10,2,"23497,62260"
مجلة البحوث الإسلامية - part 17,,10,2,"23498,62261"
مجلة البحوث الإسلامية - part 18,,10,2,"23499,62262"
مجلة البحوث الإسلامية - part 19,,10,2,"23500,62263"
مجلة البحوث الإسلامية - part 2,,10,2,"23483,62246"
مجلة البحوث الإسلامية - part 20,,10,2,"23501,62264"
مجلة البحوث الإسلامية - part 21,,10,2,"23502,62265"
مجلة البحوث الإسلامية - part 22,,10,2,"23503,62266"
مجلة البحوث الإسلامية - part 23,,10,2,"23504,62267"
مجلة البحوث الإسلامية - part 24,,10,2,"23505,62268"
مجلة البحوث الإسلامية - part 25,,10,2,"23506,62269"
مجلة البحوث الإسلامية - part 26,,10,2,"23507,62270"
مجلة البحوث الإسلامية - part 27,,10,2,"23508,62271"
مجلة البحوث الإسلامية - part 28,,10,2,"23509,62272"
مجلة البحوث الإسلامية - part 29,,10,2,"23510,62273"
مجلة البحوث الإسلامية - part 3,,10,2,"23484,62247"
مجلة البحوث الإسلامية - part 30,,10,2,"23511,62274"
مجلة البحوث الإسلامية - part 31,,10,2,"23512,62275"
مجلة البحوث الإسلامية - part 32,,10,2,"23513,62276"
مجلة البحوث الإسلامية - part 33,,10,2,"23514,62277"
مجلة البحوث الإسلامية - part 34,,10,2,"23515,62278"
مجلة البحوث الإسلامية - part 35,,10,2,"23516,62279"
مجلة البحوث الإسلامية - part 36,,10,2,"23517,62280"
مجلة البحوث الإسلامية - part 37,,10,2,"23518,62281"
مجلة البحوث الإسلامية - part 38,,10,2,"23519,62282"
مجلة البحوث الإسلامية - part 39,,10,2,"23520,62283"
مجلة البحوث الإسلامية - part 4,,10,2,"23485,62248"
مجلة البحوث الإسلامية - part 40,,10,2,"23521,62284"
مجلة البحوث الإسلامية - part 41,,10,2,"23522,62285"
مجلة البحوث الإسلامية - part 42,,10,2,"23523,62286"
مجلة البحوث الإسلامية - part 43,,10,2,"23524,62287"
مجلة البحوث الإسلامية - part 44,,10,2,"23525,62288"
مجلة البحوث الإسلامية - part 45,,10,2,"23526,62289"
مجلة البحوث الإسلامية - part 46,,10,2,"23527,62290"
مجلة البحوث الإسلامية - part 47,,10,2,"23528,62291"
مجلة البحوث الإسلامية - part 48,,10,2,"23529,62292"
مجلة البحوث الإسلامية - part 49,,10,2,"23530,62293"
مجلة البحوث الإسلامية - part 5,,10,2,"23486,62249"
مجلة البحوث الإسلامية - part 50,,10,2,"23531,62294"
مجلة البحوث الإسلامية - part 51,,10,2,"23532,62295"
مجلة البحوث الإسلامية - part 52,,10,2,"23533,62296"
مجلة البحوث الإسلامية - part 53,,10,2,"23534,62297"
مجلة البحوث الإسلامية - part 54,,10,2,"23535,62298"
مجلة البحوث الإسلامية - part 55,,10,2,"23536,62299"
مجلة البحوث الإسلامية - part 56,,10,2,"23537,62300"
مجلة البحوث الإسلامية - part 57,,10,2,"23538,62301"
مجلة البحوث الإسلامية - part 6,,10,2,"23487,62250"
مجلة البحوث الإسلامية - part 7,,10,2,"23488,62251"
مجلة البحوث الإسلامية - part 8,,10,2,"23489,62252"
مجلة البحوث الإسلامية - part 9,,10,2,"23490,62253"
مجلة المرأة المسلمة,,10,2,"51115,51309"
مجلة المنار - part 1,,10,2,"68627,91299"
مجلة المنار - part 10,,10,2,"68636,91308"
مجلة المنار - part 11,,10,2,"68637,91309"
مجلة المنار - part 12,,10,2,"68638,91310"
مجلة المنار - part 13,,10,2,"68639,91311"
مجلة المنار - part 14,,10,2,"68640,91312"
مجلة المنار - part 15,,10,2,"68641,91313"
مجلة المنار - part 16,,10,2,"68642,91314"
مجلة المنار - part 17,,10,2,"68643,91315"
مجلة المنار - part 18,,10,2,"68644,91316"
مجلة المنار - part 19,,10,2,"68645,91317"
مجلة المنار - part 2,,10,2,"68628,91300"
مجلة المنار - part 20,,10,2,"68646,91318"
مجلة المنار - part 21,,10,2,"68647,91319"
مجلة المنار - part 22,,10,2,"68648,91320"
مجلة المنار - part 23,,10,2,"68649,91321"
مجلة المنار - part 24,,10,2,"68650,91322"
مجلة المنار - part 25,,10,2,"68651,91323"
مجلة المنار - part 26,,10,2,"68652,91324"
مجلة المنار - part 27,,10,2,"68653,91325"
مجلة المنار - part 28,,10,2,"68654,91326"
مجلة المنار - part 29,,10,2,"68655,91327"
مجلة المنار - part 3,,10,2,"68629,91301"
مجلة المنار - part 30,,10,2,"68656,91328"
مجلة المنار - part 31,,10,2,"68657,91329"
مجلة المنار - part 32,,10,2,"68658,91330"
مجلة المنار - part 33,,10,2,"68659,91331"
مجلة المنار - part 34,,10,2,"68660,91332"
مجلة المنار - part 35,,10,2,"68661,91333"
مجلة المنار - part 4,,10,2,"68630,91302"
مجلة المنار - part 5,,10,2,"68631,91303"
مجلة المنار - part 6,,10,2,"68632,91304"
مجلة المنار - part 7,,10,2,"68633,91305"
مجلة المنار - part 8,,10,2,"68634,91306"
مجلة المنار - part 9,,10,2,"68635,91307"
مجلس من أمالي أبي نعيم الأصبهاني,,10,2,"20249,29577"
مجمع الضمانات - part 3,,10,2,"29138,63061"
مجمع الضمانات - part 4,,10,2,"29139,63062"
مجمع الضمانات - part 5,,10,2,"29140,63063"
مجمع الضمانات - part 6,,10,2,"29141,63064"
مجمع الضمانات - part 7,,10,2,"29142,63065"
مجمع الضمانات - part 8,,10,2,"29143,63066"
مجموع فتاوى ابن باز - part 1,,10,2,"62927,85690"
مجموع فتاوى ابن باز - part 10,,10,2,"62936,85699"
مجموع فتاوى ابن باز - part 11,,10,2,"62937,85700"
مجموع فتاوى ابن باز - part 12,,10,2,"62938,85701"
مجموع فتاوى ابن باز - part 13,,10,2,"62939,85702"
مجموع فتاوى ابن باز - part 14,,10,2,"62940,85703"
مجموع فتاوى ابن باز - part 15,,10,2,"62941,85704"
مجموع فتاوى ابن باز - part 16,,10,2,"62942,85705"
مجموع فتاوى ابن باز - part 17,,10,2,"62943,85706"
مجموع فتاوى ابن باز - part 18,,10,2,"62944,85707"
مجموع فتاوى ابن باز - part 19,,10,2,"62945,85708"
مجموع فتاوى ابن باز - part 2,,10,2,"62928,85691"
مجموع فتاوى ابن باز - part 20,,10,2,"62946,85709"
مجموع فتاوى ابن باز - part 21,,10,2,"62947,85710"
مجموع فتاوى ابن باز - part 22,,10,2,"62948,85711"
مجموع فتاوى ابن باز - part 23,,10,2,"62949,85712"
مجموع فتاوى ابن باز - part 3,,10,2,"62929,85692"
مجموع فتاوى ابن باز - part 4,,10,2,"62930,85693"
مجموع فتاوى ابن باز - part 5,,10,2,"62931,85694"
مجموع فتاوى ابن باز - part 6,,10,2,"62932,85695"
مجموع فتاوى ابن باز - part 7,,10,2,"62933,85696"
مجموع فتاوى ابن باز - part 8,,10,2,"62934,85697"
مجموع فتاوى ابن باز - part 9,,10,2,"62935,85698"
مجموع فتاوى ابن تيمية - part 1,,10,2,"18185,73004"
مجموع فتاوى ابن تيمية - part 2,,10,2,"18186,73005"
مجموع فتاوى ابن تيمية - part 3,,10,2,"18187,73006"
مجموع فتاوى ابن تيمية - part 4,,10,2,"18188,73007"
مجموع فتاوى ابن تيمية - part 5,,10,2,"18189,73008"
مجموع فتاوى ابن تيمية - part 6,,10,2,"18190,73009"
مجموع فتاوى ابن تيمية - part 7,,10,2,"18191,73010"
مجموع فتاوى ابن تيمية - part 8,,10,2,"18192,73011"
مجموع فتاوى ابن تيمية - part 9,,10,2,"18193,73012"
مجموع فتاوى الأداب,,10,2,"31903,83421"
مجموع فيه مصنفات أبي جعفر ابن البختري,,10,2,"72262,80313"
مجموع مؤلفات عقائد الرافضة والرد عليها - part 1,,10,2,"62677,105818"
مجموع مؤلفات عقائد الرافضة والرد عليها - part 10,,10,2,"62686,105827"
مجموع مؤلفات عقائد الرافضة والرد عليها - part 100,,10,2,"62776,105917"
مجموع مؤلفات عقائد الرافضة والرد عليها - part 101,,10,2,"62777,105918"
مجموع مؤلفات عقائد الرافضة والرد عليها - part 102,,10,2,"62778,105919"
مجموع مؤلفات عقائد الرافضة والرد عليها - part 103,,10,2,"62779,105920"
مجموع مؤلفات عقائد الرافضة والرد عليها - part 104,,10,2,"62780,105921"
مجموع مؤلفات عقائد الرافضة والرد عليها - part 105,,10,2,"62781,105922"
مجموع مؤلفات عقائد الرافضة والرد عليها - part 106,,10,2,"62782,105923"
مجموع مؤلفات عقائد الرافضة والرد عليها - part 107,,10,2,"62783,105924"
مجموع مؤلفات عقائد الرافضة والرد عليها - part 108,,10,2,"62784,105925"
مجموع مؤلفات عقائد الرافضة والرد عليها - part 109,,10,2,"62785,105926"
مجموع مؤلفات عقائد الرافضة والرد عليها - part 11,,10,2,"62687,105828"
مجموع مؤلفات عقائد الرافضة والرد عليها - part 110,,10,2,"62786,105927"
مجموع مؤلفات عقائد الرافضة والرد عليها - part 111,,10,2,"62787,105928"
مجموع مؤلفات عقائد الرافضة والرد عليها - part 112,,10,2,"62788,105929"
مجموع مؤلفات عقائد الرافضة والرد عليها - part 113,,10,2,"62789,105930"
مجموع مؤلفات عقائد الرافضة والرد عليها - part 114,,10,2,"62790,105931"
مجموع مؤلفات عقائد الرافضة والرد عليها - part 115,,10,2,"62791,105932"
مجموع مؤلفات عقائد الرافضة والرد عليها - part 116,,10,2,"62792,105933"
مجموع مؤلفات عقائد الرافضة والرد عليها - part 117,,10,2,"62793,105934"
مجموع مؤلفات عقائد الرافضة والرد عليها - part 118,,10,2,"62794,105935"
مجموع مؤلفات عقائد الرافضة والرد عليها - part 119,,10,2,"62795,105936"
مجموع مؤلفات عقائد الرافضة والرد عليها - part 12,,10,2,"62688,105829"
مجموع مؤلفات عقائد الرافضة والرد عليها - part 120,,10,2,"62796,105937"
مجموع مؤلفات عقائد الرافضة والرد عليها - part 121,,10,2,"62797,105938"
مجموع مؤلفات عقائد الرافضة والرد عليها - part 122,,10,2,"62798,105939"
مجموع مؤلفات عقائد الرافضة والرد عليها - part 123,,10,2,"62799,105940"
مجموع مؤلفات عقائد الرافضة والرد عليها - part 124,,10,2,"62800,105941"
مجموع مؤلفات عقائد الرافضة والرد عليها - part 125,,10,2,"62801,105942"
مجموع مؤلفات عقائد الرافضة والرد عليها - part 126,,10,2,"62802,105943"
مجموع مؤلفات عقائد الرافضة والرد عليها - part 127,,10,2,"62803,105944"
مجموع مؤلفات عقائد الرافضة والرد عليها - part 128,,10,2,"62804,105945"
مجموع مؤلفات عقائد الرافضة والرد عليها - part 129,,10,2,"62805,105946"
مجموع مؤلفات عقائد الرافضة والرد عليها - part 13,,10,2,"62689,105830"
مجموع مؤلفات عقائد الرافضة والرد عليها - part 130,,10,2,"62806,105947"
مجموع مؤلفات عقائد الرافضة والرد عليها - part 131,,10,2,"62807,105948"
مجموع مؤلفات عقائد الرافضة والرد عليها - part 132,,10,2,"62808,105949"
مجموع مؤلفات عقائد الرافضة والرد عليها - part 133,,10,2,"62809,105950"
مجموع مؤلفات عقائد الرافضة والرد عليها - part 134,,10,2,"62810,105951"
مجموع مؤلفات عقائد الرافضة والرد عليها - part 135,,10,2,"62811,105952"
مجموع مؤلفات عقائد الرافضة والرد عليها - part 136,,10,2,"62812,105953"
مجموع مؤلفات عقائد الرافضة والرد عليها - part 137,,10,2,"62813,105954"
مجموع مؤلفات عقائد الرافضة والرد عليها - part 138,,10,2,"62814,105955"
مجموع مؤلفات عقائد الرافضة والرد عليها - part 139,,10,2,"62815,105956"
مجموع مؤلفات عقائد الرافضة والرد عليها - part 14,,10,2,"62690,105831"
مجموع مؤلفات عقائد الرافضة والرد عليها - part 140,,10,2,"62816,105957"
مجموع مؤلفات عقائد الرافضة والرد عليها - part 141,,10,2,"62817,105958"
مجموع مؤلفات عقائد الرافضة والرد عليها - part 142,,10,2,"62818,105959"
مجموع مؤلفات عقائد الرافضة والرد عليها - part 143,,10,2,"62819,105960"
مجموع مؤلفات عقائد الرافضة والرد عليها - part 144,,10,2,"62820,105961"
مجموع مؤلفات عقائد الرافضة والرد عليها - part 145,,10,2,"62821,105962"
مجموع مؤلفات عقائد الرافضة والرد عليها - part 146,,10,2,"62822,105963"
مجموع مؤلفات عقائد الرافضة والرد عليها - part 147,,10,2,"62823,105964"
مجموع مؤلفات عقائد الرافضة والرد عليها - part 148,,10,2,"62824,105965"
مجموع مؤلفات عقائد الرافضة والرد عليها - part 149,,10,2,"62825,105966"
مجموع مؤلفات عقائد الرافضة والرد عليها - part 15,,10,2,"62691,105832"
مجموع مؤلفات عقائد الرافضة والرد عليها - part 150,,10,2,"62826,105967"
مجموع مؤلفات عقائد الرافضة والرد عليها - part 151,,10,2,"62827,105968"
مجموع مؤلفات عقائد الرافضة والرد عليها - part 152,,10,2,"62828,105969"
مجموع مؤلفات عقائد الرافضة والرد عليها - part 153,,10,2,"62829,105970"
مجموع مؤلفات عقائد الرافضة والرد عليها - part 154,,10,2,"62830,105971"
مجموع مؤلفات عقائد الرافضة والرد عليها - part 155,,10,2,"62831,105972"
مجموع مؤلفات عقائد الرافضة والرد عليها - part 156,,10,2,"62832,105973"
مجموع مؤلفات عقائد الرافضة والرد عليها - part 157,,10,2,"62833,105974"
مجموع مؤلفات عقائد الرافضة والرد عليها - part 158,,10,2,"62834,105975"
مجموع مؤلفات عقائد الرافضة والرد عليها - part 159,,10,2,"62835,105976"
مجموع مؤلفات عقائد الرافضة والرد عليها - part 16,,10,2,"62692,105833"
مجموع مؤلفات عقائد الرافضة والرد عليها - part 160,,10,2,"62836,105977"
مجموع مؤلفات عقائد الرافضة والرد عليها - part 161,,10,2,"62837,105978"
مجموع مؤلفات عقائد الرافضة والرد عليها - part 162,,10,2,"62838,105979"
مجموع مؤلفات عقائد الرافضة والرد عليها - part 163,,10,2,"62839,105980"
مجموع مؤلفات عقائد الرافضة والرد عليها - part 164,,10,2,"62840,105981"
مجموع مؤلفات عقائد الرافضة والرد عليها - part 165,,10,2,"62841,105982"
مجموع مؤلفات عقائد الرافضة والرد عليها - part 166,,10,2,"62842,105983"
مجموع مؤلفات عقائد الرافضة والرد عليها - part 167,,10,2,"62843,105984"
مجموع مؤلفات عقائد الرافضة والرد عليها - part 168,,10,2,"62844,105985"
مجموع مؤلفات عقائد الرافضة والرد عليها - part 169,,10,2,"62845,105986"
مجموع مؤلفات عقائد الرافضة والرد عليها - part 17,,10,2,"62693,105834"
مجموع مؤلفات عقائد الرافضة والرد عليها - part 170,,10,2,"62846,105987"
مجموع مؤلفات عقائد الرافضة والرد عليها - part 171,,10,2,"62847,105988"
مجموع مؤلفات عقائد الرافضة والرد عليها - part 172,,10,2,"62848,105989"
مجموع مؤلفات عقائد الرافضة والرد عليها - part 173,,10,2,"62849,105990"
مجموع مؤلفات عقائد الرافضة والرد عليها - part 174,,10,2,"62850,105991"
مجموع مؤلفات عقائد الرافضة والرد عليها - part 175,,10,2,"62851,105992"
مجموع مؤلفات عقائد الرافضة والرد عليها - part 176,,10,2,"62852,105993"
مجموع مؤلفات عقائد الرافضة والرد عليها - part 177,,10,2,"62853,105994"
مجموع مؤلفات عقائد الرافضة والرد عليها - part 178,,10,2,"62854,105995"
مجموع مؤلفات عقائد الرافضة والرد عليها - part 179,,10,2,"62855,105996"
مجموع مؤلفات عقائد الرافضة والرد عليها - part 18,,10,2,"62694,105835"
مجموع مؤلفات عقائد الرافضة والرد عليها - part 180,,10,2,"62856,105997"
مجموع مؤلفات عقائد الرافضة والرد عليها - part 181,,10,2,"62857,105998"
مجموع مؤلفات عقائد الرافضة والرد عليها - part 182,,10,2,"62858,105999"
مجموع مؤلفات عقائد الرافضة والرد عليها - part 183,,10,2,"62859,106000"
مجموع مؤلفات عقائد الرافضة والرد عليها - part 184,,10,2,"62860,106001"
مجموع مؤلفات عقائد الرافضة والرد عليها - part 185,,10,2,"62861,106002"
مجموع مؤلفات عقائد الرافضة والرد عليها - part 186,,10,2,"62862,106003"
مجموع مؤلفات عقائد الرافضة والرد عليها - part 187,,10,2,"62863,106004"
مجموع مؤلفات عقائد الرافضة والرد عليها - part 188,,10,2,"62864,106005"
مجموع مؤلفات عقائد الرافضة والرد عليها - part 189,,10,2,"62865,106006"
مجموع مؤلفات عقائد الرافضة والرد عليها - part 19,,10,2,"62695,105836"
مجموع مؤلفات عقائد الرافضة والرد عليها - part 190,,10,2,"62866,106007"
مجموع مؤلفات عقائد الرافضة والرد عليها - part 191,,10,2,"62867,106008"
مجموع مؤلفات عقائد الرافضة والرد عليها - part 192,,10,2,"62868,106009"
مجموع مؤلفات عقائد الرافضة والرد عليها - part 193,,10,2,"62869,106010"
مجموع مؤلفات عقائد الرافضة والرد عليها - part 194,,10,2,"62870,106011"
مجموع مؤلفات عقائد الرافضة والرد عليها - part 195,,10,2,"62871,106012"
مجموع مؤلفات عقائد الرافضة والرد عليها - part 196,,10,2,"62872,106013"
مجموع مؤلفات عقائد الرافضة والرد عليها - part 197,,10,2,"62873,106014"
مجموع مؤلفات عقائد الرافضة والرد عليها - part 198,,10,2,"62874,106015"
مجموع مؤلفات عقائد الرافضة والرد عليها - part 199,,10,2,"62875,106016"
مجموع مؤلفات عقائد الرافضة والرد عليها - part 2,,10,2,"62678,105819"
مجموع مؤلفات عقائد الرافضة والرد عليها - part 20,,10,2,"62696,105837"
مجموع مؤلفات عقائد الرافضة والرد عليها - part 200,,10,2,"62876,106017"
مجموع مؤلفات عقائد الرافضة والرد عليها - part 201,,10,2,"62877,106018"
مجموع مؤلفات عقائد الرافضة والرد عليها - part 202,,10,2,"62878,106019"
مجموع مؤلفات عقائد الرافضة والرد عليها - part 203,,10,2,"62879,106020"
مجموع مؤلفات عقائد الرافضة والرد عليها - part 204,,10,2,"62880,106021"
مجموع مؤلفات عقائد الرافضة والرد عليها - part 21,,10,2,"62697,105838"
مجموع مؤلفات عقائد الرافضة والرد عليها - part 22,,10,2,"62698,105839"
مجموع مؤلفات عقائد الرافضة والرد عليها - part 23,,10,2,"62699,105840"
مجموع مؤلفات عقائد الرافضة والرد عليها - part 24,,10,2,"62700,105841"
مجموع مؤلفات عقائد الرافضة والرد عليها - part 25,,10,2,"62701,105842"
مجموع مؤلفات عقائد الرافضة والرد عليها - part 26,,10,2,"62702,105843"
مجموع مؤلفات عقائد الرافضة والرد عليها - part 27,,10,2,"62703,105844"
مجموع مؤلفات عقائد الرافضة والرد عليها - part 28,,10,2,"62704,105845"
مجموع مؤلفات عقائد الرافضة والرد عليها - part 29,,10,2,"62705,105846"
مجموع مؤلفات عقائد الرافضة والرد عليها - part 3,,10,2,"62679,105820"
مجموع مؤلفات عقائد الرافضة والرد عليها - part 30,,10,2,"62706,105847"
مجموع مؤلفات عقائد الرافضة والرد عليها - part 31,,10,2,"62707,105848"
مجموع مؤلفات عقائد الرافضة والرد عليها - part 32,,10,2,"62708,105849"
مجموع مؤلفات عقائد الرافضة والرد عليها - part 33,,10,2,"62709,105850"
مجموع مؤلفات عقائد الرافضة والرد عليها - part 34,,10,2,"62710,105851"
مجموع مؤلفات عقائد الرافضة والرد عليها - part 35,,10,2,"62711,105852"
مجموع مؤلفات عقائد الرافضة والرد عليها - part 36,,10,2,"62712,105853"
مجموع مؤلفات عقائد الرافضة والرد عليها - part 37,,10,2,"62713,105854"
مجموع مؤلفات عقائد الرافضة والرد عليها - part 38,,10,2,"62714,105855"
مجموع مؤلفات عقائد الرافضة والرد عليها - part 39,,10,2,"62715,105856"
مجموع مؤلفات عقائد الرافضة والرد عليها - part 4,,10,2,"62680,105821"
مجموع مؤلفات عقائد الرافضة والرد عليها - part 40,,10,2,"62716,105857"
مجموع مؤلفات عقائد الرافضة والرد عليها - part 41,,10,2,"62717,105858"
مجموع مؤلفات عقائد الرافضة والرد عليها - part 42,,10,2,"62718,105859"
مجموع مؤلفات عقائد الرافضة والرد عليها - part 43,,10,2,"62719,105860"
مجموع مؤلفات عقائد الرافضة والرد عليها - part 44,,10,2,"62720,105861"
مجموع مؤلفات عقائد الرافضة والرد عليها - part 45,,10,2,"62721,105862"
مجموع مؤلفات عقائد الرافضة والرد عليها - part 46,,10,2,"62722,105863"
مجموع مؤلفات عقائد الرافضة والرد عليها - part 47,,10,2,"62723,105864"
مجموع مؤلفات عقائد الرافضة والرد عليها - part 48,,10,2,"62724,105865"
مجموع مؤلفات عقائد الرافضة والرد عليها - part 49,,10,2,"62725,105866"
مجموع مؤلفات عقائد الرافضة والرد عليها - part 5,,10,2,"62681,105822"
مجموع مؤلفات عقائد الرافضة والرد عليها - part 50,,10,2,"62726,105867"
مجموع مؤلفات عقائد الرافضة والرد عليها - part 51,,10,2,"62727,105868"
مجموع مؤلفات عقائد الرافضة والرد عليها - part 52,,10,2,"62728,105869"
مجموع مؤلفات عقائد الرافضة والرد عليها - part 53,,10,2,"62729,105870"
مجموع مؤلفات عقائد الرافضة والرد عليها - part 54,,10,2,"62730,105871"
مجموع مؤلفات عقائد الرافضة والرد عليها - part 55,,10,2,"62731,105872"
مجموع مؤلفات عقائد الرافضة والرد عليها - part 56,,10,2,"62732,105873"
مجموع مؤلفات عقائد الرافضة والرد عليها - part 57,,10,2,"62733,105874"
مجموع مؤلفات عقائد الرافضة والرد عليها - part 58,,10,2,"62734,105875"
مجموع مؤلفات عقائد الرافضة والرد عليها - part 59,,10,2,"62735,105876"
مجموع مؤلفات عقائد الرافضة والرد عليها - part 6,,10,2,"62682,105823"
مجموع مؤلفات عقائد الرافضة والرد عليها - part 60,,10,2,"62736,105877"
مجموع مؤلفات عقائد الرافضة والرد عليها - part 61,,10,2,"62737,105878"
مجموع مؤلفات عقائد الرافضة والرد عليها - part 62,,10,2,"62738,105879"
مجموع مؤلفات عقائد الرافضة والرد عليها - part 63,,10,2,"62739,105880"
مجموع مؤلفات عقائد الرافضة والرد عليها - part 64,,10,2,"62740,105881"
مجموع مؤلفات عقائد الرافضة والرد عليها - part 65,,10,2,"62741,105882"
مجموع مؤلفات عقائد الرافضة والرد عليها - part 66,,10,2,"62742,105883"
مجموع مؤلفات عقائد الرافضة والرد عليها - part 67,,10,2,"62743,105884"
مجموع مؤلفات عقائد الرافضة والرد عليها - part 68,,10,2,"62744,105885"
مجموع مؤلفات عقائد الرافضة والرد عليها - part 69,,10,2,"62745,105886"
مجموع مؤلفات عقائد الرافضة والرد عليها - part 7,,10,2,"62683,105824"
مجموع مؤلفات عقائد الرافضة والرد عليها - part 70,,10,2,"62746,105887"
مجموع مؤلفات عقائد الرافضة والرد عليها - part 71,,10,2,"62747,105888"
مجموع مؤلفات عقائد الرافضة والرد عليها - part 72,,10,2,"62748,105889"
مجموع مؤلفات عقائد الرافضة والرد عليها - part 73,,10,2,"62749,105890"
مجموع مؤلفات عقائد الرافضة والرد عليها - part 74,,10,2,"62750,105891"
مجموع مؤلفات عقائد الرافضة والرد عليها - part 75,,10,2,"62751,105892"
مجموع مؤلفات عقائد الرافضة والرد عليها - part 76,,10,2,"62752,105893"
مجموع مؤلفات عقائد الرافضة والرد عليها - part 77,,10,2,"62753,105894"
مجموع مؤلفات عقائد الرافضة والرد عليها - part 78,,10,2,"62754,105895"
مجموع مؤلفات عقائد الرافضة والرد عليها - part 79,,10,2,"62755,105896"
مجموع مؤلفات عقائد الرافضة والرد عليها - part 8,,10,2,"62684,105825"
مجموع مؤلفات عقائد الرافضة والرد عليها - part 80,,10,2,"62756,105897"
مجموع مؤلفات عقائد الرافضة والرد عليها - part 81,,10,2,"62757,105898"
مجموع مؤلفات عقائد الرافضة والرد عليها - part 82,,10,2,"62758,105899"
مجموع مؤلفات عقائد الرافضة والرد عليها - part 83,,10,2,"62759,105900"
مجموع مؤلفات عقائد الرافضة والرد عليها - part 84,,10,2,"62760,105901"
مجموع مؤلفات عقائد الرافضة والرد عليها - part 85,,10,2,"62761,105902"
مجموع مؤلفات عقائد الرافضة والرد عليها - part 86,,10,2,"62762,105903"
مجموع مؤلفات عقائد الرافضة والرد عليها - part 87,,10,2,"62763,105904"
مجموع مؤلفات عقائد الرافضة والرد عليها - part 88,,10,2,"62764,105905"
مجموع مؤلفات عقائد الرافضة والرد عليها - part 89,,10,2,"62765,105906"
مجموع مؤلفات عقائد الرافضة والرد عليها - part 9,,10,2,"62685,105826"
مجموع مؤلفات عقائد الرافضة والرد عليها - part 90,,10,2,"62766,105907"
مجموع مؤلفات عقائد الرافضة والرد عليها - part 91,,10,2,"62767,105908"
مجموع مؤلفات عقائد الرافضة والرد عليها - part 92,,10,2,"62768,105909"
مجموع مؤلفات عقائد الرافضة والرد عليها - part 93,,10,2,"62769,105910"
مجموع مؤلفات عقائد الرافضة والرد عليها - part 94,,10,2,"62770,105911"
مجموع مؤلفات عقائد الرافضة والرد عليها - part 95,,10,2,"62771,105912"
مجموع مؤلفات عقائد الرافضة والرد عليها - part 96,,10,2,"62772,105913"
مجموع مؤلفات عقائد الرافضة والرد عليها - part 97,,10,2,"62773,105914"
مجموع مؤلفات عقائد الرافضة والرد عليها - part 98,,10,2,"62774,105915"
مجموع مؤلفات عقائد الرافضة والرد عليها - part 99,,10,2,"62775,105916"
مجموعة االرسائل,,10,2,"39549,51182"
مجموعة الحديث على أبواب الفقه - part 5,,10,2,"20566,49273"
مجموعة الحديث على أبواب الفقه - part 6,,10,2,"20567,49274"
مجموعة الرسائل والمسائل والفتاوى,,10,2,"30593,101292"
مجموعة رسائل في التوحيد والإيمان,,10,2,"31722,94973"
مجموعہ بیانات حضرت جی-جلد اول,,6,2,"14011,14286"
محاضرة - الأمر بالمعروف في حق النساء -,,10,2,"75189,82307"
محاضرة - الملعونات -,,10,2,"22881,75185"
محاضرة - من واجبات المسلمة -,,10,2,"44151,98370"
محاضرة أئمةالهدى ابن القيم),,10,2,"62998,65257"
محرم الحرام میں شادی بیاہ کا حکم، ڈَسکوی,,6,2,"13376,13834"
محرم الحرام؛اسلامی سال کا نقطہ آغاز-مولانا اسماعیل ریحان صاحب,,6,2,"13377,13835"
محرم پر ماتم-مولانا نسیم احمدصاحب غازی,,6,2,"13810,13872"
محرم کا مہینہ -بینات-ڈسکوی,,6,2,"13379,13836"
محرمات استهان بها الناس,,10,2,"39975,59325"
محقق و مدلل جدید مسائل جلد 1,حضرت مفتی محمد جعفر ملی رحمانی صاحب,1,2,"1012,1028"
محك النظر,,10,2,"44474,57347"
محمد بن عبد الوهاب وأئمة الدعوة النجدية وموقفهم من آل البيت عليهم السلام,,10,2,"41404,96044"
محمد بن عبد الوهاب وموقفه من آل البيت عليهم السلام,,10,2,"72626,79084"
محمد صلى الله عليه وسلم في القرآن والسنة - part 1,,10,2,"31978,104402"
محمد صلى الله عليه وسلم في القرآن والسنة - part 2,,10,2,"31979,104403"
مختصر أحاديث الصيام أحكام وآداب,,10,2,"28279,54386"
مختصر الأسئلة والأجوبة الأصولية على العقيدة الواسطية,,10,2,"48920,60718"
مختصر المعانی مع الحاشیۃ لشیخ الھند محمود حسن رحمہ اللہ جلد نمبر 1,درس نظامی,2,2,"4377,4379"
مختصر المعانی مع الحاشیۃ لشیخ الھند محمود حسن رحمہ اللہ جلد نمبر 2,درس نظامی,2,2,"4333,4380"
مختصر تفسير سورة الأنفال,,10,2,"52104,95699"
مختصر ذم الثقلاء للبوسيفي,,10,2,"54025,81141"
مختصر صحيح البخاري تحقيقي,,10,2,"48966,83683"
مختصر صحيح المسلم - part 1,,10,2,"29128,59464"
مختصر صحيح المسلم - part 2,,10,2,"29129,59465"
مختصر كتاب الاعتصام,,10,2,"79851,81695"
مختصر كتاب جلباب المرأة المسلمة في الكتاب والسنة,,10,2,"17250,19229"
مختصر معارج القبول للعقدة,,10,2,"88515,96045"
مختصر منسك شيخ الإسلام ابن تيمية,,10,2,"58067,96223"
مخطوطات,,10,2,"94971,100399"
مدخل إلى الأدب الإسلامي,,10,2,"22892,29549"
مذكرات الدعوة والداعية,,10,2,"37666,104742"
مذكرة الحج,,10,2,"69085,103470"
مذكرة الوثائق الجلية,,10,2,"32356,95651"
مذكرة في أصول الفقه,,10,2,"22696,65268"
مرآة الجنان وعبرة اليقظان في معرفة حوادث الزمان - part 1,,10,2,"49640,78270"
مرآة الجنان وعبرة اليقظان في معرفة حوادث الزمان - part 2,,10,2,"49641,78271"
مرشد الحائر لبيان وضع حديث جابر,,10,2,"65280,75211"
مرويات السيرة النبوية بين قواعد المحدثين وروايات الأخباريين,,10,2,"67475,89287"
مرويات غزوة الحديبية جمع وتخريج ودراسة,,10,2,"33813,93645"
مزاعم المستشرقين حول القرآن الكريم,,10,2,"40797,103042"
مزايا دعوة الإمام محمد بن عبدالوهاب رحمه الله,,10,2,"58221,61882"
مسألة في الصفات,,10,2,"54665,79853"
مسئلہ سود-مفتی محمد شفیع عثمانی صاحب,,6,2,"14438,14458"
مسائل أحمد بن حنبل رواية ابنه عبد الله,,10,2,"33559,104085"
مسائل الإمام أحمد بن حنبل وإسحاق بن راهويه - part 1,,10,2,"44001,104357"
مسائل الإمام أحمد بن حنبل وإسحاق بن راهويه - part 2,,10,2,"44002,104358"
مسائل الإمام أحمد بن حنبل وإسحاق بن راهويه - part 3,,10,2,"44003,104359"
مسائل الإمام أحمد بن حنبل وإسحاق بن راهويه - part 4,,10,2,"44004,104360"
مسائل الإمام أحمد بن حنبل وإسحاق بن راهويه - part 5,,10,2,"44005,104361"
مسائل الإمام أحمد بن حنبل وإسحاق بن راهويه - part 6,,10,2,"44006,104362"
مسائل الإمام أحمد بن حنبل وإسحاق بن راهويه - part 7,,10,2,"44007,104363"
مسائل الإمام أحمد بن حنبل وإسحاق بن راهويه - part 8,,10,2,"44008,104364"
مسائل الإمام أحمد بن حنبل وإسحاق بن راهويه - part 9,,10,2,"44009,104365"
مسائل الفروع الواردة في مسائل العقيدة,,10,2,"17143,103043"
مسائل زكاۃ۔مسائل رفعت قاسمی سے,,6,2,"14398,14424"
مسائل قربانی- از فتاوی عباد الرحمن,,6,2,"13291,13337"
مسائل وفتاوى في زكاة الحلي,,10,2,"40881,74770"
مسافر فى قطار الدعوة,,10,2,"72100,102451"
مسالك الأبصار في ممالك الأمصار,,10,2,"39805,93862"
مساوئ الأخلاق للخرائطي - part 1,,10,2,"51457,88355"
مساوئ الأخلاق للخرائطي - part 2,,10,2,"51458,88356"
مسبوك الذهب في فضل العرب وشرف العلم على شرف النسب,,10,2,"26174,61615"
مسلانوں کی موجودہ پستی کا واحد علاج,,6,2,"14014,14287"
مسلم دشمن ممالک کی اشیاء بائیکاٹ,,6,2,"13968,15232"
مسند أبي حنيفة للأصبهاني,,10,2,"96427,103562"
مسند أبي عوانة - part 1,,10,2,"54596,89309"
مسند أبي عوانة - part 2,,10,2,"54597,89310"
مسند أبي عوانة - part 3,,10,2,"54598,89311"
مسند أبي عوانة - part 4,,10,2,"54599,89312"
مسند أبي عوانة - part 5,,10,2,"54600,89313"
مسند أبي يعلى - part 1,,10,2,"48967,97107"
مسند أبي يعلى - part 10,,10,2,"48976,97116"
مسند أبي يعلى - part 11,,10,2,"48977,97117"
مسند أبي يعلى - part 12,,10,2,"48978,97118"
مسند أبي يعلى - part 13,,10,2,"48979,97119"
مسند أبي يعلى - part 2,,10,2,"48968,97108"
مسند أبي يعلى - part 3,,10,2,"48969,97109"
مسند أبي يعلى - part 4,,10,2,"48970,97110"
مسند أبي يعلى - part 5,,10,2,"48971,97111"
مسند أبي يعلى - part 6,,10,2,"48972,97112"
مسند أبي يعلى - part 7,,10,2,"48973,97113"
مسند أبي يعلى - part 8,,10,2,"48974,97114"
مسند أبي يعلى - part 9,,10,2,"48975,97115"
مسند ابن أبي شيبة - part 1,,10,2,"39742,48762"
مسند ابن أبي شيبة - part 2,,10,2,"39743,48763"
مسند ابن أبي شيبة - part 3,,10,2,"39744,48764"
مسند ابن الجعد - part 1,,10,2,"96428,103563"
مسند ابن الجعد - part 2,,10,2,"96429,103564"
مسند البزار - part 1,,10,2,"59229,63114"
مسند البزار - part 2,,10,2,"59230,63115"
مسند السراج,,10,2,"63135,88357"
مسند الشافعي,,10,2,"17688,59477"
مسند الشهاب - part 1,,10,2,"29498,98768"
مسند الشهاب - part 2,,10,2,"29499,98769"
مسند بلال بن رباح,,10,2,"72303,75217"
مسند سعد بن أبي وقاص,,10,2,"82808,88598"
مسودة كتاب من فضائل وأخبار معاوية دراسة حديثية,,10,2,"40826,91591"
مشارق الأنوار على صحاح الآثار - part 1,,10,2,"73016,91727"
مشارق الأنوار على صحاح الآثار - part 2,,10,2,"73017,91728"
مشاهير علماء الأمصار,,10,2,"40855,78183"
مشتبه أسامي المحدثين,,10,2,"54364,93703"
مشتهى العقول في منتهى النقول,,10,2,"47594,65287"
مشروعية صيام يوعرفة والرد على من أنكر ذلك,,10,2,"22943,79578"
مشكاة الأنوار,,10,2,"17422,51801"
مشكاة المصابيح - part 1,,10,2,"42184,81696"
مشكاة المصابيح - part 2,,10,2,"42185,81697"
مشكاة المصابيح - part 3,,10,2,"42186,81698"
مشيخة ابن شاذان الصغرى,,10,2,"39199,98853"
مشيخة ابن طهمان,,10,2,"88633,103172"
مشيخة الآبنوسي,,10,2,"16982,44098"
مصادر المستشرق توماس ارنولد في دراسة النظرية السياسية الاسلامية,,10,2,"54367,94977"
مصارع العشاق,,10,2,"57188,64352"
مصباح الزجاجة لشهاب البوصيري - part 1,,10,2,"48983,96556"
مصباح الزجاجة لشهاب البوصيري - part 2,,10,2,"48984,96557"
مصباح الظلام في الرد على من كذب على الشيخ الإمام,,10,2,"88274,90221"
مصطلح الحديث في سؤال و جواب,,10,2,"17092,99829"
مصطلح الحديث في كتاب إعلام الموقعين,,10,2,"28781,71963"
مطالب أولي النهى في شرح غاية المنتهى - part 1,,10,2,"17376,41714"
مطالب أولي النهى في شرح غاية المنتهى - part 10,,10,2,"17385,41723"
مطالب أولي النهى في شرح غاية المنتهى - part 11,,10,2,"17386,41724"
مطالب أولي النهى في شرح غاية المنتهى - part 12,,10,2,"17387,41725"
مطالب أولي النهى في شرح غاية المنتهى - part 13,,10,2,"17388,41726"
مطالب أولي النهى في شرح غاية المنتهى - part 14,,10,2,"17389,41727"
مطالب أولي النهى في شرح غاية المنتهى - part 15,,10,2,"17390,41728"
مطالب أولي النهى في شرح غاية المنتهى - part 16,,10,2,"17391,41729"
مطالب أولي النهى في شرح غاية المنتهى - part 17,,10,2,"17392,41730"
مطالب أولي النهى في شرح غاية المنتهى - part 18,,10,2,"17393,41731"
مطالب أولي النهى في شرح غاية المنتهى - part 19,,10,2,"17394,41732"
مطالب أولي النهى في شرح غاية المنتهى - part 2,,10,2,"17377,41715"
مطالب أولي النهى في شرح غاية المنتهى - part 20,,10,2,"17395,41733"
مطالب أولي النهى في شرح غاية المنتهى - part 3,,10,2,"17378,41716"
مطالب أولي النهى في شرح غاية المنتهى - part 4,,10,2,"17379,41717"
مطالب أولي النهى في شرح غاية المنتهى - part 5,,10,2,"17380,41718"
مطالب أولي النهى في شرح غاية المنتهى - part 6,,10,2,"17381,41719"
مطالب أولي النهى في شرح غاية المنتهى - part 7,,10,2,"17382,41720"
مطالب أولي النهى في شرح غاية المنتهى - part 8,,10,2,"17383,41721"
مطالب أولي النهى في شرح غاية المنتهى - part 9,,10,2,"17384,41722"
مطلع الأنوار ونزهة البصائر والأبصار,,10,2,"20579,26104"
مطلع البدرين للسيوطي,,10,2,"37672,81212"
مظالم المرأة,,10,2,"61586,73540"
مظلوم فلسطینی مسلمان-مولانا نعمان نعیم,,6,2,"13969,15233"
معاجم معاني ألفاظ القرآن الكريم,,10,2,"28723,51136"
معاشی مقاطعہ کی شرعی حیثیت- مولانا زاہد الراشدی صاحب,,6,2,"13970,15234"
معاناتي مع الشهوة,,10,2,"47600,104848"
معانى القرآن للفراء - part 1,,10,2,"37881,47923"
معانى القرآن للفراء - part 2,,10,2,"37882,47924"
معانى القرآن للفراء - part 3,,10,2,"37883,47925"
معاني الحروف العربية على واقع المعاجم اللغوية,,10,2,"100822,104628"
معاني الركوع والسجود في القرآن المجيد,,10,2,"69697,98456"
معجزات الأنبياء,,10,2,"44198,80201"
معجم افتراءات الغرب على الإسلام,,10,2,"79857,105361"
معجم السفر,,10,2,"26282,56994"
معجم الصحابة لابن قانع - part 1,,10,2,"78185,98914"
معجم الصحابة لابن قانع - part 2,,10,2,"78186,98915"
معجم الصحابة لابن قانع - part 3,,10,2,"78187,98916"
معجم الفرائد القرآنية,,10,2,"22042,102740"
معجم الفروق اللغوية للعسكري,,10,2,"57348,60534"
معجم المصطلاحات الاسلامية,,10,2,"78451,91247"
معجم لغت الفقهاء - part 1,,10,2,"17614,104158"
معجم لغت الفقهاء - part 2,,10,2,"17615,104159"
معراج النبی کی ایک حکمت۔انجینئر مختار فاروقی,,6,2,"14553,15264"
معراج النبیﷺ۔تحفظ سنت میڈیا، حیدرآباد,,6,2,"14555,15265"
معراج میں نماز کی فرضیت کیسے ہوئی؟ کشف الباری کا باب,,6,2,"14556,15266"
معراج نبوی۔تفصیلی۔بزم منور,,6,2,"14557,15267"
معراج نبی ﷺ۔خطبات قادریہ,,6,2,"14558,15268"
معراج پر متکلمانہ بحث۔مولانا حسن جان شہیدؒ,,6,2,"14559,15269"
معراج کا پیغام اور موجودہ حالات۔مفتی صادق حسین,,6,2,"14560,15270"
معراج کی باتیں۔ مولانا عاشق الہی بلند شہریؒ,,6,2,"14561,15271"
معرفة السنن والآثار للبيهقي - part 1,,10,2,"17689,29517"
معرفة السنن والآثار للبيهقي - part 2,,10,2,"17690,29518"
معرفة السنن والآثار للبيهقي - part 3,,10,2,"17691,29519"
معرفة السنن والآثار للبيهقي - part 4,,10,2,"17692,29520"
معرفة السنن والآثار للبيهقي - part 5,,10,2,"17693,29521"
معرفة السنن والآثار للبيهقي - part 6,,10,2,"17694,29522"
معرفة السنن والآثار للبيهقي - part 7,,10,2,"17695,29523"
معرفة الصحابة لأبي نعيم - part 1,أبو نعيم الأصبهاني,10,2,"45910,101862"
معرفة الصحابة لأبي نعيم - part 2,أبو نعيم الأصبهاني,10,2,"45911,101863"
معرفة الصحابة لأبي نعيم - part 3,أبو نعيم الأصبهاني,10,2,"45912,101864"
معرفة الصحابة لأبي نعيم - part 4,أبو نعيم الأصبهاني,10,2,"45913,101865"
معرفة الصحابة لأبي نعيم - part 5,أبو نعيم الأصبهاني,10,2,"45914,101866"
معرفة الصحابة لأبي نعيم - part 6,أبو نعيم الأصبهاني,10,2,"45915,101867"
معرفة الصحابة لأبي نعيم الأصبهاني - part 1,,10,2,"39770,80092"
معرفة الصحابة لأبي نعيم الأصبهاني - part 10,,10,2,"39779,80101"
معرفة الصحابة لأبي نعيم الأصبهاني - part 11,,10,2,"39780,80102"
معرفة الصحابة لأبي نعيم الأصبهاني - part 12,,10,2,"39781,80103"
معرفة الصحابة لأبي نعيم الأصبهاني - part 13,,10,2,"39782,80104"
معرفة الصحابة لأبي نعيم الأصبهاني - part 14,,10,2,"39783,80105"
معرفة الصحابة لأبي نعيم الأصبهاني - part 15,,10,2,"39784,80106"
معرفة الصحابة لأبي نعيم الأصبهاني - part 16,,10,2,"39785,80107"
معرفة الصحابة لأبي نعيم الأصبهاني - part 17,,10,2,"39786,80108"
معرفة الصحابة لأبي نعيم الأصبهاني - part 18,,10,2,"39787,80109"
معرفة الصحابة لأبي نعيم الأصبهاني - part 19,,10,2,"39788,80110"
معرفة الصحابة لأبي نعيم الأصبهاني - part 2,,10,2,"39771,80093"
معرفة الصحابة لأبي نعيم الأصبهاني - part 20,,10,2,"39789,80111"
معرفة الصحابة لأبي نعيم الأصبهاني - part 21,,10,2,"39790,80112"
معرفة الصحابة لأبي نعيم الأصبهاني - part 22,,10,2,"39791,80113"
معرفة الصحابة لأبي نعيم الأصبهاني - part 23,,10,2,"39792,80114"
معرفة الصحابة لأبي نعيم الأصبهاني - part 24,,10,2,"39793,80115"
معرفة الصحابة لأبي نعيم الأصبهاني - part 25,,10,2,"39794,80116"
معرفة الصحابة لأبي نعيم الأصبهاني - part 3,,10,2,"39772,80094"
معرفة الصحابة لأبي نعيم الأصبهاني - part 4,,10,2,"39773,80095"
معرفة الصحابة لأبي نعيم الأصبهاني - part 5,,10,2,"39774,80096"
معرفة الصحابة لأبي نعيم الأصبهاني - part 6,,10,2,"39775,80097"
معرفة الصحابة لأبي نعيم الأصبهاني - part 7,,10,2,"39776,80098"
معرفة الصحابة لأبي نعيم الأصبهاني - part 8,,10,2,"39777,80099"
معرفة الصحابة لأبي نعيم الأصبهاني - part 9,,10,2,"39778,80100"
معرفة المأمور به والمحذور في زيارة القبور,,10,2,"88277,88516"
معطية الأمان من حنث الأيمان,,10,2,"96351,105321"
مغازي الواقدي,,10,2,"52264,97158"
مغني المحتاج إلى معرفة ألفاظ المنهاج - part 1,,10,2,"52146,80838"
مغني المحتاج إلى معرفة ألفاظ المنهاج - part 10,,10,2,"52155,80847"
مغني المحتاج إلى معرفة ألفاظ المنهاج - part 11,,10,2,"52156,80848"
مغني المحتاج إلى معرفة ألفاظ المنهاج - part 12,,10,2,"52157,80849"
مغني المحتاج إلى معرفة ألفاظ المنهاج - part 13,,10,2,"52158,80850"
مغني المحتاج إلى معرفة ألفاظ المنهاج - part 14,,10,2,"52159,80851"
مغني المحتاج إلى معرفة ألفاظ المنهاج - part 15,,10,2,"52160,80852"
مغني المحتاج إلى معرفة ألفاظ المنهاج - part 16,,10,2,"52161,80853"
مغني المحتاج إلى معرفة ألفاظ المنهاج - part 17,,10,2,"52162,80854"
مغني المحتاج إلى معرفة ألفاظ المنهاج - part 18,,10,2,"52163,80855"
مغني المحتاج إلى معرفة ألفاظ المنهاج - part 19,,10,2,"52164,80856"
مغني المحتاج إلى معرفة ألفاظ المنهاج - part 2,,10,2,"52147,80839"
مغني المحتاج إلى معرفة ألفاظ المنهاج - part 20,,10,2,"52165,80857"
مغني المحتاج إلى معرفة ألفاظ المنهاج - part 3,,10,2,"52148,80840"
مغني المحتاج إلى معرفة ألفاظ المنهاج - part 4,,10,2,"52149,80841"
مغني المحتاج إلى معرفة ألفاظ المنهاج - part 5,,10,2,"52150,80842"
مغني المحتاج إلى معرفة ألفاظ المنهاج - part 6,,10,2,"52151,80843"
مغني المحتاج إلى معرفة ألفاظ المنهاج - part 7,,10,2,"52152,80844"
مغني المحتاج إلى معرفة ألفاظ المنهاج - part 8,,10,2,"52153,80845"
مغني المحتاج إلى معرفة ألفاظ المنهاج - part 9,,10,2,"52154,80846"
مفاتيح الغيب - part 1,,10,2,"28406,69621"
مفاتيح الغيب - part 10,,10,2,"28415,69630"
مفاتيح الغيب - part 11,,10,2,"28416,69631"
مفاتيح الغيب - part 12,,10,2,"28417,69632"
مفاتيح الغيب - part 13,,10,2,"28418,69633"
مفاتيح الغيب - part 14,,10,2,"28419,69634"
مفاتيح الغيب - part 15,,10,2,"28420,69635"
مفاتيح الغيب - part 16,,10,2,"28421,69636"
مفاتيح الغيب - part 17,,10,2,"28422,69637"
مفاتيح الغيب - part 18,,10,2,"28423,69638"
مفاتيح الغيب - part 19,,10,2,"28424,69639"
مفاتيح الغيب - part 2,,10,2,"28407,69622"
مفاتيح الغيب - part 20,,10,2,"28425,69640"
مفاتيح الغيب - part 21,,10,2,"28426,69641"
مفاتيح الغيب - part 22,,10,2,"28427,69642"
مفاتيح الغيب - part 23,,10,2,"28428,69643"
مفاتيح الغيب - part 24,,10,2,"28429,69644"
مفاتيح الغيب - part 25,,10,2,"28430,69645"
مفاتيح الغيب - part 26,,10,2,"28431,69646"
مفاتيح الغيب - part 27,,10,2,"28432,69647"
مفاتيح الغيب - part 28,,10,2,"28433,69648"
مفاتيح الغيب - part 29,,10,2,"28434,69649"
مفاتيح الغيب - part 3,,10,2,"28408,69623"
مفاتيح الغيب - part 30,,10,2,"28435,69650"
مفاتيح الغيب - part 31,,10,2,"28436,69651"
مفاتيح الغيب - part 32,,10,2,"28437,69652"
مفاتيح الغيب - part 4,,10,2,"28409,69624"
مفاتيح الغيب - part 5,,10,2,"28410,69625"
مفاتيح الغيب - part 6,,10,2,"28411,69626"
مفاتيح الغيب - part 7,,10,2,"28412,69627"
مفاتيح الغيب - part 8,,10,2,"28413,69628"
مفاتيح الغيب - part 9,,10,2,"28414,69629"
مفتی محمود حسن گنگوہیؒ اور جماعت تبلیح-مولانا فضل الرحمن اعظمی,,6,2,"14015,14288"
مفهوم أهل السنة والجماعة,,10,2,"28869,38410"
مفهوم التفسير للشيخ مساعد الطيار,,10,2,"69698,96089"
مفهوم الجهاد و أحكامه من خلال سورة الأنفال,,10,2,"30823,103108"
مفيد المستفيد في كفر تارك التوحيد,,10,2,"82280,88278"
مقاصد الشريعة,,10,2,"22963,52599"
مقاصد الشريعة الإسلامية وحقوق الإنسان,,10,2,"40827,47603"
مقالات الإسلاميين,,10,2,"48922,69491"
مقالات حول الحجاب,,10,2,"54461,98371"
مقالات في الحج,,10,2,"75235,87824"
مقالات في المنهج,,10,2,"65306,71507"
مقامات القرني - part 5,,10,2,"46551,81704"
مقامالرشاد,,10,2,"32884,89578"
مقترحات للعاملين في المكاتب الدعوية في المستشفيات,,10,2,"64330,69186"
مقتل علي بن أبي طالب و الحسين,,10,2,"87772,105777"
مقدمات في علم مقالات الفرق,,10,2,"58890,102505"
مقدمة ابن خلدون - part 1,,10,2,"81422,83443"
مقدمة ابن خلدون - part 2,,10,2,"81423,83444"
مقدمة الكتاب,,10,2,"42449,98860"
مقدمہ بخاری- تشریحات بخاری سے ماخوذ,,6,2,"14308,14648"
مقدمہ بخاری- مولانا عثمان صاحب-نصر الباری سے ماخوذ,,6,2,"14309,14649"
مقدمہ بخاری-تلخیص البخاری سے ماخوذ,,6,2,"14310,14650"
مقدمہ بخاری-مفتی رضاء الحق صاحب- رضاء الباری سے ماخوذ,,6,2,"14311,14651"
مقدمہ صحیح البخاری-صوفی سرور صاحبؒ,,6,2,"14312,14652"
مقدمہ صحیح البخاری-مولانا صدیق صاحب-الخیر الساری سے ،ماخوذ,,6,2,"14313,14653"
مقدمہ صحیح بخاری-مولانا سعید احمد پالنپوری صاحب-تحفۃ القاری سے ماخوذ,,6,2,"14314,14654"
مقصد زندگی۔ مفتی رشید احمد,,6,2,"13349,15732"
مكارم الأخلاق لمحمد العثيمين,,10,2,"41316,49393"
مكتبة الأحاديث السنة النبوية,,10,2,"18483,54401"
مكتبة التاريخ والحضارةالإسلامية,,10,2,"29725,33829"
مكتبة التفسير وعلوم القرآن,,10,2,"40024,65326"
مكتبة السيرة النبوية,,10,2,"42526,50171"
مكتبة طالب العلم,,10,2,"22989,98433"
ملت کے نوجوانوں سے۔ ندوی صاحب,,6,2,"15417,15439"
ملتقى الأبحر,,10,2,"43381,106147"
ملحق رسالة سرقات حسن المالكي,,10,2,"22991,40892"
ملحمة الشام,,10,2,"44232,72562"
ملخص القواعد الفقهية,,10,2,"71057,104141"
من أجل إنتاجية أفضل أهمية رسم الأهداف,,10,2,"87775,91229"
من أحكام الجهاد في الإسلام,,10,2,"29231,98330"
من أخلاق الداعية,,10,2,"22996,47610"
من أخلاق الرسول الكريم صلى الله عليه وسلم,,10,2,"19346,58258"
من أصول الفقه على منهج أهل الحديث,,10,2,"100314,104295"
من بدائع القصص النبوي الصحيح,,10,2,"37686,62324"
من تختارين,,10,2,"61587,69205"
من سب الصحابة ومعاوية,,10,2,"51185,80202"
من سيرعلماءالسلف عندالفتن,,10,2,"20580,39980"
من فضائل وأخبار معاوية دراسة حديثية,,10,2,"31738,68150"
من فقه الأقليات المسلمة,,10,2,"39045,51244"
من فقه الطلب,,10,2,"58262,74179"
من قصص الشهداء العرب,,10,2,"50162,95076"
من مشاهد القيامة وأهوالها,,10,2,"17529,74767"
من هم أهل البيت؟,,10,2,"23004,88282"
من وسائل الإصلاح والدعوة,,10,2,"54039,61884"
منار السبيل شرح الدليل - part 1,,10,2,"17452,29184"
منار السبيل شرح الدليل - part 2,,10,2,"17453,29185"
مناسك الحج والعمرة وزيارة المسجد النبوي,,10,2,"48876,100320"
مناظرة أهل البدع,,10,2,"44253,89695"
مناظرة ابن شاقلا الحنبلي,,10,2,"37691,54419"
مناظرة بين الزمزمي والألباني,,10,2,"31107,91753"
مناظرة بين الشيخ سعد الحميد والظافر الإباضي حول مسند الإمام الربيع بن حبيب,,10,2,"30567,81705"
مناظرة بين علماء السنة و علماء الشيعة,,10,2,"41500,88283"
مناقب اسد الغالب سیدنا علی بن ابی طالب-للجزری,,6,2,"14804,15306"
مناقب اہل بیت-التبیان,,6,2,"13803,13913"
مناقب اہل بیت-سید انور حسین نفیس صاحب,,6,2,"13804,13914"
مناقب حسن و حسین-altbian,,6,2,"13875,15294"
مناهج أهل الحق والاتباع في مخالفة أهل الجهل والابتداع,,10,2,"89579,90028"
مناهجنا بين التطوير والتغريب,,10,2,"18448,104754"
منح الجليل شرح مختصر خليل - part 1,,10,2,"52194,96610"
منح الجليل شرح مختصر خليل - part 10,,10,2,"52203,96619"
منح الجليل شرح مختصر خليل - part 11,,10,2,"52204,96620"
منح الجليل شرح مختصر خليل - part 12,,10,2,"52205,96621"
منح الجليل شرح مختصر خليل - part 13,,10,2,"52206,96622"
منح الجليل شرح مختصر خليل - part 14,,10,2,"52207,96623"
منح الجليل شرح مختصر خليل - part 15,,10,2,"52208,96624"
منح الجليل شرح مختصر خليل - part 16,,10,2,"52209,96625"
منح الجليل شرح مختصر خليل - part 17,,10,2,"52210,96626"
منح الجليل شرح مختصر خليل - part 18,,10,2,"52211,96627"
منح الجليل شرح مختصر خليل - part 19,,10,2,"52212,96628"
منح الجليل شرح مختصر خليل - part 2,,10,2,"52195,96611"
منح الجليل شرح مختصر خليل - part 20,,10,2,"52213,96629"
منح الجليل شرح مختصر خليل - part 21,,10,2,"52214,96630"
منح الجليل شرح مختصر خليل - part 3,,10,2,"52196,96612"
منح الجليل شرح مختصر خليل - part 4,,10,2,"52197,96613"
منح الجليل شرح مختصر خليل - part 5,,10,2,"52198,96614"
منح الجليل شرح مختصر خليل - part 6,,10,2,"52199,96615"
منح الجليل شرح مختصر خليل - part 7,,10,2,"52200,96616"
منح الجليل شرح مختصر خليل - part 8,,10,2,"52201,96617"
منح الجليل شرح مختصر خليل - part 9,,10,2,"52202,96618"
منزلة السنة في التشريع,,10,2,"28870,88468"
منظومات للشيخ حافظ بن احمد الحكمي,,10,2,"39134,82316"
منظومة البيقوني,,10,2,"23011,52909"
منظومة الزمزمي,,10,2,"49354,96090"
منظومة المفردات,,10,2,"29380,70392"
منظومة في وجوب التمسك بالكتاب والسنة,,10,2,"58896,70418"
منظومة مصباح الراوي في علم الحديث,,10,2,"28782,104374"
منعلین جرابوں پر مسح کا حکم- دارالافتاء دارالعلوم کراچی,,6,2,"15214,15343"
منهاج السنة النبوية - part 1,,10,2,"44364,57144"
منهاج السنة النبوية - part 2,,10,2,"44365,57145"
منهاج السنة النبوية - part 3,,10,2,"44366,57146"
منهاج السنة النبوية - part 4,,10,2,"44367,57147"
منهاج السنة النبوية - part 5,,10,2,"44368,57148"
منهاج السنة النبوية - part 6,,10,2,"44369,57149"
منهاج السنة النبوية - part 7,,10,2,"44370,57150"
منهاج السنة النبوية - part 8,,10,2,"44371,57151"
منهاج الفرقة الناجية,,10,2,"80203,96059"
منهج الأشاعرة في العقيدة,,10,2,"51063,74342"
منهج الإمام البخاري,,10,2,"38570,92314"
منهج السالكين وتوضيح الفقة في الدين,,10,2,"75360,85566"
منهج شيخ الإسلام في العبادة والتزكية,,10,2,"70962,102479"
منهج شيخ الإسلام محمد بن عبد الوهاب في التأليف,,10,2,"30843,36343"
منکرات محرم۔ مفتی رشید احمد,,6,2,"13380,13813"
منکرین ظہور مہدی کے بعض اشکالات کے جوابات،تفصیلی، فاروقیہ,,6,2,"14228,14753"
مهارات تفعيل وتنظيم الوقت,,10,2,"41111,99615"
مهمات المسائل في المسح على الخفين وسؤال وجوابه عن الاتباع والتقليد,,10,2,"60085,84862"
موارد الظمآن لدروس الزمان - part 1,,10,2,"47620,71508"
موارد الظمآن لدروس الزمان - part 2,,10,2,"47621,71509"
موارد الظمآن لدروس الزمان - part 3,,10,2,"47622,71510"
موارد الظمآن لدروس الزمان - part 4,,10,2,"47623,71511"
موارد الظمآن لدروس الزمان - part 5,,10,2,"47624,71512"
موارد الظمآن لدروس الزمان - part 6,,10,2,"47625,71513"
مواصفات المشرف الناجح,,10,2,"75292,100370"
مواعظ من كلام السلف,,10,2,"87787,92948"
موبائل اور انٹر نیٹ کے نقصانات,,6,2,"14474,15327"
موت بابا الفاتيكان يكشف انحرافات في عقيدة الأمة,,10,2,"48925,54432"
موتوا بغيظكم يا عباد الصليب,,10,2,"37696,38421"
موجز البيان في زكاة الأطيان والبنيان,,10,2,"47626,90209"
موزوں پر مسح- گھمن صاحب,,6,2,"15216,15345"
موسوعة أقوال الإمام أحمد بن حنبل - part 1,,10,2,"73049,82465"
موسوعة أقوال الإمام أحمد بن حنبل - part 2,,10,2,"73050,82466"
موسوعة أقوال الإمام أحمد بن حنبل - part 3,,10,2,"73051,82467"
موسوعة أقوال الإمام أحمد بن حنبل - part 4,,10,2,"73052,82468"
موسوعة أقوال الإمام أحمد في الجرح والتعديل - part 1,,10,2,"48833,49047"
موسوعة أقوال الإمام أحمد في الجرح والتعديل - part 2,,10,2,"48834,49048"
موسوعة أقوال الإمام أحمد في الجرح والتعديل - part 3,,10,2,"48835,49049"
موسوعة أقوال الإمام أحمد في الجرح والتعديل - part 4,,10,2,"48836,49050"
موسوعة الخطب المنبرية - part 1,,10,2,"20321,74894"
موسوعة الخطب المنبرية - part 2,,10,2,"20322,74895"
موسوعة العلاج بالأعشاب,,10,2,"65361,97164"
موقع فيصل نور - الخميني وتفضيل الأئمة على الأنبياء,,10,2,"71847,95084"
موقع فيصل نور - يوم الغفران - إحتفال الرافضة بمقتل عمر بن الخطاب رضي الله عنه,,10,2,"31160,102481"
موقف الخميني من أهل السنة - part 1,,10,2,"58467,98457"
موقف الخميني من أهل السنة - part 2,,10,2,"58468,98458"
موقف الخميني من الشيعة والتشيع,,10,2,"48689,62881"
موقف الشيعة من أهل السنة,,10,2,"69571,79876"
موقف الغزالي من الفلاسفة,,10,2,"64234,90013"
موقف المسلم من الخلاف,,10,2,"69471,82354"
مولانا حسین احمد مدنی اور تحریک پاکستان_ساجد خان نقشبندی,,6,2,"13942,15605"
مولانا محمد الیاس ؒ اور ان کی دینی دعوت-ندویؒ,,6,2,"14016,14289"
مولود کعبہ کی تحقیق ؎ مفتی عبد الباقی صاحب,,6,2,"14805,15307"
مکتوب سلیم---بسلسلہ فسق یزید-----,,6,2,"13876,15755"
میرا جسم میری مرضی اور خواتین کے حقوق۔سلیم اللہ شیخ,,6,2,"14818,14833"
میرا جسم میری مرضی کا نعرہ لے ڈوبے گا۔عمار چوہدری,,6,2,"14819,14834"
میرا جسم میری مرضی یا فحاشی پھیلانے کی آزادی,,6,2,"14820,14835"
میرا جسم میری مرضی۔ڈاکٹر حافظ حسن مدنی,,6,2,"14821,14836"
میری جان پاکستان۔مولانا زبیر احمد صدیقی۔ ,,6,2,"15664,15769"
نئے سال کی آمد اور ہمارا طرزِ عمل-مولنا عبید اللہ خان قاسمی,,6,2,"15494,15714"
ناسخ القرآن ومنسوخه,,10,2,"38025,89102"
نبذة عن الكتاب,,10,2,"54440,102482"
نبذة في أحكام الجنائز,,10,2,"65382,70927"
نبوة خالد بن سنان,,10,2,"19315,58390"
نبي الرحمة,,10,2,"85770,93647"
نحو ذاتية دعوية فاعلة,,10,2,"30931,33818"
نخبة الفكر في مصطلح أهل الأثر,,10,2,"79378,104375"
ندوة الوقف وأثره في الدعوة والتنمية - part 1,,10,2,"51137,89084"
ندوة الوقف وأثره في الدعوة والتنمية - part 10,,10,2,"51146,89093"
ندوة الوقف وأثره في الدعوة والتنمية - part 11,,10,2,"51147,89094"
ندوة الوقف وأثره في الدعوة والتنمية - part 12,,10,2,"51148,89095"
ندوة الوقف وأثره في الدعوة والتنمية - part 2,,10,2,"51138,89085"
ندوة الوقف وأثره في الدعوة والتنمية - part 3,,10,2,"51139,89086"
ندوة الوقف وأثره في الدعوة والتنمية - part 4,,10,2,"51140,89087"
ندوة الوقف وأثره في الدعوة والتنمية - part 5,,10,2,"51141,89088"
ندوة الوقف وأثره في الدعوة والتنمية - part 6,,10,2,"51142,89089"
ندوة الوقف وأثره في الدعوة والتنمية - part 7,,10,2,"51143,89090"
ندوة الوقف وأثره في الدعوة والتنمية - part 8,,10,2,"51144,89091"
ندوة الوقف وأثره في الدعوة والتنمية - part 9,,10,2,"51145,89092"
نزعة التشيع وأثرها في الكتابة التاريخية,,10,2,"28705,99752"
نزهة الألباب في إستمناء النساء والرجال,,10,2,"30573,96920"
نزهة الأنفس في سيرة الشيخ عبد السلام بن برجس,,10,2,"50165,99265"
نزهة السامعين في رواية الصحابة عن التابعين,,10,2,"73856,91444"
نزهة المجالس ومنتخب النفائس - part 1,,10,2,"29267,60745"
نزهة المجالس ومنتخب النفائس - part 2,,10,2,"29268,60746"
نزهة المشتاق في اختراق الآفاق لادريسي,,10,2,"17824,71518"
نزهة النظر في بيان أحكام السفر,,10,2,"17479,30825"
نزهة النظر في توضيح نخبة الفكر في مصطلح أهل الأثر,,10,2,"39717,84423"
نزول القرآن والعناية به في عهد الرسول,,10,2,"44305,71932"
نزول عیسیٰ اور ظہور مہدی-مولانا ادریس کاندھلویؒ,,6,2,"14229,14754"
نساؤنا وأدوات التجميل,,10,2,"30635,91797"
نسب عدنان وقحطان للمبرد,,10,2,"17965,99071"
نسخ عقيدة الإمام المعصوم و عودته,,10,2,"38441,98326"
نسخة وكيع,,10,2,"49571,91370"
نشر طي التعريف,,10,2,"39564,89581"
نشوة الطرب في تاريخ جاهلية العرب,,10,2,"29550,68519"
نصائح للفتاة المسلمة المقبلة على الزواج .. شيماء الغامدي,,10,2,"51118,91769"
نصائح وتوجيهات في الحج,,10,2,"87825,95091"
نصائح وفتاوى إسلامية حقائق عن الشيعة الرافضة الإمامية,,10,2,"79878,83386"
نصب المجانيق لنسف قصة الغرانيق,,10,2,"49041,102743"
نصيحة أهل الحديث الخطيب البغدادي,,10,2,"22040,89294"
نصيحة جامعة لعموم أهل الإسلام والإيمان,,10,2,"37707,39598"
نصيحة لإخواننا علماء نجد,,10,2,"73206,83689"
نظرات شرعية في فكر منحرف - part 1,,10,2,"65391,82442"
نظرات شرعية في فكر منحرف - part 2,,10,2,"65392,82443"
نظرات شرعية في فكر منحرف - part 3,,10,2,"65393,82444"
نظرات شرعية في فكر منحرف - part 4,,10,2,"65394,82445"
نظرات شرعية في فكر منحرف - part 5,,10,2,"65395,82446"
نظرات شرعية في فكر منحرف - part 6,,10,2,"65396,82447"
نظرية النقد العربي رؤية قرآنية معاصرة,,10,2,"64101,75452"
نظریہ پاکستان۔ مولانا اعجاز مصطفیٰ,,6,2,"13944,15607"
نظم الأجرومية,,10,2,"43004,94162"
نظم الأخضري للشنقيطي,,10,2,"28813,52359"
نظم الدرر فى تناسب الآيات والسور - part 1,,10,2,"47927,48475"
نظم الدرر فى تناسب الآيات والسور - part 2,,10,2,"47928,48476"
نظم الدرر فى تناسب الآيات والسور - part 3,,10,2,"47929,48477"
نظم الدرر فى تناسب الآيات والسور - part 4,,10,2,"47930,48478"
نظم الدرر فى تناسب الآيات والسور - part 5,,10,2,"47931,48479"
نظم الدرر فى تناسب الآيات والسور - part 6,,10,2,"47932,48480"
نظم الدرر فى تناسب الآيات والسور - part 7,,10,2,"47933,48481"
نظم الدرر فى تناسب الآيات والسور - part 8,,10,2,"47934,48482"
نظم المتناثر من الحديث المتواتر,,10,2,"29434,30644"
نظم المسائل الجاهلية,,10,2,"59159,103501"
نظم شذور الذهب في كلام العرب,,10,2,"51128,63778"
نظم قواعد الإعراب,,10,2,"33939,61596"
نظم لامية الأفعال لابن مالك,,10,2,"44313,71906"
نظم ما انفرد به شيخ الإسلام ابن تيمية عن الأئمة الأربعة,,10,2,"28821,90066"
نعمت قرآن-حضرت رائے پوریؒ,,6,2,"14204,15183"
نعيم الجنة,,10,2,"49395,87798"
نفخة البعث,,10,2,"88294,95093"
نقض دعاوى من استدل بيسر الشريعة على التيسير في الفتاوى,,10,2,"23481,62951"
نماذج مختارة في محاسن الإسلام من هدي خير الأنام,,10,2,"17146,106087"
نماذج من تحقيق الهداية للكلوذاني - part 1,,10,2,"60058,100081"
نماذج من تحقيق الهداية للكلوذاني - part 2,,10,2,"60059,100082"
نماز عید اختلافی مسائل۔مولانا منیر احمد کہروڑپکا,,6,2,"14888,14920"
نماز عید اور مسائل۔مولانا عبد الرقیب,,6,2,"14889,14921"
نموذج لما فيه زيادة في أحد أسانيده,,10,2,"33942,49572"
نمونہ دعا اردو,,6,2,"14269,14684"
نهاية اسرائيل وامريكا - part 1,,10,2,"29744,40019"
نهاية اسرائيل وامريكا - part 2,,10,2,"29745,40020"
نهاية التدريب,,10,2,"28814,53294"
نهاية الرتبة في طلب الحسبة لعبد الرحمن الشيرازي,,10,2,"50166,60129"
نهاية الزين شرح قرة العين - part 1,,10,2,"39299,96675"
نهاية الزين شرح قرة العين - part 2,,10,2,"39300,96676"
نهى الصحبه,,10,2,"51186,102491"
نواقض الإيمان,,10,2,"39136,79881"
نوجوان لڑکیون کے نام-خاور رشید بٹ,,6,2,"15423,15441"
نور التوحيد وظلمات الشرك,,10,2,"48926,88296"
نور السنة وظلمات البدعة,,10,2,"59372,96073"
نيل الأمانى فى ظلال السبع المثانى,,10,2,"28379,65275"
نيل الأوطار - part 1,,10,2,"65481,81065"
نيل الأوطار - part 2,,10,2,"65482,81066"
نيل الأوطار - part 3,,10,2,"65483,81067"
نيل الأوطار - part 4,,10,2,"65484,81068"
نيل الأوطار - part 5,,10,2,"65485,81069"
نيل الأوطار - part 6,,10,2,"65486,81070"
نيل الأوطار - part 7,,10,2,"65487,81071"
نيل الأوطار - part 8,,10,2,"65488,81072"
نيل الأوطار - part 9,,10,2,"65489,81073"
نيل الأوطار شرح منتقى الأخبار - part 14,,10,2,"49134,70907"
نيل الأوطار شرح منتقى الأخبار - part 15,,10,2,"49135,70908"
نکاح کی چند باتین-سکھروی صاحب,,6,2,"14511,15482"
نیا سال مغرب-مفتی احمد نثار,,6,2,"15496,15716"
نیا سال منانے کا طریقہ-مجلس علمی کی پوسٹس,,6,2,"15497,15717"
نیا سال-مفتی احمد اللہ نثار قاسمی,,6,2,"13351,15735"
هداية المرتاب وغاية الحفاظ والطلاب في تبيين متشابه الكتاب,,10,2,"48237,65307"
هدي الصحابة رضوان الله عليهم,,10,2,"61713,87800"
هدية الحاااج والمعتمر,,10,2,"31566,95120"
هدية العارفين - part 1,,10,2,"71520,86256"
هدية العارفين - part 2,,10,2,"71521,86257"
هذا الدين,,10,2,"23567,81707"
هذا القرآن في مائة حديث نبوي,,10,2,"38464,54697"
هذا الكتاب,,10,2,"28193,33948"
هكذا علمتني الحياة - part 1,,10,2,"70963,89582"
هكذا علمتني الحياة - part 2,,10,2,"70964,89583"
هكذا يعتقد الروافض في أهل السنة,,10,2,"16873,54462"
هل افتدانا المسيح على الصليب,,10,2,"34136,48702"
هل الإنسان مسيرأومخير,,10,2,"58402,96355"
هل العهد الجديد كلمة الله,,10,2,"44533,96076"
هل المحاماة حلال أم حرام,,10,2,"33951,87804"
هلم نخرج من ظلمات التيه,,10,2,"79392,81734"
هواتف الجنان,,10,2,"36418,38521"
هيا بنا نؤمن ساعة,,10,2,"21927,95102"
وأصلحنا له زوجه,,10,2,"43141,47646"
وأنذرهم يوم الحسرة,,10,2,"79394,96951"
واجباتها,,10,2,"33627,61589"
واعبدواالله,,10,2,"54385,96080"
واقعہ معراج۔ نگارشات فلاحی,,6,2,"14562,15272"
واقعۂ معراج کاپیغام۔منبر ومحراب فآنڈیشن انڈیا,,6,2,"14563,15273"
والثمن الجنة,,10,2,"74983,79395"
والفتاة ألم وامل....,,10,2,"42417,71892"
وتلطخت العلمانية بالدم الأحمر ..أحداث المسجد الأحمر,,10,2,"19163,47648"
وجاء دروس المجوس لعبدالله الغريب,,10,2,"19808,41501"
وداع الرسول لأمته دروس، وصايا، وعبر، وعظات,,10,2,"45944,65453"
وصف الجنة من الكتاب والسنة و الطريق الموصل إليها,,10,2,"33966,79399"
وصفات طبية من الكتاب والسنة,,10,2,"54487,104413"
وصول الأماني بأصول التهاني,,10,2,"29234,45699"
وصول التهاني بإثبات سنية السبحة والرد على الألباني,,10,2,"20729,31885"
وضو_موزوں_پر_مسح_کا_حکم35،2148,,6,2,"15222,15349"
وطء المرأة في الموضع الممنوع منه شرعا دراسة حديثية فقهية طبية,,10,2,"82388,88496"
وطن سے محبت کا اسلام میں تصور,,6,2,"13945,15649"
وفروا اللحى وأحفوا الشوارب,,10,2,"90210,102504"
وقفات في حياة الشيخ ابن عثيمين رحمه الله,,10,2,"47651,63010"
وقفات في رحلة الإيمان,,10,2,"59210,79411"
وقفات في شهر رمضان,,10,2,"28283,33971"
وقفات مع حفظ الوقت,,10,2,"18574,79401"
وقفات مع كشف الوجه,,10,2,"30638,87815"
وقفة مع بعض الترجمات الإنجليزية لمعاني القرآن الكريم,,10,2,"47652,90140"
وقوع الإدراج في السند دون المتن,,10,2,"54493,89299"
وقوع الشرك في الأمة,,10,2,"28872,65462"
وما خلقت الجن والإنس إلا ليعبدون,,10,2,"19392,47653"
ومن يمنعك من الحجاب,,10,2,"40770,87817"
يا وردة من قطاف العفاف,,10,2,"52421,79405"
يوم في بيت الرسول,,10,2,"32403,67545"
پاک فوج کو سلام۔ڈاکٹر پروین شاہد,,6,2,"15665,15770"
پاکستان اور اسلام ، ماہنامہ بینات، ذوالحجہ 1427ھ,,6,2,"13946,15609"
پاکستان اور قرآن۔ ظفر احمد عثمانیؒ,,6,2,"13947,15610"
پاکستان کیا ہے_1مفتی عبد الشکور ترمذی,,6,2,"13948,15612"
پاکستان، ماضی حال استقبال۔ گھمن صاحب,,6,2,"13949,15613"
پردہ نعمت الہی ہے-مفتی محمد شاکر,,6,2,"13202,15690"
پردہ وحجاب... امن وسلامتی کی ضمانت!-مولانا اعجاز مصطفی صاحب,,6,2,"14822,14837"
پہلا درس بخاری -مولانا مجاہد الاسلام صاحب قاسمی,,6,2,"14315,14664"
چودہ صدیاں-سید صباح الدین,,6,2,"13352,15736"
چھ 6 ستمبر تا 23 ستمبر 1965 ہم پر کیا بیتی,,6,2,"15666,15771"
کنز الدقائق جلد نمبر 1,درس نظامی,2,2,"4226,4227"
کنز الدقائق جلد نمبر 2,درس نظامی,2,2,"4228,4230"
کنز الدقائق جلد نمبر 3,درس نظامی,2,2,"4220,4231"
کچھ تذکرہ عید اور اعمال عید کا-ڈسکوی,,6,2,"14892,14924"
کچھ عالمی یوم خواتین (8  مارچ)کے حوالے سے,,6,2,"14823,14838"
کیا حضرت علی مولود کعبہ ہیں؟دارالافتاء جامعہ طہ,,6,2,"14806,15309"
گستاخانہ خاکوں کی اشاعت مصنوعات کا بائیکاٹ واحد حل,,6,2,"13971,15235"
گلدستہ اہلِ بیت -زیر نگرانی مولانا طارق جمیل صاحب,,6,2,"13805,13915"
ہجری تاریخ کی تاریخی وشرعی اہمیت-مولانا محمد شعیب اللہ خان مفتاحی,,6,2,"13355,15739"
ہجری تقویم کے اجراء کی ضرورت-لدھیانویؒ,,6,2,"13356,15740"
ہجری تقویم کے نفاذ کی ضرورت-لدھیانویؒ,,6,2,"13357,15741"
ہجری کیلنڈر تاریخ و اہمیت-مولانا محمد عبید اللہ قاسمی,,6,2,"13358,15742"
ہجری کیلنڈر۔ خالد سیف اللہ,,6,2,"13359,15743"
ہجری_تاریخ،_مفتی_شعیب_اللہ_خان_بنگلور,,6,2,"13360,15744"
ہم رمضان کا استقبال کیسے کریں؟۔,,6,2,"13197,13536"
ہم ماتم کیوں نہیں کرتے مروجہ ماتم کے حرام ہونے پہ دلائل۔ قاضی مظہر حسین صاحب,,6,2,"13811,13880"
ہم یوم آزادی کیوں مناتے ہیں ؟مفتی محمد تقی صاحب,,6,2,"13950,15619"
یزید اکابر علمائے دیوبند کی نظر میں- میاں محمد نفیس,,6,2,"13840,15756"
یزید پر لعنت کرنے کا حکم-دارالعلوم کراچی,,6,2,"13881,15757"
یزید کی شخصیت اہل سنت کی نظر میں-مولانا عبد الرشید عمانی,,6,2,"13882,15758"
یزید کی ولی عہدی سے متعلقہ اعتراضات۔تاریخ نم ملت مسلمہ سے,,6,2,"13883,15759"
یزید کے بارے میں مسلک اعتدال-فاروقیہ,,6,2,"13884,15760"
یزید کے بارے میں موقف,,6,2,"13885,15761"
یزید کے بارے میں کیا حکم ہے؟دارالعلوم کراچی,,6,2,"13886,15762"
یزید_کی_شخصیت_علامہ_ابن_جوزی_کی_نظر_میں,,6,2,"13887,15763"
یوم دفاع-----6 ستمبر 1965 تاریخ کے آئینہ میں,,6,2,"15667,15772"
یوم دفاع---آزاد دائرۃ المعارف، ویکیپیڈیا سے,,6,2,"15668,15773"
یوم دفاع۔گلناز,,6,2,"15669,15774"
یوم_دفاعِ_پاکستان_محمد_الیاس_گھمن,,6,2,"15670,15775"
یہودیت،_عیسائیت_اور_اسلام_¦شیخ_احمد_دیدات¦_#اڈل_,,6,2,"14370,15113"
۔حضرت علی اور قصاص عثمانؓ۔مولانا عبد الرشید نعمانیؒ,,6,2,"14807,15310"
۱۴ اگست کے موقع پر حضرت مفتی رفیع عثمانی صاحب زید مجدہم کا خطاب,,6,2,"13954,15624"
’’من کنت مولاہ فعلی مولاہ‘‘ کی تحقیق _ جامعہ علوم اسلامیہ علامہ محمد یوسف بنوری ٹاؤن,,6,2,"13271,14971"
